id,scenario,method,condition,kind,kappa,initial,waveform_or_initial_contract_breach,nonlinear_model_extension,model,a0_MW,a1_MW,f0_Hz,f1_Hz,peak_ratio,peak_time_s,peak_output,sampled_violation,requested_drift_amplitudes
0,0,candidate_independent_grid_template_safe,fixed_template,random,0.9786868588836928,linear_steady,False,True,design4,2.510843977002569,1.15250334831111,0.518324280218164,0.4734332882946084,0.6235427029335362,71.82,flow_MW_2_3,False,
1,0,classic_shared_grid_template_safe,fixed_template,random,0.9786868588836928,linear_steady,False,True,design4,2.511776090362026,1.1529311979814276,0.518324280218164,0.4734332882946084,0.6237731155544569,71.82,flow_MW_2_3,False,
2,0,phase_free_harmonic_shared_grid_safe,fixed_template,random,0.9786868588836928,linear_steady,False,True,design4,2.4956293476569464,1.1455196761177164,0.518324280218164,0.4734332882946084,0.6197815671948929,71.82,flow_MW_2_3,False,
3,0,sparse_3x9_template_UNCERTIFIED,fixed_template,random,0.9786868588836928,linear_steady,False,True,design4,3.3990400757042623,1.560194541824692,0.518324280218164,0.4734332882946084,0.8424717710844847,4.279999999999999,flow_MW_2_3,False,
4,1,candidate_independent_grid_template_safe,fixed_template,random,1.0173897902649225,linear_steady,False,True,design4,2.125325246464179,1.5539228991593037,0.7150994939034535,0.6710728826663089,0.1181771804230738,15.22,f_Hz_bus0,False,
5,1,classic_shared_grid_template_safe,fixed_template,random,1.0173897902649225,linear_steady,False,True,design4,2.125997954326984,1.5544147467737786,0.7150994939034535,0.6710728826663089,0.1182145843707435,15.22,f_Hz_bus0,False,
6,1,phase_free_harmonic_shared_grid_safe,fixed_template,random,1.0173897902649225,linear_steady,False,True,design4,2.1144351595218365,1.5459606564382449,0.7150994939034535,0.6710728826663089,0.1175716688828495,15.22,f_Hz_bus0,False,
7,1,sparse_3x9_template_UNCERTIFIED,fixed_template,random,1.0173897902649225,linear_steady,False,True,design4,2.8906688480847875,2.1135007568363284,0.7150994939034535,0.6710728826663089,0.1607308434347368,15.22,f_Hz_bus0,False,
8,2,candidate_independent_grid_template_safe,fixed_template,random,1.0330338149464402,linear_steady,False,True,design4,2.985030595708566,0.6587587791863941,0.6241906405935306,0.4884606051751297,0.4100276101836545,45.400000000000006,f_Hz_bus0,False,
9,2,classic_shared_grid_template_safe,fixed_template,random,1.0330338149464402,linear_steady,False,True,design4,2.9860916181973125,0.6589929335298641,0.6241906405935306,0.4884606051751297,0.4101732847857166,45.400000000000006,f_Hz_bus0,False,
10,2,phase_free_harmonic_shared_grid_safe,fixed_template,random,1.0330338149464402,linear_steady,False,True,design4,2.963272269178623,0.6539569896695259,0.6241906405935306,0.4884606051751297,0.4070402531818016,45.400000000000006,f_Hz_bus0,False,
11,2,sparse_3x9_template_UNCERTIFIED,fixed_template,random,1.0330338149464402,linear_steady,False,True,design4,4.017849148949395,0.8866888681550409,0.6241906405935306,0.4884606051751297,0.5517901205817372,45.400000000000006,f_Hz_bus0,False,
12,3,candidate_independent_grid_template_safe,fixed_template,random,0.9364690579864592,linear_steady,False,True,design4,0.5138281720124299,3.1242202878294534,0.2904989790770633,0.488953030050795,0.4819958383888837,54.64000000000001,f_Hz_bus0,False,
13,3,classic_shared_grid_template_safe,fixed_template,random,0.9364690579864592,linear_steady,False,True,design4,0.5139982384403295,3.125254339703724,0.2904989790770633,0.488953030050795,0.4821549401674272,54.64000000000001,f_Hz_bus0,False,
14,3,phase_free_harmonic_shared_grid_safe,fixed_template,random,0.9364690579864592,linear_steady,False,True,design4,0.5098976473615052,3.100321588760194,0.2904989790770633,0.488953030050795,0.4783186083306132,54.64000000000001,f_Hz_bus0,False,
15,3,sparse_3x9_template_UNCERTIFIED,fixed_template,random,0.9364690579864592,linear_steady,False,True,design4,0.6904528951064544,4.198148447629266,0.2904989790770633,0.488953030050795,0.6469816941661763,54.64000000000001,f_Hz_bus0,False,
16,4,candidate_independent_grid_template_safe,fixed_template,random,0.9100845071655874,linear_steady,False,True,design4,2.2303446262168776,1.4445719677744375,0.6646260033650917,0.5610247185044045,0.193473953690663,5.779999999999999,f_Hz_bus3,False,
17,4,classic_shared_grid_template_safe,fixed_template,random,0.9100845071655874,linear_steady,False,True,design4,2.2310838167214078,1.4450507340911485,0.6646260033650917,0.5610247185044045,0.1935380575379494,5.779999999999999,f_Hz_bus3,False,
18,4,phase_free_harmonic_shared_grid_safe,fixed_template,random,0.9100845071655874,linear_steady,False,True,design4,2.2183668223464763,1.4368140636804725,0.6646260033650917,0.5610247185044045,0.1924352158298224,5.779999999999999,f_Hz_bus3,False,
19,4,sparse_3x9_template_UNCERTIFIED,fixed_template,random,0.9100845071655874,linear_steady,False,True,design4,3.0296275127304724,1.962259520902876,0.6646260033650917,0.5610247185044045,0.2627773322241962,5.779999999999999,f_Hz_bus3,False,
20,5,candidate_independent_grid_template_safe,fixed_template,random,0.8641246136583264,linear_steady,False,True,design4,3.012541686718866,0.6301129860720734,0.6442445249238047,0.3107809721704554,0.2135640794480442,17.12,f_Hz_bus0,False,
21,5,classic_shared_grid_template_safe,fixed_template,random,0.8641246136583264,linear_steady,False,True,design4,3.0135979182385166,0.6303339108811025,0.6442445249238047,0.3107809721704554,0.2136389553396134,17.12,f_Hz_bus0,False,
22,5,phase_free_harmonic_shared_grid_safe,fixed_template,random,0.8641246136583264,linear_steady,False,True,design4,2.990368203304173,0.6254751083930199,0.6442445249238047,0.3107809721704554,0.2119922082723367,17.12,f_Hz_bus0,False,
23,5,sparse_3x9_template_UNCERTIFIED,fixed_template,random,0.8641246136583264,linear_steady,False,True,design4,4.053533626989022,0.8478502352701136,0.6442445249238047,0.3107809721704554,0.2873584392726323,17.12,f_Hz_bus0,False,
24,6,candidate_independent_grid_template_safe,fixed_template,random,1.0605817719153892,linear_steady,False,True,design4,1.4147790211666436,2.2589574302792754,0.0949606495409614,0.1159707233319741,0.2933707347409179,28.52,f_Hz_bus1,False,
25,6,classic_shared_grid_template_safe,fixed_template,random,1.0605817719153892,linear_steady,False,True,design4,1.4152536585317033,2.259715276972256,0.0949606495409614,0.1159707233319741,0.2934691258203388,28.52,f_Hz_bus1,False,
26,6,phase_free_harmonic_shared_grid_safe,fixed_template,random,1.0605817719153892,linear_steady,False,True,design4,1.4070861614101529,2.246674351122015,0.0949606495409614,0.1159707233319741,0.2917760208497023,28.52,f_Hz_bus1,False,
27,6,sparse_3x9_template_UNCERTIFIED,fixed_template,random,1.0605817719153892,linear_steady,False,True,design4,1.921120472904496,3.0674255850575545,0.0949606495409614,0.1159707233319741,0.398314492955511,28.52,f_Hz_bus1,False,
28,7,candidate_independent_grid_template_safe,fixed_template,random,1.0066266565744078,linear_steady,False,True,design4,3.1205192399769857,0.5176818705461701,0.461814187258041,0.2929728935343764,0.6113605807167707,31.44,f_Hz_bus1,False,
29,7,classic_shared_grid_template_safe,fixed_template,random,1.0066266565744078,linear_steady,False,True,design4,3.1215540971018507,0.5178535492736348,0.461814187258041,0.2929728935343764,0.6115646969092744,31.44,f_Hz_bus1,False,
30,7,phase_free_harmonic_shared_grid_safe,fixed_template,random,1.0066266565744078,linear_steady,False,True,design4,3.096678740949327,0.5137268255096642,0.461814187258041,0.2929728935343764,0.6066586391819042,31.44,f_Hz_bus1,False,
31,7,sparse_3x9_template_UNCERTIFIED,fixed_template,random,1.0066266565744078,linear_steady,False,True,design4,4.1933621210646,0.6956622855900699,0.461814187258041,0.2929728935343764,0.8238004505667492,31.44,f_Hz_bus1,False,
32,8,candidate_independent_grid_template_safe,fixed_template,random,0.9633699694547402,linear_steady,False,True,design4,3.129134560232006,0.5087112091664899,0.2553352980233049,0.4283856698448706,0.1821551524993948,85.0,f_Hz_bus2,False,
33,8,classic_shared_grid_template_safe,fixed_template,random,0.9633699694547402,linear_steady,False,True,design4,3.130167535451489,0.5088791425240453,0.2553352980233049,0.4283856698448706,0.1822152712423236,85.0,f_Hz_bus2,False,
34,8,phase_free_harmonic_shared_grid_safe,fixed_template,random,0.9633699694547402,linear_steady,False,True,design4,3.1051584741410454,0.504813357057021,0.2553352980233049,0.4283856698448706,0.1807597501772871,85.0,f_Hz_bus2,False,
35,8,sparse_3x9_template_UNCERTIFIED,fixed_template,random,0.9633699694547402,linear_steady,False,True,design4,4.20450309984464,0.683536554499477,0.2553352980233049,0.4283856698448706,0.2447331084745497,85.0,f_Hz_bus2,False,
36,9,candidate_independent_grid_template_safe,fixed_template,random,1.0511094264430612,linear_steady,False,True,design4,3.191311385614081,0.4439698844500941,0.5799349161369748,0.399110704080569,0.6507604238332146,6.76,f_Hz_bus0,False,
37,9,classic_shared_grid_template_safe,fixed_template,random,1.0511094264430612,linear_steady,False,True,design4,3.1923300057859483,0.4441115931790014,0.5799349161369748,0.399110704080569,0.6509680116684113,6.76,f_Hz_bus0,False,
38,9,phase_free_harmonic_shared_grid_safe,fixed_template,random,1.0511094264430612,linear_steady,False,True,design4,3.166345470422584,0.4404966682253393,0.5799349161369748,0.399110704080569,0.6456724989739188,6.76,f_Hz_bus0,False,
39,9,sparse_3x9_template_UNCERTIFIED,fixed_template,random,1.0511094264430612,linear_steady,False,True,design4,4.284839117677164,0.5960996274252067,0.5799349161369748,0.399110704080569,0.8735985594484138,1.58,f_Hz_bus0,False,
40,10,candidate_independent_grid_template_safe,fixed_template,random,0.8922520579359347,linear_steady,False,True,design4,1.472721900386238,2.2033097539434388,0.3109201866793572,0.3900193964148757,0.4928412979065245,50.1,f_Hz_bus3,False,
41,10,classic_shared_grid_template_safe,fixed_template,random,0.8922520579359347,linear_steady,False,True,design4,1.473204345677498,2.204031530686012,0.3109201866793572,0.3900193964148757,0.4930044892003051,50.1,f_Hz_bus3,False,
42,10,phase_free_harmonic_shared_grid_safe,fixed_template,random,0.8922520579359347,linear_steady,False,True,design4,1.464906225726268,2.1916168795403053,0.3109201866793572,0.3900193964148757,0.4901978166764493,50.1,f_Hz_bus3,False,
43,10,sparse_3x9_template_UNCERTIFIED,fixed_template,random,0.8922520579359347,linear_steady,False,True,design4,2.0011561880809747,2.993889713466425,0.3109201866793572,0.3900193964148757,0.6727381177423526,50.1,f_Hz_bus3,False,
44,11,candidate_independent_grid_template_safe,fixed_template,random,0.97023790132264,linear_steady,False,True,design4,2.8074582028859694,0.8436551915353854,0.2189338852157319,0.0826756749643111,0.1758548934432972,4.819999999999999,f_Hz_bus3,False,
45,11,classic_shared_grid_template_safe,fixed_template,random,0.97023790132264,linear_steady,False,True,design4,2.8085437501874786,0.8439814039134127,0.2189338852157319,0.0826756749643111,0.1759228847394324,4.819999999999999,f_Hz_bus3,False,
46,11,phase_free_harmonic_shared_grid_safe,fixed_template,random,0.97023790132264,linear_steady,False,True,design4,2.788285921402289,0.8378938253320853,0.2189338852157319,0.0826756749643111,0.1746540711004297,4.819999999999999,f_Hz_bus3,False,
47,11,sparse_3x9_template_UNCERTIFIED,fixed_template,random,0.97023790132264,linear_steady,False,True,design4,3.78694989639784,1.137997330430851,0.2189338852157319,0.0826756749643111,0.2372005712140731,4.819999999999999,f_Hz_bus3,False,
48,12,candidate_independent_grid_template_safe,fixed_template,random,0.981210496673654,linear_steady,False,True,design4,0.6392147607037553,3.0038004468010837,0.7485943388886639,0.3882356018724036,0.3201395145456295,28.46,f_Hz_bus0,False,
49,12,classic_shared_grid_template_safe,fixed_template,random,0.981210496673654,linear_steady,False,True,design4,0.6394398589644043,3.004858229407929,0.7485943388886639,0.3882356018724036,0.3202526892593622,28.46,f_Hz_bus0,False,
50,12,phase_free_harmonic_shared_grid_safe,fixed_template,random,0.981210496673654,linear_steady,False,True,design4,0.6345243593576588,2.9817592948671554,0.7485943388886639,0.3882356018724036,0.317781384940177,28.46,f_Hz_bus0,False,
51,12,sparse_3x9_template_UNCERTIFIED,fixed_template,random,0.981210496673654,linear_steady,False,True,design4,0.8601878392062373,4.042197981936205,0.7485943388886639,0.3882356018724036,0.4314942352512145,28.46,f_Hz_bus0,False,
52,13,candidate_independent_grid_template_safe,fixed_template,random,1.102076274624055,linear_steady,False,True,design4,1.052226470797074,2.607148739538125,0.3574029508849177,0.1962006261416981,0.2657406894815433,28.64,flow_MW_2_3,False,
53,13,classic_shared_grid_template_safe,fixed_template,random,1.102076274624055,linear_steady,False,True,design4,1.052631477141464,2.6081522419300414,0.3574029508849177,0.1962006261416981,0.2658428492619714,28.64,flow_MW_2_3,False,
54,13,phase_free_harmonic_shared_grid_safe,fixed_template,random,1.102076274624055,linear_steady,False,True,design4,1.045587410876304,2.590698842881334,0.3574029508849177,0.1962006261416981,0.264066016332703,28.64,flow_MW_2_3,False,
55,13,sparse_3x9_template_UNCERTIFIED,fixed_template,random,1.102076274624055,linear_steady,False,True,design4,1.422782676675283,3.5252924775031795,0.3574029508849177,0.1962006261416981,0.3591427843702797,28.64,flow_MW_2_3,False,
56,14,candidate_independent_grid_template_safe,fixed_template,random,0.8948394952521578,linear_steady,False,True,design4,1.5761154970315716,2.104011730117037,0.4268542658443192,0.4345846192426102,0.6020782110239181,49.50000000000001,f_Hz_bus2,False,
57,14,classic_shared_grid_template_safe,fixed_template,random,0.8948394952521578,linear_steady,False,True,design4,1.5766096016644755,2.104671327681741,0.4268542658443192,0.4345846192426102,0.6022678262518313,49.50000000000001,f_Hz_bus2,False,
58,14,phase_free_harmonic_shared_grid_safe,fixed_template,random,0.8948394952521578,linear_steady,False,True,design4,1.568118386167742,2.0933361069814014,0.4268542658443192,0.4345846192426102,0.5990093931456609,49.50000000000001,f_Hz_bus2,False,
59,14,sparse_3x9_template_UNCERTIFIED,fixed_template,random,0.8948394952521578,linear_steady,False,True,design4,2.1442422115788617,2.862423961867593,0.4268542658443192,0.4345846192426102,0.8207200341424531,49.50000000000001,f_Hz_bus2,False,
60,15,candidate_independent_grid_template_safe,fixed_template,random,1.0453326924039352,linear_steady,False,True,design4,3.051944418877849,0.5890850779770194,0.39807088822055,0.6412724902283581,0.3183323647303347,68.86,f_Hz_bus3,False,
61,15,classic_shared_grid_template_safe,fixed_template,random,1.0453326924039352,linear_steady,False,True,design4,3.052993325282345,0.5892875374671925,0.39807088822055,0.6412724902283581,0.3184420725324076,68.86,f_Hz_bus3,False,
62,15,phase_free_harmonic_shared_grid_safe,fixed_template,random,1.0453326924039352,linear_steady,False,True,design4,3.029169553993207,0.5846890827637714,0.39807088822055,0.6412724902283581,0.3159503604556754,68.86,f_Hz_bus3,False,
63,15,sparse_3x9_template_UNCERTIFIED,fixed_template,random,1.0453326924039352,linear_steady,False,True,design4,4.10460145726909,0.7922685139885325,0.39807088822055,0.6412724902283581,0.4286090308420752,68.86,f_Hz_bus3,False,
64,16,candidate_independent_grid_template_safe,fixed_template,random,1.1336248423137716,linear_steady,False,True,design4,1.17551026150841,2.4887484015611427,0.7144967325788392,0.6302773074367142,0.2824806266900924,3.06,f_Hz_bus3,False,
65,16,classic_shared_grid_template_safe,fixed_template,random,1.1336248423137716,linear_steady,False,True,design4,1.1759429656370946,2.4896645073101733,0.7144967325788392,0.6302773074367142,0.2825845651202455,3.06,f_Hz_bus3,False,
66,16,phase_free_harmonic_shared_grid_safe,fixed_template,random,1.1336248423137716,linear_steady,False,True,design4,1.1684546148811903,2.473810438158815,0.7144967325788392,0.6302773074367142,0.2807858065158324,3.06,f_Hz_bus3,False,
67,16,sparse_3x9_template_UNCERTIFIED,fixed_template,random,1.1336248423137716,linear_steady,False,True,design4,1.5917667861180025,3.370031869841702,0.7144967325788392,0.6302773074367142,0.3824440318722268,3.06,f_Hz_bus3,False,
68,17,candidate_independent_grid_template_safe,fixed_template,random,1.0827953148238318,linear_steady,False,True,design4,1.1419471184568826,2.520982059026911,0.3800230215690421,0.6467108300179693,0.2747999318763439,47.98,f_Hz_bus3,False,
69,17,classic_shared_grid_template_safe,fixed_template,random,1.0827953148238318,linear_steady,False,True,design4,1.1423726924753057,2.521921563534512,0.3800230215690421,0.6467108300179693,0.2749023328383214,47.98,f_Hz_bus3,False,
70,17,phase_free_harmonic_shared_grid_safe,fixed_template,random,1.0827953148238318,linear_steady,False,True,design4,1.1349973561860036,2.5056396445523568,0.3800230215690421,0.6467108300179693,0.2731276892794416,47.98,f_Hz_bus3,False,
71,17,sparse_3x9_template_UNCERTIFIED,fixed_template,random,1.0827953148238318,linear_steady,False,True,design4,1.545713958377537,3.4123446650689817,0.3800230215690421,0.6467108300179693,0.3719481714507184,47.98,f_Hz_bus3,False,
72,18,candidate_independent_grid_template_safe,fixed_template,random,0.9777868301902478,linear_steady,False,True,design4,3.4425090546154165,0.1824115022573305,0.4096428917557527,0.7284118644760431,0.6816045872176218,64.48,f_Hz_bus0,False,
73,18,classic_shared_grid_template_safe,fixed_template,random,0.9777868301902478,linear_steady,False,True,design4,3.443303025861598,0.1824535731670848,0.4096428917557527,0.7284118644760431,0.6817660903872413,64.48,f_Hz_bus0,False,
74,18,phase_free_harmonic_shared_grid_safe,fixed_template,random,0.9777868301902478,linear_steady,False,True,design4,3.413342322814609,0.1808660168920593,0.4096428917557527,0.7284118644760431,0.6756737594085529,64.48,f_Hz_bus0,False,
75,18,sparse_3x9_template_UNCERTIFIED,fixed_template,random,0.9777868301902478,linear_steady,False,True,design4,4.60818051885787,0.2441780450775709,0.4096428917557527,0.7284118644760431,0.9224608836921068,86.46,f_Hz_bus0,False,
76,19,candidate_independent_grid_template_safe,fixed_template,random,0.9965163208376816,linear_steady,False,True,design4,1.519057733665718,2.1588093513432187,0.428198636223473,0.3848060069702512,0.4528153026078519,60.98,flow_MW_1_3,False,
77,19,classic_shared_grid_template_safe,fixed_template,random,0.9965163208376816,linear_steady,False,True,design4,1.5195457643620285,2.1595029163128627,0.428198636223473,0.3848060069702512,0.4529600955540261,60.98,flow_MW_1_3,False,
78,19,phase_free_harmonic_shared_grid_safe,fixed_template,random,0.9965163208376816,linear_steady,False,True,design4,1.511154769408175,2.147578051331109,0.428198636223473,0.3848060069702512,0.4504704917417929,60.98,flow_MW_1_3,False,
79,19,sparse_3x9_template_UNCERTIFIED,fixed_template,random,0.9965163208376816,linear_steady,False,True,design4,2.0652373591028934,2.9350126889619728,0.428198636223473,0.3848060069702512,0.6150542638142719,14.26,flow_MW_1_3,False,
80,20,candidate_independent_grid_template_safe,fixed_template,peak_witness,1.1400390625,linear_steady,False,True,design4,2.043582105033761,1.6390375577184189,0.50921875,0.5118359375,0.9636801656607044,2.94,flow_MW_0_1,False,
81,20,classic_shared_grid_template_safe,fixed_template,peak_witness,1.1400390625,linear_steady,False,True,design4,2.0442052325673568,1.6395373318299145,0.50921875,0.5118359375,0.9639723096203168,2.94,flow_MW_0_1,False,
82,20,phase_free_harmonic_shared_grid_safe,fixed_template,peak_witness,1.1400390625,linear_steady,False,True,design4,2.0335030070168134,1.6309537033154022,0.50921875,0.5118359375,0.9589545112040584,2.94,flow_MW_0_1,False,
83,20,sparse_3x9_template_UNCERTIFIED,fixed_template,peak_witness,1.1400390625,linear_steady,False,True,design4,2.7822621296075893,2.2314895567991537,0.50921875,0.5118359375,1.3088746759189442,3.92,flow_MW_0_1,True,
84,21,candidate_independent_grid_template_safe,fixed_template,peak_witness,1.1400390625,linear_steady,False,True,design4,1.544376628500142,2.1344933752663757,0.5118359375,0.50921875,0.963675438783599,2.94,flow_MW_2_3,False,
85,21,classic_shared_grid_template_safe,fixed_template,peak_witness,1.1400390625,linear_steady,False,True,design4,1.544867463958059,2.135171762269866,0.5118359375,0.50921875,0.9639799240340716,2.94,flow_MW_2_3,False,
86,21,phase_free_harmonic_shared_grid_safe,fixed_template,peak_witness,1.1400390625,linear_steady,False,True,design4,1.5364300698764786,2.123510382889154,0.5118359375,0.50921875,0.9587456213436316,2.94,flow_MW_2_3,False,
87,21,sparse_3x9_template_UNCERTIFIED,fixed_template,peak_witness,1.1400390625,linear_steady,False,True,design4,2.1002820608315558,2.9028140301433942,0.5118359375,0.50921875,1.3073618950444192,3.92,flow_MW_2_3,True,
88,22,candidate_independent_grid_template_safe,fixed_template,peak_witness,1.1458984375,linear_steady,False,True,design4,2.834343698823909,0.8156607963248936,0.51052734375,0.51314453125,0.9661109851235792,2.94,flow_MW_0_1,False,
89,22,classic_shared_grid_template_safe,fixed_template,peak_witness,1.1458984375,linear_steady,False,True,design4,2.835426244800002,0.81597232887237,0.51052734375,0.51314453125,0.9664778209957724,2.94,flow_MW_0_1,False,
90,22,phase_free_harmonic_shared_grid_safe,fixed_template,peak_witness,1.1458984375,linear_steady,False,True,design4,2.8147902943686747,0.8100337633523443,0.51052734375,0.51314453125,0.9594846047286884,2.94,flow_MW_0_1,False,
91,22,sparse_3x9_template_UNCERTIFIED,fixed_template,peak_witness,1.1458984375,linear_steady,False,True,design4,3.821973062281723,1.0998784631541192,0.51052734375,0.51314453125,1.2996426129858571,3.92,flow_MW_0_1,True,
92,23,candidate_independent_grid_template_safe,fixed_template,peak_witness,1.1458984375,linear_steady,False,True,design4,0.7215753511182728,2.9247022808151306,0.51314453125,0.51052734375,0.9661237233223198,2.94,flow_MW_2_3,False,
93,23,classic_shared_grid_template_safe,fixed_template,peak_witness,1.1458984375,linear_steady,False,True,design4,0.7218394862674182,2.9257728781851102,0.51314453125,0.51052734375,0.9664752809467904,2.94,flow_MW_2_3,False,
94,23,phase_free_harmonic_shared_grid_safe,fixed_template,peak_witness,1.1458984375,linear_steady,False,True,design4,0.7164284386839701,2.903840722126309,0.51314453125,0.51052734375,0.9592728357293556,2.94,flow_MW_2_3,False,
95,23,sparse_3x9_template_UNCERTIFIED,fixed_template,peak_witness,1.1458984375,linear_steady,False,True,design4,0.9719473620708726,3.939514649822058,0.51314453125,0.51052734375,1.298201149722219,3.92,flow_MW_2_3,True,
96,24,candidate_independent_grid_template_safe,fixed_template,peak_witness,1.1400390625,linear_steady,False,True,design4,1.019709502130712,2.638377663128729,0.5118359375,0.50921875,0.9636396788897283,1.96,flow_MW_2_3,False,
97,24,classic_shared_grid_template_safe,fixed_template,peak_witness,1.1400390625,linear_steady,False,True,design4,1.020106512500842,2.6394048804787613,0.5118359375,0.50921875,0.9640124542073436,1.96,flow_MW_2_3,False,
98,24,phase_free_harmonic_shared_grid_safe,fixed_template,peak_witness,1.1400390625,linear_steady,False,True,design4,1.0131929817155956,2.6215169377273866,0.5118359375,0.50921875,0.9575205477325588,1.96,flow_MW_2_3,False,
99,24,sparse_3x9_template_UNCERTIFIED,fixed_template,peak_witness,1.1400390625,linear_steady,False,True,design4,1.3782927259947482,3.5661693197120057,0.5118359375,0.50921875,1.2991177147772577,2.94,flow_MW_2_3,True,
100,25,candidate_independent_grid_template_safe,fixed_template,peak_witness,1.1400390625,linear_steady,False,True,design4,2.2536270826684097,1.420329220351078,0.50921875,0.5118359375,0.9636684134771436,2.94,flow_MW_0_1,False,
101,25,classic_shared_grid_template_safe,fixed_template,peak_witness,1.1400390625,linear_steady,False,True,design4,2.254381436236698,1.420804645244467,0.50921875,0.5118359375,0.9639890684221384,2.94,flow_MW_0_1,False,
102,25,phase_free_harmonic_shared_grid_safe,fixed_template,peak_witness,1.1400390625,linear_steady,False,True,design4,2.24140116353417,1.4126239392397733,0.50921875,0.5118359375,0.9584712379280336,2.94,flow_MW_0_1,False,
103,25,sparse_3x9_template_UNCERTIFIED,fixed_template,peak_witness,1.1400390625,linear_steady,False,True,design4,3.0603860874341,1.9287821924787043,0.50921875,0.5118359375,1.3053819531093551,3.92,flow_MW_0_1,True,
104,26,candidate_independent_grid_template_safe,fixed_template,peak_witness,1.1458984375,linear_steady,False,True,design4,0.5030787784162095,3.134543882095144,0.51314453125,0.51052734375,0.9661505858119868,2.94,flow_MW_2_3,False,
105,26,classic_shared_grid_template_safe,fixed_template,peak_witness,1.1458984375,linear_steady,False,True,design4,0.50324437404658,3.1355756623895017,0.51314453125,0.51052734375,0.9664666686530412,2.94,flow_MW_2_3,False,
106,26,phase_free_harmonic_shared_grid_safe,fixed_template,peak_witness,1.1458984375,linear_steady,False,True,design4,0.4992170408531234,3.1104824699029288,0.51314453125,0.51052734375,0.9587788892048352,2.94,flow_MW_2_3,False,
107,26,sparse_3x9_template_UNCERTIFIED,fixed_template,peak_witness,1.1458984375,linear_steady,False,True,design4,0.6759244284402919,4.21149703153113,0.51314453125,0.51052734375,1.2948657607626115,2.94,flow_MW_2_3,True,
108,27,candidate_independent_grid_template_safe,fixed_template,peak_witness,1.1400390625,linear_steady,False,True,design4,1.852511002575205,1.8379894374931565,0.50921875,0.5118359375,0.9637052301092738,3.92,flow_MW_0_1,False,
109,27,classic_shared_grid_template_safe,fixed_template,peak_witness,1.1400390625,linear_steady,False,True,design4,1.853025637823384,1.8385000385902617,0.50921875,0.5118359375,0.9639715507326144,3.92,flow_MW_0_1,False,
110,27,phase_free_harmonic_shared_grid_safe,fixed_template,peak_witness,1.1400390625,linear_steady,False,True,design4,1.8442057258892115,1.8297492646666016,0.50921875,0.5118359375,0.959407130959514,3.92,flow_MW_0_1,False,
111,27,sparse_3x9_template_UNCERTIFIED,fixed_template,peak_witness,1.1400390625,linear_steady,False,True,design4,2.5280204603034786,2.5082036745505114,0.50921875,0.5118359375,1.3120886480917089,4.9,flow_MW_0_1,True,
112,28,candidate_independent_grid_template_safe,fixed_template,peak_witness,1.1400390625,linear_steady,False,True,design4,2.54775339087318,1.1140715960657157,0.50921875,0.5118359375,0.9636467618785082,2.94,flow_MW_0_1,False,
113,28,classic_shared_grid_template_safe,fixed_template,peak_witness,1.1400390625,linear_steady,False,True,design4,2.54871255326361,1.1144910148285443,0.50921875,0.5118359375,0.9640073229169414,2.94,flow_MW_0_1,False,
114,28,phase_free_harmonic_shared_grid_safe,fixed_template,peak_witness,1.1400390625,linear_steady,False,True,design4,2.532070989764191,1.1072140573038318,0.50921875,0.5118359375,0.9577511887566844,2.94,flow_MW_0_1,False,
115,28,sparse_3x9_template_UNCERTIFIED,fixed_template,peak_witness,1.1400390625,linear_steady,False,True,design4,3.4474619708464678,1.507492630171898,0.50921875,0.5118359375,1.3005757164919662,2.94,flow_MW_0_1,True,
116,29,candidate_independent_grid_template_safe,fixed_template,peak_witness,1.1458984375,linear_steady,False,True,design4,0.5046368832398384,3.133047496101033,0.51314453125,0.51052734375,0.9661504081446723,2.94,flow_MW_2_3,False,
117,29,classic_shared_grid_template_safe,fixed_template,peak_witness,1.1458984375,linear_steady,False,True,design4,0.5048031244861334,3.1340796079774176,0.51314453125,0.51052734375,0.9664667439249168,2.94,flow_MW_2_3,False,
118,29,phase_free_harmonic_shared_grid_safe,fixed_template,peak_witness,1.1458984375,linear_steady,False,True,design4,0.5007651394771125,3.1090097027802712,0.51314453125,0.51052734375,0.9587824225879428,2.94,flow_MW_2_3,False,
119,29,sparse_3x9_template_UNCERTIFIED,fixed_template,peak_witness,1.1458984375,linear_steady,False,True,design4,0.6780300790795131,4.209562384546592,0.51314453125,0.51052734375,1.2948892540762835,2.94,flow_MW_2_3,True,
120,30,candidate_independent_grid_template_safe,fixed_template,peak_witness,1.1400390625,linear_steady,False,True,design4,2.4095232932915764,1.2580030299740446,0.50921875,0.5118359375,0.9636577271758072,2.94,flow_MW_0_1,False,
121,30,classic_shared_grid_template_safe,fixed_template,peak_witness,1.1400390625,linear_steady,False,True,design4,2.4103831424309665,1.258451953968963,0.50921875,0.5118359375,0.9639995363622724,2.94,flow_MW_0_1,False,
122,30,phase_free_harmonic_shared_grid_safe,fixed_template,peak_witness,1.1400390625,linear_steady,False,True,design4,2.3955566230622614,1.250711084087469,0.50921875,0.5118359375,0.9581053467083334,2.94,flow_MW_0_1,False,
123,30,sparse_3x9_template_UNCERTIFIED,fixed_template,peak_witness,1.1400390625,linear_steady,False,True,design4,3.2658930469690253,1.705110450725586,0.50921875,0.5118359375,1.3028033146332874,2.94,flow_MW_0_1,True,
124,31,candidate_independent_grid_template_safe,fixed_template,peak_witness,1.1400390625,linear_steady,False,True,design4,2.4944423736371544,1.1695814400731896,0.50921875,0.5118359375,0.9636511615661068,2.94,flow_MW_0_1,False,
125,31,classic_shared_grid_template_safe,fixed_template,peak_witness,1.1400390625,linear_steady,False,True,design4,2.4953625912457,1.1700129070203351,0.50921875,0.5118359375,0.9640044912039478,2.94,flow_MW_0_1,False,
126,31,phase_free_harmonic_shared_grid_safe,fixed_template,peak_witness,1.1400390625,linear_steady,False,True,design4,2.4794333550414565,1.1625440878501974,0.50921875,0.5118359375,0.9578879059272474,2.94,flow_MW_0_1,False,
127,31,sparse_3x9_template_UNCERTIFIED,fixed_template,peak_witness,1.1400390625,linear_steady,False,True,design4,3.377508696763743,1.5836290816615486,0.50921875,0.5118359375,1.3014342961158882,2.94,flow_MW_0_1,True,
128,32,candidate_independent_grid_template_safe,fixed_template,peak_witness,1.1400390625,linear_steady,False,True,design4,1.455407525001682,2.219938281388639,0.5118359375,0.50921875,0.9636704979378165,2.94,flow_MW_2_3,False,
129,32,classic_shared_grid_template_safe,fixed_template,peak_witness,1.1400390625,linear_steady,False,True,design4,1.45588773300673,2.2206707443690226,0.5118359375,0.50921875,0.963986580727037,2.94,flow_MW_2_3,False,
130,32,phase_free_harmonic_shared_grid_safe,fixed_template,peak_witness,1.1400390625,linear_steady,False,True,design4,1.4476269595937012,2.20807055726099,0.5118359375,0.50921875,0.9585489048637944,2.94,flow_MW_2_3,False,
131,32,sparse_3x9_template_UNCERTIFIED,fixed_template,peak_witness,1.1400390625,linear_steady,False,True,design4,1.97722871200355,3.0158739964137267,0.5118359375,0.50921875,1.305941571080111,3.92,flow_MW_2_3,True,
132,33,candidate_independent_grid_template_safe,fixed_template,peak_witness,1.1400390625,linear_steady,False,True,design4,0.9622669364987696,2.693544844035842,0.5118359375,0.50921875,0.9636412332251036,1.96,flow_MW_2_3,False,
133,33,classic_shared_grid_template_safe,fixed_template,peak_witness,1.1400390625,linear_steady,False,True,design4,0.9626491173300616,2.694614631605766,0.5118359375,0.50921875,0.9640214978178332,1.96,flow_MW_2_3,False,
134,33,phase_free_harmonic_shared_grid_safe,fixed_template,peak_witness,1.1400390625,linear_steady,False,True,design4,0.9559797953654792,2.6759460926489167,0.5118359375,0.50921875,0.9573851914329736,1.96,flow_MW_2_3,False,
135,33,sparse_3x9_template_UNCERTIFIED,fixed_template,peak_witness,1.1400390625,linear_steady,False,True,design4,1.2997816050562745,3.638304412090162,0.5118359375,0.50921875,1.298231077969056,2.94,flow_MW_2_3,True,
136,34,candidate_independent_grid_template_safe,fixed_template,peak_witness,1.1130859375000002,linear_steady,False,True,design4,0.255226798813036,3.372578079323812,0.5066015625,0.50267578125,0.9530629641031524,3.98,flow_MW_2_3,False,
137,34,classic_shared_grid_template_safe,fixed_template,peak_witness,1.1130859375000002,linear_steady,False,True,design4,0.2552977398245262,3.373515496951544,0.5066015625,0.50267578125,0.9533262338183754,3.98,flow_MW_2_3,False,
138,34,phase_free_harmonic_shared_grid_safe,fixed_template,peak_witness,1.1130859375000002,linear_steady,False,True,design4,0.2531105063315175,3.3446132979380003,0.5066015625,0.50267578125,0.9452085246369556,3.98,flow_MW_2_3,False,
139,34,sparse_3x9_template_UNCERTIFIED,fixed_template,peak_witness,1.1130859375000002,linear_steady,False,True,design4,0.3419363118366973,4.518361375797561,0.5066015625,0.50267578125,1.2736427136847746,3.98,flow_MW_2_3,True,
140,35,candidate_independent_grid_template_safe,fixed_template,peak_witness,1.1458984375,linear_steady,False,True,design4,0.878349750239623,2.774137946809789,0.51314453125,0.51052734375,0.9661021214051037,2.94,flow_MW_2_3,False,
141,35,classic_shared_grid_template_safe,fixed_template,peak_witness,1.1458984375,linear_steady,False,True,design4,0.8786945231944072,2.775226861261737,0.51314453125,0.51052734375,0.9664791379808813,2.94,flow_MW_2_3,False,
142,35,phase_free_harmonic_shared_grid_safe,fixed_template,peak_witness,1.1458984375,linear_steady,False,True,design4,0.8724273257670093,2.7554328439027627,0.51314453125,0.51052734375,0.9596254102738144,2.94,flow_MW_2_3,False,
143,35,sparse_3x9_template_UNCERTIFIED,fixed_template,peak_witness,1.1458984375,linear_steady,False,True,design4,1.1852739497755689,3.7435126958714258,0.51314453125,0.51052734375,1.3006035647547942,3.92,flow_MW_2_3,True,
144,36,candidate_independent_grid_template_safe,fixed_template,peak_witness,1.1400390625,linear_steady,False,True,design4,1.53796766887171,2.140648466553794,0.5118359375,0.50921875,0.9636750992098148,2.94,flow_MW_2_3,False,
145,36,classic_shared_grid_template_safe,fixed_template,peak_witness,1.1400390625,linear_steady,False,True,design4,1.53845781087651,2.1413306796797293,0.5118359375,0.50921875,0.9639804199536908,2.94,flow_MW_2_3,False,
146,36,phase_free_harmonic_shared_grid_safe,fixed_template,peak_witness,1.1400390625,linear_steady,False,True,design4,1.530031871171088,2.1296028811864627,0.5118359375,0.50921875,0.958731463441985,2.94,flow_MW_2_3,False,
147,36,sparse_3x9_template_UNCERTIFIED,fixed_template,peak_witness,1.1400390625,linear_steady,False,True,design4,2.0914092487252787,2.910966265308167,0.5118359375,0.50921875,1.3072595334578554,3.92,flow_MW_2_3,True,
148,37,candidate_independent_grid_template_safe,fixed_template,peak_witness,1.1400390625,linear_steady,False,True,design4,2.040048863717649,1.6427165284915677,0.50921875,0.5118359375,0.9636803386018836,2.94,flow_MW_0_1,False,
149,37,classic_shared_grid_template_safe,fixed_template,peak_witness,1.1400390625,linear_steady,False,True,design4,2.040669890977914,1.6432166007022015,0.50921875,0.5118359375,0.9639720028843616,2.94,flow_MW_0_1,False,
150,37,phase_free_harmonic_shared_grid_safe,fixed_template,peak_witness,1.1400390625,linear_steady,False,True,design4,2.030004115756333,1.6346281567892758,0.50921875,0.5118359375,0.9589626213316724,2.94,flow_MW_0_1,False,
151,37,sparse_3x9_template_UNCERTIFIED,fixed_template,peak_witness,1.1400390625,linear_steady,False,True,design4,2.7775715132558543,2.236594777233841,0.50921875,0.5118359375,1.308933504130631,3.92,flow_MW_0_1,True,
152,38,candidate_independent_grid_template_safe,fixed_template,peak_witness,1.1400390625,linear_steady,False,True,design4,1.212430747656617,2.4532903903092205,0.5118359375,0.50921875,0.963654410443972,2.94,flow_MW_2_3,False,
153,38,classic_shared_grid_template_safe,fixed_template,peak_witness,1.1400390625,linear_steady,False,True,design4,1.212870940462254,2.454181097495623,0.5118359375,0.50921875,0.9640021574799424,2.94,flow_MW_2_3,False,
154,38,phase_free_harmonic_shared_grid_safe,fixed_template,peak_witness,1.1400390625,linear_steady,False,True,design4,1.2052651334791085,2.438791143703736,0.5118359375,0.50921875,0.9579933290808956,2.94,flow_MW_2_3,False,
155,38,sparse_3x9_template_UNCERTIFIED,fixed_template,peak_witness,1.1400390625,linear_steady,False,True,design4,1.642467948337883,3.3234482396923224,0.5118359375,0.50921875,1.302097511017545,2.94,flow_MW_2_3,True,
156,39,candidate_independent_grid_template_safe,fixed_template,peak_witness,1.1400390625,linear_steady,False,True,design4,1.3202033081026023,2.349786859895175,0.5118359375,0.50921875,0.9636620274537014,2.94,flow_MW_2_3,False,
157,39,classic_shared_grid_template_safe,fixed_template,peak_witness,1.1400390625,linear_steady,False,True,design4,1.3206632354659136,2.350605469626102,0.5118359375,0.50921875,0.9639957314523324,2.94,flow_MW_2_3,False,
158,39,phase_free_harmonic_shared_grid_safe,fixed_template,peak_witness,1.1400390625,linear_steady,False,True,design4,1.3127435040927191,2.336509397755643,0.5118359375,0.50921875,0.9582492065000316,2.94,flow_MW_2_3,False,
159,39,sparse_3x9_template_UNCERTIFIED,fixed_template,peak_witness,1.1400390625,linear_steady,False,True,design4,1.790716965345266,3.1872387905216875,0.5118359375,0.50921875,1.3037857322015147,3.92,flow_MW_2_3,True,
160,20,classic_shared_grid_template_safe,zero_state_start,peak_witness,1.1400390625,zero,True,True,design4,2.0442052325673568,1.6395373318299145,0.50921875,0.5118359375,0.8805607315788445,42.14,flow_MW_0_1,False,
161,21,classic_shared_grid_template_safe,zero_state_start,peak_witness,1.1400390625,zero,True,True,design4,1.544867463958059,2.135171762269866,0.5118359375,0.50921875,0.8815744119460942,42.14,flow_MW_2_3,False,
162,22,classic_shared_grid_template_safe,zero_state_start,peak_witness,1.1458984375,zero,True,True,design4,2.835426244800002,0.81597232887237,0.51052734375,0.51314453125,0.8998929203510716,42.080000000000005,flow_MW_0_1,False,
163,23,classic_shared_grid_template_safe,zero_state_start,peak_witness,1.1458984375,zero,True,True,design4,0.7218394862674182,2.9257728781851102,0.51314453125,0.51052734375,0.9031796427294412,42.080000000000005,flow_MW_2_3,False,
164,24,classic_shared_grid_template_safe,zero_state_start,peak_witness,1.1400390625,zero,True,True,design4,1.020106512500842,2.6394048804787613,0.5118359375,0.50921875,0.8913631217047114,41.2,flow_MW_2_3,False,
165,25,classic_shared_grid_template_safe,zero_state_start,peak_witness,1.1400390625,zero,True,True,design4,2.254381436236698,1.420804645244467,0.50921875,0.5118359375,0.8828957485954737,42.14,flow_MW_0_1,False,
166,26,classic_shared_grid_template_safe,zero_state_start,peak_witness,1.1458984375,zero,True,True,design4,0.50324437404658,3.1355756623895017,0.51314453125,0.51052734375,0.9152880315952966,51.88,flow_MW_2_3,False,
167,27,classic_shared_grid_template_safe,zero_state_start,peak_witness,1.1400390625,zero,True,True,design4,1.853025637823384,1.8385000385902617,0.50921875,0.5118359375,0.879734331620854,42.120000000000005,flow_MW_0_1,False,
168,28,classic_shared_grid_template_safe,zero_state_start,peak_witness,1.1400390625,zero,True,True,design4,2.54871255326361,1.1144910148285443,0.50921875,0.5118359375,0.8890388022583946,41.18000000000001,flow_MW_0_1,False,
169,29,classic_shared_grid_template_safe,zero_state_start,peak_witness,1.1458984375,zero,True,True,design4,0.5048031244861334,3.1340796079774176,0.51314453125,0.51052734375,0.9151953477167776,50.900000000000006,flow_MW_2_3,False,
170,30,classic_shared_grid_template_safe,zero_state_start,peak_witness,1.1400390625,zero,True,True,design4,2.4103831424309665,1.258451953968963,0.50921875,0.5118359375,0.885989987060757,41.18000000000001,flow_MW_0_1,False,
171,31,classic_shared_grid_template_safe,zero_state_start,peak_witness,1.1400390625,zero,True,True,design4,2.4953625912457,1.1700129070203351,0.50921875,0.5118359375,0.887865926453196,41.18000000000001,flow_MW_0_1,False,
172,20,classic_shared_grid_template_safe,frequency_drift,peak_witness,1.1400390625,linear_steady,True,True,design4,2.0442052325673568,1.6395373318299145,0.50921875,0.5118359375,0.9645550306414922,2.94,flow_MW_0_1,False,"[0.04, 0.035]"
173,21,classic_shared_grid_template_safe,frequency_drift,peak_witness,1.1400390625,linear_steady,True,True,design4,1.544867463958059,2.135171762269866,0.5118359375,0.50921875,0.9647435586183736,2.94,flow_MW_2_3,False,"[0.04, 0.035]"
174,22,classic_shared_grid_template_safe,frequency_drift,peak_witness,1.1458984375,linear_steady,True,True,design4,2.835426244800002,0.81597232887237,0.51052734375,0.51314453125,0.9665799431003668,1.96,flow_MW_0_1,False,"[0.04, 0.035]"
175,23,classic_shared_grid_template_safe,frequency_drift,peak_witness,1.1458984375,linear_steady,True,True,design4,0.7218394862674182,2.9257728781851102,0.51314453125,0.51052734375,0.966582267547628,1.96,flow_MW_2_3,False,"[0.04, 0.035]"
176,24,classic_shared_grid_template_safe,frequency_drift,peak_witness,1.1400390625,linear_steady,True,True,design4,1.020106512500842,2.6394048804787613,0.5118359375,0.50921875,0.9643432932491752,2.94,flow_MW_2_3,False,"[0.04, 0.035]"
177,25,classic_shared_grid_template_safe,frequency_drift,peak_witness,1.1400390625,linear_steady,True,True,design4,2.254381436236698,1.420804645244467,0.50921875,0.5118359375,0.9643967268336272,2.94,flow_MW_0_1,False,"[0.04, 0.035]"
178,26,classic_shared_grid_template_safe,frequency_drift,peak_witness,1.1458984375,linear_steady,True,True,design4,0.50324437404658,3.1355756623895017,0.51314453125,0.51052734375,0.9665459276676298,1.96,flow_MW_2_3,False,"[0.04, 0.035]"
179,27,classic_shared_grid_template_safe,frequency_drift,peak_witness,1.1400390625,linear_steady,True,True,design4,1.853025637823384,1.8385000385902617,0.50921875,0.5118359375,0.9646965369229804,2.94,flow_MW_0_1,False,"[0.04, 0.035]"
180,28,classic_shared_grid_template_safe,frequency_drift,peak_witness,1.1400390625,linear_steady,True,True,design4,2.54871255326361,1.1144910148285443,0.50921875,0.5118359375,0.9642239122414916,1.96,flow_MW_0_1,False,"[0.04, 0.035]"
181,29,classic_shared_grid_template_safe,frequency_drift,peak_witness,1.1458984375,linear_steady,True,True,design4,0.5048031244861334,3.1340796079774176,0.51314453125,0.51052734375,0.966546192660346,1.96,flow_MW_2_3,False,"[0.04, 0.035]"
182,30,classic_shared_grid_template_safe,frequency_drift,peak_witness,1.1400390625,linear_steady,True,True,design4,2.4103831424309665,1.258451953968963,0.50921875,0.5118359375,0.9642772339523458,2.94,flow_MW_0_1,False,"[0.04, 0.035]"
183,31,classic_shared_grid_template_safe,frequency_drift,peak_witness,1.1400390625,linear_steady,True,True,design4,2.4953625912457,1.1700129070203351,0.50921875,0.5118359375,0.9642186596854612,1.96,flow_MW_0_1,False,"[0.04, 0.035]"
184,20,classic_shared_grid_template_safe,harmonic_phase_breach,peak_witness,1.1400390625,linear_steady,True,True,design4,2.0442052325673568,1.6395373318299145,0.50921875,0.5118359375,0.9058370082755046,89.8,flow_MW_2_3,False,
185,21,classic_shared_grid_template_safe,harmonic_phase_breach,peak_witness,1.1400390625,linear_steady,True,True,design4,1.544867463958059,2.135171762269866,0.5118359375,0.50921875,0.8981043677049294,0.02,flow_MW_2_3,False,
186,22,classic_shared_grid_template_safe,harmonic_phase_breach,peak_witness,1.1458984375,linear_steady,True,True,design4,2.835426244800002,0.81597232887237,0.51052734375,0.51314453125,0.9711269721290592,53.96,flow_MW_0_1,False,
187,23,classic_shared_grid_template_safe,harmonic_phase_breach,peak_witness,1.1458984375,linear_steady,True,True,design4,0.7218394862674182,2.9257728781851102,0.51314453125,0.51052734375,0.9707681297478736,42.080000000000005,flow_MW_2_3,False,
188,24,classic_shared_grid_template_safe,harmonic_phase_breach,peak_witness,1.1400390625,linear_steady,True,True,design4,1.020106512500842,2.6394048804787613,0.5118359375,0.50921875,0.9636345732090552,89.94,flow_MW_2_3,False,
189,25,classic_shared_grid_template_safe,harmonic_phase_breach,peak_witness,1.1400390625,linear_steady,True,True,design4,2.254381436236698,1.420804645244467,0.50921875,0.5118359375,0.9271493595068572,0.26,flow_MW_0_1,False,
190,26,classic_shared_grid_template_safe,harmonic_phase_breach,peak_witness,1.1458984375,linear_steady,True,True,design4,0.50324437404658,3.1355756623895017,0.51314453125,0.51052734375,0.7577438632159351,89.24,flow_MW_0_1,False,
191,27,classic_shared_grid_template_safe,harmonic_phase_breach,peak_witness,1.1400390625,linear_steady,True,True,design4,1.853025637823384,1.8385000385902617,0.50921875,0.5118359375,0.9476032334030134,0.12,flow_MW_0_1,False,
192,28,classic_shared_grid_template_safe,harmonic_phase_breach,peak_witness,1.1400390625,linear_steady,True,True,design4,2.54871255326361,1.1144910148285443,0.50921875,0.5118359375,0.9674087585975648,28.2,flow_MW_0_1,False,
193,29,classic_shared_grid_template_safe,harmonic_phase_breach,peak_witness,1.1458984375,linear_steady,True,True,design4,0.5048031244861334,3.1340796079774176,0.51314453125,0.51052734375,0.9654896340105534,17.94,flow_MW_2_3,False,
194,30,classic_shared_grid_template_safe,harmonic_phase_breach,peak_witness,1.1400390625,linear_steady,True,True,design4,2.4103831424309665,1.258451953968963,0.50921875,0.5118359375,0.6306564462188257,0.88,flow_MW_0_1,False,
195,31,classic_shared_grid_template_safe,harmonic_phase_breach,peak_witness,1.1400390625,linear_steady,True,True,design4,2.4953625912457,1.1700129070203351,0.50921875,0.5118359375,0.9207139150986268,89.8,flow_MW_2_3,False,
0,0,candidate_independent_grid_template_safe,fixed_template,random,1.1357086452732086,linear_steady,False,True,interior4,2.4783627944935502,0.9733342608420302,0.1402359795802929,0.2911052372440845,0.2358436784327872,78.36,f_Hz_bus2,False,
1,0,classic_shared_grid_template_safe,fixed_template,random,1.1357086452732086,linear_steady,False,True,interior4,2.478433130381743,0.9733618840495352,0.1402359795802929,0.2911052372440845,0.2358503740092883,78.36,f_Hz_bus2,False,
2,0,phase_free_harmonic_shared_grid_safe,fixed_template,random,1.1357086452732086,linear_steady,False,True,interior4,2.460572451263398,0.966347410241901,0.1402359795802929,0.2911052372440845,0.2341501453277041,78.36,f_Hz_bus2,False,
3,0,sparse_3x9_template_UNCERTIFIED,fixed_template,random,1.1357086452732086,linear_steady,False,True,interior4,2.888397263515585,1.134368229602392,0.1402359795802929,0.2911052372440845,0.2748802005230136,78.36,f_Hz_bus2,False,
4,1,candidate_independent_grid_template_safe,fixed_template,random,0.8913700150665582,linear_steady,False,True,interior4,0.5882976959576776,2.845964196638642,0.7199491865474573,0.58925979391876,0.1582381953873862,4.08,f_Hz_bus1,False,
5,1,classic_shared_grid_template_safe,fixed_template,random,0.8913700150665582,linear_steady,False,True,interior4,0.5883077870807756,2.846013013717544,0.7199491865474573,0.58925979391876,0.1582409095043287,4.08,f_Hz_bus1,False,
6,1,phase_free_harmonic_shared_grid_safe,fixed_template,random,0.8913700150665582,linear_steady,False,True,interior4,0.5834260394226817,2.822396944595696,0.7199491865474573,0.58925979391876,0.1569279096141572,4.08,f_Hz_bus1,False,
7,1,sparse_3x9_template_UNCERTIFIED,fixed_template,random,0.8913700150665582,linear_steady,False,True,interior4,0.6766211775153855,3.2732401624683534,0.7199491865474573,0.58925979391876,0.1819934283454437,4.08,f_Hz_bus1,False,
8,2,candidate_independent_grid_template_safe,fixed_template,random,1.0644959758015633,linear_steady,False,True,interior4,0.7044780324224398,2.7350447191626195,0.1141654391620662,0.4813179590697625,0.4760330124057159,75.44,flow_MW_0_2,False,
9,2,classic_shared_grid_template_safe,fixed_template,random,1.0644959758015633,linear_steady,False,True,interior4,0.704492502857564,2.735100898752825,0.1141654391620662,0.4813179590697625,0.4760427993432568,75.44,flow_MW_0_2,False,
10,2,phase_free_harmonic_shared_grid_safe,fixed_template,random,1.0644959758015633,linear_steady,False,True,interior4,0.6988785051110854,2.7133052796089623,0.1141654391620662,0.4813179590697625,0.4722458686706302,75.44,flow_MW_0_2,False,
11,2,sparse_3x9_template_UNCERTIFIED,fixed_template,random,1.0644959758015633,linear_steady,False,True,interior4,0.8134689350765707,3.158187782567889,0.1141654391620662,0.4813179590697625,0.5497647310906432,75.44,flow_MW_0_2,False,
12,3,candidate_independent_grid_template_safe,fixed_template,random,0.9185311730751352,linear_steady,False,True,interior4,1.3105657737753076,2.156401743757973,0.736211236490516,0.1668077166711076,0.1351698197048477,82.98,flow_MW_1_3,False,
13,3,classic_shared_grid_template_safe,fixed_template,random,0.9185311730751352,linear_steady,False,True,interior4,1.3106158546607676,2.1564841467253757,0.736211236490516,0.1668077166711076,0.1351749826497695,82.98,flow_MW_1_3,False,
14,3,phase_free_harmonic_shared_grid_safe,fixed_template,random,0.9185311730751352,linear_steady,False,True,interior4,1.3024265318643289,2.143009454869532,0.736211236490516,0.1668077166711076,0.1343307244269896,82.98,flow_MW_1_3,False,
15,3,sparse_3x9_template_UNCERTIFIED,fixed_template,random,0.9185311730751352,linear_steady,False,True,interior4,1.545412878699595,2.542818600285824,0.736211236490516,0.1668077166711076,0.1593776059100343,82.98,flow_MW_1_3,False,
16,4,candidate_independent_grid_template_safe,fixed_template,random,0.9154429727247648,linear_steady,False,True,interior4,3.1779714106314363,0.240543534938038,0.6773507949131583,0.4945276975648019,0.1441863502302446,14.56,f_Hz_bus0,False,
17,4,classic_shared_grid_template_safe,fixed_template,random,0.9154429727247648,linear_steady,False,True,interior4,3.177993699318174,0.2405452219889281,0.6773507949131583,0.4945276975648019,0.1441873614364285,14.56,f_Hz_bus0,False,
18,4,phase_free_harmonic_shared_grid_safe,fixed_template,random,0.9154429727247648,linear_steady,False,True,interior4,3.148496558148686,0.2383125566528781,0.6773507949131583,0.4945276975648019,0.1428491170643882,14.56,f_Hz_bus0,False,
19,4,sparse_3x9_template_UNCERTIFIED,fixed_template,random,0.9154429727247648,linear_steady,False,True,interior4,3.612230452117709,0.2734129951756168,0.6773507949131583,0.4945276975648019,0.1638878845868367,14.56,f_Hz_bus0,False,
20,5,candidate_independent_grid_template_safe,fixed_template,random,0.9028289342569332,linear_steady,False,True,interior4,2.9383161315216717,0.4915655519552731,0.1650213024047427,0.5262777646758303,0.1932057456688099,46.82000000000001,flow_MW_0_2,False,
21,5,classic_shared_grid_template_safe,fixed_template,random,0.9028289342569332,linear_steady,False,True,interior4,2.9383582452745367,0.4915725973749099,0.1650213024047427,0.5262777646758303,0.1932085120761243,46.82000000000001,flow_MW_0_2,False,
22,5,phase_free_harmonic_shared_grid_safe,fixed_template,random,0.9028289342569332,linear_steady,False,True,interior4,2.913171268796132,0.4873589425329853,0.1650213024047427,0.5262777646758303,0.1915539856411052,46.82000000000001,flow_MW_0_2,False,
23,5,sparse_3x9_template_UNCERTIFIED,fixed_template,random,0.9028289342569332,linear_steady,False,True,interior4,3.368339527072502,0.5635063092890167,0.1650213024047427,0.5262777646758303,0.2214470961829402,46.82000000000001,flow_MW_0_2,False,
24,6,candidate_independent_grid_template_safe,fixed_template,random,0.9297269694834438,linear_steady,False,True,interior4,1.5586259854908515,1.9195741539667783,0.1401385221518088,0.3653112540727268,0.328352419924995,12.68,f_Hz_bus3,False,
25,6,classic_shared_grid_template_safe,fixed_template,random,0.9297269694834438,linear_steady,False,True,interior4,1.5586968194181452,1.919661391685976,0.1401385221518088,0.3653112540727268,0.328367347387536,12.68,f_Hz_bus3,False,
26,6,phase_free_harmonic_shared_grid_safe,fixed_template,random,0.9297269694834438,linear_steady,False,True,interior4,1.5500576063431857,1.909021500985012,0.1401385221518088,0.3653112540727268,0.3265467343374374,12.68,f_Hz_bus3,False,
27,6,sparse_3x9_template_UNCERTIFIED,fixed_template,random,0.9297269694834438,linear_steady,False,True,interior4,1.8540135831403712,2.283367907650274,0.1401385221518088,0.3653112540727268,0.3906083969418338,12.68,f_Hz_bus3,False,
28,7,candidate_independent_grid_template_safe,fixed_template,random,0.9470073674692876,linear_steady,False,True,interior4,1.2530976865546763,2.211267570454836,0.1870282936339083,0.662577214017777,0.1359944186780313,68.03999999999999,f_Hz_bus1,False,
29,7,classic_shared_grid_template_safe,fixed_template,random,0.9470073674692876,linear_steady,False,True,interior4,1.2531434715826353,2.2113483645929346,0.1870282936339083,0.662577214017777,0.1359993875428271,68.03999999999999,f_Hz_bus1,False,
30,7,phase_free_harmonic_shared_grid_safe,fixed_template,random,0.9470073674692876,linear_steady,False,True,interior4,1.2451085191270514,2.1971695579557364,0.1870282936339083,0.662577214017777,0.1351273864470666,68.03999999999999,f_Hz_bus1,False,
31,7,sparse_3x9_template_UNCERTIFIED,fixed_template,random,0.9470073674692876,linear_steady,False,True,interior4,1.4746820087214312,2.6022843530935,0.1870282936339083,0.662577214017777,0.1600420350304216,68.03999999999999,f_Hz_bus1,False,
32,8,candidate_independent_grid_template_safe,fixed_template,random,1.0012599306686536,linear_steady,False,True,interior4,3.0974199555639155,0.3249155078811472,0.3753915067653085,0.7335047875790996,0.3338410555826193,13.38,f_Hz_bus2,False,
33,8,classic_shared_grid_template_safe,fixed_template,random,1.0012599306686536,linear_steady,False,True,interior4,3.097449299097178,0.3249185859813564,0.3753915067653085,0.7335047875790996,0.3338442232800883,13.38,f_Hz_bus2,False,
34,8,phase_free_harmonic_shared_grid_safe,fixed_template,random,1.0012599306686536,linear_steady,False,True,interior4,3.069438465601358,0.3219802843231908,0.3753915067653085,0.7335047875790996,0.3308204589634549,13.38,f_Hz_bus2,False,
35,8,sparse_3x9_template_UNCERTIFIED,fixed_template,random,1.0012599306686536,linear_steady,False,True,interior4,3.530717326727621,0.3703678641760463,0.3753915067653085,0.7335047875790996,0.3806328927293285,13.38,f_Hz_bus2,False,
36,9,candidate_independent_grid_template_safe,fixed_template,random,0.921926209354156,linear_steady,False,True,interior4,2.8265529851464475,0.6086295721409146,0.5320417089081408,0.2932536215659355,0.3276651003991442,69.32,f_Hz_bus0,False,
37,9,classic_shared_grid_template_safe,fixed_template,random,0.921926209354156,linear_steady,False,True,interior4,2.8266031449292743,0.6086403728325417,0.5320417089081408,0.2932536215659355,0.3276709159390982,69.32,f_Hz_bus0,False,
38,9,phase_free_harmonic_shared_grid_safe,fixed_template,random,0.921926209354156,linear_steady,False,True,interior4,2.8033108839038223,0.6036249498291124,0.5320417089081408,0.2932536215659355,0.3249704089452794,69.32,f_Hz_bus0,False,
39,9,sparse_3x9_template_UNCERTIFIED,fixed_template,random,0.921926209354156,linear_steady,False,True,interior4,3.253171577394198,0.7004915300209132,0.5320417089081408,0.2932536215659355,0.3771290004564855,69.32,f_Hz_bus0,False,
40,10,candidate_independent_grid_template_safe,fixed_template,random,1.1451579783587231,linear_steady,False,True,interior4,0.3411898686835968,3.0818825277048427,0.088531221013852,0.5157596784412068,0.7237744324345088,74.36,flow_MW_0_2,False,
41,10,classic_shared_grid_template_safe,fixed_template,random,1.1451579783587231,linear_steady,False,True,interior4,0.3411932628594024,3.081913186443777,0.088531221013852,0.5157596784412068,0.7237816973809609,74.36,flow_MW_0_2,False,
42,10,phase_free_harmonic_shared_grid_safe,fixed_template,random,1.1451579783587231,linear_steady,False,True,interior4,0.3381234864390485,3.0541846658099416,0.088531221013852,0.5157596784412068,0.7172118368848157,74.36,flow_MW_0_2,False,
43,10,sparse_3x9_template_UNCERTIFIED,fixed_template,random,1.1451579783587231,linear_steady,False,True,interior4,0.3891330054003641,3.5149408595388127,0.088531221013852,0.5157596784412068,0.8265774804334902,74.36,flow_MW_0_2,False,
44,11,candidate_independent_grid_template_safe,fixed_template,random,1.1086882967549971,linear_steady,False,True,interior4,1.6735005468590485,1.8099013236930224,0.33434226270581,0.3897864052901935,0.4368740164422366,88.58,f_Hz_bus3,False,
45,11,classic_shared_grid_template_safe,fixed_template,random,1.1086882967549971,linear_steady,False,True,interior4,1.67358220710209,1.8099896397573652,0.33434226270581,0.3897864052901935,0.4368951743551708,88.58,f_Hz_bus3,False,
46,11,phase_free_harmonic_shared_grid_safe,fixed_template,random,1.1086882967549971,linear_steady,False,True,interior4,1.6648332946408282,1.800527636130159,0.33434226270581,0.3897864052901935,0.4346282256736078,88.58,f_Hz_bus3,False,
47,11,sparse_3x9_template_UNCERTIFIED,fixed_template,random,1.1086882967549971,linear_steady,False,True,interior4,1.9987617725600453,2.161673376619535,0.33434226270581,0.3897864052901935,0.5209504551544162,88.58,f_Hz_bus3,False,
48,12,candidate_independent_grid_template_safe,fixed_template,random,1.0159471802987692,linear_steady,False,True,interior4,2.533558269452597,0.9155208902961712,0.3223282912136415,0.6001065494507154,0.4519251633730056,9.46,f_Hz_bus2,False,
49,12,classic_shared_grid_template_safe,fixed_template,random,1.0159471802987692,linear_steady,False,True,interior4,2.533625900872928,0.9155453294333722,0.3223282912136415,0.6001065494507154,0.4519372295685659,9.46,f_Hz_bus2,False,
50,12,phase_free_harmonic_shared_grid_safe,fixed_template,random,1.0159471802987692,linear_steady,False,True,interior4,2.514951849142558,0.9087973163042646,0.3223282912136415,0.6001065494507154,0.4486055725255803,9.46,f_Hz_bus2,False,
51,12,sparse_3x9_template_UNCERTIFIED,fixed_template,random,1.0159471802987692,linear_steady,False,True,interior4,2.9468340240107502,1.0648612829419075,0.3223282912136415,0.6001065494507154,0.5256576108899461,9.46,f_Hz_bus2,False,
52,13,candidate_independent_grid_template_safe,fixed_template,random,0.9350472884871076,linear_steady,False,True,interior4,0.3104926533473303,3.111189716758305,0.3426204809450114,0.5515677439712126,0.2395325653468047,1.88,f_Hz_bus1,False,
53,13,classic_shared_grid_template_safe,fixed_template,random,0.9350472884871076,linear_steady,False,True,interior4,0.3104954642405544,3.1112178823912093,0.3426204809450114,0.5515677439712126,0.2395347335980132,1.88,f_Hz_bus1,False,
54,13,phase_free_harmonic_shared_grid_safe,fixed_template,random,0.9350472884871076,linear_steady,False,True,interior4,0.3076749325659944,3.082955670557598,0.3426204809450114,0.5515677439712126,0.2373590442717192,1.88,f_Hz_bus1,False,
55,13,sparse_3x9_template_UNCERTIFIED,fixed_template,random,0.9350472884871076,linear_steady,False,True,interior4,0.3537548566730157,3.544684424797704,0.3426204809450114,0.5515677439712126,0.2729031169032386,1.88,f_Hz_bus1,False,
56,14,candidate_independent_grid_template_safe,fixed_template,random,0.8518180723193916,linear_steady,False,True,interior4,1.65280597491532,1.8296588074156184,0.5051630510050147,0.0889880096929425,0.3440283213390123,87.6,f_Hz_bus0,False,
57,14,classic_shared_grid_template_safe,fixed_template,random,0.8518180723193916,linear_steady,False,True,interior4,1.6528856279702986,1.829746983472453,0.5051630510050147,0.0889880096929425,0.3440449095118382,87.6,f_Hz_bus0,False,
58,14,phase_free_harmonic_shared_grid_safe,fixed_template,random,0.8518180723193916,linear_steady,False,True,interior4,1.6441536759087805,1.82008069884028,0.5051630510050147,0.0889880096929425,0.3422264413382621,87.6,f_Hz_bus0,False,
59,14,sparse_3x9_template_UNCERTIFIED,fixed_template,random,0.8518180723193916,linear_steady,False,True,interior4,1.9725985308337253,2.183669668558615,0.5051630510050147,0.0889880096929425,0.4106374105632144,87.6,f_Hz_bus0,False,
60,15,candidate_independent_grid_template_safe,fixed_template,random,0.9997747396598192,linear_steady,False,True,interior4,2.5738980447938733,0.873267818259517,0.7448249731787847,0.1736035891822409,0.1255990957822969,51.540000000000006,f_Hz_bus0,False,
61,15,classic_shared_grid_template_safe,fixed_template,random,0.9997747396598192,linear_steady,False,True,interior4,2.5739635819532216,0.8732900535971889,0.7448249731787847,0.1736035891822409,0.1256022937191872,51.540000000000006,f_Hz_bus0,False,
62,15,phase_free_harmonic_shared_grid_safe,fixed_template,random,0.9997747396598192,linear_steady,False,True,interior4,2.5546837110450085,0.8667488112824846,0.7448249731787847,0.1736035891822409,0.1246615170441009,51.540000000000006,f_Hz_bus0,False,
63,15,sparse_3x9_template_UNCERTIFIED,fixed_template,random,0.9997747396598192,linear_steady,False,True,interior4,2.9893954447913718,1.0142370803179817,0.7448249731787847,0.1736035891822409,0.1458734624339198,51.540000000000006,f_Hz_bus0,False,
64,16,candidate_independent_grid_template_safe,fixed_template,random,0.9581078151701842,linear_steady,False,True,interior4,1.2108421213049263,2.251609726111942,0.3208874702820171,0.4673752523329083,0.5476379838614082,69.96,f_Hz_bus2,False,
65,16,classic_shared_grid_template_safe,fixed_template,random,0.9581078151701842,linear_steady,False,True,interior4,1.2108848705187976,2.251689219998091,0.3208874702820171,0.4673752523329083,0.5476573722939735,69.96,f_Hz_bus2,False,
66,16,phase_free_harmonic_shared_grid_safe,fixed_template,random,0.9581078151701842,linear_steady,False,True,interior4,1.2029754468547014,2.236981327914831,0.3208874702820171,0.4673752523329083,0.5440702364540521,69.96,f_Hz_bus2,False,
67,16,sparse_3x9_template_UNCERTIFIED,fixed_template,random,0.9581078151701842,linear_steady,False,True,interior4,1.4228552937771757,2.64585676526177,0.3208874702820171,0.4673752523329083,0.6438671549258246,69.96,f_Hz_bus2,False,
68,17,candidate_independent_grid_template_safe,fixed_template,random,0.8999568638228654,linear_steady,False,True,interior4,1.924770490452814,1.5531831891933097,0.7442324824395465,0.2254474354579459,0.1311132600606324,21.2,f_Hz_bus0,False,
69,17,classic_shared_grid_template_safe,fixed_template,random,0.8999568638228654,linear_steady,False,True,interior4,1.9248576588499813,1.5532535292623104,0.7442324824395465,0.2254474354579459,0.131119198407801,21.2,f_Hz_bus0,False,
70,17,phase_free_harmonic_shared_grid_safe,fixed_template,random,0.8999568638228654,linear_steady,False,True,interior4,1.9141591347943976,1.5446204128493486,0.7442324824395465,0.2254474354579459,0.1303903619814817,21.2,f_Hz_bus0,False,
71,17,sparse_3x9_template_UNCERTIFIED,fixed_template,random,0.8999568638228654,linear_steady,False,True,interior4,2.289109359000121,1.8471844784920983,0.7442324824395465,0.2254474354579459,0.1559345168006466,21.2,f_Hz_bus0,False,
72,18,candidate_independent_grid_template_safe,fixed_template,random,1.1113034664732917,linear_steady,False,True,interior4,3.1527554813833656,0.2669554439280152,0.5156402170194151,0.6251919897575875,0.7724155669551857,30.5,flow_MW_0_2,False,
73,18,classic_shared_grid_template_safe,fixed_template,random,1.1113034664732917,linear_steady,False,True,interior4,3.1527800211377195,0.2669575217995965,0.5156402170194151,0.6251919897575875,0.7724215831790319,30.5,flow_MW_0_2,False,
74,18,phase_free_harmonic_shared_grid_safe,fixed_template,random,1.1113034664732917,linear_steady,False,True,interior4,3.1237522467766685,0.2644996329983385,0.5156402170194151,0.6251919897575875,0.7653049465738384,30.5,flow_MW_0_2,False,
75,18,sparse_3x9_template_UNCERTIFIED,fixed_template,random,1.1113034664732917,linear_steady,False,True,interior4,3.586763397739433,0.3037044961977679,0.5156402170194151,0.6251919897575875,0.8787787721429459,30.5,flow_MW_0_2,False,
76,19,candidate_independent_grid_template_safe,fixed_template,random,0.9379851201255688,linear_steady,False,True,interior4,0.3167627113719384,3.105203578475389,0.7438608130133805,0.2856290739669664,0.3875677047322823,31.88,f_Hz_bus2,False,
77,19,classic_shared_grid_template_safe,fixed_template,random,0.9379851201255688,linear_steady,False,True,interior4,0.3167656369377628,3.1052322576006173,0.7438608130133805,0.2856290739669664,0.3875713518883328,31.88,f_Hz_bus2,False,
78,19,phase_free_harmonic_shared_grid_safe,fixed_template,random,0.9379851201255688,linear_steady,False,True,interior4,0.3138937623865745,3.0770794643167787,0.7438608130133805,0.2856290739669664,0.3839937737770144,86.14,f_Hz_bus2,False,
79,19,sparse_3x9_template_UNCERTIFIED,fixed_template,random,0.9379851201255688,linear_steady,False,True,interior4,0.3609750508170938,3.538614171733833,0.7438608130133805,0.2856290739669664,0.4429149724994645,31.88,f_Hz_bus2,False,
80,20,candidate_independent_grid_template_safe,fixed_template,peak_witness,1.1458984375,linear_steady,False,True,interior4,3.196675539046136,0.2209522784522713,0.44771484375,0.451640625,0.9656580680881388,5.58,flow_MW_0_2,False,
81,20,classic_shared_grid_template_safe,fixed_template,peak_witness,1.1458984375,linear_steady,False,True,interior4,3.19669613289872,0.2209537018868974,0.44771484375,0.451640625,0.9656642553006554,5.58,flow_MW_0_2,False,
82,20,phase_free_harmonic_shared_grid_safe,fixed_template,peak_witness,1.1458984375,linear_steady,False,True,interior4,3.16684842703797,0.2188906465233012,0.44771484375,0.451640625,0.9566960944297122,5.58,flow_MW_0_2,False,
83,20,sparse_3x9_template_UNCERTIFIED,fixed_template,peak_witness,1.1458984375,linear_steady,False,True,interior4,3.6310915694788406,0.2509788515429325,0.44771484375,0.451640625,1.096047944688568,3.36,flow_MW_0_2,True,
84,21,candidate_independent_grid_template_safe,fixed_template,peak_witness,1.1458984375,linear_steady,False,True,interior4,2.12059277440732,1.3480731458102555,0.44771484375,0.451640625,0.9657345693340136,0.0,flow_MW_0_2,False,
85,21,classic_shared_grid_template_safe,fixed_template,peak_witness,1.1458984375,linear_steady,False,True,interior4,2.120676128238252,1.3481261343248043,0.44771484375,0.451640625,0.9657722776678124,0.0,flow_MW_0_2,False,
86,21,phase_free_harmonic_shared_grid_safe,fixed_template,peak_witness,1.1458984375,linear_steady,False,True,interior4,2.107651380902199,1.3398462267788571,0.44771484375,0.451640625,0.9598796700016262,0.0,flow_MW_0_2,False,
87,21,sparse_3x9_template_UNCERTIFIED,fixed_template,peak_witness,1.1458984375,linear_steady,False,True,interior4,2.5038782996103848,1.5917299807952006,0.44771484375,0.451640625,1.139102863514812,3.3400000000000003,flow_MW_0_2,True,
88,22,candidate_independent_grid_template_safe,fixed_template,peak_witness,1.1458984375,linear_steady,False,True,interior4,0.3005313988535837,3.120699907355724,0.451640625,0.44771484375,0.9656174025850774,4.46,flow_MW_1_3,False,
89,22,classic_shared_grid_template_safe,fixed_template,peak_witness,1.1458984375,linear_steady,False,True,interior4,0.3005340322805036,3.120727252701921,0.451640625,0.44771484375,0.965625816871885,4.46,flow_MW_1_3,False,
90,22,phase_free_harmonic_shared_grid_safe,fixed_template,peak_witness,1.1458984375,linear_steady,False,True,interior4,0.2977955266160881,3.09229077516302,0.451640625,0.44771484375,0.956875092526114,4.46,flow_MW_1_3,False,
91,22,sparse_3x9_template_UNCERTIFIED,fixed_template,peak_witness,1.1458984375,linear_steady,False,True,interior4,0.3422904100742495,3.554322959538327,0.451640625,0.44771484375,1.0989127191328576,3.36,flow_MW_1_3,True,
92,23,candidate_independent_grid_template_safe,fixed_template,peak_witness,1.1458984375,linear_steady,False,True,interior4,2.1578247996505167,1.309075223006714,0.44771484375,0.451640625,0.9657264139215744,0.0,flow_MW_0_2,False,
93,23,classic_shared_grid_template_safe,fixed_template,peak_witness,1.1458984375,linear_steady,False,True,interior4,2.157907163212301,1.3091251900374146,0.44771484375,0.451640625,0.9657630310582708,0.0,flow_MW_0_2,False,
94,23,phase_free_harmonic_shared_grid_safe,fixed_template,peak_witness,1.1458984375,linear_steady,False,True,interior4,2.144414433692099,1.3009396330318186,0.44771484375,0.451640625,0.9597640705705096,0.0,flow_MW_0_2,False,
95,23,sparse_3x9_template_UNCERTIFIED,fixed_template,peak_witness,1.1458984375,linear_steady,False,True,interior4,2.544363984805782,1.543574738486338,0.44771484375,0.451640625,1.1375416121487778,3.3400000000000003,flow_MW_0_2,True,
96,24,candidate_independent_grid_template_safe,fixed_template,peak_witness,1.1458984375,linear_steady,False,True,interior4,1.4957606341300362,1.97959284677202,0.451640625,0.44771484375,0.9657664885548812,3.3400000000000003,flow_MW_1_3,False,
97,24,classic_shared_grid_template_safe,fixed_template,peak_witness,1.1458984375,linear_steady,False,True,interior4,1.4958258691648494,1.9796791833190104,0.451640625,0.44771484375,0.9658083947016036,3.3400000000000003,flow_MW_1_3,False,
98,24,phase_free_harmonic_shared_grid_safe,fixed_template,peak_witness,1.1458984375,linear_steady,False,True,interior4,1.4872673978300182,1.9683523117279624,0.451640625,0.44771484375,0.960317685879206,0.0,flow_MW_1_3,False,
99,24,sparse_3x9_template_UNCERTIFIED,fixed_template,peak_witness,1.1458984375,linear_steady,False,True,interior4,1.775295588850164,2.349548696765728,0.451640625,0.44771484375,1.145052653740559,3.3400000000000003,flow_MW_1_3,True,
100,25,candidate_independent_grid_template_safe,fixed_template,peak_witness,1.1458984375,linear_steady,False,True,interior4,2.1860869658801536,1.2794725954385129,0.44771484375,0.451640625,0.9657202232925406,0.0,flow_MW_0_2,False,
101,25,classic_shared_grid_template_safe,fixed_template,peak_witness,1.1458984375,linear_steady,False,True,interior4,2.1861685212167514,1.279520328131593,0.44771484375,0.451640625,0.965756012134756,0.0,flow_MW_0_2,False,
102,25,phase_free_harmonic_shared_grid_safe,fixed_template,peak_witness,1.1458984375,linear_steady,False,True,interior4,2.1723150782007385,1.271412187436321,0.44771484375,0.451640625,0.959676338318203,0.0,flow_MW_0_2,False,
103,25,sparse_3x9_template_UNCERTIFIED,fixed_template,peak_witness,1.1458984375,linear_steady,False,True,interior4,2.5750222725412604,1.5071085834107507,0.44771484375,0.451640625,1.136359214183703,3.3400000000000003,flow_MW_0_2,True,
104,26,candidate_independent_grid_template_safe,fixed_template,peak_witness,1.1458984375,linear_steady,False,True,interior4,0.5982377664433521,2.836474230798508,0.451640625,0.44771484375,0.9655912908637968,4.46,flow_MW_1_3,False,
105,26,classic_shared_grid_template_safe,fixed_template,peak_witness,1.1458984375,linear_steady,False,True,interior4,0.5982482014561874,2.8365237071884413,0.451640625,0.44771484375,0.9656080477378304,4.46,flow_MW_1_3,False,
106,26,phase_free_harmonic_shared_grid_safe,fixed_template,peak_witness,1.1458984375,linear_steady,False,True,interior4,0.5933008081246953,2.8130662217511184,0.451640625,0.44771484375,0.9576628425094116,4.46,flow_MW_1_3,False,
107,26,sparse_3x9_template_UNCERTIFIED,fixed_template,peak_witness,1.1458984375,linear_steady,False,True,interior4,0.6882870376770479,3.2634322927662494,0.451640625,0.44771484375,1.1100098177298798,4.46,flow_MW_1_3,True,
108,27,candidate_independent_grid_template_safe,fixed_template,peak_witness,1.1458984375,linear_steady,False,True,interior4,1.252593265065839,2.2117491508123392,0.451640625,0.44771484375,0.9657146021704582,0.0,flow_MW_1_3,False,
109,27,classic_shared_grid_template_safe,fixed_template,peak_witness,1.1458984375,linear_steady,False,True,interior4,1.2526390132399672,2.211829930015055,0.451640625,0.44771484375,0.9657496389275396,0.0,flow_MW_1_3,False,
110,27,phase_free_harmonic_shared_grid_safe,fixed_template,peak_witness,1.1458984375,linear_steady,False,True,interior4,1.244605499196914,2.197644864233285,0.451640625,0.44771484375,0.9595966898703284,0.0,flow_MW_1_3,False,
111,27,sparse_3x9_template_UNCERTIFIED,fixed_template,peak_witness,1.1458984375,linear_steady,False,True,interior4,1.4740624307942778,2.602805252495311,0.451640625,0.44771484375,1.1352876172224051,3.3400000000000003,flow_MW_1_3,True,
112,28,candidate_independent_grid_template_safe,fixed_template,peak_witness,1.1458984375,linear_steady,False,True,interior4,1.2437658393184765,2.2201768545111733,0.451640625,0.44771484375,0.965712756140778,0.0,flow_MW_1_3,False,
113,28,classic_shared_grid_template_safe,fixed_template,peak_witness,1.1458984375,linear_steady,False,True,interior4,1.2438109449490071,2.220257370050149,0.451640625,0.44771484375,0.965747545908142,0.0,flow_MW_1_3,False,
114,28,phase_free_harmonic_shared_grid_safe,fixed_template,peak_witness,1.1458984375,linear_steady,False,True,interior4,1.2358028382693127,2.205962546590087,0.451640625,0.44771484375,0.959570535239003,0.0,flow_MW_1_3,False,
115,28,sparse_3x9_template_UNCERTIFIED,fixed_template,peak_witness,1.1458984375,linear_steady,False,True,interior4,1.4632232875157458,2.6119180743091404,0.451640625,0.44771484375,1.134936114283345,3.3400000000000003,flow_MW_1_3,True,
116,29,candidate_independent_grid_template_safe,fixed_template,peak_witness,1.1458984375,linear_steady,False,True,interior4,3.191874887420408,0.2259806227414678,0.44771484375,0.451640625,0.965654304208614,5.58,flow_MW_0_2,False,
117,29,classic_shared_grid_template_safe,fixed_template,peak_witness,1.1458984375,linear_steady,False,True,interior4,3.1918959183118725,0.225982111701442,0.44771484375,0.451640625,0.965660632282487,5.58,flow_MW_0_2,False,
118,29,phase_free_harmonic_shared_grid_safe,fixed_template,peak_witness,1.1458984375,linear_steady,False,True,interior4,3.162138384940753,0.2238753167424797,0.44771484375,0.451640625,0.9567060432577248,5.58,flow_MW_0_2,False,
119,29,sparse_3x9_template_UNCERTIFIED,fixed_template,peak_witness,1.1458984375,linear_steady,False,True,interior4,3.626253000789034,0.2567340325794195,0.44771484375,0.451640625,1.096228529268297,3.36,flow_MW_0_2,True,
120,30,candidate_independent_grid_template_safe,fixed_template,peak_witness,1.1458984375,linear_steady,False,True,interior4,0.4520674239811072,2.976025711726789,0.451640625,0.44771484375,0.9656065710202616,4.46,flow_MW_1_3,False,
121,30,classic_shared_grid_template_safe,fixed_template,peak_witness,1.1458984375,linear_steady,False,True,interior4,0.452073382659003,2.97606493857147,0.451640625,0.44771484375,0.9656192309594698,4.46,flow_MW_1_3,False,
122,30,phase_free_harmonic_shared_grid_safe,fixed_template,peak_witness,1.1458984375,linear_steady,False,True,interior4,0.4481477781310312,2.950222112060256,0.451640625,0.44771484375,0.9572782024683604,4.46,flow_MW_1_3,False,
123,30,sparse_3x9_template_UNCERTIFIED,fixed_template,peak_witness,1.1458984375,linear_steady,False,True,interior4,0.5175324145731832,3.406991282092932,0.451640625,0.44771484375,1.104516773094599,4.46,flow_MW_1_3,True,
124,31,candidate_independent_grid_template_safe,fixed_template,peak_witness,1.1458984375,linear_steady,False,True,interior4,2.845520707679309,0.5887622193911284,0.44771484375,0.451640625,0.9655924200906376,4.46,flow_MW_0_2,False,
125,31,classic_shared_grid_template_safe,fixed_template,peak_witness,1.1458984375,linear_steady,False,True,interior4,2.845569555691922,0.5887723264566792,0.44771484375,0.451640625,0.965608911334645,4.46,flow_MW_0_2,False,
126,31,phase_free_harmonic_shared_grid_safe,fixed_template,peak_witness,1.1458984375,linear_steady,False,True,interior4,2.8219609093633014,0.5838874985333586,0.44771484375,0.451640625,0.9576380282924858,4.46,flow_MW_0_2,False,
127,31,sparse_3x9_template_UNCERTIFIED,fixed_template,peak_witness,1.1458984375,linear_steady,False,True,interior4,3.272781965290951,0.6771661749878645,0.44771484375,0.451640625,1.109652201405416,4.46,flow_MW_0_2,True,
128,32,candidate_independent_grid_template_safe,fixed_template,peak_witness,1.1458984375,linear_steady,False,True,interior4,0.9191496331276492,2.530093842760353,0.451640625,0.44771484375,0.9656448709380114,0.0,flow_MW_1_3,False,
129,32,classic_shared_grid_template_safe,fixed_template,peak_witness,1.1458984375,linear_steady,False,True,interior4,0.9191742663844814,2.530161649403789,0.451640625,0.44771484375,0.9656705787390168,0.0,flow_MW_1_3,False,
130,32,phase_free_harmonic_shared_grid_safe,fixed_template,peak_witness,1.1458984375,linear_steady,False,True,interior4,0.9124089690680028,2.511539178733132,0.451640625,0.44771484375,0.9586096514924266,0.0,flow_MW_1_3,False,
131,32,sparse_3x9_template_UNCERTIFIED,fixed_template,peak_witness,1.1458984375,linear_steady,False,True,interior4,1.0692158324336078,2.943173012012139,0.451640625,0.44771484375,1.1222490553392095,4.46,flow_MW_1_3,True,
132,33,candidate_independent_grid_template_safe,fixed_template,peak_witness,1.1458984375,linear_steady,False,True,interior4,2.0992055182273197,1.3704747895575198,0.44771484375,0.451640625,0.965739254060955,0.0,flow_MW_0_2,False,
133,33,classic_shared_grid_template_safe,fixed_template,peak_witness,1.1458984375,linear_steady,False,True,interior4,2.0992894026121465,1.3705295538164952,0.44771484375,0.451640625,0.9657775892223092,0.0,flow_MW_0_2,False,
134,33,phase_free_harmonic_shared_grid_safe,fixed_template,peak_witness,1.1458984375,linear_steady,False,True,interior4,2.086529768767085,1.3621993753957526,0.44771484375,0.451640625,0.95994608564342,0.0,flow_MW_0_2,False,
135,33,sparse_3x9_template_UNCERTIFIED,fixed_template,peak_witness,1.1458984375,linear_steady,False,True,interior4,2.480571978829626,1.619451421573807,0.44771484375,0.451640625,1.1400015445747378,3.3400000000000003,flow_MW_0_2,True,
136,34,candidate_independent_grid_template_safe,fixed_template,peak_witness,1.1458984375,linear_steady,False,True,interior4,2.562690094270101,0.8850073566396343,0.44771484375,0.451640625,0.96563773094583,0.0,flow_MW_0_2,False,
137,34,classic_shared_grid_template_safe,fixed_template,peak_witness,1.1458984375,linear_steady,False,True,interior4,2.5627562232673338,0.8850301938329294,0.44771484375,0.451640625,0.9656624836126508,0.0,flow_MW_0_2,False,
138,34,phase_free_harmonic_shared_grid_safe,fixed_template,peak_witness,1.1458984375,linear_steady,False,True,interior4,2.5436456348527927,0.878430483874087,0.44771484375,0.451640625,0.9585086918396,0.0,flow_MW_0_2,False,
139,34,sparse_3x9_template_UNCERTIFIED,fixed_template,peak_witness,1.1458984375,linear_steady,False,True,interior4,2.9775826731912325,1.028287648463204,0.44771484375,0.451640625,1.120934951880017,4.46,flow_MW_0_2,True,
140,35,candidate_independent_grid_template_safe,fixed_template,peak_witness,1.1458984375,linear_steady,False,True,interior4,2.6774776067051693,0.7647755261250874,0.44771484375,0.451640625,0.9656125874959228,0.0,flow_MW_0_2,False,
141,35,classic_shared_grid_template_safe,fixed_template,peak_witness,1.1458984375,linear_steady,False,True,interior4,2.6775373112335985,0.7647925796989538,0.44771484375,0.451640625,0.9656339767890992,0.0,flow_MW_0_2,False,
142,35,phase_free_harmonic_shared_grid_safe,fixed_template,peak_witness,1.1458984375,linear_steady,False,True,interior4,2.656657963708511,0.7588287524203766,0.44771484375,0.451640625,0.9581533197215376,0.0,flow_MW_0_2,False,
143,35,sparse_3x9_template_UNCERTIFIED,fixed_template,peak_witness,1.1458984375,linear_steady,False,True,interior4,3.0981139501794,0.8849230784639858,0.44771484375,0.451640625,1.1163301755426285,4.46,flow_MW_0_2,True,
144,36,candidate_independent_grid_template_safe,fixed_template,peak_witness,1.1458984375,linear_steady,False,True,interior4,1.3804453371209275,2.0896864553675005,0.451640625,0.44771484375,0.9657413391440864,0.0,flow_MW_1_3,False,
145,36,classic_shared_grid_template_safe,fixed_template,peak_witness,1.1458984375,linear_steady,False,True,interior4,1.380500901142107,2.089770566906974,0.451640625,0.44771484375,0.965779953296709,0.0,flow_MW_1_3,False,
146,36,phase_free_harmonic_shared_grid_safe,fixed_template,peak_witness,1.1458984375,linear_steady,False,True,interior4,1.372149269839036,2.0771280591995342,0.451640625,0.44771484375,0.9599756487255507,0.0,flow_MW_1_3,False,
147,36,sparse_3x9_template_UNCERTIFIED,fixed_template,peak_witness,1.1458984375,linear_steady,False,True,interior4,1.63180371747128,2.470187000182069,0.451640625,0.44771484375,1.140401965522892,3.3400000000000003,flow_MW_1_3,True,
148,37,candidate_independent_grid_template_safe,fixed_template,peak_witness,1.1458984375,linear_steady,False,True,interior4,1.1138155538378034,2.3442427524245266,0.451640625,0.44771484375,0.9656855803634472,0.0,flow_MW_1_3,False,
149,37,classic_shared_grid_template_safe,fixed_template,peak_witness,1.1458984375,linear_steady,False,True,interior4,1.1138517263290462,2.344318884509539,0.451640625,0.44771484375,0.9657167342685196,0.0,flow_MW_1_3,False,
150,37,phase_free_harmonic_shared_grid_safe,fixed_template,peak_witness,1.1458984375,linear_steady,False,True,interior4,1.1062690734543523,2.3283597079794545,0.451640625,0.44771484375,0.9591856604490494,0.0,flow_MW_1_3,False,
151,37,sparse_3x9_template_UNCERTIFIED,fixed_template,peak_witness,1.1458984375,linear_steady,False,True,interior4,1.3044274977388155,2.7454228818237327,0.451640625,0.44771484375,1.1297972363761963,4.46,flow_MW_1_3,True,
152,38,candidate_independent_grid_template_safe,fixed_template,peak_witness,1.1458984375,linear_steady,False,True,interior4,1.1830097145359928,2.278181830390935,0.451640625,0.44771484375,0.9657000505536876,0.0,flow_MW_1_3,False,
153,38,classic_shared_grid_template_safe,fixed_template,peak_witness,1.1458984375,linear_steady,False,True,interior4,1.183050521037406,2.278260413541132,0.451640625,0.44771484375,0.9657331404047488,0.0,flow_MW_1_3,False,
154,38,phase_free_harmonic_shared_grid_safe,fixed_template,peak_witness,1.1458984375,linear_steady,False,True,interior4,1.1752293425552531,2.263198773309992,0.451640625,0.44771484375,0.9593905577479068,0.0,flow_MW_1_3,False,
155,38,sparse_3x9_template_UNCERTIFIED,fixed_template,peak_witness,1.1458984375,linear_steady,False,True,interior4,1.388802002084241,2.6744864799355037,0.451640625,0.44771484375,1.1325224484108924,3.3400000000000003,flow_MW_1_3,True,
156,39,candidate_independent_grid_template_safe,fixed_template,peak_witness,1.1458984375,linear_steady,False,True,interior4,2.164571045806551,1.302009005547733,0.44771484375,0.451640625,0.965724936203804,0.0,flow_MW_0_2,False,
157,39,classic_shared_grid_template_safe,fixed_template,peak_witness,1.1458984375,linear_steady,False,True,interior4,2.164653220875973,1.302058434593098,0.44771484375,0.451640625,0.9657613556235616,0.0,flow_MW_0_2,False,
158,39,phase_free_harmonic_shared_grid_safe,fixed_template,peak_witness,1.1458984375,linear_steady,False,True,interior4,2.1510748175900503,1.2938909025578338,0.44771484375,0.451640625,0.9597431273239706,0.0,flow_MW_0_2,False,
159,39,sparse_3x9_template_UNCERTIFIED,fixed_template,peak_witness,1.1458984375,linear_steady,False,True,interior4,2.551687958865975,1.5348633200224977,0.44771484375,0.451640625,1.1372591580190412,3.3400000000000003,flow_MW_0_2,True,
160,20,classic_shared_grid_template_safe,zero_state_start,peak_witness,1.1458984375,zero,True,True,interior4,3.19669613289872,0.2209537018868974,0.44771484375,0.451640625,0.9136886064947324,45.78,flow_MW_0_2,False,
161,21,classic_shared_grid_template_safe,zero_state_start,peak_witness,1.1458984375,zero,True,True,interior4,2.120676128238252,1.3481261343248043,0.44771484375,0.451640625,0.8289136524919549,33.400000000000006,flow_MW_0_2,False,
162,22,classic_shared_grid_template_safe,zero_state_start,peak_witness,1.1458984375,zero,True,True,interior4,0.3005340322805036,3.120727252701921,0.451640625,0.44771484375,0.902720797336959,44.66,flow_MW_1_3,False,
163,23,classic_shared_grid_template_safe,zero_state_start,peak_witness,1.1458984375,zero,True,True,interior4,2.157907163212301,1.3091251900374146,0.44771484375,0.451640625,0.8298854516747769,34.52,flow_MW_0_2,False,
164,24,classic_shared_grid_template_safe,zero_state_start,peak_witness,1.1458984375,zero,True,True,interior4,1.4958258691648494,1.9796791833190104,0.451640625,0.44771484375,0.8260139513411708,34.50000000000001,flow_MW_1_3,False,
165,25,classic_shared_grid_template_safe,zero_state_start,peak_witness,1.1458984375,zero,True,True,interior4,2.1861685212167514,1.279520328131593,0.44771484375,0.451640625,0.8306972042540556,34.52,flow_MW_0_2,False,
166,26,classic_shared_grid_template_safe,zero_state_start,peak_witness,1.1458984375,zero,True,True,interior4,0.5982482014561874,2.8365237071884413,0.451640625,0.44771484375,0.8673287382143794,43.50000000000001,flow_MW_1_3,False,
167,27,classic_shared_grid_template_safe,zero_state_start,peak_witness,1.1458984375,zero,True,True,interior4,1.2526390132399672,2.211829930015055,0.451640625,0.44771484375,0.8314335238008634,34.52,flow_MW_1_3,False,
168,28,classic_shared_grid_template_safe,zero_state_start,peak_witness,1.1458984375,zero,True,True,interior4,1.2438109449490071,2.220257370050149,0.451640625,0.44771484375,0.8316751692534035,34.52,flow_MW_1_3,False,
169,29,classic_shared_grid_template_safe,zero_state_start,peak_witness,1.1458984375,zero,True,True,interior4,3.1918959183118725,0.225982111701442,0.44771484375,0.451640625,0.9129840961967188,45.78,flow_MW_0_2,False,
170,30,classic_shared_grid_template_safe,zero_state_start,peak_witness,1.1458984375,zero,True,True,interior4,0.452073382659003,2.97606493857147,0.451640625,0.44771484375,0.8838350245824274,44.64,flow_MW_1_3,False,
171,31,classic_shared_grid_template_safe,zero_state_start,peak_witness,1.1458984375,zero,True,True,interior4,2.845569555691922,0.5887723264566792,0.44771484375,0.451640625,0.8682737995210932,43.52,flow_MW_0_2,False,
172,20,classic_shared_grid_template_safe,frequency_drift,peak_witness,1.1458984375,linear_steady,True,True,interior4,3.19669613289872,0.2209537018868974,0.44771484375,0.451640625,0.966420204935088,3.3400000000000003,flow_MW_0_2,False,"[0.04, 0.035]"
173,21,classic_shared_grid_template_safe,frequency_drift,peak_witness,1.1458984375,linear_steady,True,True,interior4,2.120676128238252,1.3481261343248043,0.44771484375,0.451640625,0.9674286163316814,3.3400000000000003,flow_MW_0_2,False,"[0.04, 0.035]"
174,22,classic_shared_grid_template_safe,frequency_drift,peak_witness,1.1458984375,linear_steady,True,True,interior4,0.3005340322805036,3.120727252701921,0.451640625,0.44771484375,0.9665997769372492,3.3400000000000003,flow_MW_1_3,False,"[0.04, 0.035]"
175,23,classic_shared_grid_template_safe,frequency_drift,peak_witness,1.1458984375,linear_steady,True,True,interior4,2.157907163212301,1.3091251900374146,0.44771484375,0.451640625,0.9673961286873124,3.3400000000000003,flow_MW_0_2,False,"[0.04, 0.035]"
176,24,classic_shared_grid_template_safe,frequency_drift,peak_witness,1.1458984375,linear_steady,True,True,interior4,1.4958258691648494,1.9796791833190104,0.451640625,0.44771484375,0.9686470972522884,4.44,flow_MW_1_3,False,"[0.04, 0.035]"
177,25,classic_shared_grid_template_safe,frequency_drift,peak_witness,1.1458984375,linear_steady,True,True,interior4,2.1861685212167514,1.279520328131593,0.44771484375,0.451640625,0.9673713649465208,3.3400000000000003,flow_MW_0_2,False,"[0.04, 0.035]"
178,26,classic_shared_grid_template_safe,frequency_drift,peak_witness,1.1458984375,linear_steady,True,True,interior4,0.5982482014561874,2.8365237071884413,0.451640625,0.44771484375,0.966902383160694,3.3400000000000003,flow_MW_1_3,False,"[0.04, 0.035]"
179,27,classic_shared_grid_template_safe,frequency_drift,peak_witness,1.1458984375,linear_steady,True,True,interior4,1.2526390132399672,2.211829930015055,0.451640625,0.44771484375,0.9676721686648128,4.44,flow_MW_1_3,False,"[0.04, 0.035]"
180,28,classic_shared_grid_template_safe,frequency_drift,peak_witness,1.1458984375,linear_steady,True,True,interior4,1.2438109449490071,2.220257370050149,0.451640625,0.44771484375,0.9676365911159478,4.44,flow_MW_1_3,False,"[0.04, 0.035]"
181,29,classic_shared_grid_template_safe,frequency_drift,peak_witness,1.1458984375,linear_steady,True,True,interior4,3.1918959183118725,0.225982111701442,0.44771484375,0.451640625,0.9664250574587364,3.3400000000000003,flow_MW_0_2,False,"[0.04, 0.035]"
182,30,classic_shared_grid_template_safe,frequency_drift,peak_witness,1.1458984375,linear_steady,True,True,interior4,0.452073382659003,2.97606493857147,0.451640625,0.44771484375,0.9667552553585208,3.3400000000000003,flow_MW_1_3,False,"[0.04, 0.035]"
183,31,classic_shared_grid_template_safe,frequency_drift,peak_witness,1.1458984375,linear_steady,True,True,interior4,2.845569555691922,0.5887723264566792,0.44771484375,0.451640625,0.966766219691202,3.3400000000000003,flow_MW_0_2,False,"[0.04, 0.035]"
184,20,classic_shared_grid_template_safe,harmonic_phase_breach,peak_witness,1.1458984375,linear_steady,True,True,interior4,3.19669613289872,0.2209537018868974,0.44771484375,0.451640625,0.9675176116678854,89.0,flow_MW_0_2,False,
185,21,classic_shared_grid_template_safe,harmonic_phase_breach,peak_witness,1.1458984375,linear_steady,True,True,interior4,2.120676128238252,1.3481261343248043,0.44771484375,0.451640625,0.6504045167369058,0.18,flow_MW_0_2,False,
186,22,classic_shared_grid_template_safe,harmonic_phase_breach,peak_witness,1.1458984375,linear_steady,True,True,interior4,0.3005340322805036,3.120727252701921,0.451640625,0.44771484375,0.8868728166148404,0.52,flow_MW_1_3,False,
187,23,classic_shared_grid_template_safe,harmonic_phase_breach,peak_witness,1.1458984375,linear_steady,True,True,interior4,2.157907163212301,1.3091251900374146,0.44771484375,0.451640625,0.8505322201432353,90.0,flow_MW_1_3,False,
188,24,classic_shared_grid_template_safe,harmonic_phase_breach,peak_witness,1.1458984375,linear_steady,True,True,interior4,1.4958258691648494,1.9796791833190104,0.451640625,0.44771484375,0.6375032309394373,0.7200000000000001,flow_MW_1_3,False,
189,25,classic_shared_grid_template_safe,harmonic_phase_breach,peak_witness,1.1458984375,linear_steady,True,True,interior4,2.1861685212167514,1.279520328131593,0.44771484375,0.451640625,0.8537572476503937,89.75999999999999,flow_MW_1_3,False,
190,26,classic_shared_grid_template_safe,harmonic_phase_breach,peak_witness,1.1458984375,linear_steady,True,True,interior4,0.5982482014561874,2.8365237071884413,0.451640625,0.44771484375,0.9746523005503066,89.6,flow_MW_1_3,False,
191,27,classic_shared_grid_template_safe,harmonic_phase_breach,peak_witness,1.1458984375,linear_steady,True,True,interior4,1.2526390132399672,2.211829930015055,0.451640625,0.44771484375,0.7706824879412911,89.0,flow_MW_0_2,False,
192,28,classic_shared_grid_template_safe,harmonic_phase_breach,peak_witness,1.1458984375,linear_steady,True,True,interior4,1.2438109449490071,2.220257370050149,0.451640625,0.44771484375,0.7831324365614236,89.0,flow_MW_0_2,False,
193,29,classic_shared_grid_template_safe,harmonic_phase_breach,peak_witness,1.1458984375,linear_steady,True,True,interior4,3.1918959183118725,0.225982111701442,0.44771484375,0.451640625,0.882383571004801,0.04,flow_MW_0_2,False,
194,30,classic_shared_grid_template_safe,harmonic_phase_breach,peak_witness,1.1458984375,linear_steady,True,True,interior4,0.452073382659003,2.97606493857147,0.451640625,0.44771484375,0.8954616688253806,0.92,flow_MW_1_3,False,
195,31,classic_shared_grid_template_safe,harmonic_phase_breach,peak_witness,1.1458984375,linear_steady,True,True,interior4,2.845569555691922,0.5887723264566792,0.44771484375,0.451640625,0.969269950913112,19.0,flow_MW_0_2,False,
0,0,candidate_independent_grid_template_safe,fixed_template,random,0.923880588923468,linear_steady,False,True,transfer8_cube,5.579726363184839,0.7004521831352994,0.7033876987442795,0.3040188840464146,0.4083977801953543,46.8,f_Hz_bus0,False,
1,0,classic_shared_grid_template_safe,fixed_template,random,0.923880588923468,linear_steady,False,True,transfer8_cube,5.580975956585583,0.700609051119249,0.7033876987442795,0.3040188840464146,0.4084892076285976,46.8,f_Hz_bus0,False,
2,0,phase_free_harmonic_shared_grid_safe,fixed_template,random,0.923880588923468,linear_steady,False,True,transfer8_cube,5.47304117373859,0.6870594342813621,0.7033876987442795,0.3040188840464146,0.400591994355679,46.8,f_Hz_bus0,False,
3,0,sparse_3x9_template_UNCERTIFIED,fixed_template,random,0.923880588923468,linear_steady,False,True,transfer8_cube,6.504151484379183,0.8165000951902732,0.7033876987442795,0.3040188840464146,0.4760273903279125,46.8,f_Hz_bus0,False,
4,1,candidate_independent_grid_template_safe,fixed_template,random,0.992867721303375,linear_steady,False,True,transfer8_cube,4.27204301823372,2.077298797393749,0.6700201330550141,0.384826706010499,0.5688657801303317,58.46,f_Hz_bus0,False,
5,1,classic_shared_grid_template_safe,fixed_template,random,0.992867721303375,linear_steady,False,True,transfer8_cube,4.27488161131424,2.078679075159513,0.6700201330550141,0.384826706010499,0.5692424594009318,58.46,f_Hz_bus0,False,
6,1,phase_free_harmonic_shared_grid_safe,fixed_template,random,0.992867721303375,linear_steady,False,True,transfer8_cube,4.211295825401857,2.0477602206340872,0.6700201330550141,0.384826706010499,0.5608040541097852,58.46,f_Hz_bus0,False,
7,1,sparse_3x9_template_UNCERTIFIED,fixed_template,random,0.992867721303375,linear_steady,False,True,transfer8_cube,5.249075198041779,2.5523847839972755,0.6700201330550141,0.384826706010499,0.6983533904725254,58.46,f_Hz_bus0,False,
8,2,candidate_independent_grid_template_safe,fixed_template,random,1.0424171686062342,linear_steady,False,True,transfer8_cube,1.0726549074465366,5.226220534367894,0.3225226585697607,0.6168415631466871,0.4682607252477262,70.52,f_Hz_bus0,False,
9,2,classic_shared_grid_template_safe,fixed_template,random,1.0424171686062342,linear_steady,False,True,transfer8_cube,1.073022823774444,5.228013107034546,0.3225226585697607,0.6168415631466871,0.4684211558050858,70.52,f_Hz_bus0,False,
10,2,phase_free_harmonic_shared_grid_safe,fixed_template,random,1.0424171686062342,linear_steady,False,True,transfer8_cube,1.053561410678511,5.133192642369072,0.3225226585697607,0.6168415631466871,0.4599347173850789,70.52,f_Hz_bus0,False,
11,2,sparse_3x9_template_UNCERTIFIED,fixed_template,random,1.0424171686062342,linear_steady,False,True,transfer8_cube,1.2722167744861517,6.198531685101351,0.3225226585697607,0.6168415631466871,0.5552508002502006,70.52,f_Hz_bus0,False,
12,3,candidate_independent_grid_template_safe,fixed_template,random,1.0739321241196669,linear_steady,False,True,transfer8_cube,0.8559134500423247,5.432074397153162,0.242563730205,0.2509300878842447,0.2261732199567252,58.98,f_Hz_bus7,False,
13,3,classic_shared_grid_template_safe,fixed_template,random,1.0739321241196669,linear_steady,False,True,transfer8_cube,0.8561476887254765,5.433560998343398,0.242563730205,0.2509300878842447,0.2262351233510879,58.98,f_Hz_bus7,False,
14,3,phase_free_harmonic_shared_grid_safe,fixed_template,random,1.0739321241196669,linear_steady,False,True,transfer8_cube,0.8400197583989034,5.331204717574921,0.242563730205,0.2509300878842447,0.2219729290349752,58.98,f_Hz_bus7,False,
15,3,sparse_3x9_template_UNCERTIFIED,fixed_template,random,1.0739321241196669,linear_steady,False,True,transfer8_cube,1.0049260575687984,6.377786338188279,0.242563730205,0.2509300878842447,0.2655546268393448,58.98,f_Hz_bus7,False,
16,4,candidate_independent_grid_template_safe,fixed_template,random,0.8566549486392112,linear_steady,False,True,transfer8_cube,2.1431711147844115,4.209479671341591,0.2333500291904321,0.6980906813021822,0.3060081170563045,89.92,f_Hz_bus7,False,
17,4,classic_shared_grid_template_safe,fixed_template,random,0.8566549486392112,linear_steady,False,True,transfer8_cube,2.1446403502335234,4.212365449669223,0.2333500291904321,0.6980906813021822,0.3062178910004708,89.92,f_Hz_bus7,False,
18,4,phase_free_harmonic_shared_grid_safe,fixed_template,random,0.8566549486392112,linear_steady,False,True,transfer8_cube,2.113200953361831,4.150614196538909,0.2333500291904321,0.6980906813021822,0.3017290452277975,89.92,f_Hz_bus7,False,
19,4,sparse_3x9_template_UNCERTIFIED,fixed_template,random,0.8566549486392112,linear_steady,False,True,transfer8_cube,2.6382199348436144,5.181822910752263,0.2333500291904321,0.6980906813021822,0.3766890462513979,89.92,f_Hz_bus7,False,
20,5,candidate_independent_grid_template_safe,fixed_template,random,1.042268281752111,linear_steady,False,True,transfer8_cube,4.032569240453267,2.329438324454117,0.5599275862008688,0.2294363561919247,0.5761335904020911,52.06,f_Hz_bus3,False,
21,5,classic_shared_grid_template_safe,fixed_template,random,1.042268281752111,linear_steady,False,True,transfer8_cube,4.035574186162217,2.331174149750584,0.5599275862008688,0.2294363561919247,0.5765626704969552,52.06,f_Hz_bus3,False,
22,5,phase_free_harmonic_shared_grid_safe,fixed_template,random,1.042268281752111,linear_steady,False,True,transfer8_cube,3.9788675699587177,2.2984172255273325,0.5599275862008688,0.2294363561919247,0.5684653691604455,52.06,f_Hz_bus3,False,
23,5,sparse_3x9_template_UNCERTIFIED,fixed_template,random,1.042268281752111,linear_steady,False,True,transfer8_cube,4.990292594396024,2.8826730866793606,0.5599275862008688,0.2294363561919247,0.7128586250460579,52.06,f_Hz_bus3,False,
24,6,candidate_independent_grid_template_safe,fixed_template,random,0.8964022219571534,linear_steady,False,True,transfer8_cube,5.506709927761454,0.7773304520878375,0.674634057914983,0.2704279982785482,0.4215299969853474,85.16,f_Hz_bus0,False,
25,6,classic_shared_grid_template_safe,fixed_template,random,0.8964022219571534,linear_steady,False,True,transfer8_cube,5.508078557225975,0.7775236486379287,0.674634057914983,0.2704279982785482,0.4216347296608978,85.16,f_Hz_bus0,False,
26,6,phase_free_harmonic_shared_grid_safe,fixed_template,random,0.8964022219571534,linear_steady,False,True,transfer8_cube,5.402920514098919,0.7626794766592067,0.674634057914983,0.2704279982785482,0.4135875678324457,85.16,f_Hz_bus0,False,
27,6,sparse_3x9_template_UNCERTIFIED,fixed_template,random,0.8964022219571534,linear_steady,False,True,transfer8_cube,6.4418891374161165,0.9093409061266824,0.674634057914983,0.2704279982785482,0.4930872417919602,85.16,f_Hz_bus0,False,
28,7,candidate_independent_grid_template_safe,fixed_template,random,0.8691742733988901,linear_steady,False,True,transfer8_cube,5.548678173228482,0.7331425094175088,0.5150859875848723,0.6775979822625028,0.7528450672553713,53.16,f_Hz_bus3,False,
29,7,classic_shared_grid_template_safe,fixed_template,random,0.8691742733988901,linear_steady,False,True,transfer8_cube,5.549978821313317,0.7333143630321923,0.5150859875848723,0.6775979822625028,0.7530213466368357,53.16,f_Hz_bus3,False,
30,7,phase_free_harmonic_shared_grid_safe,fixed_template,random,0.8691742733988901,linear_steady,False,True,transfer8_cube,5.443229088745871,0.719209604318351,0.5150859875848723,0.6775979822625028,0.7385527251870935,53.16,f_Hz_bus3,False,
31,7,sparse_3x9_template_UNCERTIFIED,fixed_template,random,0.8691742733988901,linear_steady,False,True,transfer8_cube,6.477730230650868,0.8558974314896669,0.5150859875848723,0.6775979822625028,0.8787055156856522,53.16,f_Hz_bus3,False,
32,8,candidate_independent_grid_template_safe,fixed_template,random,0.8871975521362594,linear_steady,False,True,transfer8_cube,5.317008912007108,0.9770647396515628,0.3305564896705251,0.082699296922647,0.6203723200687887,84.12,f_Hz_bus3,False,
33,8,classic_shared_grid_template_safe,fixed_template,random,0.8871975521362594,linear_steady,False,True,transfer8_cube,5.318670052895549,0.9773699943946996,0.3305564896705251,0.082699296922647,0.6205668080255824,84.12,f_Hz_bus3,False,
34,8,phase_free_harmonic_shared_grid_safe,fixed_template,random,0.8871975521362594,linear_steady,False,True,transfer8_cube,5.220560769663964,0.9593412261784948,0.3305564896705251,0.082699296922647,0.6090811718584694,84.12,f_Hz_bus3,False,
35,8,sparse_3x9_template_UNCERTIFIED,fixed_template,random,0.8871975521362594,linear_steady,False,True,transfer8_cube,6.278036580338984,1.1536652050816985,0.3305564896705251,0.082699296922647,0.7330046587511182,84.12,f_Hz_bus3,False,
36,9,candidate_independent_grid_template_safe,fixed_template,random,1.058134801302751,linear_steady,False,True,transfer8_cube,0.4703918195804162,5.798230082218313,0.2137774789013231,0.6052144148646812,0.5322726193316591,1.62,f_Hz_bus7,False,
37,9,classic_shared_grid_template_safe,fixed_template,random,1.058134801302751,linear_steady,False,True,transfer8_cube,0.4704625595560242,5.799102050304304,0.2137774789013231,0.6052144148646812,0.5323526537671677,1.62,f_Hz_bus7,False,
38,9,phase_free_harmonic_shared_grid_safe,fixed_template,random,1.058134801302751,linear_steady,False,True,transfer8_cube,0.4610149226222361,5.682646851903471,0.2137774789013231,0.6052144148646812,0.5216636546750661,1.62,f_Hz_bus7,False,
39,9,sparse_3x9_template_UNCERTIFIED,fixed_template,random,1.058134801302751,linear_steady,False,True,transfer8_cube,0.5425648224926781,6.6878622126902725,0.2137774789013231,0.6052144148646812,0.613925508299703,1.62,f_Hz_bus7,False,
40,10,candidate_independent_grid_template_safe,fixed_template,random,1.0317433281337378,linear_steady,False,True,transfer8_cube,5.6161720485126905,0.6620788883757363,0.1467147456142755,0.4569565539959651,0.362252525324755,46.92,flow_MW_0_2,False,
41,10,classic_shared_grid_template_safe,fixed_template,random,1.0317433281337378,linear_steady,False,True,transfer8_cube,5.617360885049444,0.6622190378522685,0.1467147456142755,0.4569565539959651,0.362328928452862,46.92,flow_MW_0_2,False,
42,10,phase_free_harmonic_shared_grid_safe,fixed_template,random,1.0317433281337378,linear_steady,False,True,transfer8_cube,5.508026888937271,0.6493298795461595,0.1467147456142755,0.4569565539959651,0.3553016114951492,46.92,flow_MW_0_2,False,
43,10,sparse_3x9_template_UNCERTIFIED,fixed_template,random,1.0317433281337378,linear_steady,False,True,transfer8_cube,6.535064359536192,0.7704051993512995,0.1467147456142755,0.4569565539959651,0.4212516582832901,46.92,flow_MW_0_2,False,
44,11,candidate_independent_grid_template_safe,fixed_template,random,0.987791644439386,linear_steady,False,True,transfer8_cube,5.069483817244151,1.2376814172166637,0.4185423848808443,0.7435418620562706,0.7293636004275384,4.56,flow_MW_0_2,False,
45,11,classic_shared_grid_template_safe,fixed_template,random,0.987791644439386,linear_steady,False,True,transfer8_cube,5.071490249696249,1.238171274616428,0.4185423848808443,0.7435418620562706,0.7296505975439079,4.56,flow_MW_0_2,False,
46,11,phase_free_harmonic_shared_grid_safe,fixed_template,random,0.987791644439386,linear_steady,False,True,transfer8_cube,4.982218429796325,1.2163761419057937,0.4185423848808443,0.7435418620562706,0.7168793509649551,4.56,flow_MW_0_2,False,
47,11,sparse_3x9_template_UNCERTIFIED,fixed_template,random,0.987791644439386,linear_steady,False,True,transfer8_cube,6.059582229685445,1.4794074884442605,0.4185423848808443,0.7435418620562706,0.8707237423744575,4.56,flow_MW_0_2,False,
48,12,candidate_independent_grid_template_safe,fixed_template,random,0.9368659385736297,linear_steady,False,True,transfer8_cube,3.444904637999412,2.9481844615308828,0.4170332815180732,0.5764525297717742,0.6753209095385582,78.92,f_Hz_bus7,False,
49,12,classic_shared_grid_template_safe,fixed_template,random,0.9368659385736297,linear_steady,False,True,transfer8_cube,3.4481541744056936,2.950965447870679,0.4170332815180732,0.5764525297717742,0.675955841264514,78.92,f_Hz_bus7,False,
50,12,phase_free_harmonic_shared_grid_safe,fixed_template,random,0.9368659385736297,linear_steady,False,True,transfer8_cube,3.4066261833590463,2.9154253703394124,0.4170332815180732,0.5764525297717742,0.6678411776550994,78.92,f_Hz_bus7,False,
51,12,sparse_3x9_template_UNCERTIFIED,fixed_template,random,0.9368659385736297,linear_steady,False,True,transfer8_cube,4.339266251679519,3.713588235950785,0.4170332815180732,0.5764525297717742,0.8498253807160601,78.92,f_Hz_bus7,False,
52,13,candidate_independent_grid_template_safe,fixed_template,random,0.939067646760822,linear_steady,False,True,transfer8_cube,4.207534058655647,2.1452196307723543,0.1485192077506345,0.1549150627017945,0.300738428052441,66.98,f_Hz_bus7,False,
53,13,classic_shared_grid_template_safe,fixed_template,random,0.939067646760822,linear_steady,False,True,transfer8_cube,4.210421262124843,2.146691677218992,0.1485192077506345,0.1549150627017945,0.3009450944400664,66.98,f_Hz_bus7,False,
54,13,phase_free_harmonic_shared_grid_safe,fixed_template,random,0.939067646760822,linear_steady,False,True,transfer8_cube,4.1487266368556215,2.1152365494896244,0.1485192077506345,0.1549150627017945,0.2965291194110947,66.98,f_Hz_bus7,False,
55,13,sparse_3x9_template_UNCERTIFIED,fixed_template,random,0.939067646760822,linear_steady,False,True,transfer8_cube,5.1797274691223,2.640894379916737,0.1485192077506345,0.1549150627017945,0.3703658548190937,66.98,f_Hz_bus7,False,
56,14,candidate_independent_grid_template_safe,fixed_template,random,1.0825993609738718,linear_steady,False,True,transfer8_cube,3.4626986316613126,2.929449344943127,0.6247932127121347,0.3612118966379773,0.4141314213370925,63.36000000000001,f_Hz_bus4,False,
57,14,classic_shared_grid_template_safe,fixed_template,random,1.0825993609738718,linear_steady,False,True,transfer8_cube,3.465944176657369,2.9321950819171008,0.6247932127121347,0.3612118966379773,0.4145200014665191,63.36000000000001,f_Hz_bus4,False,
58,14,phase_free_harmonic_shared_grid_safe,fixed_template,random,1.0825993609738718,linear_steady,False,True,transfer8_cube,3.424013706029204,2.896721827446814,0.6247932127121347,0.3612118966379773,0.4094998729432411,63.36000000000001,f_Hz_bus4,False,
59,14,sparse_3x9_template_UNCERTIFIED,fixed_template,random,1.0825993609738718,linear_steady,False,True,transfer8_cube,4.359320314461612,3.687992920559167,0.6247932127121347,0.3612118966379773,0.521530441629734,63.36000000000001,f_Hz_bus4,False,
60,15,candidate_independent_grid_template_safe,fixed_template,random,0.8687380184508928,linear_steady,False,True,transfer8_cube,3.3880763506328377,3.008018392548561,0.1983506756232092,0.3634319066184862,0.51561011506108,4.819999999999999,f_Hz_bus5,False,
61,15,classic_shared_grid_template_safe,fixed_template,random,0.8687380184508928,linear_steady,False,True,transfer8_cube,3.3913372060281155,3.01091346101495,0.1983506756232092,0.3634319066184862,0.5161064467428889,4.819999999999999,f_Hz_bus5,False,
62,15,phase_free_harmonic_shared_grid_safe,fixed_template,random,0.8687380184508928,linear_steady,False,True,transfer8_cube,3.351081833054282,2.9751737403673992,0.1983506756232092,0.3634319066184862,0.5099792308830695,4.819999999999999,f_Hz_bus5,False,
63,15,sparse_3x9_template_UNCERTIFIED,fixed_template,random,0.8687380184508928,linear_steady,False,True,transfer8_cube,4.275074399170255,3.7955173058055993,0.1983506756232092,0.3634319066184862,0.6506282251184082,4.819999999999999,f_Hz_bus5,False,
64,16,candidate_independent_grid_template_safe,fixed_template,random,0.9375806023718216,linear_steady,False,True,transfer8_cube,2.838474178807642,3.5491038334663143,0.729906011943914,0.6185960647134858,0.4912252456609348,45.48,f_Hz_bus0,False,
65,16,classic_shared_grid_template_safe,fixed_template,random,0.9375806023718216,linear_steady,False,True,transfer8_cube,2.8410519490209905,3.552326964476028,0.729906011943914,0.6185960647134858,0.4916719487923265,45.48,f_Hz_bus0,False,
66,16,phase_free_harmonic_shared_grid_safe,fixed_template,random,0.9375806023718216,linear_steady,False,True,transfer8_cube,2.8058616116851733,3.508326507444573,0.729906011943914,0.6185960647134858,0.4855739290690859,45.48,f_Hz_bus0,False,
67,16,sparse_3x9_template_UNCERTIFIED,fixed_template,random,0.9375806023718216,linear_steady,False,True,transfer8_cube,3.564098265782545,4.456392421104597,0.729906011943914,0.6185960647134858,0.6170328708262091,45.48,f_Hz_bus0,False,
68,17,candidate_independent_grid_template_safe,fixed_template,random,1.0334541440151517,linear_steady,False,True,transfer8_cube,2.629483083507122,3.747596658837988,0.6299797023454375,0.5128368829659787,0.6204890438688978,17.94,f_Hz_bus5,False,
69,17,classic_shared_grid_template_safe,fixed_template,random,1.0334541440151517,linear_steady,False,True,transfer8_cube,2.631695088125027,3.750749256079396,0.6299797023454375,0.5128368829659787,0.6210124384163341,17.94,f_Hz_bus5,False,
70,17,phase_free_harmonic_shared_grid_safe,fixed_template,random,1.0334541440151517,linear_steady,False,True,transfer8_cube,2.5972966350002915,3.701723830204621,0.6299797023454375,0.5128368829659787,0.6128736300996684,17.94,f_Hz_bus5,False,
71,17,sparse_3x9_template_UNCERTIFIED,fixed_template,random,1.0334541440151517,linear_steady,False,True,transfer8_cube,3.281927503818308,4.677474681241727,0.6299797023454375,0.5128368829659787,0.7750324492301717,17.94,f_Hz_bus5,False,
72,18,candidate_independent_grid_template_safe,fixed_template,random,1.0153070924310188,linear_steady,False,True,transfer8_cube,5.057951135653637,1.249824061429827,0.7113251002267408,0.3449040564346143,0.3820590989965551,44.14,f_Hz_bus0,False,
73,18,classic_shared_grid_template_safe,fixed_template,random,1.0153070924310188,linear_steady,False,True,transfer8_cube,5.059972651402684,1.2503235797043135,0.7113251002267408,0.3449040564346143,0.3822117294451029,44.14,f_Hz_bus0,False,
74,18,phase_free_harmonic_shared_grid_safe,fixed_template,random,1.0153070924310188,linear_steady,False,True,transfer8_cube,4.971102633030623,1.2283637219828414,0.7113251002267408,0.3449040564346143,0.3755017031119951,44.14,f_Hz_bus0,False,
75,18,sparse_3x9_template_UNCERTIFIED,fixed_template,random,1.0153070924310188,linear_steady,False,True,transfer8_cube,6.049272581723312,1.4947804405406702,0.7113251002267408,0.3449040564346143,0.4568965088179054,44.14,f_Hz_bus0,False,
76,19,candidate_independent_grid_template_safe,fixed_template,random,1.1249592723298374,linear_steady,False,True,transfer8_cube,3.767556092806679,2.608467996644994,0.4822901741225399,0.5822493542268679,0.6465954686980396,65.98,f_Hz_bus4,False,
77,19,classic_shared_grid_template_safe,fixed_template,random,1.1249592723298374,linear_steady,False,True,transfer8_cube,3.770700129361408,2.6106447708007794,0.4822901741225399,0.5822493542268679,0.6471349736091295,65.98,f_Hz_bus4,False,
78,19,phase_free_harmonic_shared_grid_safe,fixed_template,random,1.1249592723298374,linear_steady,False,True,transfer8_cube,3.721154624550117,2.576341933498735,0.4822901741225399,0.5822493542268679,0.6386331219652271,65.98,f_Hz_bus4,False,
79,19,sparse_3x9_template_UNCERTIFIED,fixed_template,random,1.1249592723298374,linear_steady,False,True,transfer8_cube,4.699559304188575,3.2537405525869447,0.4822901741225399,0.5822493542268679,0.8065111345800376,65.98,f_Hz_bus4,False,
80,20,candidate_independent_grid_template_safe,fixed_template,peak_witness,1.1482421875000002,linear_steady,False,True,transfer8_cube,3.1297507017595216,3.2724590322989817,0.45556640625,0.451640625,0.95624366186614,1.1,flow_MW_5_7,False,
81,20,classic_shared_grid_template_safe,fixed_template,peak_witness,1.1482421875000002,linear_steady,False,True,transfer8_cube,3.132884956352968,3.275736200588482,0.45556640625,0.451640625,0.9571952982521472,1.1,flow_MW_5_7,False,
82,20,phase_free_harmonic_shared_grid_safe,fixed_template,peak_witness,1.1482421875000002,linear_steady,False,True,transfer8_cube,3.0968038397252897,3.238009880745404,0.45556640625,0.451640625,0.9462391038173597,1.1,flow_MW_5_7,False,
83,20,sparse_3x9_template_UNCERTIFIED,fixed_template,peak_witness,1.1482421875000002,linear_steady,False,True,transfer8_cube,3.963081213847062,4.143787205382572,0.45556640625,0.451640625,1.2085898600920248,2.2,flow_MW_5_7,True,
84,21,candidate_independent_grid_template_safe,fixed_template,peak_witness,1.1482421875000002,linear_steady,False,True,transfer8_cube,3.46081545168349,2.9314321261619254,0.451640625,0.45556640625,0.9562241042818166,1.1,flow_MW_0_2,False,
85,21,classic_shared_grid_template_safe,fixed_template,peak_witness,1.1482421875000002,linear_steady,False,True,transfer8_cube,3.464061429191357,2.9341815830111004,0.451640625,0.45556640625,0.9571153458974866,1.1,flow_MW_0_2,False,
86,21,phase_free_harmonic_shared_grid_safe,fixed_template,peak_witness,1.1482421875000002,linear_steady,False,True,transfer8_cube,3.42217364413741,2.898701159245316,0.451640625,0.45556640625,0.9456132231583813,0.0,flow_MW_0_2,False,
87,21,sparse_3x9_template_UNCERTIFIED,fixed_template,peak_witness,1.1482421875000002,linear_steady,False,True,transfer8_cube,4.35719897278782,3.6907004222651336,0.451640625,0.45556640625,1.2016883552784194,1.1,flow_MW_0_2,True,
88,22,candidate_independent_grid_template_safe,fixed_template,peak_witness,1.1482421875000002,linear_steady,False,True,transfer8_cube,1.5420800961024712,4.780376026672663,0.45556640625,0.451640625,0.9561893295312104,0.0,flow_MW_5_7,False,
89,22,classic_shared_grid_template_safe,fixed_template,peak_witness,1.1482421875000002,linear_steady,False,True,transfer8_cube,1.542840611606377,4.782733589092393,0.45556640625,0.451640625,0.956657844549343,0.0,flow_MW_5_7,False,
90,22,phase_free_harmonic_shared_grid_safe,fixed_template,peak_witness,1.1482421875000002,linear_steady,False,True,transfer8_cube,1.517205650157064,4.703266410009608,0.45556640625,0.451640625,0.9408629727365307,0.0,flow_MW_5_7,False,
91,22,sparse_3x9_template_UNCERTIFIED,fixed_template,peak_witness,1.1482421875000002,linear_steady,False,True,transfer8_cube,1.866604795898164,5.7863873868396425,0.45556640625,0.451640625,1.1556744065354954,0.0,flow_MW_5_7,True,
92,23,candidate_independent_grid_template_safe,fixed_template,peak_witness,1.1482421875000002,linear_steady,False,True,transfer8_cube,1.3812663110363246,4.933111637300439,0.45556640625,0.451640625,0.9561855482196469,0.0,flow_MW_5_7,False,
93,23,classic_shared_grid_template_safe,fixed_template,peak_witness,1.1482421875000002,linear_steady,False,True,transfer8_cube,1.3818764471233702,4.935290702559104,0.45556640625,0.451640625,0.95660518175941,0.0,flow_MW_5_7,False,
94,23,phase_free_harmonic_shared_grid_safe,fixed_template,peak_witness,1.1482421875000002,linear_steady,False,True,transfer8_cube,1.3581948635801615,4.850713315538743,0.45556640625,0.451640625,0.9403150495043462,0.0,flow_MW_5_7,False,
95,23,sparse_3x9_template_UNCERTIFIED,fixed_template,peak_witness,1.1482421875000002,linear_steady,False,True,transfer8_cube,1.6623285316932337,5.936908877883136,0.45556640625,0.451640625,1.1490830383526682,0.0,flow_MW_5_7,True,
96,24,candidate_independent_grid_template_safe,fixed_template,peak_witness,1.1482421875000002,linear_steady,False,True,transfer8_cube,3.41543747697392,2.9792101383863696,0.451640625,0.45556640625,0.9562288400036826,1.1,flow_MW_0_2,False,
97,24,classic_shared_grid_template_safe,fixed_template,peak_witness,1.1482421875000002,linear_steady,False,True,transfer8_cube,3.4186931541714007,2.9820499931866515,0.451640625,0.45556640625,0.9571346305609474,1.1,flow_MW_0_2,False,
98,24,phase_free_harmonic_shared_grid_safe,fixed_template,peak_witness,1.1482421875000002,linear_steady,False,True,transfer8_cube,3.3778274822676324,2.9464037765984483,0.451640625,0.45556640625,0.94576385262916,1.1,flow_MW_0_2,False,
99,24,sparse_3x9_template_UNCERTIFIED,fixed_template,peak_witness,1.1482421875000002,linear_steady,False,True,transfer8_cube,4.306008590736218,3.756035511112974,0.451640625,0.45556640625,1.203339852629412,1.1,flow_MW_0_2,True,
100,25,candidate_independent_grid_template_safe,fixed_template,peak_witness,1.1482421875000002,linear_steady,False,True,transfer8_cube,1.4264540406333808,4.890193827300194,0.45556640625,0.451640625,0.9561866107460286,0.0,flow_MW_5_7,False,
101,25,classic_shared_grid_template_safe,fixed_template,peak_witness,1.1482421875000002,linear_steady,False,True,transfer8_cube,1.4271047599762223,4.892424634338503,0.45556640625,0.451640625,0.9566199791528124,0.0,flow_MW_5_7,False,
102,25,phase_free_harmonic_shared_grid_safe,fixed_template,peak_witness,1.1482421875000002,linear_steady,False,True,transfer8_cube,1.40285725914577,4.809298942580578,0.45556640625,0.451640625,0.9404689488844622,0.0,flow_MW_5_7,False,
103,25,sparse_3x9_template_UNCERTIFIED,fixed_template,peak_witness,1.1482421875000002,linear_steady,False,True,transfer8_cube,1.7204145795087709,5.897954310098486,0.45556640625,0.451640625,1.1515399012127678,0.0,flow_MW_5_7,True,
104,26,candidate_independent_grid_template_safe,fixed_template,peak_witness,1.1482421875000002,linear_steady,False,True,transfer8_cube,5.068820431179506,1.2383798897181144,0.451640625,0.45556640625,0.9561821884447572,0.0,flow_MW_0_2,False,
105,26,classic_shared_grid_template_safe,fixed_template,peak_witness,1.1482421875000002,linear_steady,False,True,transfer8_cube,5.070827733681703,1.2388703002751764,0.451640625,0.45556640625,0.956558394262388,0.0,flow_MW_0_2,False,
106,26,phase_free_harmonic_shared_grid_safe,fixed_template,peak_witness,1.1482421875000002,linear_steady,False,True,transfer8_cube,4.981579050365866,1.2170656662182475,0.451640625,0.45556640625,0.9398287380100808,0.0,flow_MW_0_2,False,
107,26,sparse_3x9_template_UNCERTIFIED,fixed_template,peak_witness,1.1482421875000002,linear_steady,False,True,transfer8_cube,6.058989516418208,1.4802912967660955,0.451640625,0.45556640625,1.1413824456414183,0.0,flow_MW_0_2,True,
108,27,candidate_independent_grid_template_safe,fixed_template,peak_witness,1.1482421875000002,linear_steady,False,True,transfer8_cube,4.347624343954007,1.9977199812981496,0.451640625,0.45556640625,0.956200043265171,0.0,flow_MW_0_2,False,
109,27,classic_shared_grid_template_safe,fixed_template,peak_witness,1.1482421875000002,linear_steady,False,True,transfer8_cube,4.350402419960002,1.9989964986574429,0.451640625,0.45556640625,0.956807085170027,0.0,flow_MW_0_2,False,
110,27,phase_free_harmonic_shared_grid_safe,fixed_template,peak_witness,1.1482421875000002,linear_steady,False,True,transfer8_cube,4.284565212104434,1.9687445046394103,0.451640625,0.45556640625,0.9424188632215984,0.0,flow_MW_0_2,False,
111,27,sparse_3x9_template_UNCERTIFIED,fixed_template,peak_witness,1.1482421875000002,linear_steady,False,True,transfer8_cube,5.329988836075476,2.449113436567115,0.451640625,0.45556640625,1.170350814402487,0.0,flow_MW_0_2,True,
112,28,candidate_independent_grid_template_safe,fixed_template,peak_witness,1.1482421875000002,linear_steady,False,True,transfer8_cube,4.70611854388598,1.620265051315786,0.451640625,0.45556640625,0.9561911679411332,0.0,flow_MW_0_2,False,
113,28,classic_shared_grid_template_safe,fixed_template,peak_witness,1.1482421875000002,linear_steady,False,True,transfer8_cube,4.708557219273382,1.62110466053193,0.451640625,0.45556640625,0.9566834502477686,0.0,flow_MW_0_2,False,
114,28,phase_free_harmonic_shared_grid_safe,fixed_template,peak_witness,1.1482421875000002,linear_steady,False,True,transfer8_cube,4.631518141802927,1.594580950249886,0.451640625,0.45556640625,0.9411295922325952,0.0,flow_MW_0_2,False,
115,28,sparse_3x9_template_UNCERTIFIED,fixed_template,peak_witness,1.1482421875000002,linear_steady,False,True,transfer8_cube,5.708894721464935,1.9655099021778728,0.451640625,0.45556640625,1.1581667204870087,0.0,flow_MW_0_2,True,
116,29,candidate_independent_grid_template_safe,fixed_template,peak_witness,1.1482421875000002,linear_steady,False,True,transfer8_cube,5.405136227683415,0.8842763771775078,0.451640625,0.45556640625,0.9561738621935894,0.0,flow_MW_0_2,False,
117,29,classic_shared_grid_template_safe,fixed_template,peak_witness,1.1482421875000002,linear_steady,False,True,transfer8_cube,5.406664488652893,0.8845263995666848,0.451640625,0.45556640625,0.9564424629385834,0.0,flow_MW_0_2,False,
118,29,phase_free_harmonic_shared_grid_safe,fixed_template,peak_witness,1.1482421875000002,linear_steady,False,True,transfer8_cube,5.30531036508511,0.8679449382629919,0.451640625,0.45556640625,0.938625696266875,0.0,flow_MW_0_2,False,
119,29,sparse_3x9_template_UNCERTIFIED,fixed_template,peak_witness,1.1482421875000002,linear_steady,False,True,transfer8_cube,6.354534595480591,1.0395972634253166,0.451640625,0.45556640625,1.1227340238017072,0.0,flow_MW_0_2,True,
120,30,candidate_independent_grid_template_safe,fixed_template,peak_witness,1.1482421875000002,linear_steady,False,True,transfer8_cube,0.4196556201547191,5.846417645224986,0.45556640625,0.451640625,0.956162937281103,0.0,flow_MW_5_7,False,
121,30,classic_shared_grid_template_safe,fixed_template,peak_witness,1.1482421875000002,linear_steady,False,True,transfer8_cube,0.4197119222331932,5.847202015668858,0.45556640625,0.451640625,0.956290388341172,0.0,flow_MW_5_7,False,
122,30,phase_free_harmonic_shared_grid_safe,fixed_template,peak_witness,1.1482421875000002,linear_steady,False,True,transfer8_cube,0.4112148446229525,5.728825275104672,0.45556640625,0.451640625,0.937051797342058,0.0,flow_MW_5_7,False,
123,30,sparse_3x9_template_UNCERTIFIED,fixed_template,peak_witness,1.1482421875000002,linear_steady,False,True,transfer8_cube,0.4829254103301277,6.7278585218056834,0.45556640625,0.451640625,1.099165814212717,0.0,flow_MW_5_7,True,
124,31,candidate_independent_grid_template_safe,fixed_template,peak_witness,1.1482421875000002,linear_steady,False,True,transfer8_cube,2.2563455994637955,4.101990291510878,0.45556640625,0.451640625,0.956206124483432,0.0,flow_MW_5_7,False,
125,31,classic_shared_grid_template_safe,fixed_template,peak_witness,1.1482421875000002,linear_steady,False,True,transfer8_cube,2.257974162850248,4.104950986540011,0.45556640625,0.451640625,0.9568918147449572,0.0,flow_MW_5_7,False,
126,31,phase_free_harmonic_shared_grid_safe,fixed_template,peak_witness,1.1482421875000002,linear_steady,False,True,transfer8_cube,2.225707030411544,4.046289997713693,0.45556640625,0.451640625,0.9433042702533726,0.0,flow_MW_5_7,False,
127,31,sparse_3x9_template_UNCERTIFIED,fixed_template,peak_witness,1.1482421875000002,linear_steady,False,True,transfer8_cube,2.7864402367055185,5.065691533051301,0.45556640625,0.451640625,1.1788473273946989,0.0,flow_MW_5_7,True,
128,32,candidate_independent_grid_template_safe,fixed_template,peak_witness,1.1482421875000002,linear_steady,False,True,transfer8_cube,1.6540349486502206,4.674045013074609,0.45556640625,0.451640625,0.956191961993039,0.0,flow_MW_5_7,False,
129,32,classic_shared_grid_template_safe,fixed_template,peak_witness,1.1482421875000002,linear_steady,False,True,transfer8_cube,1.654909930656406,4.676517575873768,0.45556640625,0.451640625,0.9566945103352256,0.0,flow_MW_5_7,False,
130,32,phase_free_harmonic_shared_grid_safe,fixed_template,peak_witness,1.1482421875000002,linear_steady,False,True,transfer8_cube,1.628014694354399,4.60051582922661,0.45556640625,0.451640625,0.9412447976484158,0.0,flow_MW_5_7,False,
131,32,sparse_3x9_template_UNCERTIFIED,fixed_template,peak_witness,1.1482421875000002,linear_steady,False,True,transfer8_cube,2.008362508461718,5.675319481478874,0.45556640625,0.451640625,1.159246516715938,0.0,flow_MW_5_7,True,
132,33,candidate_independent_grid_template_safe,fixed_template,peak_witness,1.1482421875000002,linear_steady,False,True,transfer8_cube,5.377981887308022,0.912866908480542,0.451640625,0.45556640625,0.9561745344601866,0.0,flow_MW_0_2,False,
133,33,classic_shared_grid_template_safe,fixed_template,peak_witness,1.1482421875000002,linear_steady,False,True,transfer8_cube,5.379551648629119,0.913133362179024,0.451640625,0.45556640625,0.9564518223396348,0.0,flow_MW_0_2,False,
134,33,phase_free_harmonic_shared_grid_safe,fixed_template,peak_witness,1.1482421875000002,linear_steady,False,True,transfer8_cube,5.2792028464713,0.8961000023211709,0.451640625,0.45556640625,0.9387227174181298,0.0,flow_MW_0_2,False,
135,33,sparse_3x9_template_UNCERTIFIED,fixed_template,peak_witness,1.1482421875000002,linear_steady,False,True,transfer8_cube,6.331034060784844,1.074639448710858,0.451640625,0.45556640625,1.1242171812067063,0.0,flow_MW_0_2,True,
136,34,candidate_independent_grid_template_safe,fixed_template,peak_witness,1.1482421875000002,linear_steady,False,True,transfer8_cube,5.9050587048266685,0.3579130395209331,0.451640625,0.45556640625,0.956161485489797,0.0,flow_MW_0_2,False,
137,34,classic_shared_grid_template_safe,fixed_template,peak_witness,1.1482421875000002,linear_steady,False,True,transfer8_cube,5.905734369959991,0.3579539924349774,0.451640625,0.45556640625,0.9562701827981224,0.0,flow_MW_0_2,False,
138,34,phase_free_harmonic_shared_grid_safe,fixed_template,peak_witness,1.1482421875000002,linear_steady,False,True,transfer8_cube,5.784998551764668,0.3506360425500739,0.451640625,0.45556640625,0.9368430381141472,0.0,flow_MW_0_2,False,
139,34,sparse_3x9_template_UNCERTIFIED,fixed_template,peak_witness,1.1482421875000002,linear_steady,False,True,transfer8_cube,6.776282691850394,0.4107190217958139,0.451640625,0.45556640625,1.0961091842635844,2.22,flow_MW_0_2,True,
140,35,candidate_independent_grid_template_safe,fixed_template,peak_witness,1.1482421875000002,linear_steady,False,True,transfer8_cube,3.584775918904284,2.800915399575318,0.451640625,0.45556640625,0.9562189292751389,0.0,flow_MW_0_2,False,
141,35,classic_shared_grid_template_safe,fixed_template,peak_witness,1.1482421875000002,linear_steady,False,True,transfer8_cube,3.5879883298082627,2.8034253726877987,0.451640625,0.45556640625,0.957070269223942,0.0,flow_MW_0_2,False,
142,35,phase_free_harmonic_shared_grid_safe,fixed_template,peak_witness,1.1482421875000002,linear_steady,False,True,transfer8_cube,3.543104533149916,2.768356034995362,0.451640625,0.45556640625,0.9451740052779608,0.0,flow_MW_0_2,False,
143,35,sparse_3x9_template_UNCERTIFIED,fixed_template,peak_witness,1.1482421875000002,linear_steady,False,True,transfer8_cube,4.496320111451009,3.513137927302509,0.451640625,0.45556640625,1.1971996910994405,1.1,flow_MW_0_2,True,
144,36,candidate_independent_grid_template_safe,fixed_template,peak_witness,1.1482421875000002,linear_steady,False,True,transfer8_cube,2.330202536806438,4.031843416854046,0.45556640625,0.451640625,0.956207861125468,0.0,flow_MW_5_7,False,
145,36,classic_shared_grid_template_safe,fixed_template,peak_witness,1.1482421875000002,linear_steady,False,True,transfer8_cube,2.33193950164911,4.034848808083185,0.45556640625,0.451640625,0.9569160139156428,0.0,flow_MW_5_7,False,
146,36,phase_free_harmonic_shared_grid_safe,fixed_template,peak_witness,1.1482421875000002,linear_steady,False,True,transfer8_cube,2.299177642303395,3.978162453639527,0.45556640625,0.451640625,0.943557422522727,0.0,flow_MW_5_7,False,
147,36,sparse_3x9_template_UNCERTIFIED,fixed_template,peak_witness,1.1482421875000002,linear_steady,False,True,transfer8_cube,2.8836813471312785,4.989502617085955,0.45556640625,0.451640625,1.1812962727174965,0.0,flow_MW_5_7,True,
148,37,candidate_independent_grid_template_safe,fixed_template,peak_witness,1.1482421875000002,linear_steady,False,True,transfer8_cube,4.362292155223147,1.9822763906441343,0.451640625,0.45556640625,0.9561996801307976,0.0,flow_MW_0_2,False,
149,37,classic_shared_grid_template_safe,fixed_template,peak_witness,1.1482421875000002,linear_steady,False,True,transfer8_cube,4.365058041436105,1.9835332415711384,0.451640625,0.45556640625,0.9568020260603426,0.0,flow_MW_0_2,False,
150,37,phase_free_harmonic_shared_grid_safe,fixed_template,peak_witness,1.1482421875000002,linear_steady,False,True,transfer8_cube,4.298779452230986,1.9534154782688344,0.451640625,0.45556640625,0.942366044015502,0.0,flow_MW_0_2,False,
151,37,sparse_3x9_template_UNCERTIFIED,fixed_template,peak_witness,1.1482421875000002,linear_steady,False,True,transfer8_cube,5.345649533306281,2.429125442651336,0.451640625,0.45556640625,1.1698473035577936,0.0,flow_MW_0_2,True,
152,38,candidate_independent_grid_template_safe,fixed_template,peak_witness,1.1482421875000002,linear_steady,False,True,transfer8_cube,0.3986736701957829,5.866345606859751,0.45556640625,0.451640625,0.9561624439196024,0.0,flow_MW_5_7,False,
153,38,classic_shared_grid_template_safe,fixed_template,peak_witness,1.1482421875000002,linear_steady,False,True,transfer8_cube,0.3987244826926045,5.867093295231939,0.45556640625,0.451640625,0.956283521813158,0.0,flow_MW_5_7,False,
154,38,phase_free_harmonic_shared_grid_safe,fixed_template,peak_witness,1.1482421875000002,linear_steady,False,True,transfer8_cube,0.3906253545932321,5.747917417572863,0.45556640625,0.451640625,0.9369808444684762,0.0,flow_MW_5_7,False,
155,38,sparse_3x9_template_UNCERTIFIED,fixed_template,peak_witness,1.1482421875000002,linear_steady,False,True,transfer8_cube,0.4583420339403397,6.744345007596431,0.45556640625,0.451640625,1.0981247038678914,0.0,flow_MW_5_7,True,
156,39,candidate_independent_grid_template_safe,fixed_template,peak_witness,1.1482421875000002,linear_steady,False,True,transfer8_cube,4.05118820839415,2.3098346007626223,0.451640625,0.45556640625,0.956207382202096,0.0,flow_MW_0_2,False,
157,39,classic_shared_grid_template_safe,fixed_template,peak_witness,1.1482421875000002,linear_steady,False,True,transfer8_cube,4.054181604295205,2.3115413221170416,0.451640625,0.45556640625,0.956909340263534,0.0,flow_MW_0_2,False,
158,39,phase_free_harmonic_shared_grid_safe,fixed_template,peak_witness,1.1482421875000002,linear_steady,False,True,transfer8_cube,3.9969540128022953,2.2789123095535824,0.451640625,0.45556640625,0.9434875958897784,0.0,flow_MW_0_2,False,
159,39,sparse_3x9_template_UNCERTIFIED,fixed_template,peak_witness,1.1482421875000002,linear_steady,False,True,transfer8_cube,5.010545537053832,2.856823937777828,0.451640625,0.45556640625,1.1806199041177372,0.0,flow_MW_0_2,True,
160,20,classic_shared_grid_template_safe,zero_state_start,peak_witness,1.1482421875000002,zero,True,True,transfer8_cube,3.132884956352968,3.275736200588482,0.45556640625,0.451640625,0.8241166420143032,30.86,flow_MW_5_7,False,
161,21,classic_shared_grid_template_safe,zero_state_start,peak_witness,1.1482421875000002,zero,True,True,transfer8_cube,3.464061429191357,2.9341815830111004,0.451640625,0.45556640625,0.8242193348725866,30.88,flow_MW_0_2,False,
162,22,classic_shared_grid_template_safe,zero_state_start,peak_witness,1.1482421875000002,zero,True,True,transfer8_cube,1.542840611606377,4.782733589092393,0.45556640625,0.451640625,0.8454802855535298,38.68000000000001,flow_MW_5_7,False,
163,23,classic_shared_grid_template_safe,zero_state_start,peak_witness,1.1482421875000002,zero,True,True,transfer8_cube,1.3818764471233702,4.935290702559104,0.45556640625,0.451640625,0.8510161304466425,38.68000000000001,flow_MW_5_7,False,
164,24,classic_shared_grid_template_safe,zero_state_start,peak_witness,1.1482421875000002,zero,True,True,transfer8_cube,3.4186931541714007,2.9820499931866515,0.451640625,0.45556640625,0.8240149825882143,30.88,flow_MW_0_2,False,
165,25,classic_shared_grid_template_safe,zero_state_start,peak_witness,1.1482421875000002,zero,True,True,transfer8_cube,1.4271047599762223,4.892424634338503,0.45556640625,0.451640625,0.8494633100652287,38.68000000000001,flow_MW_5_7,False,
166,26,classic_shared_grid_template_safe,zero_state_start,peak_witness,1.1482421875000002,zero,True,True,transfer8_cube,5.070827733681703,1.2388703002751764,0.451640625,0.45556640625,0.8561688734733017,38.7,flow_MW_0_2,False,
167,27,classic_shared_grid_template_safe,zero_state_start,peak_witness,1.1482421875000002,zero,True,True,transfer8_cube,4.350402419960002,1.9989964986574429,0.451640625,0.45556640625,0.833166229237041,35.34,flow_MW_0_2,False,
168,28,classic_shared_grid_template_safe,zero_state_start,peak_witness,1.1482421875000002,zero,True,True,transfer8_cube,4.708557219273382,1.62110466053193,0.451640625,0.45556640625,0.8427795805991871,38.68000000000001,flow_MW_0_2,False,
169,29,classic_shared_grid_template_safe,zero_state_start,peak_witness,1.1482421875000002,zero,True,True,transfer8_cube,5.406664488652893,0.8845263995666848,0.451640625,0.45556640625,0.8710793631804843,39.82000000000001,flow_MW_0_2,False,
170,30,classic_shared_grid_template_safe,zero_state_start,peak_witness,1.1482421875000002,zero,True,True,transfer8_cube,0.4197119222331932,5.847202015668858,0.45556640625,0.451640625,0.9032022825730944,47.6,flow_MW_5_7,False,
171,31,classic_shared_grid_template_safe,zero_state_start,peak_witness,1.1482421875000002,zero,True,True,transfer8_cube,2.257974162850248,4.104950986540011,0.45556640625,0.451640625,0.8287809391240223,35.32000000000001,flow_MW_5_7,False,
172,20,classic_shared_grid_template_safe,frequency_drift,peak_witness,1.1482421875000002,linear_steady,True,True,transfer8_cube,3.132884956352968,3.275736200588482,0.45556640625,0.451640625,0.957255983424204,1.1,flow_MW_5_7,False,"[0.04, 0.035]"
173,21,classic_shared_grid_template_safe,frequency_drift,peak_witness,1.1482421875000002,linear_steady,True,True,transfer8_cube,3.464061429191357,2.9341815830111004,0.451640625,0.45556640625,0.9571884339362562,1.1,flow_MW_0_2,False,"[0.04, 0.035]"
174,22,classic_shared_grid_template_safe,frequency_drift,peak_witness,1.1482421875000002,linear_steady,True,True,transfer8_cube,1.542840611606377,4.782733589092393,0.45556640625,0.451640625,0.956657844549343,0.0,flow_MW_5_7,False,"[0.04, 0.035]"
175,23,classic_shared_grid_template_safe,frequency_drift,peak_witness,1.1482421875000002,linear_steady,True,True,transfer8_cube,1.3818764471233702,4.935290702559104,0.45556640625,0.451640625,0.95660518175941,0.0,flow_MW_5_7,False,"[0.04, 0.035]"
176,24,classic_shared_grid_template_safe,frequency_drift,peak_witness,1.1482421875000002,linear_steady,True,True,transfer8_cube,3.4186931541714007,2.9820499931866515,0.451640625,0.45556640625,0.9572067552236412,1.1,flow_MW_0_2,False,"[0.04, 0.035]"
177,25,classic_shared_grid_template_safe,frequency_drift,peak_witness,1.1482421875000002,linear_steady,True,True,transfer8_cube,1.4271047599762223,4.892424634338503,0.45556640625,0.451640625,0.9566199791528124,0.0,flow_MW_5_7,False,"[0.04, 0.035]"
178,26,classic_shared_grid_template_safe,frequency_drift,peak_witness,1.1482421875000002,linear_steady,True,True,transfer8_cube,5.070827733681703,1.2388703002751764,0.451640625,0.45556640625,0.956558394262388,0.0,flow_MW_0_2,False,"[0.04, 0.035]"
179,27,classic_shared_grid_template_safe,frequency_drift,peak_witness,1.1482421875000002,linear_steady,True,True,transfer8_cube,4.350402419960002,1.9989964986574429,0.451640625,0.45556640625,0.9568277897547024,1.1,flow_MW_0_2,False,"[0.04, 0.035]"
180,28,classic_shared_grid_template_safe,frequency_drift,peak_witness,1.1482421875000002,linear_steady,True,True,transfer8_cube,4.708557219273382,1.62110466053193,0.451640625,0.45556640625,0.9566834502477686,0.0,flow_MW_0_2,False,"[0.04, 0.035]"
181,29,classic_shared_grid_template_safe,frequency_drift,peak_witness,1.1482421875000002,linear_steady,True,True,transfer8_cube,5.406664488652893,0.8845263995666848,0.451640625,0.45556640625,0.9564424629385834,0.0,flow_MW_0_2,False,"[0.04, 0.035]"
182,30,classic_shared_grid_template_safe,frequency_drift,peak_witness,1.1482421875000002,linear_steady,True,True,transfer8_cube,0.4197119222331932,5.847202015668858,0.45556640625,0.451640625,0.956290388341172,0.0,flow_MW_5_7,False,"[0.04, 0.035]"
183,31,classic_shared_grid_template_safe,frequency_drift,peak_witness,1.1482421875000002,linear_steady,True,True,transfer8_cube,2.257974162850248,4.104950986540011,0.45556640625,0.451640625,0.956917624434194,1.1,flow_MW_5_7,False,"[0.04, 0.035]"
184,20,classic_shared_grid_template_safe,harmonic_phase_breach,peak_witness,1.1482421875000002,linear_steady,True,True,transfer8_cube,3.132884956352968,3.275736200588482,0.45556640625,0.451640625,0.8721467362144203,89.28,flow_MW_0_2,False,
185,21,classic_shared_grid_template_safe,harmonic_phase_breach,peak_witness,1.1482421875000002,linear_steady,True,True,transfer8_cube,3.464061429191357,2.9341815830111004,0.451640625,0.45556640625,0.9578439673851576,0.8200000000000001,flow_MW_0_2,False,
186,22,classic_shared_grid_template_safe,harmonic_phase_breach,peak_witness,1.1482421875000002,linear_steady,True,True,transfer8_cube,1.542840611606377,4.782733589092393,0.45556640625,0.451640625,0.9534667582745172,89.86,flow_MW_5_7,False,
187,23,classic_shared_grid_template_safe,harmonic_phase_breach,peak_witness,1.1482421875000002,linear_steady,True,True,transfer8_cube,1.3818764471233702,4.935290702559104,0.45556640625,0.451640625,0.9045045884846776,0.12,flow_MW_5_7,False,
188,24,classic_shared_grid_template_safe,harmonic_phase_breach,peak_witness,1.1482421875000002,linear_steady,True,True,transfer8_cube,3.4186931541714007,2.9820499931866515,0.451640625,0.45556640625,0.9579833723869828,9.72,flow_MW_0_2,False,
189,25,classic_shared_grid_template_safe,harmonic_phase_breach,peak_witness,1.1482421875000002,linear_steady,True,True,transfer8_cube,1.4271047599762223,4.892424634338503,0.45556640625,0.451640625,0.9594192683697998,86.53999999999999,flow_MW_5_7,False,
190,26,classic_shared_grid_template_safe,harmonic_phase_breach,peak_witness,1.1482421875000002,linear_steady,True,True,transfer8_cube,5.070827733681703,1.2388703002751764,0.451640625,0.45556640625,0.9599487492709792,89.84,flow_MW_0_2,False,
191,27,classic_shared_grid_template_safe,harmonic_phase_breach,peak_witness,1.1482421875000002,linear_steady,True,True,transfer8_cube,4.350402419960002,1.9989964986574429,0.451640625,0.45556640625,0.959632898911972,12.9,flow_MW_0_2,False,
192,28,classic_shared_grid_template_safe,harmonic_phase_breach,peak_witness,1.1482421875000002,linear_steady,True,True,transfer8_cube,4.708557219273382,1.62110466053193,0.451640625,0.45556640625,0.7143883310653936,89.82,flow_MW_5_7,False,
193,29,classic_shared_grid_template_safe,harmonic_phase_breach,peak_witness,1.1482421875000002,linear_steady,True,True,transfer8_cube,5.406664488652893,0.8845263995666848,0.451640625,0.45556640625,0.9538022827601004,35.36000000000001,flow_MW_0_2,False,
194,30,classic_shared_grid_template_safe,harmonic_phase_breach,peak_witness,1.1482421875000002,linear_steady,True,True,transfer8_cube,0.4197119222331932,5.847202015668858,0.45556640625,0.451640625,0.9716754755463604,29.74,flow_MW_5_7,False,
195,31,classic_shared_grid_template_safe,harmonic_phase_breach,peak_witness,1.1482421875000002,linear_steady,True,True,transfer8_cube,2.257974162850248,4.104950986540011,0.45556640625,0.451640625,0.9651801898971464,78.52,flow_MW_5_7,False,
0,0,candidate_independent_grid_template_safe,fixed_template,random,1.0769862950950606,linear_steady,False,True,transfer8_mesh,1.2148844044618323,5.791752773119201,0.3877742819043234,0.3537579148024357,0.7859762196208476,11.9,f_Hz_bus6,False,
1,0,classic_shared_grid_template_safe,fixed_template,random,1.0769862950950606,linear_steady,False,True,transfer8_mesh,1.2149624829167758,5.792124998745177,0.3877742819043234,0.3537579148024357,0.7860263932936229,11.9,f_Hz_bus6,False,
2,0,phase_free_harmonic_shared_grid_safe,fixed_template,random,1.0769862950950606,linear_steady,False,True,transfer8_mesh,1.1945570635556626,5.694845666047067,0.3877742819043234,0.3537579148024357,0.7729113500923315,11.9,f_Hz_bus6,False,
3,0,sparse_3x9_template_UNCERTIFIED,fixed_template,random,1.0769862950950606,linear_steady,False,True,transfer8_mesh,1.3533100789710528,6.451673405292285,0.3877742819043234,0.3537579148024357,0.8748115652085561,11.9,f_Hz_bus6,False,
4,1,candidate_independent_grid_template_safe,fixed_template,random,1.0046189804935317,linear_steady,False,True,transfer8_mesh,0.3555080007348478,6.577557044847183,0.6390720675703357,0.5190011798810963,0.6837795498166076,7.16,flow_MW_2_3,False,
5,1,classic_shared_grid_template_safe,fixed_template,random,1.0046189804935317,linear_steady,False,True,transfer8_mesh,0.3555287458688771,6.577940868283503,0.6390720675703357,0.5190011798810963,0.683819366889335,7.16,flow_MW_2_3,False,
6,1,phase_free_harmonic_shared_grid_safe,fixed_template,random,1.0046189804935317,linear_steady,False,True,transfer8_mesh,0.3486909845669582,6.451429608538422,0.6390720675703357,0.5190011798810963,0.6706945263667287,7.16,flow_MW_2_3,False,
7,1,sparse_3x9_template_UNCERTIFIED,fixed_template,random,1.0046189804935317,linear_steady,False,True,transfer8_mesh,0.3906864409537405,7.228423401751178,0.6390720675703357,0.5190011798810963,0.7512764448124121,7.16,flow_MW_2_3,False,
8,2,candidate_independent_grid_template_safe,fixed_template,random,1.1048560804737186,linear_steady,False,True,transfer8_mesh,3.761395095871031,3.435337438034819,0.5679945679476076,0.7127328179087343,0.4829772632921895,73.24,flow_MW_4_5,False,
9,2,classic_shared_grid_template_safe,fixed_template,random,1.1048560804737186,linear_steady,False,True,transfer8_mesh,3.761596501990895,3.4355213852049995,0.5679945679476076,0.7127328179087343,0.4830031735664964,73.24,flow_MW_4_5,False,
10,2,phase_free_harmonic_shared_grid_safe,fixed_template,random,1.1048560804737186,linear_steady,False,True,transfer8_mesh,3.7210724136764304,3.3985101395951656,0.5679945679476076,0.7127328179087343,0.4777900317931642,73.24,flow_MW_4_5,False,
11,2,sparse_3x9_template_UNCERTIFIED,fixed_template,random,1.1048560804737186,linear_steady,False,True,transfer8_mesh,4.343026078133541,3.966549564801488,0.5679945679476076,0.7127328179087343,0.5578364695938515,73.24,flow_MW_4_5,False,
12,3,candidate_independent_grid_template_safe,fixed_template,random,0.8580864389583646,linear_steady,False,True,transfer8_mesh,4.969244787919132,2.114400963214582,0.3933562209025196,0.7287676627988801,0.7055759651382594,71.86,f_Hz_bus6,False,
13,3,classic_shared_grid_template_safe,fixed_template,random,0.8580864389583646,linear_steady,False,True,transfer8_mesh,4.969542566931662,2.1145276674237303,0.3933562209025196,0.7287676627988801,0.7056185005376467,71.86,f_Hz_bus6,False,
14,3,phase_free_harmonic_shared_grid_safe,fixed_template,random,0.8580864389583646,linear_steady,False,True,transfer8_mesh,4.89887433501771,2.0844585152678947,0.3933562209025196,0.7287676627988801,0.6955252068502307,71.86,f_Hz_bus6,False,
15,3,sparse_3x9_template_UNCERTIFIED,fixed_template,random,0.8580864389583646,linear_steady,False,True,transfer8_mesh,5.615617756951769,2.3894310103640155,0.3933562209025196,0.7287676627988801,0.7979992684130738,71.86,f_Hz_bus6,False,
16,4,candidate_independent_grid_template_safe,fixed_template,random,0.8706947265852103,linear_steady,False,True,transfer8_mesh,2.345659881748035,4.7577841924563415,0.4990164411426808,0.5590879846833198,0.6218597067258638,18.42,f_Hz_bus6,False,
17,4,classic_shared_grid_template_safe,fixed_template,random,0.8706947265852103,linear_steady,False,True,transfer8_mesh,2.345797824478097,4.758063986532909,0.4990164411426808,0.5590879846833198,0.6218962259600017,18.42,f_Hz_bus6,False,
18,4,phase_free_harmonic_shared_grid_safe,fixed_template,random,0.8706947265852103,linear_steady,False,True,transfer8_mesh,2.3139563197320565,4.69347874588334,0.4990164411426808,0.5590879846833198,0.613466206181473,18.42,f_Hz_bus6,False,
19,4,sparse_3x9_template_UNCERTIFIED,fixed_template,random,0.8706947265852103,linear_steady,False,True,transfer8_mesh,2.660677838282493,5.396746160302514,0.4990164411426808,0.5590879846833198,0.7052338588162146,18.42,f_Hz_bus6,False,
20,5,candidate_independent_grid_template_safe,fixed_template,random,0.9903650709911128,linear_steady,False,True,transfer8_mesh,2.785581392866149,4.355524831875311,0.3681854477418659,0.1438428103478001,0.5420116840641556,9.06,f_Hz_bus4,False,
21,5,classic_shared_grid_template_safe,fixed_template,random,0.9903650709911128,linear_steady,False,True,transfer8_mesh,2.785739288688344,4.3557717172027965,0.3681854477418659,0.1438428103478001,0.5420423565166156,9.06,f_Hz_bus4,False,
22,5,phase_free_harmonic_shared_grid_safe,fixed_template,random,0.9903650709911128,linear_steady,False,True,transfer8_mesh,2.751070625348805,4.3015639225750775,0.3681854477418659,0.1438428103478001,0.5353074991623543,9.06,f_Hz_bus4,False,
23,5,sparse_3x9_template_UNCERTIFIED,fixed_template,random,0.9903650709911128,linear_steady,False,True,transfer8_mesh,3.182304970205279,4.97584035987109,0.3681854477418659,0.1438428103478001,0.6190492786868967,9.06,f_Hz_bus4,False,
24,6,candidate_independent_grid_template_safe,fixed_template,random,1.0392249416012411,linear_steady,False,True,transfer8_mesh,3.2976785633587875,3.887268847224412,0.6792909614055248,0.7173868244661193,0.1830067918410281,16.86,f_Hz_bus1,False,
25,6,classic_shared_grid_template_safe,fixed_template,random,1.0392249416012411,linear_steady,False,True,transfer8_mesh,3.297857331640771,3.887479577397192,0.6792909614055248,0.7173868244661193,0.1830167119797123,16.86,f_Hz_bus1,False,
26,6,phase_free_harmonic_shared_grid_safe,fixed_template,random,1.0392249416012411,linear_steady,False,True,transfer8_mesh,3.261159429038091,3.844220475333413,0.6792909614055248,0.7173868244661193,0.1809802840539551,16.86,f_Hz_bus1,False,
27,6,sparse_3x9_template_UNCERTIFIED,fixed_template,random,1.0392249416012411,linear_steady,False,True,transfer8_mesh,3.799001055204504,4.478222534044599,0.6792909614055248,0.7173868244661193,0.2108254961399106,16.86,f_Hz_bus1,False,
28,7,candidate_independent_grid_template_safe,fixed_template,random,1.0142000047990107,linear_steady,False,True,transfer8_mesh,0.3720791488768764,6.56240457040063,0.6343000760254616,0.4400212118900471,0.8139305660969438,73.72,f_Hz_bus6,False,
29,7,classic_shared_grid_template_safe,fixed_template,random,1.0142000047990107,linear_steady,False,True,transfer8_mesh,0.3721018731151528,6.56280536051632,0.6343000760254616,0.4400212118900471,0.8139808000079538,73.72,f_Hz_bus6,False,
30,7,phase_free_harmonic_shared_grid_safe,fixed_template,random,1.0142000047990107,linear_steady,False,True,transfer8_mesh,0.3649618626854066,6.4368761402998445,0.6343000760254616,0.4400212118900471,0.7982008824484063,73.72,f_Hz_bus6,False,
31,7,sparse_3x9_template_UNCERTIFIED,fixed_template,random,1.0142000047990107,linear_steady,False,True,transfer8_mesh,0.4090034683669057,7.213643221401965,0.6343000760254616,0.4400212118900471,0.895651845735228,73.72,f_Hz_bus6,False,
32,8,candidate_independent_grid_template_safe,fixed_template,random,1.1325788773879846,linear_steady,False,True,transfer8_mesh,2.4163696816135904,4.693127934096895,0.7044174864915806,0.5983947735277149,0.5470199507605422,29.0,flow_MW_0_1,False,
33,8,classic_shared_grid_template_safe,fixed_template,random,1.1325788773879846,linear_steady,False,True,transfer8_mesh,2.4165109575283656,4.693402323378922,0.7044174864915806,0.5983947735277149,0.5470518325413116,29.0,flow_MW_0_1,False,
34,8,phase_free_harmonic_shared_grid_safe,fixed_template,random,1.1325788773879846,linear_steady,False,True,transfer8_mesh,2.3841476232196683,4.630545522352003,0.7044174864915806,0.5983947735277149,0.5397479188524403,29.0,flow_MW_0_1,False,
35,8,sparse_3x9_template_UNCERTIFIED,fixed_template,random,1.1325788773879846,linear_steady,False,True,transfer8_mesh,2.7440195589503427,5.329496948173291,0.7044174864915806,0.5983947735277149,0.6209097214299805,29.0,flow_MW_0_1,False,
36,9,candidate_independent_grid_template_safe,fixed_template,random,0.978507045187796,linear_steady,False,True,transfer8_mesh,4.072680422828353,3.094907544181857,0.6329714885102099,0.553529170315311,0.555075385141546,5.96,f_Hz_bus1,False,
37,9,classic_shared_grid_template_safe,fixed_template,random,0.978507045187796,linear_steady,False,True,transfer8_mesh,4.072905192106933,3.0950783506443726,0.6329714885102099,0.553529170315311,0.5551059579061453,5.96,f_Hz_bus1,False,
38,9,phase_free_harmonic_shared_grid_safe,fixed_template,random,0.978507045187796,linear_steady,False,True,transfer8_mesh,4.02545665697335,3.05902130366318,0.6329714885102099,0.553529170315311,0.5486518566684168,5.96,f_Hz_bus1,False,
39,9,sparse_3x9_template_UNCERTIFIED,fixed_template,random,0.978507045187796,linear_steady,False,True,transfer8_mesh,4.676257356974381,3.5535771703356867,0.6329714885102099,0.553529170315311,0.6371342529650748,5.96,f_Hz_bus1,False,
40,10,candidate_independent_grid_template_safe,fixed_template,random,0.9241092146473092,linear_steady,False,True,transfer8_mesh,6.210163254148566,0.7572995994339907,0.486224971237863,0.5107308519582949,0.7300379595460905,17.68,f_Hz_bus4,False,
41,10,classic_shared_grid_template_safe,fixed_template,random,0.9241092146473092,linear_steady,False,True,transfer8_mesh,6.210576092979024,0.7573499431476971,0.486224971237863,0.5107308519582949,0.730086445907507,17.68,f_Hz_bus4,False,
42,10,phase_free_harmonic_shared_grid_safe,fixed_template,random,0.9241092146473092,linear_steady,False,True,transfer8_mesh,6.098166056140195,0.7436420787347063,0.486224971237863,0.5107308519582949,0.7168839251156143,17.68,f_Hz_bus4,False,
43,10,sparse_3x9_template_UNCERTIFIED,fixed_template,random,0.9241092146473092,linear_steady,False,True,transfer8_mesh,6.8678812174846415,0.8375051479503218,0.486224971237863,0.5107308519582949,0.8072701859257576,17.68,f_Hz_bus4,False,
44,11,candidate_independent_grid_template_safe,fixed_template,random,1.03975883634719,linear_steady,False,True,transfer8_mesh,3.0038167109441845,4.155972872519774,0.2934555663097548,0.5334469586566324,0.4603287166793227,37.32000000000001,f_Hz_bus3,False,
45,11,classic_shared_grid_template_safe,fixed_template,random,1.03975883634719,linear_steady,False,True,transfer8_mesh,3.0039838114572026,4.156204066785575,0.2934555663097548,0.5334469586566324,0.4603543438415343,37.32000000000001,f_Hz_bus3,False,
46,11,phase_free_harmonic_shared_grid_safe,fixed_template,random,1.03975883634719,linear_steady,False,True,transfer8_mesh,2.9682841080285565,4.106811239831157,0.2934555663097548,0.5334469586566324,0.4548793768555925,37.32000000000001,f_Hz_bus3,False,
47,11,sparse_3x9_template_UNCERTIFIED,fixed_template,random,1.03975883634719,linear_steady,False,True,transfer8_mesh,3.443854617283504,4.764793508933295,0.2934555663097548,0.5334469586566324,0.52782643276352,37.32000000000001,f_Hz_bus3,False,
48,12,candidate_independent_grid_template_safe,fixed_template,random,0.9412593384725988,linear_steady,False,True,transfer8_mesh,3.436518671185552,3.76031498935225,0.6155188877108664,0.0967034975972189,0.4190715347376171,89.92,f_Hz_bus1,False,
49,12,classic_shared_grid_template_safe,fixed_template,random,0.9412593384725988,linear_steady,False,True,transfer8_mesh,3.4367026620031567,3.7605163161877897,0.6155188877108664,0.0967034975972189,0.4190939653954111,89.92,f_Hz_bus1,False,
50,12,phase_free_harmonic_shared_grid_safe,fixed_template,random,0.9412593384725988,linear_steady,False,True,transfer8_mesh,3.3996891540088345,3.720015314378437,0.6155188877108664,0.0967034975972189,0.4145815601842646,89.92,f_Hz_bus1,False,
51,12,sparse_3x9_template_UNCERTIFIED,fixed_template,random,0.9412593384725988,linear_steady,False,True,transfer8_mesh,3.9679905609173343,4.341863324920679,0.6155188877108664,0.0967034975972189,0.4838597383602074,89.92,f_Hz_bus1,False,
52,13,candidate_independent_grid_template_safe,fixed_template,random,0.966604452218403,linear_steady,False,True,transfer8_mesh,3.3355242780787173,3.852663144572413,0.1530496662295676,0.5779588242728686,0.5864912623236133,18.34,f_Hz_bus6,False,
53,13,classic_shared_grid_template_safe,fixed_template,random,0.966604452218403,linear_steady,False,True,transfer8_mesh,3.335704488402017,3.8528712946600656,0.1530496662295676,0.5779588242728686,0.5865229021952625,18.34,f_Hz_bus6,False,
54,13,phase_free_harmonic_shared_grid_safe,fixed_template,random,0.966604452218403,linear_steady,False,True,transfer8_mesh,3.298910622195236,3.810372916455232,0.1530496662295676,0.5779588242728686,0.5800627746457243,18.34,f_Hz_bus6,False,
55,13,sparse_3x9_template_UNCERTIFIED,fixed_template,random,0.966604452218403,linear_steady,False,True,transfer8_mesh,3.844988633088352,4.441114728306517,0.1530496662295676,0.5779588242728686,0.6759067368502375,18.34,f_Hz_bus6,False,
56,14,candidate_independent_grid_template_safe,fixed_template,random,0.8751414562073416,linear_steady,False,True,transfer8_mesh,4.0642484076011645,3.104129019786943,0.4831174816828347,0.6830593424064857,0.4441227644147263,49.400000000000006,f_Hz_bus4,False,
57,14,classic_shared_grid_template_safe,fixed_template,random,0.8751414562073416,linear_steady,False,True,transfer8_mesh,4.064472530538182,3.1043001969501045,0.4831174816828347,0.6830593424064857,0.4441472494503423,49.400000000000006,f_Hz_bus4,False,
58,14,phase_free_harmonic_shared_grid_safe,fixed_template,random,0.8751414562073416,linear_steady,False,True,transfer8_mesh,4.017218672669407,3.068209373556284,0.4831174816828347,0.6830593424064857,0.4389848271361489,49.400000000000006,f_Hz_bus4,False,
59,14,sparse_3x9_template_UNCERTIFIED,fixed_template,random,0.8751414562073416,linear_steady,False,True,transfer8_mesh,4.667279791085913,3.564703037314114,0.4831174816828347,0.6830593424064857,0.5099991730870492,49.400000000000006,f_Hz_bus4,False,
60,15,candidate_independent_grid_template_safe,fixed_template,random,0.8931754927967177,linear_steady,False,True,transfer8_mesh,1.7184771543051305,5.331273136580541,0.3395365357200494,0.2685582566416105,0.334612864312212,31.36,f_Hz_bus6,False,
61,15,classic_shared_grid_template_safe,fixed_template,random,0.8931754927967177,linear_steady,False,True,transfer8_mesh,1.718583418632886,5.3316028029683205,0.3395365357200494,0.2685582566416105,0.334633570836557,31.36,f_Hz_bus6,False,
62,15,phase_free_harmonic_shared_grid_safe,fixed_template,random,0.8931754927967177,linear_steady,False,True,transfer8_mesh,1.6921941519089518,5.249734744130928,0.3395365357200494,0.2685582566416105,0.3294914825545458,31.36,f_Hz_bus6,False,
63,15,sparse_3x9_template_UNCERTIFIED,fixed_template,random,0.8931754927967177,linear_steady,False,True,transfer8_mesh,1.929706173194676,5.986574018091211,0.3395365357200494,0.2685582566416105,0.3757786795110189,31.36,f_Hz_bus6,False,
64,16,candidate_independent_grid_template_safe,fixed_template,random,1.0220319953439645,linear_steady,False,True,transfer8_mesh,4.821677652331778,2.2757842985462733,0.6543226609614642,0.5376402913962942,0.3698033279522743,27.92,f_Hz_bus1,False,
65,16,classic_shared_grid_template_safe,fixed_template,random,1.0220319953439645,linear_steady,False,True,transfer8_mesh,4.821962830816212,2.275918899978379,0.6543226609614642,0.5376402913962942,0.3698252076652205,27.92,f_Hz_bus1,False,
66,16,phase_free_harmonic_shared_grid_safe,fixed_template,random,1.0220319953439645,linear_steady,False,True,transfer8_mesh,4.755627619004411,2.244609334228161,0.6543226609614642,0.5376402913962942,0.3647358163368257,27.92,f_Hz_bus1,False,
67,16,sparse_3x9_template_UNCERTIFIED,fixed_template,random,1.0220319953439645,linear_steady,False,True,transfer8_mesh,5.463051164793438,2.57850627094064,0.6543226609614642,0.5376402913962942,0.4190149753523789,27.92,f_Hz_bus1,False,
68,17,candidate_independent_grid_template_safe,fixed_template,random,1.124732876547625,linear_steady,False,True,transfer8_mesh,4.628895404663249,2.4866160802817867,0.4602365774851848,0.1357709596685973,0.6414026297875409,78.3,f_Hz_bus1,False,
69,17,classic_shared_grid_template_safe,fixed_template,random,1.124732876547625,linear_steady,False,True,transfer8_mesh,4.629164468294325,2.4867606197222285,0.4602365774851848,0.1357709596685973,0.6414401621459843,78.3,f_Hz_bus1,False,
70,17,phase_free_harmonic_shared_grid_safe,fixed_template,random,1.124732876547625,linear_steady,False,True,transfer8_mesh,4.568001872334633,2.4539044237338867,0.4602365774851848,0.1357709596685973,0.6329095465177803,78.3,f_Hz_bus1,False,
71,17,sparse_3x9_template_UNCERTIFIED,fixed_template,random,1.124732876547625,linear_steady,False,True,transfer8_mesh,5.262535920500381,2.82700413359821,0.4602365774851848,0.1357709596685973,0.7299158056574387,78.3,f_Hz_bus1,False,
72,18,candidate_independent_grid_template_safe,fixed_template,random,0.9910018846936862,linear_steady,False,True,transfer8_mesh,4.478531752189295,2.651057760689259,0.3528124056252464,0.5138103052442141,0.6068258377188684,42.34,f_Hz_bus4,False,
73,18,classic_shared_grid_template_safe,fixed_template,random,0.9910018846936862,linear_steady,False,True,transfer8_mesh,4.478788519274309,2.651209753442929,0.3528124056252464,0.5138103052442141,0.6068605853167918,42.34,f_Hz_bus4,False,
74,18,phase_free_harmonic_shared_grid_safe,fixed_template,random,0.9910018846936862,linear_steady,False,True,transfer8_mesh,4.421502580557398,2.617299458547823,0.3528124056252464,0.5138103052442141,0.5991080452240142,42.34,f_Hz_bus4,False,
75,18,sparse_3x9_template_UNCERTIFIED,fixed_template,random,0.9910018846936862,linear_steady,False,True,transfer8_mesh,5.10518757751028,3.0220054017741336,0.3528124056252464,0.5138103052442141,0.6916055854945431,42.34,f_Hz_bus4,False,
76,19,candidate_independent_grid_template_safe,fixed_template,random,1.1096569034841812,linear_steady,False,True,transfer8_mesh,1.2972903372596518,5.716401700262858,0.4299677032867259,0.3374188913062141,0.5039017416518399,28.68,f_Hz_bus6,False,
77,19,classic_shared_grid_template_safe,fixed_template,random,1.1096569034841812,linear_steady,False,True,transfer8_mesh,1.2973731955473498,5.716766808398696,0.4299677032867259,0.3374188913062141,0.5039341672779996,28.68,f_Hz_bus6,False,
78,19,phase_free_harmonic_shared_grid_safe,fixed_template,random,1.1096569034841812,linear_steady,False,True,transfer8_mesh,1.2758889843087928,5.622098422975956,0.4299677032867259,0.3374188913062141,0.4955281377883059,28.68,f_Hz_bus6,False,
79,19,sparse_3x9_template_UNCERTIFIED,fixed_template,random,1.1096569034841812,linear_steady,False,True,transfer8_mesh,1.4469979452104071,6.376075791753989,0.4299677032867259,0.3374188913062141,0.5625680849001453,28.68,f_Hz_bus6,False,
80,20,candidate_independent_grid_template_safe,fixed_template,peak_witness,1.1447265625000005,linear_steady,False,True,transfer8_mesh,0.8492331061502775,6.126100273155268,0.45033203125,0.44509765625,0.9581470608351154,2.24,flow_MW_6_7,False,
81,20,classic_shared_grid_template_safe,fixed_template,peak_witness,1.1447265625000005,linear_steady,False,True,transfer8_mesh,0.8492891843916429,6.126504803933988,0.45033203125,0.44509765625,0.9582099832993256,2.24,flow_MW_6_7,False,
82,20,phase_free_harmonic_shared_grid_safe,fixed_template,peak_witness,1.1447265625000005,linear_steady,False,True,transfer8_mesh,0.8341396222879884,6.017220632286356,0.45033203125,0.44509765625,0.9412089341983572,2.24,flow_MW_6_7,False,
83,20,sparse_3x9_template_UNCERTIFIED,fixed_template,peak_witness,1.1447265625000005,linear_steady,False,True,transfer8_mesh,0.9405377524881868,6.7847432474107165,0.45033203125,0.44509765625,1.060499438621221,2.24,flow_MW_6_7,True,
84,21,candidate_independent_grid_template_safe,fixed_template,peak_witness,1.1447265625000005,linear_steady,False,True,transfer8_mesh,1.8825704003142816,5.1812280886638336,0.45033203125,0.44509765625,0.958083839903719,2.24,flow_MW_6_7,False,
85,21,classic_shared_grid_template_safe,fixed_template,peak_witness,1.1447265625000005,linear_steady,False,True,transfer8_mesh,1.8826853197903872,5.181544371134563,0.45033203125,0.44509765625,0.9581420106156692,2.24,flow_MW_6_7,False,
86,21,phase_free_harmonic_shared_grid_safe,fixed_template,peak_witness,1.1447265625000005,linear_steady,False,True,transfer8_mesh,1.854661242901712,5.104416241259452,0.45033203125,0.44509765625,0.9439548789497978,2.24,flow_MW_6_7,False,
87,21,sparse_3x9_template_UNCERTIFIED,fixed_template,peak_witness,1.1447265625000005,linear_steady,False,True,transfer8_mesh,2.119533612496653,5.833400485900264,0.45033203125,0.44509765625,1.077902144092152,2.24,flow_MW_6_7,True,
88,22,candidate_independent_grid_template_safe,fixed_template,peak_witness,1.1447265625000005,linear_steady,False,True,transfer8_mesh,5.089431494291578,1.9829615918415824,0.44509765625,0.45033203125,0.9580793212119172,2.24,flow_MW_0_1,False,
89,22,classic_shared_grid_template_safe,fixed_template,peak_witness,1.1447265625000005,linear_steady,False,True,transfer8_mesh,5.089739705814596,1.983081678262432,0.44509765625,0.45033203125,0.9581370305463528,2.24,flow_MW_0_1,False,
90,22,phase_free_harmonic_shared_grid_safe,fixed_template,peak_witness,1.1447265625000005,linear_steady,False,True,transfer8_mesh,5.015442999022565,1.9541339429143567,0.44509765625,0.45033203125,0.94422411510332,2.24,flow_MW_0_1,False,
91,22,sparse_3x9_template_UNCERTIFIED,fixed_template,peak_witness,1.1447265625000005,linear_steady,False,True,transfer8_mesh,5.739291686862168,2.2361623281870138,0.44509765625,0.45033203125,1.0796259338130871,2.24,flow_MW_0_1,True,
92,23,candidate_independent_grid_template_safe,fixed_template,peak_witness,1.1447265625000005,linear_steady,False,True,transfer8_mesh,4.5737688092410815,2.54690398787923,0.44509765625,0.45033203125,0.9580576330427764,2.24,flow_MW_0_1,False,
93,23,classic_shared_grid_template_safe,fixed_template,peak_witness,1.1447265625000005,linear_steady,False,True,transfer8_mesh,4.574033336962952,2.547051290188952,0.44509765625,0.45033203125,0.958112751073304,2.24,flow_MW_0_1,False,
94,23,phase_free_harmonic_shared_grid_safe,fixed_template,peak_witness,1.1447265625000005,linear_steady,False,True,transfer8_mesh,4.514306551245373,2.513792418769836,0.44509765625,0.45033203125,0.9456665488949956,2.24,flow_MW_0_1,False,
95,23,sparse_3x9_template_UNCERTIFIED,fixed_template,peak_witness,1.1447265625000005,linear_steady,False,True,transfer8_mesh,5.204946003499019,2.8983751225517977,0.44509765625,0.45033203125,1.0894190872088307,2.24,flow_MW_0_1,True,
96,24,candidate_independent_grid_template_safe,fixed_template,peak_witness,1.1447265625000005,linear_steady,False,True,transfer8_mesh,0.8713988773930597,6.10583213726838,0.45033203125,0.44509765625,0.9581453203555464,2.24,flow_MW_6_7,False,
97,24,classic_shared_grid_template_safe,fixed_template,peak_witness,1.1447265625000005,linear_steady,False,True,transfer8_mesh,0.8714563260534302,6.106234676089387,0.45033203125,0.44509765625,0.9582081408210856,2.24,flow_MW_6_7,False,
98,24,phase_free_harmonic_shared_grid_safe,fixed_template,peak_witness,1.1447265625000005,linear_steady,False,True,transfer8_mesh,0.8559663834036744,5.997697710884346,0.45033203125,0.44509765625,0.9412672941329796,2.24,flow_MW_6_7,False,
99,24,sparse_3x9_template_UNCERTIFIED,fixed_template,peak_witness,1.1447265625000005,linear_steady,False,True,transfer8_mesh,0.96542433054469,6.764662035342127,0.45033203125,0.44509765625,1.0608662662969517,2.24,flow_MW_6_7,True,
100,25,candidate_independent_grid_template_safe,fixed_template,peak_witness,1.1447265625000005,linear_steady,False,True,transfer8_mesh,4.893079476234798,2.197697369201397,0.44509765625,0.45033203125,0.9580703844104904,2.24,flow_MW_0_1,False,
101,25,classic_shared_grid_template_safe,fixed_template,peak_witness,1.1447265625000005,linear_steady,False,True,transfer8_mesh,4.8933707228883865,2.1978281808931928,0.44509765625,0.45033203125,0.9581271069604186,2.24,flow_MW_0_1,False,
102,25,phase_free_harmonic_shared_grid_safe,fixed_template,peak_witness,1.1447265625000005,linear_steady,False,True,transfer8_mesh,4.8249557495135775,2.167100004960212,0.44509765625,0.45033203125,0.9448012580192402,2.24,flow_MW_0_1,False,
103,25,sparse_3x9_template_UNCERTIFIED,fixed_template,peak_witness,1.1447265625000005,linear_steady,False,True,transfer8_mesh,5.536971163050202,2.4868974676338382,0.44509765625,0.45033203125,1.0833329110161725,2.24,flow_MW_0_1,True,
104,26,candidate_independent_grid_template_safe,fixed_template,peak_witness,1.1447265625000005,linear_steady,False,True,transfer8_mesh,0.6619097084672991,6.297386714644122,0.45033203125,0.44509765625,0.9581625671191992,2.24,flow_MW_6_7,False,
105,26,classic_shared_grid_template_safe,fixed_template,peak_witness,1.1447265625000005,linear_steady,False,True,transfer8_mesh,0.661954015765086,6.297808252785767,0.45033203125,0.44509765625,0.9582263517365596,2.24,flow_MW_6_7,False,
106,26,phase_free_harmonic_shared_grid_safe,fixed_template,peak_witness,1.1447265625000005,linear_steady,False,True,transfer8_mesh,0.6497930479580478,6.182109213890283,0.45033203125,0.44509765625,0.9407167927499236,2.24,flow_MW_6_7,False,
107,26,sparse_3x9_template_UNCERTIFIED,fixed_template,peak_witness,1.1447265625000005,linear_steady,False,True,transfer8_mesh,0.730913940403045,6.953890657534781,0.45033203125,0.44509765625,1.0574106176116218,2.24,flow_MW_6_7,True,
108,27,candidate_independent_grid_template_safe,fixed_template,peak_witness,1.1447265625000005,linear_steady,False,True,transfer8_mesh,4.795318016074022,2.30461189623918,0.44509765625,0.45033203125,0.9580662675879148,2.24,flow_MW_0_1,False,
109,27,classic_shared_grid_template_safe,fixed_template,peak_witness,1.1447265625000005,linear_steady,False,True,transfer8_mesh,4.795600967962988,2.304747881858317,0.44509765625,0.45033203125,0.958122498869587,2.24,flow_MW_0_1,False,
110,27,phase_free_harmonic_shared_grid_safe,fixed_template,peak_witness,1.1447265625000005,linear_steady,False,True,transfer8_mesh,4.730001737126271,2.2732211369659705,0.44509765625,0.45033203125,0.9450844727747104,2.24,flow_MW_0_1,False,
111,27,sparse_3x9_template_UNCERTIFIED,fixed_template,peak_witness,1.1447265625000005,linear_steady,False,True,transfer8_mesh,5.435714765527359,2.6123841779014016,0.44509765625,0.45033203125,1.0851886606124757,2.24,flow_MW_0_1,True,
112,28,candidate_independent_grid_template_safe,fixed_template,peak_witness,1.1447265625000005,linear_steady,False,True,transfer8_mesh,3.210066297278279,3.967380533609164,0.45033203125,0.44509765625,0.9580789835840764,1.12,flow_MW_6_7,False,
113,28,classic_shared_grid_template_safe,fixed_template,peak_witness,1.1447265625000005,linear_steady,False,True,transfer8_mesh,3.21024167417841,3.9675972851760126,0.45033203125,0.44509765625,0.9581310059793152,1.12,flow_MW_6_7,False,
114,28,phase_free_harmonic_shared_grid_safe,fixed_template,peak_witness,1.1447265625000005,linear_steady,False,True,transfer8_mesh,3.1737944776737925,3.922551518351929,0.45033203125,0.44509765625,0.9473184743273318,1.12,flow_MW_6_7,False,
115,28,sparse_3x9_template_UNCERTIFIED,fixed_template,peak_witness,1.1447265625000005,linear_steady,False,True,transfer8_mesh,3.69275940797816,4.563949910609775,0.45033203125,0.44509765625,1.1011753077945154,2.24,flow_MW_6_7,True,
116,29,candidate_independent_grid_template_safe,fixed_template,peak_witness,1.1447265625000005,linear_steady,False,True,transfer8_mesh,1.0365027618524425,5.954862972738837,0.45033203125,0.44509765625,0.9581329543987576,2.24,flow_MW_6_7,False,
117,29,classic_shared_grid_template_safe,fixed_template,peak_witness,1.1447265625000005,linear_steady,False,True,transfer8_mesh,1.0365702689011247,5.955250810802943,0.45033203125,0.44509765625,0.9581950152342988,2.24,flow_MW_6_7,False,
118,29,phase_free_harmonic_shared_grid_safe,fixed_template,peak_witness,1.1447265625000005,linear_steady,False,True,transfer8_mesh,1.0186333339272735,5.85220044388514,0.45033203125,0.44509765625,0.9417028021726394,2.24,flow_MW_6_7,False,
119,29,sparse_3x9_template_UNCERTIFIED,fixed_template,peak_witness,1.1447265625000005,linear_steady,False,True,transfer8_mesh,1.1513438021025373,6.614641878792013,0.45033203125,0.44509765625,1.0636075003165453,2.24,flow_MW_6_7,True,
120,30,candidate_independent_grid_template_safe,fixed_template,peak_witness,1.1447265625000005,linear_steady,False,True,transfer8_mesh,4.386539579096934,2.751662842294759,0.44509765625,0.45033203125,0.9580553767493716,1.12,flow_MW_0_1,False,
121,30,classic_shared_grid_template_safe,fixed_template,peak_witness,1.1447265625000005,linear_steady,False,True,transfer8_mesh,4.386788940925256,2.751819266205888,0.44509765625,0.45033203125,0.958109503575042,1.12,flow_MW_0_1,False,
122,30,phase_free_harmonic_shared_grid_safe,fixed_template,peak_witness,1.1447265625000005,linear_steady,False,True,transfer8_mesh,4.331812942134277,2.717332990552056,0.44509765625,0.45033203125,0.9461749541610104,1.12,flow_MW_0_1,False,
123,30,sparse_3x9_template_UNCERTIFIED,fixed_template,peak_witness,1.1447265625000005,linear_steady,False,True,transfer8_mesh,5.008507114339512,3.1418211721081186,0.44509765625,0.45033203125,1.0930211727421548,2.24,flow_MW_0_1,True,
124,31,candidate_independent_grid_template_safe,fixed_template,peak_witness,1.1447265625000005,linear_steady,False,True,transfer8_mesh,1.838506722025238,5.221519428381115,0.45033203125,0.44509765625,0.958085897706836,2.24,flow_MW_6_7,False,
125,31,classic_shared_grid_template_safe,fixed_template,peak_witness,1.1447265625000005,linear_steady,False,True,transfer8_mesh,1.8386193428895377,5.221839281457495,0.45033203125,0.44509765625,0.9581442709371084,2.24,flow_MW_6_7,False,
126,31,phase_free_harmonic_shared_grid_safe,fixed_template,peak_witness,1.1447265625000005,linear_steady,False,True,transfer8_mesh,1.8110190253524416,5.143451972603555,0.45033203125,0.44509765625,0.9438368288046668,2.24,flow_MW_6_7,False,
127,31,sparse_3x9_template_UNCERTIFIED,fixed_template,peak_witness,1.1447265625000005,linear_steady,False,True,transfer8_mesh,2.0684614993616357,5.874611050580019,0.45033203125,0.44509765625,1.0771473985005418,2.24,flow_MW_6_7,True,
128,32,candidate_independent_grid_template_safe,fixed_template,peak_witness,1.1447265625000005,linear_steady,False,True,transfer8_mesh,2.8684555547874537,4.2797456154909534,0.45033203125,0.44509765625,0.9580612829465648,1.12,flow_MW_6_7,False,
129,32,classic_shared_grid_template_safe,fixed_template,peak_witness,1.1447265625000005,linear_steady,False,True,transfer8_mesh,2.868617000232156,4.2799864926532125,0.45033203125,0.44509765625,0.9581148736086827,1.12,flow_MW_6_7,False,
130,32,phase_free_harmonic_shared_grid_safe,fixed_template,peak_witness,1.1447265625000005,linear_steady,False,True,transfer8_mesh,2.8335277525983,4.227633213739328,0.45033203125,0.44509765625,0.9464659332949006,1.12,flow_MW_6_7,False,
131,32,sparse_3x9_template_UNCERTIFIED,fixed_template,peak_witness,1.1447265625000005,linear_steady,False,True,transfer8_mesh,3.2814084816830293,4.895872811652601,0.45033203125,0.44509765625,1.0950868717835718,2.24,flow_MW_6_7,True,
132,33,candidate_independent_grid_template_safe,fixed_template,peak_witness,1.1447265625000005,linear_steady,False,True,transfer8_mesh,3.662608895038428,3.5433726486639143,0.44509765625,0.45033203125,0.9580965731512262,1.12,flow_MW_0_1,False,
133,33,classic_shared_grid_template_safe,fixed_template,peak_witness,1.1447265625000005,linear_steady,False,True,transfer8_mesh,3.6628031008132425,3.543560532068998,0.44509765625,0.45033203125,0.9581470653144468,1.12,flow_MW_0_1,False,
134,33,phase_free_harmonic_shared_grid_safe,fixed_template,peak_witness,1.1447265625000005,linear_steady,False,True,transfer8_mesh,3.6243635702383994,3.506372400556815,0.44509765625,0.45033203125,0.9481520928092964,1.12,flow_MW_0_1,False,
135,33,sparse_3x9_template_UNCERTIFIED,fixed_template,peak_witness,1.1447265625000005,linear_steady,False,True,transfer8_mesh,4.236493767212259,4.098574696662382,0.44509765625,0.45033203125,1.1071825922310776,2.24,flow_MW_0_1,True,
136,34,candidate_independent_grid_template_safe,fixed_template,peak_witness,1.1447265625000005,linear_steady,False,True,transfer8_mesh,4.808266126027672,2.290451499601785,0.44509765625,0.45033203125,0.9580668011825492,2.24,flow_MW_0_1,False,
137,34,classic_shared_grid_template_safe,fixed_template,peak_witness,1.1447265625000005,linear_steady,False,True,transfer8_mesh,4.808550170724891,2.2905868062977226,0.44509765625,0.45033203125,0.9581230975294034,2.24,flow_MW_0_1,False,
138,34,phase_free_harmonic_shared_grid_safe,fixed_template,peak_witness,1.1447265625000005,linear_steady,False,True,transfer8_mesh,4.742599334728889,2.259170660176079,0.44509765625,0.45033203125,0.9450505059305816,2.24,flow_MW_0_1,False,
139,34,sparse_3x9_template_UNCERTIFIED,fixed_template,peak_witness,1.1447265625000005,linear_steady,False,True,transfer8_mesh,5.449145851064774,2.5957390791160897,0.44509765625,0.45033203125,1.0849424882410146,2.24,flow_MW_0_1,True,
140,35,candidate_independent_grid_template_safe,fixed_template,peak_witness,1.1447265625000005,linear_steady,False,True,transfer8_mesh,1.1677074826114962,5.834890828290599,0.45033203125,0.44509765625,0.9581238473591396,2.24,flow_MW_6_7,False,
141,35,classic_shared_grid_template_safe,fixed_template,peak_witness,1.1447265625000005,linear_steady,False,True,transfer8_mesh,1.1677827951181945,5.835267155633819,0.45033203125,0.44509765625,0.9581853046694048,2.24,flow_MW_6_7,False,
142,35,phase_free_harmonic_shared_grid_safe,fixed_template,peak_witness,1.1447265625000005,linear_steady,False,True,transfer8_mesh,1.1480124961931988,5.736477400846916,0.45033203125,0.44509765625,0.9420498797960524,2.24,flow_MW_6_7,False,
143,35,sparse_3x9_template_UNCERTIFIED,fixed_template,peak_witness,1.1447265625000005,linear_steady,False,True,transfer8_mesh,1.2997845408354551,6.494863661499704,0.45033203125,0.44509765625,1.0657970945665345,2.24,flow_MW_6_7,True,
144,36,candidate_independent_grid_template_safe,fixed_template,peak_witness,1.1447265625000005,linear_steady,False,True,transfer8_mesh,5.093632424334749,1.9783673432701545,0.44509765625,0.45033203125,0.9580795230139088,2.24,flow_MW_0_1,False,
145,36,classic_shared_grid_template_safe,fixed_template,peak_witness,1.1447265625000005,linear_steady,False,True,transfer8_mesh,5.093941003268848,1.9784871953590344,0.44509765625,0.45033203125,0.9581372534618826,2.24,flow_MW_0_1,False,
146,36,phase_free_harmonic_shared_grid_safe,fixed_template,peak_witness,1.1447265625000005,linear_steady,False,True,transfer8_mesh,5.019515855959811,1.9495804606973748,0.44509765625,0.45033203125,0.944211785570243,2.24,flow_MW_0_1,False,
147,36,sparse_3x9_template_UNCERTIFIED,fixed_template,peak_witness,1.1447265625000005,linear_steady,False,True,transfer8_mesh,5.743605059679845,2.2308167798731344,0.44509765625,0.45033203125,1.0795469185402304,2.24,flow_MW_0_1,True,
148,37,candidate_independent_grid_template_safe,fixed_template,peak_witness,1.1447265625000005,linear_steady,False,True,transfer8_mesh,0.6092694964338772,6.345520341889571,0.45033203125,0.44509765625,0.958167189894858,2.24,flow_MW_6_7,False,
149,37,classic_shared_grid_template_safe,fixed_template,peak_witness,1.1447265625000005,linear_steady,False,True,transfer8_mesh,0.6093104349499154,6.34594671509192,0.45033203125,0.44509765625,0.9582312168423088,2.24,flow_MW_6_7,False,
150,37,phase_free_harmonic_shared_grid_safe,fixed_template,peak_witness,1.1447265625000005,linear_steady,False,True,transfer8_mesh,0.5980253339919565,6.228412786168599,0.45033203125,0.44509765625,0.9405788434582506,2.24,flow_MW_6_7,False,
151,37,sparse_3x9_template_UNCERTIFIED,fixed_template,peak_witness,1.1447265625000005,linear_steady,False,True,transfer8_mesh,0.6722292432746372,7.00124388727737,0.45033203125,0.44509765625,1.0565462347429282,2.24,flow_MW_6_7,True,
152,38,candidate_independent_grid_template_safe,fixed_template,peak_witness,1.1447265625000005,linear_steady,False,True,transfer8_mesh,5.316457253173734,1.7346801975542852,0.44509765625,0.45033203125,0.9580909359731858,2.24,flow_MW_0_1,False,
153,38,classic_shared_grid_template_safe,fixed_template,peak_witness,1.1447265625000005,linear_steady,False,True,transfer8_mesh,5.316785587413363,1.734787328088124,0.44509765625,0.45033203125,0.958149786422142,2.24,flow_MW_0_1,False,
154,38,phase_free_harmonic_shared_grid_safe,fixed_template,peak_witness,1.1447265625000005,linear_steady,False,True,transfer8_mesh,5.235391734625574,1.708229735708473,0.44509765625,0.45033203125,0.9435589746806026,2.24,flow_MW_0_1,False,
155,38,sparse_3x9_template_UNCERTIFIED,fixed_template,peak_witness,1.1447265625000005,linear_steady,False,True,transfer8_mesh,5.9714850148869685,1.9484059237254012,0.44509765625,0.45033203125,1.075373484380218,2.24,flow_MW_0_1,True,
156,39,candidate_independent_grid_template_safe,fixed_template,peak_witness,1.1447265625000005,linear_steady,False,True,transfer8_mesh,4.619883113356853,2.496472161205344,0.44509765625,0.45033203125,0.9580593582693756,2.24,flow_MW_0_1,False,
157,39,classic_shared_grid_template_safe,fixed_template,peak_witness,1.1447265625000005,linear_steady,False,True,transfer8_mesh,4.620151433246536,2.4966171547297376,0.44509765625,0.45033203125,0.9581147080106962,2.24,flow_MW_0_1,False,
158,39,phase_free_harmonic_shared_grid_safe,fixed_template,peak_witness,1.1447265625000005,linear_steady,False,True,transfer8_mesh,4.559224719404052,2.4636938444966856,0.44509765625,0.45033203125,0.9455452598092042,2.24,flow_MW_0_1,False,
159,39,sparse_3x9_template_UNCERTIFIED,fixed_template,peak_witness,1.1447265625000005,linear_steady,False,True,transfer8_mesh,5.253128608934203,2.8386625829385146,0.44509765625,0.45033203125,1.0885356963655282,2.24,flow_MW_0_1,True,
160,20,classic_shared_grid_template_safe,zero_state_start,peak_witness,1.1447265625000005,zero,True,True,transfer8_mesh,0.8492891843916429,6.126504803933988,0.45033203125,0.44509765625,0.8557727231224974,41.540000000000006,flow_MW_6_7,False,
161,21,classic_shared_grid_template_safe,zero_state_start,peak_witness,1.1447265625000005,zero,True,True,transfer8_mesh,1.8826853197903872,5.181544371134563,0.45033203125,0.44509765625,0.8102773910820069,30.26,flow_MW_6_7,False,
162,22,classic_shared_grid_template_safe,zero_state_start,peak_witness,1.1447265625000005,zero,True,True,transfer8_mesh,5.089739705814596,1.983081678262432,0.44509765625,0.45033203125,0.8066589847855267,30.26,flow_MW_0_1,False,
163,23,classic_shared_grid_template_safe,zero_state_start,peak_witness,1.1447265625000005,zero,True,True,transfer8_mesh,4.574033336962952,2.547051290188952,0.44509765625,0.45033203125,0.7901865918827116,31.34,flow_MW_0_1,False,
164,24,classic_shared_grid_template_safe,zero_state_start,peak_witness,1.1447265625000005,zero,True,True,transfer8_mesh,0.8714563260534302,6.106234676089387,0.45033203125,0.44509765625,0.8539635585174239,38.16,flow_MW_6_7,False,
165,25,classic_shared_grid_template_safe,zero_state_start,peak_witness,1.1447265625000005,zero,True,True,transfer8_mesh,4.8933707228883865,2.1978281808931928,0.44509765625,0.45033203125,0.7997648692043583,31.36,flow_MW_0_1,False,
166,26,classic_shared_grid_template_safe,zero_state_start,peak_witness,1.1447265625000005,zero,True,True,transfer8_mesh,0.661954015765086,6.297808252785767,0.45033203125,0.44509765625,0.8725104839346971,42.66,flow_MW_6_7,False,
167,27,classic_shared_grid_template_safe,zero_state_start,peak_witness,1.1447265625000005,zero,True,True,transfer8_mesh,4.795600967962988,2.304747881858317,0.44509765625,0.45033203125,0.7964688804729381,30.24,flow_MW_0_1,False,
168,28,classic_shared_grid_template_safe,zero_state_start,peak_witness,1.1447265625000005,zero,True,True,transfer8_mesh,3.21024167417841,3.9675972851760126,0.45033203125,0.44509765625,0.7882724544228814,29.76,f_Hz_bus6,False,
169,29,classic_shared_grid_template_safe,zero_state_start,peak_witness,1.1447265625000005,zero,True,True,transfer8_mesh,1.0365702689011247,5.955250810802943,0.45033203125,0.44509765625,0.8457836476182352,30.3,flow_MW_6_7,False,
170,30,classic_shared_grid_template_safe,zero_state_start,peak_witness,1.1447265625000005,zero,True,True,transfer8_mesh,4.386788940925256,2.751819266205888,0.44509765625,0.45033203125,0.7851998534611997,31.32,flow_MW_0_1,False,
171,31,classic_shared_grid_template_safe,zero_state_start,peak_witness,1.1447265625000005,zero,True,True,transfer8_mesh,1.8386193428895377,5.221839281457495,0.45033203125,0.44509765625,0.8118636238346363,30.26,flow_MW_6_7,False,
172,20,classic_shared_grid_template_safe,frequency_drift,peak_witness,1.1447265625000005,linear_steady,True,True,transfer8_mesh,0.8492891843916429,6.126504803933988,0.45033203125,0.44509765625,0.9583851431249804,2.24,flow_MW_6_7,False,"[0.04, 0.035]"
173,21,classic_shared_grid_template_safe,frequency_drift,peak_witness,1.1447265625000005,linear_steady,True,True,transfer8_mesh,1.8826853197903872,5.181544371134563,0.45033203125,0.44509765625,0.9583905434565644,2.24,flow_MW_6_7,False,"[0.04, 0.035]"
174,22,classic_shared_grid_template_safe,frequency_drift,peak_witness,1.1447265625000005,linear_steady,True,True,transfer8_mesh,5.089739705814596,1.983081678262432,0.44509765625,0.45033203125,0.9583794352799628,2.24,flow_MW_0_1,False,"[0.04, 0.035]"
175,23,classic_shared_grid_template_safe,frequency_drift,peak_witness,1.1447265625000005,linear_steady,True,True,transfer8_mesh,4.574033336962952,2.547051290188952,0.44509765625,0.45033203125,0.9583888864466894,2.24,flow_MW_0_1,False,"[0.04, 0.035]"
176,24,classic_shared_grid_template_safe,frequency_drift,peak_witness,1.1447265625000005,linear_steady,True,True,transfer8_mesh,0.8714563260534302,6.106234676089387,0.45033203125,0.44509765625,0.9583848626343298,2.24,flow_MW_6_7,False,"[0.04, 0.035]"
177,25,classic_shared_grid_template_safe,frequency_drift,peak_witness,1.1447265625000005,linear_steady,True,True,transfer8_mesh,4.8933707228883865,2.1978281808931928,0.44509765625,0.45033203125,0.9583823275786176,2.24,flow_MW_0_1,False,"[0.04, 0.035]"
178,26,classic_shared_grid_template_safe,frequency_drift,peak_witness,1.1447265625000005,linear_steady,True,True,transfer8_mesh,0.661954015765086,6.297808252785767,0.45033203125,0.44509765625,0.9583883353005213,2.24,flow_MW_6_7,False,"[0.04, 0.035]"
179,27,classic_shared_grid_template_safe,frequency_drift,peak_witness,1.1447265625000005,linear_steady,True,True,transfer8_mesh,4.795600967962988,2.304747881858317,0.44509765625,0.45033203125,0.9583841138344692,2.24,flow_MW_0_1,False,"[0.04, 0.035]"
180,28,classic_shared_grid_template_safe,frequency_drift,peak_witness,1.1447265625000005,linear_steady,True,True,transfer8_mesh,3.21024167417841,3.9675972851760126,0.45033203125,0.44509765625,0.9584333907193724,2.24,flow_MW_6_7,False,"[0.04, 0.035]"
181,29,classic_shared_grid_template_safe,frequency_drift,peak_witness,1.1447265625000005,linear_steady,True,True,transfer8_mesh,1.0365702689011247,5.955250810802943,0.45033203125,0.44509765625,0.958383389881442,2.24,flow_MW_6_7,False,"[0.04, 0.035]"
182,30,classic_shared_grid_template_safe,frequency_drift,peak_witness,1.1447265625000005,linear_steady,True,True,transfer8_mesh,4.386788940925256,2.751819266205888,0.44509765625,0.45033203125,0.9583935684317086,2.24,flow_MW_0_1,False,"[0.04, 0.035]"
183,31,classic_shared_grid_template_safe,frequency_drift,peak_witness,1.1447265625000005,linear_steady,True,True,transfer8_mesh,1.8386193428895377,5.221839281457495,0.45033203125,0.44509765625,0.9583896547055826,2.24,flow_MW_6_7,False,"[0.04, 0.035]"
184,20,classic_shared_grid_template_safe,harmonic_phase_breach,peak_witness,1.1447265625000005,linear_steady,True,True,transfer8_mesh,0.8492891843916429,6.126504803933988,0.45033203125,0.44509765625,0.8998076395007537,0.6,flow_MW_6_7,False,
185,21,classic_shared_grid_template_safe,harmonic_phase_breach,peak_witness,1.1447265625000005,linear_steady,True,True,transfer8_mesh,1.8826853197903872,5.181544371134563,0.45033203125,0.44509765625,0.9734731495862534,45.52,flow_MW_6_7,False,
186,22,classic_shared_grid_template_safe,harmonic_phase_breach,peak_witness,1.1447265625000005,linear_steady,True,True,transfer8_mesh,5.089739705814596,1.983081678262432,0.44509765625,0.45033203125,0.8406177847860389,0.86,flow_MW_0_1,False,
187,23,classic_shared_grid_template_safe,harmonic_phase_breach,peak_witness,1.1447265625000005,linear_steady,True,True,transfer8_mesh,4.574033336962952,2.547051290188952,0.44509765625,0.45033203125,0.9597820192974282,65.39999999999999,flow_MW_0_1,False,
188,24,classic_shared_grid_template_safe,harmonic_phase_breach,peak_witness,1.1447265625000005,linear_steady,True,True,transfer8_mesh,0.8714563260534302,6.106234676089387,0.45033203125,0.44509765625,0.963290593619138,89.84,flow_MW_6_7,False,
189,25,classic_shared_grid_template_safe,harmonic_phase_breach,peak_witness,1.1447265625000005,linear_steady,True,True,transfer8_mesh,4.8933707228883865,2.1978281808931928,0.44509765625,0.45033203125,0.9600309749340288,66.8,flow_MW_0_1,False,
190,26,classic_shared_grid_template_safe,harmonic_phase_breach,peak_witness,1.1447265625000005,linear_steady,True,True,transfer8_mesh,0.661954015765086,6.297808252785767,0.45033203125,0.44509765625,0.928166937485212,88.98,flow_MW_6_7,False,
191,27,classic_shared_grid_template_safe,harmonic_phase_breach,peak_witness,1.1447265625000005,linear_steady,True,True,transfer8_mesh,4.795600967962988,2.304747881858317,0.44509765625,0.45033203125,0.9225171131027194,0.42,flow_MW_0_1,False,
192,28,classic_shared_grid_template_safe,harmonic_phase_breach,peak_witness,1.1447265625000005,linear_steady,True,True,transfer8_mesh,3.21024167417841,3.9675972851760126,0.45033203125,0.44509765625,0.9687547985441844,8.66,flow_MW_6_7,False,
193,29,classic_shared_grid_template_safe,harmonic_phase_breach,peak_witness,1.1447265625000005,linear_steady,True,True,transfer8_mesh,1.0365702689011247,5.955250810802943,0.45033203125,0.44509765625,0.925464284106942,0.1999999999999999,flow_MW_6_7,False,
194,30,classic_shared_grid_template_safe,harmonic_phase_breach,peak_witness,1.1447265625000005,linear_steady,True,True,transfer8_mesh,4.386788940925256,2.751819266205888,0.44509765625,0.45033203125,0.8086672488382849,0.52,flow_MW_0_1,False,
195,31,classic_shared_grid_template_safe,harmonic_phase_breach,peak_witness,1.1447265625000005,linear_steady,True,True,transfer8_mesh,1.8386193428895377,5.221839281457495,0.45033203125,0.44509765625,0.9594240628521554,89.1,flow_MW_6_7,False,
