case,window,pair,positive_J,absolute_J,signed_J,copper_J,load_J,battery_J,bridge_J,W_J,B_J,Z_J,net_after_copper_J,stored_J,residual_J
nominal_h1,pre_onset,S-F,0.0,0.0,0.0,0.0,0.0,0.0,0.0,0.0,0.0,0.0,0.0,0.0,0.0
nominal_h1,pre_onset,S-L,0.0,0.0,0.0,0.0,0.0,0.0,0.0,0.0,0.0,0.0,0.0,0.0,0.0
nominal_h1,pre_onset,L-F,0.0,0.0,0.0,0.0,0.0,0.0,0.0,0.0,0.0,0.0,0.0,0.0,0.0
nominal_h1,service,S-F,3635.8879369845927,7136.860941423858,134.91493254792294,134.68226737539305,-1.280568540096283e-09,-1.5364517279083653e-05,0.23294848621299025,0.23293312212263118,1.5366749721579254e-05,-0.0002763027441687882,0.2326651725298916,0.23267218612818397,7.012317723820161e-06
nominal_h1,service,S-L,14248.728421427426,28428.23881943563,69.21802341927832,69.00568146991122,7.392372936010361e-09,-1.5364517279083653e-05,0.21260667860042304,0.21259131336410064,1.5366749721579254e-05,-0.00026535487498335897,0.21234194936710082,0.21234132523883886,-6.167358890252217e-07
nominal_h1,service,L-F,10678.56781269548,21291.438716264853,65.69690912864462,65.67658590548183,-8.672941476106644e-09,0.0,0.02034180761256721,0.020341808758530533,0.0,-1.0947869185429226e-05,0.020323223162790782,0.020330860889345104,7.629053612845382e-06
nominal_h1,recovery,S-F,0.04536063154827571,0.3266266371142478,-0.23590536072151735,-0.0032440337345178705,1.6996636986732483e-08,1.6086006536298234e-05,-0.23293757130159065,-0.23292152327485383,-1.5217643522191793e-05,0.00027621709858749455,-0.23266132698699948,-0.23266052381978852,8.201638479476969e-07
nominal_h1,recovery,S-L,0.04235219294653507,0.29999605399331863,-0.21529166243271902,-0.0029605337872453674,7.421476766467094e-08,1.6086006536298234e-05,-0.2125963993021287,-0.21258037116786,-1.5217643522191793e-05,0.0002652732664216728,-0.21233112864547365,-0.2123303155449605,8.873152808064333e-07
nominal_h1,recovery,L-F,0.003141367167420685,0.026896440252289246,-0.020613698288798332,-0.00028349994727250305,-5.721813067793846e-08,0.0,-0.02034117199946195,-0.02034115210699383,0.0,1.0943832165821732e-05,-0.02033019834152583,-0.02033020827482801,-6.715143285873637e-08
nominal_h1,post_deadline,S-F,0.0,1.2123807438183616e-05,-1.2166041415184736e-05,-1.6629246601951309e-07,3.876630216836929e-08,5.964247975511725e-07,-1.2034259270876646e-05,-1.1442469258327037e-05,0.0,8.20060108708276e-08,-1.1999748949165223e-05,-1.136046324745621e-05,6.78052003877383e-07
nominal_h1,post_deadline,S-L,0.0,1.1493296083062918e-05,-1.152919139713049e-05,-1.5761816030135378e-07,1.2223608791828156e-08,5.964247975511725e-07,-1.1407129932194948e-05,-1.0815721907420084e-05,0.0,7.83956295435928e-08,-1.1371573236829136e-05,-1.0737326277876491e-05,6.464705677444726e-07
nominal_h1,post_deadline,L-F,1.3934448361393605e-09,6.332982447929719e-07,-6.368500180542469e-07,-8.674305718159303e-09,2.6542693376541138e-08,0.0,-6.271293386816978e-07,-6.267473509069532e-07,0.0,3.6103813272347907e-09,-6.281757123360876e-07,-6.231369695797184e-07,3.158143613291031e-08
nominal_h1,onset_total,S-F,3635.933297616141,7137.187580184779,134.67901502118912,134.67902317536618,5.448237061500549e-08,1.3179140547657532e-06,-1.1193333193659782e-06,1.5637851902283728e-07,1.4910619938746095e-07,-3.6395704228198156e-09,-8.154177066899138e-06,3.018451479874784e-07,8.510504585501621e-06
nominal_h1,onset_total,S-L,14248.770773620372,28428.538826982924,69.00272022769786,69.00272077850605,9.383074939250946e-08,1.3179140547657532e-06,-1.1278316378593445e-06,1.264743332285434e-07,1.4910619938746095e-07,-3.212932142560021e-09,-5.508081812877208e-07,2.7236760047344433e-07,9.170065311536746e-07
nominal_h1,onset_total,L-F,10678.570954064042,21291.465613338398,65.67629479349125,65.67630239686014,-3.934837877750397e-08,0.0,8.498318493366241e-09,2.990418579429388e-08,0.0,-4.2663828025979456e-10,-7.603368885611417e-06,2.9477547514034086e-08,7.593498054347947e-06
nominal_h1,checkpoint_total,S-F,3635.933297616141,7137.187580184779,134.67901502118912,134.67902317536618,5.448237061500549e-08,1.3179140547657532e-06,-1.1193333193659782e-06,1.5637851902283728e-07,1.4910619938746095e-07,-3.6395704228198156e-09,-8.154177066899138e-06,3.018451479874784e-07,8.510504585501621e-06
nominal_h1,checkpoint_total,S-L,14248.770773620372,28428.538826982924,69.00272022769786,69.00272077850605,9.383074939250946e-08,1.3179140547657532e-06,-1.1278316378593445e-06,1.264743332285434e-07,1.4910619938746095e-07,-3.212932142560021e-09,-5.508081812877208e-07,2.7236760047344433e-07,9.170065311536746e-07
nominal_h1,checkpoint_total,L-F,10678.570954064042,21291.465613338398,65.67629479349125,65.67630239686014,-3.934837877750397e-08,0.0,8.498318493366241e-09,2.990418579429388e-08,0.0,-4.2663828025979456e-10,-7.603368885611417e-06,2.9477547514034086e-08,7.593498054347947e-06
nominal_h05,pre_onset,S-F,0.0,0.0,0.0,0.0,0.0,0.0,0.0,0.0,0.0,0.0,0.0,0.0,0.0
nominal_h05,pre_onset,S-L,0.0,0.0,0.0,0.0,0.0,0.0,0.0,0.0,0.0,0.0,0.0,0.0,0.0
nominal_h05,pre_onset,L-F,0.0,0.0,0.0,0.0,0.0,0.0,0.0,0.0,0.0,0.0,0.0,0.0,0.0
nominal_h05,service,S-F,3635.8879453023255,7136.860931242285,134.91495936621504,134.682287660994,-1.4828401617705822e-08,-4.3890717513348785e-06,0.2329500096384436,0.23294561988586793,4.389818059280515e-06,-0.0002763174854578665,0.23267170522103697,0.23267369221846934,1.9721690307505924e-06
nominal_h05,service,S-L,14248.728446464913,28428.238846222266,69.21804670531128,69.00570169593777,-1.2543750926852226e-08,-4.3890717513348785e-06,0.21261136909015477,0.21260697730031097,4.389818059280515e-06,-0.00026536969880908146,0.2123450093735073,0.21234599741956117,9.75502302935638e-07
nominal_h05,service,L-F,10678.56783294562,21291.438753236434,65.69691266090376,65.67658596505623,-2.2846506908535957e-09,0.0,0.020338640548288822,0.020338642585556954,0.0,-1.094778664878504e-05,0.020326695847529663,0.02032769479890817,9.966667278149544e-07
nominal_h05,recovery,S-F,0.04536086923435796,0.32662998681046396,-0.23590826784493402,-0.003244073400310299,8.061761036515236e-08,6.309746722564136e-06,-0.2329404172487557,-0.2329341662953084,-4.093701136298478e-06,0.0002762310702166815,-0.23266419444462372,-0.232662028926228,2.246136006078814e-06
nominal_h05,recovery,S-L,0.04235288807955803,0.30000352188883206,-0.2152978086960502,-0.0029606173416141246,9.709037840366364e-08,6.309746722564136e-06,-0.2126024286262691,-0.21259617958276067,-4.093701136298478e-06,0.00026528677008741397,-0.21233719135443607,-0.21233498651380955,2.301931004922153e-06
nominal_h05,recovery,L-F,0.0031408969180425628,0.026892296448117196,-0.02061045914888382,-0.0002834560586961743,-1.6472768038511276e-08,0.0,-0.02033798862248659,-0.020337986712547718,0.0,1.0944300129267504e-05,-0.020327003090187645,-0.02032704241241845,-5.579499884333927e-08
nominal_h05,post_deadline,S-F,0.0,1.272110515274111e-05,-1.2788455933332443e-05,-1.7430693333153613e-07,2.534361556172371e-07,1.18446769193161e-06,-1.2644217349588871e-05,-1.144689304055646e-05,0.0,8.122373174046515e-08,-1.2614149000000907e-05,-1.1365669308815995e-05,1.5019158468021487e-06
nominal_h05,post_deadline,S-L,0.0,1.2086254451423918e-05,-1.2152653653174639e-05,-1.6546391634619795e-07,2.4226028472185135e-07,1.18446769193161e-06,-1.2016622349619865e-05,-1.0817624570336193e-05,0.0,7.802847790117085e-08,-1.198718973682844e-05,-1.0739596092435022e-05,1.4898539291152701e-06
nominal_h05,post_deadline,L-F,1.4870893210173574e-09,6.378248799592282e-07,-6.358022801578045e-07,-8.843016985338181e-09,1.1175870895385742e-08,0.0,-6.275949999690056e-07,-6.292684702202678e-07,0.0,3.1952538392943097e-09,-6.269592631724663e-07,-6.260732163809735e-07,1.2061917686878587e-08
nominal_h05,onset_total,S-F,3635.9333061715597,7137.1875739502,134.67903830995783,134.67904341328676,3.1921081244945526e-07,3.1051426631608672e-06,-3.051827661693096e-06,6.6975189838558435e-09,2.9611692298203707e-07,-5.191509444557596e-09,-5.103328930999851e-06,2.976229325213353e-07,5.7201626759706414e-06
nominal_h05,onset_total,S-L,14248.770799352991,28428.538861830402,69.00273674400523,69.00274091313258,3.26777808368206e-07,3.1051426631608672e-06,-3.0761584639549255e-06,-1.9907020032405853e-08,2.9611692298203707e-07,-4.900243766314816e-09,-4.16912735090591e-06,2.713096591833164e-07,4.7672148184574326e-06
nominal_h05,onset_total,L-F,10678.570973844026,21291.465646170705,65.6763015659526,65.67630250015418,-7.566995918750763e-09,0.0,2.4330802261829376e-08,2.6604539016261697e-08,0.0,-2.9126567824278027e-10,-9.342015800939407e-07,2.6313273338018917e-08,9.529478575132089e-07
nominal_h05,checkpoint_total,S-F,3635.9333061715597,7137.1875739502,134.67903830995783,134.67904341328676,3.1921081244945526e-07,3.1051426631608672e-06,-3.051827661693096e-06,6.6975189838558435e-09,2.9611692298203707e-07,-5.191509444557596e-09,-5.103328930999851e-06,2.976229325213353e-07,5.7201626759706414e-06
nominal_h05,checkpoint_total,S-L,14248.770799352991,28428.538861830402,69.00273674400523,69.00274091313258,3.26777808368206e-07,3.1051426631608672e-06,-3.0761584639549255e-06,-1.9907020032405853e-08,2.9611692298203707e-07,-4.900243766314816e-09,-4.16912735090591e-06,2.713096591833164e-07,4.7672148184574326e-06
nominal_h05,checkpoint_total,L-F,10678.570973844026,21291.465646170705,65.6763015659526,65.67630250015418,-7.566995918750763e-09,0.0,2.4330802261829376e-08,2.6604539016261697e-08,0.0,-2.9126567824278027e-10,-9.342015800939407e-07,2.6313273338018917e-08,9.529478575132089e-07
tau4_r25_o37_h1,pre_onset,S-F,0.0,0.03624443210497016,-0.07127447486410432,-0.0009778157834700596,3.552713678800501e-15,0.0,0.852030674272001,0.8520306742721004,0.0,-0.9223273265929208,-0.07029665908063426,-0.07029665232082039,6.759817428036996e-09
tau4_r25_o37_h1,pre_onset,S-L,0.0,0.1487974204737283,-0.11689431605930167,-0.0016052189749029278,1.0658141036401503e-14,0.0,1.4176650155913855,1.4176650156186952,0.0,-1.5329540919475448,-0.11528909708439875,-0.11528907632884966,2.0755559743124152e-08
tau4_r25_o37_h1,pre_onset,L-F,0.11255298836875813,0.11255298836875813,0.04561984119519735,0.0006274031914328682,-7.105427357601002e-15,0.0,-0.5656343413193845,-0.5656343413465947,0.0,0.610626765354624,0.044992438003764484,0.044992424008029275,-1.3995742315087156e-08
tau4_r25_o37_h1,service,S-F,3635.3938819315254,7135.846510313526,134.9709048002842,134.62021727429135,-1.1437805369496346e-08,-958.3366229284672,-0.8162507582310354,-959.1528736834989,958.336622927869,1.1669699064808583,0.35068752599283926,0.3507191508509777,3.161342033308756e-05
tau4_r25_o37_h1,service,S-L,14248.264155671866,28427.16025851036,69.33077075958136,68.97127920106061,-1.183070708066225e-08,-958.3366229284672,-1.4180449749546824,-959.7546679033549,958.336622927869,1.777558560310979,0.35949155852074455,0.3595135848251516,2.2014473699982773e-05
tau4_r25_o37_h1,service,L-F,10678.474755995077,21291.376311273998,65.64013404070283,65.64893807323074,3.92901711165905e-10,0.0,0.601794216723647,0.6017942198559467,0.0,-0.6105886538301206,-0.008804032527905292,-0.008794433974173899,9.598946633104788e-06
tau4_r25_o37_h1,recovery,S-F,0.1368496942244515,0.5653160707602921,-0.28623803437221795,-0.005538694708775438,1.0477378964424133e-08,958.311490177656,-0.03602933889487758,958.275460826655,-958.3114901803274,-0.2446346349593682,-0.2806993396634425,-0.2806639886317157,3.536150910576907e-05
tau4_r25_o37_h1,recovery,S-L,0.13456169541717491,0.5240377043320059,-0.24953551054932177,-0.005034000984778686,4.6158675104379654e-08,958.311490177656,0.00013041478814557195,958.3116205706938,-958.3114901803274,-0.2445965235876031,-0.24450150956454308,-0.24446613322120925,3.542250200894159e-05
tau4_r25_o37_h1,recovery,L-F,0.005047814772088589,0.04679799835791037,-0.03670252382289618,-0.0005046937239967519,-3.568129613995552e-08,0.0,-0.036159753683023155,-0.03615974403874134,0.0,-3.811137176512602e-05,-0.03619783009889943,-0.03619785541050646,-6.099290317251871e-08
tau4_r25_o37_h1,post_deadline,S-F,0.00023560934415774076,0.00023560934415774076,0.0002357194316573441,3.204402673873119e-06,5.4656993597745895e-08,0.0248210209458196,0.00024038704577833414,0.02506136492229416,-0.024821021084790118,-7.80138898903715e-06,0.00023251502898347098,0.00023254244851500516,8.207652513192443e-08
tau4_r25_o37_h1,post_deadline,S-L,0.00023572814329702062,0.00023572814329702062,0.00023584224982187152,3.2060984267445747e-06,4.6333298087120056e-08,0.0248210209458196,0.0002405014238320291,0.025061480988370022,-0.024821021084790118,-7.80097832375759e-06,0.00023263615139512694,0.00023265892525614618,6.91071591063519e-08
tau4_r25_o37_h1,post_deadline,L-F,5.181834567338178e-09,1.291628084145499e-07,-1.2281816452741623e-07,-1.6957528714556247e-09,8.32369551062584e-09,0.0,-1.1437805369496346e-07,-1.1606607586145401e-07,0.0,-4.106652795599075e-10,-1.211224116559606e-07,-1.1647674114101392e-07,1.2969366025572526e-08
tau4_r25_o37_h1,onset_total,S-F,3635.5309672350945,7136.412061993631,134.68490248534363,134.61468178398582,5.366746336221695e-08,-0.0003117298654056339,-0.8520397100364789,-0.8523514919215813,0.0003117264568572864,0.922327470132501,0.07022070135781178,0.070287704667777,6.705697742859229e-05
tau4_r25_o37_h1,onset_total,S-L,14248.398953095424,28427.68453194285,69.08147109125275,68.9662484061746,8.067581802606583e-08,-0.0003117298654056339,-1.417674058699049,-1.4179858516727109,0.0003117264568572864,1.532954235745052,0.1152226850781517,0.11528011052919851,5.7506126864836915e-05
tau4_r25_o37_h1,onset_total,L-F,10678.479803815033,21291.423109401512,65.60343139409088,65.64843337781122,-2.7008354663848877e-08,0.0,0.5656343486625701,0.5656343597511295,0.0,-0.610626765612551,-0.04500198372033992,-0.0449924058614215,9.550850563755375e-06
tau4_r25_o37_h1,checkpoint_total,S-F,3635.5309672350945,7136.4483064257365,134.61362801049836,134.61370396820212,5.366746336221695e-08,-0.0003117298654056339,-9.0358080342412e-06,-0.00032081764948088676,0.0003117264568572864,1.4353958022184088e-07,-7.59577037570125e-05,-8.947653043378523e-06,6.706371817699619e-05
tau4_r25_o37_h1,checkpoint_total,S-L,14248.398953095424,28427.833329363322,68.96457677520812,68.96464318719973,8.067581802606583e-08,-0.0003117298654056339,-9.043142199516296e-06,-0.00032083605401567183,0.0003117264568572864,1.437975072349218e-07,-6.641199161094846e-05,-8.965799651150519e-06,5.752686777782401e-05
tau4_r25_o37_h1,checkpoint_total,L-F,10678.592356803401,21291.53566238988,65.64905123529024,65.64906078100239,-2.7008354663848877e-08,0.0,7.334165275096893e-09,1.8404534785076976e-08,0.0,-2.5792701308091637e-10,-9.545712146064034e-06,1.814660777199606e-08,9.536850399172181e-06
tau4_r25_o37_h05,pre_onset,S-F,0.0,0.03624433807213541,-0.07127447111855645,-0.000977817056943664,-4.973799150320701e-14,0.0,0.8520306417777839,0.8520306417849497,0.0,-0.922327294092355,-0.07029665406161278,-0.07029665230740534,1.7541577079782655e-09
tau4_r25_o37_h05,pre_onset,S-L,0.0,0.14879731848599664,-0.11689430530210032,-0.0016052229036423171,-4.618527782440651e-14,0.0,1.417664983908363,1.417664983906434,0.0,-1.5329540627755875,-0.115289082398458,-0.11528907886915363,3.5292581912482746e-09
tau4_r25_o37_h05,pre_onset,L-F,0.11255298041386123,0.11255298041386123,0.04561983418354387,0.0006274058466986532,-3.552713678800501e-15,0.0,-0.5656343421305792,-0.5656343421214842,0.0,0.6106267686832325,0.04499242833684522,0.04499242656174829,-1.775100483270009e-09
tau4_r25_o37_h05,service,S-F,3635.393897778393,7135.846503724612,134.97094317068695,134.62022738266182,-1.673470251262188e-08,-958.3366097159158,-0.8162471652176464,-959.1528568820468,958.3366097135004,1.1669698488913411,0.35071578802512704,0.35072268034494414,6.875585114585192e-06
tau4_r25_o37_h05,service,S-L,14248.264187706052,28427.16028843294,69.33080498804338,68.97128924790331,-7.770722731947899e-09,-958.3366097159158,-1.4180371601396473,-959.7546468793444,958.3366097135004,1.7775585054185399,0.3595157401400684,0.3595213395745418,5.591663750692533e-06
tau4_r25_o37_h05,service,L-F,10678.474776108615,21291.376347364218,65.64013818264357,65.64893813475851,-8.96397978067398e-09,0.0,0.6017899949220009,0.6017899972976011,0.0,-0.6105886565271987,-0.008799952114941334,-0.00879865922959766,1.2839213638926594e-06
tau4_r25_o37_h05,recovery,S-F,0.1368585150102935,0.5653113533935443,-0.2862156773917377,-0.005542144337596255,9.313225746154785e-09,958.311476964868,-0.03603288717567921,958.2754440579592,-958.3114769660606,-0.24463460983281493,-0.28067353305414144,-0.28066751793414824,6.024433218954073e-06
tau4_r25_o37_h05,recovery,S-L,0.13457090446804876,0.5240380422420616,-0.24951739044627175,-0.0050375095024719485,-1.3469252735376358e-07,958.311476964868,0.00012263411190360785,958.3115995795997,-958.3114769660606,-0.24459649755200985,-0.2444798809437998,-0.2444738840128764,5.862238396048269e-06
tau4_r25_o37_h05,recovery,L-F,0.005047194667585585,0.04679247940216451,-0.03669828694546595,-0.0005046348351243068,1.4400575309991837e-07,0.0,-0.036155521287582815,-0.03615552164046676,0.0,-3.8112280805080445e-05,-0.036193652110341645,-0.03619363392127184,1.6219482290580345e-07
tau4_r25_o37_h05,post_deadline,S-F,0.00023560964825097597,0.00023560964825097597,0.00023571186466142535,3.2045600164565258e-06,-9.67993400990963e-08,0.024821020432367516,0.000240313820540905,0.025061363725399133,-0.024821020328090526,-7.801305400789715e-06,0.00023250730464496883,0.00023254209190781694,-6.201207725098357e-08
tau4_r25_o37_h05,post_deadline,S-L,0.00023572581009555262,0.00023572581009555262,0.0002358274650759995,3.2061680030892603e-06,-1.0576331987977028e-07,0.024821020432367516,0.0002404378610663116,0.025061479082069127,-0.024821020328090526,-7.801335044632651e-06,0.00023262129707291024,0.00023265741893396807,-6.964145882193407e-08
tau4_r25_o37_h05,post_deadline,L-F,6.7441025748846926e-09,1.2965004972647924e-07,-1.1560041457414627e-07,-1.6079866327345371e-09,8.96397978067398e-09,0.0,-1.2404052540659904e-07,-1.1535666999407113e-07,0.0,2.964384293591138e-11,-1.1399242794141173e-07,-1.1532702615113521e-07,7.6293815709505e-09
tau4_r25_o37_h05,onset_total,S-F,3635.530991903052,7136.4120506876525,134.68496320513077,134.61468844288447,-1.0419171303510666e-07,-0.00031173061542385887,-0.8520397385582328,-0.8523514603621152,0.00031172711169347167,0.9223274377531254,0.07027476224629936,0.07028770450270372,1.283806469132287e-05
tau4_r25_o37_h05,onset_total,S-L,14248.398994336334,28427.68456220099,69.08152342506219,68.9662549445693,-2.48197466135025e-07,-0.00031173061542385887,-1.4176740881521255,-1.4179858206625795,0.00031172711169347167,1.5329542065314854,0.11526848049288674,0.11528011298059937,1.1384290246496676e-05
tau4_r25_o37_h05,onset_total,L-F,10678.479823310026,21291.42313997327,65.60343978006858,65.64843349831517,1.4400575309991837e-07,0.0,0.5656343495938927,0.5656343603004643,0.0,-0.61062676877836,-0.04499371824658738,-0.04499240847789565,1.4537744448261947e-06
tau4_r25_o37_h05,checkpoint_total,S-F,3635.530991903052,7136.448295025725,134.6136887340108,134.61371062582748,-1.0419171303510666e-07,-0.00031173061542385887,-9.096809662878513e-06,-0.00032081857716548257,0.00031172711169347167,1.4366077039085212e-07,-2.1891816686547827e-05,-8.947804701620043e-06,1.2839820271892677e-05
tau4_r25_o37_h05,checkpoint_total,S-L,14248.398994336334,28427.833359519474,68.96462911972776,68.96464972166541,-2.48197466135025e-07,-0.00031173061542385887,-9.104260243475437e-06,-0.0003208367561455816,0.00031172711169347167,1.4375589785231568e-07,-2.0601937649189495e-05,-8.965888554257617e-06,1.1387851628796852e-05
tau4_r25_o37_h05,checkpoint_total,L-F,10678.592376290439,21291.535692953683,65.64905961428303,65.64906090416207,1.4400575309991837e-07,0.0,7.450580596923828e-09,1.817898009903729e-08,0.0,-9.512746146356221e-11,-1.2898790373583324e-06,1.8083852637573727e-08,1.4519686430958245e-06
tau4_r25_o73_h1,pre_onset,S-F,3.846448578405585e-08,3.846448578405585e-08,0.0,0.0,0.0,0.0,0.0,0.0,0.0,0.0,0.0,0.0,0.0
tau4_r25_o73_h1,pre_onset,S-L,0.0,0.0,0.0,0.0,0.0,0.0,0.0,0.0,0.0,0.0,0.0,0.0,0.0
tau4_r25_o73_h1,pre_onset,L-F,3.846448578405585e-08,3.846448578405585e-08,0.0,0.0,0.0,0.0,0.0,0.0,0.0,0.0,0.0,0.0,0.0
tau4_r25_o73_h1,service,S-F,3635.5313931490255,7136.162415475208,134.891464811677,134.70963026418258,-7.34871719032526e-09,-958.3366216340443,0.22531758031982463,-958.1113040515083,958.3366216350623,-0.043452984695989016,0.18183454749441808,0.18186459885799877,3.0044014863506163e-05
tau4_r25_o73_h1,service,S-L,14249.488552476021,28429.778912339865,69.18928648202564,69.01580634440904,-1.6996636986732483e-08,-958.3366216340443,0.2169008382188622,-958.1197207963778,958.3366216350623,-0.04339825692238719,0.1734801376165933,0.1735025817621363,2.242714890599018e-05
tau4_r25_o73_h1,service,L-F,10680.002465906986,21294.302753603297,65.70217832965136,65.69382391977354,9.647919796407223e-09,0.0,0.008416742100962438,0.00841674486946431,0.0,-5.47277736018259e-05,0.008354409877824764,0.008362017095862484,7.616865957515984e-06
tau4_r25_o73_h1,recovery,S-F,0.12902739578660988,0.45326473701661746,-0.18630408856552094,-0.004163067765148298,-1.63388904184103e-07,958.3115087360917,-0.22555921162711456,958.0859495006698,-958.3115087385959,0.04345347753493911,-0.18214102080037264,-0.18210576039112425,3.509702034421025e-05
tau4_r25_o73_h1,recovery,S-L,0.12755356820147978,0.44183951879619765,-0.1778264559688978,-0.004046421168823144,-9.656650945544243e-08,958.3115087360917,-0.21714348829118535,958.0943652192618,-958.3115087385959,0.043398756429667174,-0.17378003480007465,-0.17374476290439134,3.517532917385324e-05
tau4_r25_o73_h1,recovery,L-F,0.001893743287806865,0.012265049625773263,-0.008477632596623152,-0.00011664659632515395,-6.682239472866058e-08,0.0,-0.008415723335929215,-0.00841571859200485,0.0,5.472110527193763e-05,-0.008360986000297999,-0.008360997486732913,-7.830882964299235e-08
tau4_r25_o73_h1,post_deadline,S-F,0.00023520986277202673,0.00023520986277202673,0.0002354112803004682,3.2001826184568927e-06,4.557659849524498e-08,0.024801416070941884,0.00023272016551345587,0.02503409619384911,-0.024801416257105302,-4.3998051069138455e-07,0.00023221109768201131,0.00023223995623311566,7.44351495995943e-08
tau4_r25_o73_h1,post_deadline,S-L,0.00023620630769012558,0.00023620630769012558,0.00023642799351364374,3.2139728318725247e-06,-2.3865140974521637e-09,0.024801416070941884,0.0002337088226340711,0.025035085152921965,-0.024801416257105302,-4.4597044279726106e-07,0.00023321402068177122,0.00023322292537386602,6.518177997349994e-09
tau4_r25_o73_h1,post_deadline,L-F,1.2791831977668308e-09,9.990032844943961e-07,-1.0167132131755352e-06,-1.3790213415632024e-08,4.7963112592697144e-08,0.0,-9.88657120615244e-07,-9.889590728562325e-07,0.0,5.989932105876505e-09,-1.0029229997599032e-06,-9.82969140750356e-07,6.79169716022443e-08
tau4_r25_o73_h1,onset_total,S-F,3635.660655754675,7136.615915422088,134.70539613440633,134.70547039660005,-1.2514647096395493e-07,-0.0003114818816697327,-8.911127224564552e-06,-0.00032045464467955753,0.00031148020934779197,5.28584394032805e-08,-7.426219372064224e-05,-8.921576892362282e-06,6.521547035731601e-05
tau4_r25_o73_h1,onset_total,S-L,14249.61634225053,28430.220988064968,69.01169645402115,69.01176313721317,-1.1594966053962708e-07,-0.0003114818816697327,-8.941278792917728e-06,-0.0003204919630661607,0.00031148020934779197,5.353683718567481e-08,-6.668319201708073e-05,-8.958216881183034e-06,5.760902547535807e-05
tau4_r25_o73_h1,onset_total,L-F,10680.004359651552,21294.31501965192,65.69369968038518,65.69370725938688,-9.19681042432785e-09,0.0,3.015156835317612e-08,3.731838660314679e-08,0.0,-6.783977823943133e-10,-7.5790017035615165e-06,3.663998882075248e-08,7.606444881957941e-06
tau4_r25_o73_h1,checkpoint_total,S-F,3635.6606557931395,7136.615915460552,134.70539613440633,134.70547039660005,-1.2514647096395493e-07,-0.0003114818816697327,-8.911127224564552e-06,-0.00032045464467955753,0.00031148020934779197,5.28584394032805e-08,-7.426219372064224e-05,-8.921576892362282e-06,6.521547035731601e-05
tau4_r25_o73_h1,checkpoint_total,S-L,14249.61634225053,28430.220988064968,69.01169645402115,69.01176313721317,-1.1594966053962708e-07,-0.0003114818816697327,-8.941278792917728e-06,-0.0003204919630661607,0.00031148020934779197,5.353683718567481e-08,-6.668319201708073e-05,-8.958216881183034e-06,5.760902547535807e-05
tau4_r25_o73_h1,checkpoint_total,L-F,10680.004359690016,21294.315019690384,65.69369968038518,65.69370725938688,-9.19681042432785e-09,0.0,3.015156835317612e-08,3.731838660314679e-08,0.0,-6.783977823943133e-10,-7.5790017035615165e-06,3.663998882075248e-08,7.606444881957941e-06
tau4_r25_o73_h05,pre_onset,S-F,3.861406468785757e-08,3.861406468785757e-08,0.0,0.0,0.0,0.0,0.0,0.0,0.0,0.0,0.0,0.0,0.0
tau4_r25_o73_h05,pre_onset,S-L,0.0,0.0,0.0,0.0,0.0,0.0,0.0,0.0,0.0,0.0,0.0,0.0,0.0
tau4_r25_o73_h05,pre_onset,L-F,3.861406468785757e-08,3.861406468785757e-08,0.0,0.0,0.0,0.0,0.0,0.0,0.0,0.0,0.0,0.0,0.0
tau4_r25_o73_h05,service,S-F,3635.531408108971,7136.162407486364,134.89150272289407,134.70964031573294,3.055902197957039e-09,-958.3366093167588,0.2253218423720682,-958.1112874743158,958.3366093167424,-0.04345300564753529,0.1818624071611339,0.1818688367791026,6.432673870904182e-06
tau4_r25_o73_h05,service,S-L,14249.488582725995,28429.77893864194,69.18932068016147,69.01581635096056,9.604264050722122e-09,-958.3366093167588,0.21690835960907862,-958.119700962161,958.3366093167424,-0.043398278384671585,0.17350432920090952,0.17351007619672032,5.756600074846574e-06
tau4_r25_o73_h05,service,L-F,10680.002486198178,21294.30279047483,65.7021820427326,65.69382396477238,-6.548361852765083e-09,0.0,0.008413482762989588,0.008413487845245982,0.0,-5.472726286370744e-05,0.008358077960224364,0.008358760582382274,6.76073796057608e-07
tau4_r25_o73_h05,recovery,S-F,0.1290363849760723,0.4532611080247625,-0.1862825522548519,-0.004166527206507453,4.0105078369379044e-08,958.3114964221245,-0.22556350333616138,958.085932922284,-958.3114964204215,0.043453498377573396,-0.18211602504834445,-0.18210999975991626,6.065393506560213e-06
tau4_r25_o73_h05,recovery,S-L,0.12756276768101316,0.4418396107200042,-0.17780821165069938,-0.004049925855269976,-1.0163057595491409e-07,958.3114964221245,-0.21715104550821707,958.0943453843647,-958.3114964204215,0.04339877760486388,-0.1737582857954294,-0.17375225845188425,5.925712969201413e-06
tau4_r25_o73_h05,recovery,L-F,0.0018933038594317623,0.012260870433503459,-0.00847434060415253,-0.0001166013512374775,1.4173565432429314e-07,0.0,-0.008412457827944309,-0.008412462080741534,0.0,5.4720772709515586e-05,-0.008357739252915053,-0.008357741308032018,1.3968053735879948e-07
tau4_r25_o73_h05,post_deadline,S-F,0.0002352106732515392,0.0002352106732515392,0.00023539754329249263,3.2002471925807185e-06,-9.17934812605381e-08,0.024801415536365272,0.00023266335483640432,0.025034093760041287,-0.024801415333058685,-4.389808623272984e-07,0.0002321972960999119,0.0002322394461202748,-4.964346089764149e-08
tau4_r25_o73_h05,post_deadline,S-L,0.0002362120028592186,0.0002362120028592186,0.0002364010433666408,3.2141379051608965e-06,-4.4994521886110306e-08,0.024801415536365272,0.00023366417735815048,0.025035086931893602,-0.024801415333058685,-4.4566402834789187e-07,0.0002331869054614799,0.00023322593480656906,-5.9651767969626235e-09
tau4_r25_o73_h05,post_deadline,L-F,7.702111033721554e-10,1.0028700298862552e-06,-1.003500074148178e-06,-1.3890712580177933e-08,-4.6798959374427795e-08,0.0,-1.0008225217461586e-06,-9.931718523148447e-07,0.0,6.6831660205934895e-09,-9.896093615680002e-07,-9.864886862942512e-07,-4.3678284100678866e-08
tau4_r25_o73_h05,onset_total,S-F,3635.66067970462,7136.615903805061,134.7054555681534,134.70547698877408,-4.866160452365875e-08,-0.0003114790978852228,-8.997623808681965e-06,-0.0003204582717444282,0.0003114809878752567,5.374917577682936e-08,-2.142062066923245e-05,-8.923534693394686e-06,1.2448424371314104e-05
tau4_r25_o73_h05,onset_total,S-L,14249.616381705679,28430.22101446467,69.01174886955414,69.01176963924354,-1.3702083379030228e-07,-0.0003114790978852228,-9.02172178030014e-06,-0.00032049086439656094,0.0003114809878752567,5.355616394808749e-08,-2.0769689399458002e-05,-8.956320357356162e-06,1.1676348208311538e-05
tau4_r25_o73_h05,onset_total,L-F,10680.004379502809,21294.315052348127,65.69370669859927,65.69370734953054,8.835922926664352e-08,0.0,2.4097971618175507e-08,3.2592652132734656e-08,0.0,1.9301182874187361e-10,-6.509312697744463e-07,3.278566396147653e-08,7.720761630025663e-07
tau4_r25_o73_h05,checkpoint_total,S-F,3635.6606797432346,7136.615903843675,134.7054555681534,134.70547698877408,-4.866160452365875e-08,-0.0003114790978852228,-8.997623808681965e-06,-0.0003204582717444282,0.0003114809878752567,5.374917577682936e-08,-2.142062066923245e-05,-8.923534693394686e-06,1.2448424371314104e-05
tau4_r25_o73_h05,checkpoint_total,S-L,14249.616381705679,28430.22101446467,69.01174886955414,69.01176963924354,-1.3702083379030228e-07,-0.0003114790978852228,-9.02172178030014e-06,-0.00032049086439656094,0.0003114809878752567,5.355616394808749e-08,-2.0769689399458002e-05,-8.956320357356162e-06,1.1676348208311538e-05
tau4_r25_o73_h05,checkpoint_total,L-F,10680.004379541422,21294.31505238674,65.69370669859927,65.69370734953054,8.835922926664352e-08,0.0,2.4097971618175507e-08,3.2592652132734656e-08,0.0,1.9301182874187361e-10,-6.509312697744463e-07,3.278566396147653e-08,7.720761630025663e-07
tau4_r35_o37_h1,pre_onset,S-F,0.0,0.03624443210497016,-0.07127447486410432,-0.0009778157834700596,3.552713678800501e-15,0.0,0.852030674272001,0.8520306742721004,0.0,-0.9223273265929208,-0.07029665908063426,-0.07029665232082039,6.759817428036996e-09
tau4_r35_o37_h1,pre_onset,S-L,0.0,0.1487974204737283,-0.11689431605930167,-0.0016052189749029278,1.0658141036401503e-14,0.0,1.4176650155913855,1.4176650156186952,0.0,-1.5329540919475448,-0.11528909708439875,-0.11528907632884966,2.0755559743124152e-08
tau4_r35_o37_h1,pre_onset,L-F,0.11255298836875813,0.11255298836875813,0.04561984119519735,0.0006274031914328682,-7.105427357601002e-15,0.0,-0.5656343413193845,-0.5656343413465947,0.0,0.610626765354624,0.044992438003764484,0.044992424008029275,-1.3995742315087156e-08
tau4_r35_o37_h1,service,S-F,3635.8057846120837,7136.672801562236,134.97368090515374,134.62866712076368,-9.618815965950489e-09,-22.89276452268742,-0.5818533624988049,-23.474617882726307,22.892764522133803,0.9268808688647994,0.34501378439006203,0.34502750827229534,1.3714263417341499e-05
tau4_r35_o37_h1,service,S-L,14248.675760804179,28427.985954662578,69.33354686445091,68.97972904753294,-1.0011717677116394e-08,-22.89276452268742,-1.183647579222452,-24.076412102582253,22.892764522133803,1.53746952269492,0.3538178169179673,0.35382194224646923,4.115316784236711e-06
tau4_r35_o37_h1,service,L-F,10678.474755995077,21291.376311273998,65.64013404070283,65.64893807323074,3.92901711165905e-10,0.0,0.601794216723647,0.6017942198559467,0.0,-0.6105886538301206,-0.008804032527905292,-0.008794433974173899,9.598946633104788e-06
tau4_r35_o37_h1,recovery,S-F,0.04799651309589391,0.3746779729519011,-0.27856813790276647,-0.0038445425398094812,-5.651963874697685e-08,22.892598143310934,-0.2701695413561538,22.622428586204478,-22.892598143880605,-0.004553556478896326,-0.274723595362957,-0.27472311415502304,4.2468829519748397e-07
tau4_r35_o37_h1,recovery,S-L,0.04349384448464261,0.32897026691566533,-0.24186561407987028,-0.0033398488158127293,-2.0838342607021332e-08,22.892598143310934,-0.23400978767313063,22.65858833024322,-22.892598143880605,-0.0045154451071312,-0.23852576526405755,-0.23852525874451658,4.856811983700027e-07
tau4_r35_o37_h1,recovery,L-F,0.005047814772088589,0.04679799835791037,-0.03670252382289618,-0.0005046937239967519,-3.568129613995552e-08,0.0,-0.036159753683023155,-0.03615974403874134,0.0,-3.811137176512602e-05,-0.03619783009889943,-0.03619785541050646,-6.099290317251871e-08
tau4_r35_o37_h1,post_deadline,S-F,0.0,7.671199848526203e-06,-7.710361387580633e-06,-1.0554504115134478e-07,8.352799341082573e-08,0.00016431634947471752,-7.564376574009657e-06,0.0001567385406815447,-0.00016431183757958934,1.281063077840372e-08,-7.604816346429288e-06,-7.560486267266242e-06,1.2785807257387205e-07
tau4_r35_o37_h1,post_deadline,S-L,0.0,7.5524007092463306e-06,-7.587543223053217e-06,-1.0384928827988915e-07,7.520429790019989e-08,0.00016431634947471752,-7.4499985203146935e-06,0.00015685460675740615,-0.00016431183757958934,1.3221296057963627e-08,-7.483693934773328e-06,-7.444009526125228e-06,1.1488870654829952e-07
tau4_r35_o37_h1,post_deadline,L-F,5.181834567338178e-09,1.291628084145499e-07,-1.2281816452741623e-07,-1.6957528714556247e-09,8.32369551062584e-09,0.0,-1.1437805369496346e-07,-1.1606607586145401e-07,0.0,-4.106652795599075e-10,-1.211224116559606e-07,-1.1647674114101392e-07,1.2969366025572526e-08
tau4_r35_o37_h1,onset_total,S-F,3635.85378112518,7137.047487206387,134.69510505686048,134.62482247267917,1.7345882952213287e-08,-2.0630270111073646e-06,-0.8520304681733251,-0.852032557981147,2.066415618173778e-06,0.9223273251965338,0.07028258418131372,0.07029683363100503,1.426679557425814e-05
tau4_r35_o37_h1,onset_total,S-L,14248.719254648666,28428.31493248189,69.09167366276961,68.97638909486795,4.4354237616062164e-08,-2.0630270111073646e-06,-1.4176648168358952,-1.4176669177322765,2.066415618173778e-06,1.5329540908090848,0.11528456790165365,0.11528923949242653,4.7159450105027645e-06
tau4_r35_o37_h1,onset_total,L-F,10678.479803815033,21291.423109401512,65.60343139409088,65.64843337781122,-2.7008354663848877e-08,0.0,0.5656343486625701,0.5656343597511295,0.0,-0.610626765612551,-0.04500198372033992,-0.0449924058614215,9.550850563755375e-06
tau4_r35_o37_h1,checkpoint_total,S-F,3635.85378112518,7137.083731638492,134.62383058201522,134.62384465689547,1.7345882952213287e-08,-2.0630270111073646e-06,2.0605511963367462e-07,-1.883709046524018e-06,2.066415618173778e-06,-1.3963870060251793e-09,-1.4074880255066091e-05,1.8131018464373483e-07,1.427353632266204e-05
tau4_r35_o37_h1,checkpoint_total,S-L,14248.719254648666,28428.463729902367,68.97477934672497,68.97478387589308,4.4354237616062164e-08,-2.0630270111073646e-06,1.9872095435857773e-07,-1.902113581309095e-06,2.066415618173778e-06,-1.138459992944263e-09,-4.5291681090020575e-06,1.6316357687173877e-07,4.736685923489858e-06
tau4_r35_o37_h1,checkpoint_total,L-F,10678.592356803401,21291.53566238988,65.64905123529024,65.64906078100239,-2.7008354663848877e-08,0.0,7.334165275096893e-09,1.8404534785076976e-08,0.0,-2.5792701308091637e-10,-9.545712146064034e-06,1.814660777199606e-08,9.536850399172181e-06
tau4_r35_o37_h05,pre_onset,S-F,0.0,0.03624433807213541,-0.07127447111855645,-0.000977817056943664,-4.973799150320701e-14,0.0,0.8520306417777839,0.8520306417849497,0.0,-0.922327294092355,-0.07029665406161278,-0.07029665230740534,1.7541577079782655e-09
tau4_r35_o37_h05,pre_onset,S-L,0.0,0.14879731848599664,-0.11689430530210032,-0.0016052229036423171,-4.618527782440651e-14,0.0,1.417664983908363,1.417664983906434,0.0,-1.5329540627755875,-0.115289082398458,-0.11528907886915363,3.5292581912482746e-09
tau4_r35_o37_h05,pre_onset,L-F,0.11255298041386123,0.11255298041386123,0.04561983418354387,0.0006274058466986532,-3.552713678800501e-15,0.0,-0.5656343421305792,-0.5656343421214842,0.0,0.6106267686832325,0.04499242833684522,0.04499242656174829,-1.775100483270009e-09
tau4_r35_o37_h05,service,S-F,3635.8057939244145,7136.672791519275,134.9737096626195,134.628687313789,-2.459273673593998e-09,-22.892747605142794,-0.5818555111181922,-23.474603114213096,22.89274760340777,0.9268808162520941,0.3450223488305255,0.345025305446768,2.9541569688262825e-06
tau4_r35_o37_h05,service,S-L,14248.67578630065,28427.98598112475,69.33357147997594,68.97974917903048,6.504706107079983e-09,-22.892747605142794,-1.1836455060401931,-24.076393111510697,22.89274760340777,1.5374694727792928,0.35382230094546685,0.3538239646763657,1.6702356049336231e-06
tau4_r35_o37_h05,service,L-F,10678.474776108615,21291.376347364218,65.64013818264357,65.64893813475851,-8.96397978067398e-09,0.0,0.6017899949220009,0.6017899972976011,0.0,-0.6105886565271987,-0.008799952114941334,-0.00879865922959766,1.2839213638926594e-06
tau4_r35_o37_h05,recovery,S-F,0.047996418824919965,0.37467519855563913,-0.27856555773178115,-0.0038444914689534926,3.5099219530820847e-08,22.89258122768873,-0.27016736357472837,22.62241384861045,-22.89258122521278,-0.004553536798908908,-0.27472106626282766,-0.2747209134012394,1.879608078070305e-07
tau4_r35_o37_h05,recovery,S-L,0.0434942992534372,0.32897286934568026,-0.2418672707863152,-0.0033398566338291857,-1.0890653356909752e-07,22.89258122768873,-0.23401184228714556,22.658569370250916,-22.89258122521278,-0.004515424518103828,-0.23852741415248602,-0.23852727947996755,2.5765984901227057e-08
tau4_r35_o37_h05,recovery,L-F,0.005047194667585585,0.04679247940216451,-0.03669828694546595,-0.0005046348351243068,1.4400575309991837e-07,0.0,-0.036155521287582815,-0.03615552164046676,0.0,-3.8112280805080445e-05,-0.036193652110341645,-0.03619363392127184,1.6219482290580345e-07
tau4_r35_o37_h05,post_deadline,S-F,0.0,7.65235418302477e-06,-7.654773071408272e-06,-1.0506937542231753e-07,2.1065352484583855e-07,0.00016430704956951991,-7.5562275014817715e-06,0.0001567433646414429,-0.00016430821415269747,1.331920884695137e-08,-7.549703695985954e-06,-7.5515303024076275e-06,2.0882691842416534e-07
tau4_r35_o37_h05,post_deadline,S-L,0.0,7.536192338448059e-06,-7.5391726568341255e-06,-1.03461388789583e-07,2.0168954506516457e-07,0.00016430704956951991,-7.4321869760751724e-06,0.00015685872131143697,-0.00016430821415269747,1.3289565004015458e-08,-7.4357112680445425e-06,-7.436203276256492e-06,2.0119753685321484e-07
tau4_r35_o37_h05,post_deadline,L-F,6.7441025748846926e-09,1.2965004972647924e-07,-1.1560041457414627e-07,-1.6079866327345371e-09,8.96397978067398e-09,0.0,-1.2404052540659904e-07,-1.1535666999407113e-07,0.0,2.964384293591138e-11,-1.1399242794141173e-07,-1.1532702615113521e-07,7.6293815709505e-09
tau4_r35_o37_h05,onset_total,S-F,3635.85379034324,7137.047474370183,134.69513645011466,134.62484271725043,2.4330802261829376e-07,-2.0704044943033396e-06,-0.8520304309204221,-0.8520325222380052,2.069980837404728e-06,0.922327292772394,0.07029373286422924,0.07029684051522622,3.3509590195990313e-06
tau4_r35_o37_h05,onset_total,S-L,14248.719280599904,28428.314961530286,69.09169667004608,68.97640921893526,9.93022695183754e-08,-2.0704044943033396e-06,-1.4176647805143148,-1.4176668825384695,2.069980837404728e-06,1.532954061550754,0.11528745111081662,0.11528924899312187,1.8971845747728366e-06
tau4_r35_o37_h05,onset_total,L-F,10678.479823310026,21291.42313997327,65.60343978006858,65.64843349831517,1.4400575309991837e-07,0.0,0.5656343495938927,0.5656343603004643,0.0,-0.61062676877836,-0.04499371824658738,-0.04499240847789565,1.4537744448261947e-06
tau4_r35_o37_h05,checkpoint_total,S-F,3635.85379034324,7137.083718708256,134.62386197899468,134.62386490019344,2.4330802261829376e-07,-2.0704044943033396e-06,2.1082814782857895e-07,-1.880453055491671e-06,2.069980837404728e-06,-1.319961029366823e-09,-2.921198756666854e-06,1.8820782088369015e-07,3.352714600168838e-06
tau4_r35_o37_h05,checkpoint_total,S-L,14248.719280599904,28428.46375884877,68.97480236471165,68.97480399603137,9.93022695183754e-08,-2.0704044943033396e-06,2.0337756723165512e-07,-1.8986320355907083e-06,2.069980837404728e-06,-1.2248335679032607e-09,-1.6313197193085216e-06,1.7012396824611642e-07,1.9007459570730134e-06
tau4_r35_o37_h05,checkpoint_total,L-F,10678.592376290439,21291.535692953683,65.64905961428303,65.64906090416207,1.4400575309991837e-07,0.0,7.450580596923828e-09,1.817898009903729e-08,0.0,-9.512746146356221e-11,-1.2898790373583324e-06,1.8083852637573727e-08,1.4519686430958245e-06
tau4_r35_o73_h1,pre_onset,S-F,3.846448578405585e-08,3.846448578405585e-08,0.0,0.0,0.0,0.0,0.0,0.0,0.0,0.0,0.0,0.0,0.0
tau4_r35_o73_h1,pre_onset,S-L,0.0,0.0,0.0,0.0,0.0,0.0,0.0,0.0,0.0,0.0,0.0,0.0,0.0
tau4_r35_o73_h1,pre_onset,L-F,3.846448578405585e-08,3.846448578405585e-08,0.0,0.0,0.0,0.0,0.0,0.0,0.0,0.0,0.0,0.0,0.0
tau4_r35_o73_h1,service,S-F,3635.9482264133276,7136.998587608252,134.8976652597048,134.71813185805763,-5.573383532464504e-09,-22.892763104272166,0.1817325966694625,-22.71103050639067,22.89276310455898,-0.0021867857418271797,0.17953340164717702,0.1795458124264826,1.24052059220503e-05
tau4_r35_o73_h1,service,S-L,14249.919064059057,28430.64244111038,69.19548693005345,69.0243079382841,-1.5221303328871727e-08,-22.892763104272166,0.17331585456850007,-22.719447251260135,22.89276310455898,-0.0021320579682253538,0.17117899176935225,0.17118379533062011,4.788339964534316e-06
tau4_r35_o73_h1,service,L-F,10680.002465906986,21294.302753603297,65.70217832965136,65.69382391977354,9.647919796407223e-09,0.0,0.008416742100962438,0.00841674486946431,0.0,-5.47277736018259e-05,0.008354409877824764,0.008362017095862484,7.616865957515984e-06
tau4_r35_o73_h1,recovery,S-F,0.034602800523093905,0.2514615234154599,-0.18205591168953106,-0.002517643636565481,-1.50932464748621e-07,22.892597070123596,-0.18172446999233216,22.71087256163446,-22.89259706935991,0.0021867188912381152,-0.17953826805296558,-0.17953778883421023,3.282862905962247e-07
tau4_r35_o73_h1,recovery,S-L,0.03270910257233772,0.23919656446378798,-0.1735782790929079,-0.002400997040240327,-8.41100700199604e-08,22.892597070123596,-0.17330874665640295,22.719288280226465,-22.89259706935991,0.0021319977859661776,-0.17117728205266758,-0.17117679134747732,4.0659512023921707e-07
tau4_r35_o73_h1,recovery,L-F,0.001893743287806865,0.012265049625773263,-0.008477632596623152,-0.00011664659632515395,-6.682239472866058e-08,0.0,-0.008415723335929215,-0.00841571859200485,0.0,5.472110527193763e-05,-0.008360986000297999,-0.008360997486732913,-7.830882964299235e-08
tau4_r35_o73_h1,post_deadline,S-F,0.0,7.932869544602024e-06,-7.974449545145035e-06,-1.0913163350778632e-07,4.895264282822609e-08,0.0001639759027682628,-7.877533789724112e-06,0.00015608840476488695,-0.0001639745314605534,6.46992930342094e-08,-7.865317911637248e-06,-7.821427402632253e-06,9.284315183322178e-08
tau4_r35_o73_h1,post_deadline,S-L,0.0,6.9364246265031625e-06,-6.9577363319695e-06,-9.53414200921543e-08,9.89530235528946e-10,0.0001639759027682628,-6.888876669108868e-06,0.00015707736383774318,-0.0001639745314605534,5.87093609283329e-08,-6.862394911877345e-06,-6.838458261881897e-06,2.492618023097748e-08
tau4_r35_o73_h1,post_deadline,L-F,1.2791831977668308e-09,9.990032844943961e-07,-1.0167132131755352e-06,-1.3790213415632024e-08,4.7963112592697144e-08,0.0,-9.88657120615244e-07,-9.889590728562325e-07,0.0,5.989932105876505e-09,-1.0029229997599032e-06,-9.82969140750356e-07,6.79169716022443e-08
tau4_r35_o73_h1,onset_total,S-F,3635.9828292138504,7137.250057064536,134.71560137358028,134.71561410528966,-1.0756775736808777e-07,-2.0582458014065013e-06,2.491287887096405e-07,-1.8563514458946884e-06,2.060667611658573e-06,-2.15129603020614e-09,-1.2731709375657374e-05,2.0216486973367864e-07,1.2826306488022965e-05
tau4_r35_o73_h1,onset_total,S-L,14249.951773161629,28430.881644611265,69.0219016931951,69.02190684590278,-9.837094694375992e-08,-2.0582458014065013e-06,2.1897722035646439e-07,-1.8936698324978352e-06,2.060667611658573e-06,-1.4728982478118269e-09,-5.1527076720958576e-06,1.6552488091292616e-07,5.219861606065024e-06
tau4_r35_o73_h1,onset_total,L-F,10680.004359651552,21294.31501965192,65.69369968038518,65.69370725938688,-9.19681042432785e-09,0.0,3.015156835317612e-08,3.731838660314679e-08,0.0,-6.783977823943133e-10,-7.5790017035615165e-06,3.663998882075248e-08,7.606444881957941e-06
tau4_r35_o73_h1,checkpoint_total,S-F,3635.9828292523152,7137.2500571030005,134.71560137358028,134.71561410528966,-1.0756775736808777e-07,-2.0582458014065013e-06,2.491287887096405e-07,-1.8563514458946884e-06,2.060667611658573e-06,-2.15129603020614e-09,-1.2731709375657374e-05,2.0216486973367864e-07,1.2826306488022965e-05
tau4_r35_o73_h1,checkpoint_total,S-L,14249.951773161629,28430.881644611265,69.0219016931951,69.02190684590278,-9.837094694375992e-08,-2.0582458014065013e-06,2.1897722035646439e-07,-1.8936698324978352e-06,2.060667611658573e-06,-1.4728982478118269e-09,-5.1527076720958576e-06,1.6552488091292616e-07,5.219861606065024e-06
tau4_r35_o73_h1,checkpoint_total,L-F,10680.004359690016,21294.315019690384,65.69369968038518,65.69370725938688,-9.19681042432785e-09,0.0,3.015156835317612e-08,3.731838660314679e-08,0.0,-6.783977823943133e-10,-7.5790017035615165e-06,3.663998882075248e-08,7.606444881957941e-06
tau4_r35_o73_h05,pre_onset,S-F,3.861406468785757e-08,3.861406468785757e-08,0.0,0.0,0.0,0.0,0.0,0.0,0.0,0.0,0.0,0.0,0.0
tau4_r35_o73_h05,pre_onset,S-L,0.0,0.0,0.0,0.0,0.0,0.0,0.0,0.0,0.0,0.0,0.0,0.0,0.0
tau4_r35_o73_h05,pre_onset,L-F,3.861406468785757e-08,3.861406468785757e-08,0.0,0.0,0.0,0.0,0.0,0.0,0.0,0.0,0.0,0.0,0.0
tau4_r35_o73_h05,service,S-F,3635.948235024747,7136.998576592547,134.89769350120332,134.7181520436436,-1.6705598682165146e-08,-22.892747272426508,0.18173084074805956,-22.71101642886424,22.892747272264387,-0.0021868010838090868,0.17954145755970785,0.17954404231633703,2.5680510304937343e-06
tau4_r35_o73_h05,service,S-L,14249.919088000788,28430.64246446616,69.19551145847072,69.02432807887124,-1.0157236829400063e-08,-22.892747272426508,0.17331735798506998,-22.719429916709487,22.892747272264387,-0.0021320738209453793,0.1711833795994835,0.17118528173395475,1.8919772344361263e-06
tau4_r35_o73_h05,service,L-F,10680.002486198178,21294.30279047483,65.7021820427326,65.69382396477238,-6.548361852765083e-09,0.0,0.008413482762989588,0.008413487845245982,0.0,-5.472726286370744e-05,0.008358077960224364,0.008358760582382274,6.76073796057608e-07
tau4_r35_o73_h05,recovery,S-F,0.03460276327973698,0.25145929617450113,-0.18205377249978483,-0.0025175983018925763,-1.507578417658806e-08,22.892581236800595,-0.18172274850076064,22.71085848272196,-22.892581237603736,0.002186734155600334,-0.17953617419789225,-0.17953602072617514,1.3839593293596408e-07
tau4_r35_o73_h05,recovery,S-L,0.03270950385085307,0.23919851460209346,-0.1735794318956323,-0.0024009969506550988,-1.568114385008812e-07,22.892581236800595,-0.17331029067281634,22.7192709448027,-22.892581237603736,0.0021320133828908183,-0.1711784349449772,-0.17117827941814312,-1.2846044228354003e-09
tau4_r35_o73_h05,recovery,L-F,0.0018933038594317623,0.012260870433503459,-0.00847434060415253,-0.0001166013512374775,1.4173565432429314e-07,0.0,-0.008412457827944309,-0.008412462080741534,0.0,5.4720772709515586e-05,-0.008357739252915053,-0.008357741308032018,1.3968053735879948e-07
tau4_r35_o73_h05,post_deadline,S-F,0.0,7.92147839895917e-06,-7.931084837764502e-06,-1.0873645805986598e-07,1.8533319234848022e-07,0.00016396840162258416,-7.862807251513004e-06,0.00015608959438395686,-0.00016396899445680901,6.483580250460363e-08,-7.822348379704636e-06,-7.814564270347546e-06,1.9311730170556984e-07
tau4_r35_o73_h05,post_deadline,S-L,0.0,6.920148791279661e-06,-6.9275847636163235e-06,-9.484574547968805e-08,2.3213215172290802e-07,0.00016396840162258416,-6.861984729766846e-06,0.0001570827662362717,-0.00016396899445680901,5.8152636484010145e-08,-6.832739018136635e-06,-6.828075584053295e-06,2.367955858062487e-07
tau4_r35_o73_h05,post_deadline,L-F,7.702111033721554e-10,1.0028700298862552e-06,-1.003500074148178e-06,-1.3890712580177933e-08,-4.6798959374427795e-08,0.0,-1.0008225217461586e-06,-9.931718523148447e-07,0.0,6.6831660205934895e-09,-9.896093615680002e-07,-9.864886862942512e-07,-4.3678284100678866e-08
tau4_r35_o73_h05,onset_total,S-F,3635.9828377880276,7137.250043810199,134.7156317975605,134.7156343366055,1.5355180948972702e-07,-2.0672242910362386e-06,2.2945459932088852e-07,-1.8565478967502713e-06,2.065666194539517e-06,-2.092406248266343e-09,-2.5390449991391506e-06,2.070258915409795e-07,2.899622700169857e-06
tau4_r35_o73_h05,onset_total,S-L,14249.951797504638,28430.881669900915,69.02192509896122,69.02192698707495,6.51925802230835e-08,-2.0672242910362386e-06,2.05356627702713e-07,-1.889140548883006e-06,2.065666194539517e-06,-2.2854180770082166e-09,-1.8881137293647043e-06,1.7424022757950297e-07,2.127546537167291e-06
tau4_r35_o73_h05,onset_total,L-F,10680.004379502809,21294.315052348127,65.69370669859927,65.69370734953054,8.835922926664352e-08,0.0,2.4097971618175507e-08,3.2592652132734656e-08,0.0,1.9301182874187361e-10,-6.509312697744463e-07,3.278566396147653e-08,7.720761630025663e-07
tau4_r35_o73_h05,checkpoint_total,S-F,3635.9828378266416,7137.250043848813,134.7156317975605,134.7156343366055,1.5355180948972702e-07,-2.0672242910362386e-06,2.2945459932088852e-07,-1.8565478967502713e-06,2.065666194539517e-06,-2.092406248266343e-09,-2.5390449991391506e-06,2.070258915409795e-07,2.899622700169857e-06
tau4_r35_o73_h05,checkpoint_total,S-L,14249.951797504638,28430.881669900915,69.02192509896122,69.02192698707495,6.51925802230835e-08,-2.0672242910362386e-06,2.05356627702713e-07,-1.889140548883006e-06,2.065666194539517e-06,-2.2854180770082166e-09,-1.8881137293647043e-06,1.7424022757950297e-07,2.127546537167291e-06
tau4_r35_o73_h05,checkpoint_total,L-F,10680.004379541422,21294.31505238674,65.69370669859927,65.69370734953054,8.835922926664352e-08,0.0,2.4097971618175507e-08,3.2592652132734656e-08,0.0,1.9301182874187361e-10,-6.509312697744463e-07,3.278566396147653e-08,7.720761630025663e-07
tau6_r25_o37_h1,pre_onset,S-F,0.0,0.03624443210497016,-0.07127447486410432,-0.0009778157834700596,3.552713678800501e-15,0.0,0.852030674272001,0.8520306742721004,0.0,-0.9223273265929208,-0.07029665908063426,-0.07029665232082039,6.759817428036996e-09
tau6_r25_o37_h1,pre_onset,S-L,0.0,0.1487974204737283,-0.11689431605930167,-0.0016052189749029278,1.0658141036401503e-14,0.0,1.4176650155913855,1.4176650156186952,0.0,-1.5329540919475448,-0.11528909708439875,-0.11528907632884966,2.0755559743124152e-08
tau6_r25_o37_h1,pre_onset,L-F,0.11255298836875813,0.11255298836875813,0.04561984119519735,0.0006274031914328682,-7.105427357601002e-15,0.0,-0.5656343413193845,-0.5656343413465947,0.0,0.610626765354624,0.044992438003764484,0.044992424008029275,-1.3995742315087156e-08
tau6_r25_o37_h1,service,S-F,3635.7994568586896,7136.631068312205,135.00135434216645,134.62427149091798,-1.9354047253727913e-09,-281.4535455316981,-0.6171389382361667,-282.0706844659071,281.4535455334044,0.9942452195885778,0.37708285124847407,0.3771062870858657,2.3433901986891215e-05
tau6_r25_o37_h1,service,S-L,14248.670344468619,28427.94604424822,69.36122030146362,68.97533341768724,-2.3283064365386963e-09,-281.4535455316981,-1.2189331549598137,-282.67247868576305,281.4535455334044,1.6048338734186984,0.38588688377637936,0.3859007210600396,1.3834955353786427e-05
tau6_r25_o37_h1,service,L-F,10678.474755995077,21291.376311273998,65.64013404070283,65.64893807323074,3.92901711165905e-10,0.0,0.601794216723647,0.6017942198559467,0.0,-0.6105886538301206,-0.008804032527905292,-0.008794433974173899,9.598946633104788e-06
tau6_r25_o37_h1,recovery,S-F,0.08554861600729513,0.4841871990917831,-0.31156884966185316,-0.0046915500051909476,-7.03730620443821e-08,281.4503945098959,-0.2349393303738907,281.2154551727144,-281.4503945107572,-0.07191678912076327,-0.3068772996566622,-0.3068561271635133,2.110212008687995e-05
tau6_r25_o37_h1,recovery,S-L,0.08225445660263264,0.4408965114687249,-0.274866325838957,-0.004186856281194196,-3.4691765904426575e-08,281.4503945098959,-0.19877957669086754,281.25161491675317,-281.4503945107572,-0.07187867774899814,-0.2706794695577628,-0.27065827175300683,2.116311299005247e-05
tau6_r25_o37_h1,recovery,L-F,0.005047814772088589,0.04679799835791037,-0.03670252382289618,-0.0005046937239967519,-3.568129613995552e-08,0.0,-0.036159753683023155,-0.03615974403874134,0.0,-3.811137176512602e-05,-0.03619783009889943,-0.03619785541050646,-6.099290317251871e-08
tau6_r25_o37_h1,post_deadline,S-F,4.5415145636419995e-05,4.5415145636419995e-05,4.540488589555025e-05,6.199534254847094e-07,-4.423782229423523e-09,0.0031210332111779584,4.591303877532482e-05,0.003166930950101232,-0.003121033951174468,-1.0841299911135138e-06,4.478493247006554e-05,4.481286893565084e-05,2.3512683355875197e-08
tau6_r25_o37_h1,post_deadline,S-L,4.5533944775699866e-05,4.5533944775699866e-05,4.552770406007767e-05,6.216491783561651e-07,-1.2747477740049362e-08,0.0031210332111779584,4.6027416829019785e-05,0.0031670470161770936,-0.003121033951174468,-1.083719325833954e-06,4.49060548817215e-05,4.4929345676791854e-05,1.054331733030267e-08
tau6_r25_o37_h1,post_deadline,L-F,5.181834567338178e-09,1.291628084145499e-07,-1.2281816452741623e-07,-1.6957528714556247e-09,8.32369551062584e-09,0.0,-1.1437805369496346e-07,-1.1606607586145401e-07,0.0,-4.106652795599075e-10,-1.211224116559606e-07,-1.1647674114101392e-07,1.2969366025572526e-08
tau6_r25_o37_h1,onset_total,S-F,3635.8850508898413,7137.115300926442,134.68983089737594,134.61958056086632,-7.671769708395004e-08,-2.9988591078966894e-05,-0.8520323554985225,-0.8520623622425774,2.998869604198262e-05,0.9223273463378234,0.07025033650961632,0.07029497279128805,4.4559563974644334e-05
tau6_r25_o37_h1,onset_total,S-L,14248.75264445917,28428.386986293634,69.08639950328507,68.97114718305511,-4.9709342420101166e-08,-2.9988591078966894e-05,-1.4176667041610926,-1.4176967219937069,2.998869604198262e-05,1.5329541119503745,0.11525232022995624,0.11528737865270955,3.500871341088896e-05
tau6_r25_o37_h1,onset_total,L-F,10678.479803815033,21291.423109401512,65.60343139409088,65.64843337781122,-2.7008354663848877e-08,0.0,0.5656343486625701,0.5656343597511295,0.0,-0.610626765612551,-0.04500198372033992,-0.0449924058614215,9.550850563755375e-06
tau6_r25_o37_h1,checkpoint_total,S-F,3635.8850508898413,7137.151545358547,134.61855642253067,134.61860274508263,-7.671769708395004e-08,-2.9988591078966894e-05,-1.6812700778245926e-06,-3.168797047692351e-05,2.998869604198262e-05,1.974490260181483e-08,-4.632255195247126e-05,-1.6795295323390746e-06,4.4566304723048233e-05
tau6_r25_o37_h1,checkpoint_total,S-L,14248.75264445917,28428.535783714105,68.96950518724043,68.96954196408024,-4.9709342420101166e-08,-2.9988591078966894e-05,-1.6886042430996895e-06,-3.170637501170859e-05,2.998869604198262e-05,2.0002829614895745e-08,-3.6776839806407224e-05,-1.6976761401110707e-06,3.502945432387605e-05
tau6_r25_o37_h1,checkpoint_total,L-F,10678.592356803401,21291.53566238988,65.64905123529024,65.64906078100239,-2.7008354663848877e-08,0.0,7.334165275096893e-09,1.8404534785076976e-08,0.0,-2.5792701308091637e-10,-9.545712146064034e-06,1.814660777199606e-08,9.536850399172181e-06
tau6_r25_o37_h05,pre_onset,S-F,0.0,0.03624433807213541,-0.07127447111855645,-0.000977817056943664,-4.973799150320701e-14,0.0,0.8520306417777839,0.8520306417849497,0.0,-0.922327294092355,-0.07029665406161278,-0.07029665230740534,1.7541577079782655e-09
tau6_r25_o37_h05,pre_onset,S-L,0.0,0.14879731848599664,-0.11689430530210032,-0.0016052229036423171,-4.618527782440651e-14,0.0,1.417664983908363,1.417664983906434,0.0,-1.5329540627755875,-0.115289082398458,-0.11528907886915363,3.5292581912482746e-09
tau6_r25_o37_h05,pre_onset,L-F,0.11255298041386123,0.11255298041386123,0.04561983418354387,0.0006274058466986532,-3.552713678800501e-15,0.0,-0.5656343421305792,-0.5656343421214842,0.0,0.6106267686832325,0.04499242833684522,0.04499242656174829,-1.775100483270009e-09
tau6_r25_o37_h05,service,S-F,3635.799469082705,7136.631059150372,135.0013880473707,134.6242887104704,-2.2657332010567188e-08,-281.45353329407635,-0.6171419895981671,-282.0706752851038,281.45353329642967,0.9942451640046386,0.37709933690030084,0.37710317533051807,3.815772885218394e-06
tau6_r25_o37_h05,service,S-L,14248.670372902983,28427.94607164394,69.36124986472714,68.9753505757119,-1.3693352229893208e-08,-281.45353329407635,-1.218931984520168,-282.6724652824014,281.45353329642967,1.6048338205318373,0.3858992890152422,0.38590183456011573,2.531851521325734e-06
tau6_r25_o37_h05,service,L-F,10678.474776108615,21291.376347364218,65.64013818264357,65.64893813475851,-8.96397978067398e-09,0.0,0.6017899949220009,0.6017899972976011,0.0,-0.6105886565271987,-0.008799952114941334,-0.00879865922959766,1.2839213638926594e-06
tau6_r25_o37_h05,recovery,S-F,0.08556205756605595,0.48419322610133886,-0.3115480490378104,-0.004692336205152969,1.3969838619232178e-09,281.45038227421713,-0.2349362566601485,281.215446025657,-281.4503822728293,-0.07191676592523777,-0.30685571283265745,-0.30685301309753754,2.701132103766213e-06
tau6_r25_o37_h05,recovery,S-L,0.08226822399339359,0.4409074688890209,-0.27484976209234446,-0.0041877013700286625,-1.4260876923799515e-07,281.45038227421713,-0.1987807353725657,281.25160154729747,-281.4503822728293,-0.07187865364443269,-0.2706620607223158,-0.2706593791762657,2.5389372808604094e-06
tau6_r25_o37_h05,recovery,L-F,0.005047194667585585,0.04679247940216451,-0.03669828694546595,-0.0005046348351243068,1.4400575309991837e-07,0.0,-0.036155521287582815,-0.03615552164046676,0.0,-3.8112280805080445e-05,-0.036193652110341645,-0.03619363392127184,1.6219482290580345e-07
tau6_r25_o37_h05,post_deadline,S-F,4.541827556164961e-05,4.541827556164961e-05,4.543055547401309e-05,6.201785254233982e-07,-1.5558907762169838e-07,0.0031210299230743873,4.586990689858794e-05,0.0031669300005887635,-0.0031210321249091066,-1.0841818607332243e-06,4.481037694858969e-05,4.481369381892364e-05,-1.5227220728775137e-07
tau6_r25_o37_h05,post_deadline,S-L,4.55344374062263e-05,4.55344374062263e-05,4.5546155888587236e-05,6.217865120561328e-07,-1.6455305740237236e-07,0.0031210299230743873,4.599394742399454e-05,0.0031670453572587576,-0.0031210321249091066,-1.0842115045761602e-06,4.4924369376531104e-05,4.4929020845074774e-05,-1.5990158885870187e-07
tau6_r25_o37_h05,post_deadline,L-F,6.7441025748846926e-09,1.2965004972647924e-07,-1.1560041457414627e-07,-1.6079866327345371e-09,8.96397978067398e-09,0.0,-1.2404052540659904e-07,-1.1535666999407113e-07,0.0,2.964384293591138e-11,-1.1399242794141173e-07,-1.1532702615113521e-07,7.6293815709505e-09
tau6_r25_o37_h05,onset_total,S-F,3635.8850765585466,7137.115297794751,134.68988542887382,134.61959699444378,-1.7683487385511398e-07,-2.9989936167454982e-05,-0.8520323763368651,-0.8520623294461984,2.999147545779124e-05,0.9223273138975401,0.07028843443004007,0.07029497592679945,6.364661885527312e-06
tau6_r25_o37_h05,onset_total,S-L,14248.752686661415,28428.387024647258,69.08644564880524,68.97116349612861,-3.2084062695503235e-07,-2.9989936167454982e-05,-1.4176667259307578,-1.4176966897466627,2.999147545779124e-05,1.5329540826759,0.11528215267662745,0.1152873844046951,4.910887440701117e-06
tau6_r25_o37_h05,onset_total,L-F,10678.479823310026,21291.42313997327,65.60343978006858,65.64843349831517,1.4400575309991837e-07,0.0,0.5656343495938927,0.5656343603004643,0.0,-0.61062676877836,-0.04499371824658738,-0.04499240847789565,1.4537744448261947e-06
tau6_r25_o37_h05,checkpoint_total,S-F,3635.8850765585466,7137.151542132823,134.61861095775384,134.6186191773868,-1.7683487385511398e-07,-2.9989936167454982e-05,-1.7345882952213287e-06,-3.168766124872491e-05,2.999147545779124e-05,1.9805185047516716e-08,-8.219632945838384e-06,-1.676380605886152e-06,6.3664174660971184e-06
tau6_r25_o37_h05,checkpoint_total,S-L,14248.752686661415,28428.535821965746,68.96955134347081,68.96955827322472,-3.2084062695503235e-07,-2.9989936167454982e-05,-1.7420388758182526e-06,-3.1705840228823945e-05,2.999147545779124e-05,1.9900312508980278e-08,-6.929753908480052e-06,-1.6944644585237256e-06,4.914448823001294e-06
tau6_r25_o37_h05,checkpoint_total,L-F,10678.592376290439,21291.535692953683,65.64905961428303,65.64906090416207,1.4400575309991837e-07,0.0,7.450580596923828e-09,1.817898009903729e-08,0.0,-9.512746146356221e-11,-1.2898790373583324e-06,1.8083852637573727e-08,1.4519686430958245e-06
tau6_r25_o73_h1,pre_onset,S-F,3.846448578405585e-08,3.846448578405585e-08,0.0,0.0,0.0,0.0,0.0,0.0,0.0,0.0,0.0,0.0,0.0
tau6_r25_o73_h1,pre_onset,S-L,0.0,0.0,0.0,0.0,0.0,0.0,0.0,0.0,0.0,0.0,0.0,0.0,0.0
tau6_r25_o73_h1,pre_onset,L-F,3.846448578405585e-08,3.846448578405585e-08,0.0,0.0,0.0,0.0,0.0,0.0,0.0,0.0,0.0,0.0,0.0
tau6_r25_o73_h1,service,S-F,3635.9223315520417,7136.917708627494,134.9244044394727,134.713719247472,1.506123226135969e-08,-281.4535447545095,0.22259029863926116,-281.2309544545933,281.4535447547023,-0.011883894948738316,0.21068519200071023,0.21070640516026629,2.122822078831632e-05
tau6_r25_o73_h1,service,S-L,14249.85638051894,28430.48798477196,69.22222610982135,69.01989532769846,5.413312464952469e-09,-281.4535447545095,0.21417355653829873,-281.23937119946277,281.4535447547023,-0.01182916717513649,0.20233078212288547,0.2023443880644038,1.3611354830800337e-05
tau6_r25_o73_h1,service,L-F,10680.002465906986,21294.302753603297,65.70217832965136,65.69382391977354,9.647919796407223e-09,0.0,0.008416742100962438,0.00841674486946431,0.0,-5.47277736018259e-05,0.008354409877824764,0.008362017095862484,7.616865957515984e-06
tau6_r25_o73_h1,recovery,S-F,0.07488107679161204,0.36643737404984233,-0.21412513678660616,-0.0033513886069158616,-7.159542292356491e-08,281.4503962204996,-0.2226366485701874,281.22775956095575,-281.45039622225886,0.011884064518397963,-0.2107737481796903,-0.21075259678471525,2.1079799552126133e-05
tau6_r25_o73_h1,recovery,S-L,0.07319033732906717,0.35457833207459294,-0.205647504189983,-0.0032347420105907077,-4.773028194904327e-09,281.4503962204996,-0.21422092523425817,281.23617527954775,-281.45039622225886,0.011829343413126026,-0.2024127621793923,-0.20239159929798234,2.1158108381769125e-05
tau6_r25_o73_h1,recovery,L-F,0.001893743287806865,0.012265049625773263,-0.008477632596623152,-0.00011664659632515395,-6.682239472866058e-08,0.0,-0.008415723335929215,-0.00841571859200485,0.0,5.472110527193763e-05,-0.008360986000297999,-0.008360997486732913,-7.830882964299235e-08
tau6_r25_o73_h1,post_deadline,S-F,4.512035757803834e-05,4.512035757803834e-05,4.511565202847123e-05,6.159471013233997e-07,-2.718297764658928e-08,0.0031185670716292,4.470569547265768e-05,0.003163259785651462,-0.003118567416095175,-1.5862667623878224e-07,4.449970492714783e-05,4.453374288004852e-05,6.854975254100282e-09
tau6_r25_o73_h1,post_deadline,S-L,4.611680249613722e-05,4.611680249613722e-05,4.613236524164677e-05,6.297373147390317e-07,-7.514609023928642e-08,0.0031185670716292,4.5694352593272924e-05,0.0031642487447243184,-0.003118567416095175,-1.6461660834465874e-07,4.5502627926907735e-05,4.551671202079888e-05,-6.106199634814402e-08
tau6_r25_o73_h1,post_deadline,L-F,1.2791831977668308e-09,9.990032844943961e-07,-1.0167132131755352e-06,-1.3790213415632024e-08,4.7963112592697144e-08,0.0,-9.88657120615244e-07,-9.889590728562325e-07,0.0,5.989932105876505e-09,-1.0029229997599032e-06,-9.82969140750356e-07,6.79169716022443e-08
tau6_r25_o73_h1,onset_total,S-F,3635.997257749192,7137.284191121901,134.7103244183818,134.71036847481219,-8.370261639356613e-08,-2.9966938273429157e-05,-1.6442500054836273e-06,-3.1633851904189214e-05,2.9965027351863682e-05,1.0942983408313012e-08,-4.405643039717688e-05,-1.6578815689172188e-06,4.23148462118661e-05
tau6_r25_o73_h1,onset_total,S-L,14249.929616973071,28430.842609220843,69.01662473799661,69.0166612154253,-7.450580596923828e-08,-2.9966938273429157e-05,-1.6744015738368034e-06,-3.167117029079236e-05,2.9965027351863682e-05,1.1621381190707325e-08,-3.6477428693615366e-05,-1.6945215577379713e-06,3.4708401329908156e-05
tau6_r25_o73_h1,onset_total,L-F,10680.004359651552,21294.31501965192,65.69369968038518,65.69370725938688,-9.19681042432785e-09,0.0,3.015156835317612e-08,3.731838660314679e-08,0.0,-6.783977823943133e-10,-7.5790017035615165e-06,3.663998882075248e-08,7.606444881957941e-06
tau6_r25_o73_h1,checkpoint_total,S-F,3635.997257787657,7137.2841911603655,134.7103244183818,134.71036847481219,-8.370261639356613e-08,-2.9966938273429157e-05,-1.6442500054836273e-06,-3.1633851904189214e-05,2.9965027351863682e-05,1.0942983408313012e-08,-4.405643039717688e-05,-1.6578815689172188e-06,4.23148462118661e-05
tau6_r25_o73_h1,checkpoint_total,S-L,14249.929616973071,28430.842609220843,69.01662473799661,69.0166612154253,-7.450580596923828e-08,-2.9966938273429157e-05,-1.6744015738368034e-06,-3.167117029079236e-05,2.9965027351863682e-05,1.1621381190707325e-08,-3.6477428693615366e-05,-1.6945215577379713e-06,3.4708401329908156e-05
tau6_r25_o73_h1,checkpoint_total,L-F,10680.004359690016,21294.315019690384,65.69369968038518,65.69370725938688,-9.19681042432785e-09,0.0,3.015156835317612e-08,3.731838660314679e-08,0.0,-6.783977823943133e-10,-7.5790017035615165e-06,3.663998882075248e-08,7.606444881957941e-06
tau6_r25_o73_h05,pre_onset,S-F,3.861406468785757e-08,3.861406468785757e-08,0.0,0.0,0.0,0.0,0.0,0.0,0.0,0.0,0.0,0.0,0.0
tau6_r25_o73_h05,pre_onset,S-L,0.0,0.0,0.0,0.0,0.0,0.0,0.0,0.0,0.0,0.0,0.0,0.0,0.0
tau6_r25_o73_h05,pre_onset,L-F,3.861406468785757e-08,3.861406468785757e-08,0.0,0.0,0.0,0.0,0.0,0.0,0.0,0.0,0.0,0.0,0.0
tau6_r25_o73_h05,service,S-F,3635.9223427923334,7136.917698083231,134.92443746488425,134.71373642449475,-2.5902409106492996e-08,-281.4535332416178,0.22258815480745398,-281.23094508521535,281.4535332413798,-0.01188391292214419,0.21070104038949466,0.21070424324227588,3.1769503721079673e-06
tau6_r25_o73_h05,service,S-L,14249.856407165273,28430.48800875064,69.22225542215165,69.01991245972238,-1.9354047253727913e-08,-281.4535332416178,0.2141746720444644,-281.2393585730606,281.4535332413798,-0.011829185659280483,0.2023429624292703,0.2023454826598936,2.5008765760503593e-06
tau6_r25_o73_h05,service,L-F,10680.002486198178,21294.30279047483,65.7021820427326,65.69382396477238,-6.548361852765083e-09,0.0,0.008413482762989588,0.008413487845245982,0.0,-5.472726286370744e-05,0.008358077960224364,0.008358760582382274,6.76073796057608e-07
tau6_r25_o73_h05,recovery,S-F,0.0748940561765957,0.3664434505936733,-0.2141052992665209,-0.003352186699885351,8.015194907784462e-08,281.4503847099015,-0.22263453050982207,281.22775019100663,-281.4503847092419,0.01188408248268047,-0.21075311256663554,-0.2107504357526011,2.756965983508053e-06
tau6_r25_o73_h05,recovery,S-L,0.0732033352662008,0.3545877460582436,-0.20563095866236836,-0.0032355853486478736,-6.158370524644852e-08,281.4503847099015,-0.21422207268187776,281.2361626530874,-281.4503847092419,0.011829361709970954,-0.20239537331372048,-0.2023926944445691,2.6172854461492534e-06
tau6_r25_o73_h05,recovery,L-F,0.0018933038594317623,0.012260870433503459,-0.00847434060415253,-0.0001166013512374775,1.4173565432429314e-07,0.0,-0.008412457827944309,-0.008412462080741534,0.0,5.4720772709515586e-05,-0.008357739252915053,-0.008357741308032018,1.3968053735879948e-07
tau6_r25_o73_h05,post_deadline,S-F,4.5125959946424826e-05,4.5125959946424826e-05,4.5141205191612244e-05,6.16206307313405e-07,-1.264270395040512e-07,0.0031185623500680376,4.467734834179282e-05,0.0031632589707442094,-0.003118564738542773,-1.5796774732734775e-07,4.452499888429884e-05,4.453626445410919e-05,-1.1516146969370311e-07
tau6_r25_o73_h05,post_deadline,S-L,4.612728955410433e-05,4.612728955410433e-05,4.614470526576042e-05,6.300970198935829e-07,-7.962808012962341e-08,0.0031185623500680376,4.567817086353898e-05,0.003164252142596524,-0.003118564738542773,-1.6465091334794124e-07,4.551460824586684e-05,4.552275314040344e-05,-7.148318559302425e-08
tau6_r25_o73_h05,post_deadline,L-F,7.702111033721554e-10,1.0028700298862552e-06,-1.003500074148178e-06,-1.3890712580177933e-08,-4.6798959374427795e-08,0.0,-1.0008225217461586e-06,-9.931718523148447e-07,0.0,6.6831660205934895e-09,-9.896093615680002e-07,-9.864886862942512e-07,-4.3678284100678866e-08
tau6_r25_o73_h05,onset_total,S-F,3635.9972819744703,7137.284186659783,134.71037730679382,134.7103848540014,-7.217749953269958e-08,-2.9969366177766027e-05,-1.698383130133152e-06,-3.1635237974114716e-05,2.9967399314045906e-05,1.1592788951020339e-08,-7.5472075877769385e-06,-1.6562458711177896e-06,5.818784217126449e-06
tau6_r25_o73_h05,onset_total,S-L,14249.929656627826,28430.842642623982,69.01667060819454,69.01667750447086,-1.605367287993431e-07,-2.9969366177766027e-05,-1.7224811017513275e-06,-3.166783062624745e-05,2.9967399314045906e-05,1.1399777122278465e-08,-6.896276318002492e-06,-1.6890315350792662e-06,5.046708054123883e-06
tau6_r25_o73_h05,onset_total,L-F,10680.004379502809,21294.315052348127,65.69370669859927,65.69370734953054,8.835922926664352e-08,0.0,2.4097971618175507e-08,3.2592652132734656e-08,0.0,1.9301182874187361e-10,-6.509312697744463e-07,3.278566396147653e-08,7.720761630025663e-07
tau6_r25_o73_h05,checkpoint_total,S-F,3635.9972820130847,7137.284186698396,134.71037730679382,134.7103848540014,-7.217749953269958e-08,-2.9969366177766027e-05,-1.698383130133152e-06,-3.1635237974114716e-05,2.9967399314045906e-05,1.1592788951020339e-08,-7.5472075877769385e-06,-1.6562458711177896e-06,5.818784217126449e-06
tau6_r25_o73_h05,checkpoint_total,S-L,14249.929656627826,28430.842642623982,69.01667060819454,69.01667750447086,-1.605367287993431e-07,-2.9969366177766027e-05,-1.7224811017513275e-06,-3.166783062624745e-05,2.9967399314045906e-05,1.1399777122278465e-08,-6.896276318002492e-06,-1.6890315350792662e-06,5.046708054123883e-06
tau6_r25_o73_h05,checkpoint_total,L-F,10680.004379541422,21294.31505238674,65.69370669859927,65.69370734953054,8.835922926664352e-08,0.0,2.4097971618175507e-08,3.2592652132734656e-08,0.0,1.9301182874187361e-10,-6.509312697744463e-07,3.278566396147653e-08,7.720761630025663e-07
tau6_r35_o37_h1,pre_onset,S-F,0.0,0.03624443210497016,-0.07127447486410432,-0.0009778157834700596,3.552713678800501e-15,0.0,0.852030674272001,0.8520306742721004,0.0,-0.9223273265929208,-0.07029665908063426,-0.07029665232082039,6.759817428036996e-09
tau6_r35_o37_h1,pre_onset,S-L,0.0,0.1487974204737283,-0.11689431605930167,-0.0016052189749029278,1.0658141036401503e-14,0.0,1.4176650155913855,1.4176650156186952,0.0,-1.5329540919475448,-0.11528909708439875,-0.11528907632884966,2.0755559743124152e-08
tau6_r35_o37_h1,pre_onset,L-F,0.11255298836875813,0.11255298836875813,0.04561984119519735,0.0006274031914328682,-7.105427357601002e-15,0.0,-0.5656343413193845,-0.5656343413465947,0.0,0.610626765354624,0.044992438003764484,0.044992424008029275,-1.3995742315087156e-08
tau6_r35_o37_h1,service,S-F,3635.9270737401794,7136.888341712294,135.00091839440574,134.62700046456064,5.195033736526966e-09,14.406309846214457,-0.5450249454588629,13.861284905560751,-14.406309848367528,0.9189570310096258,0.3739179298451063,0.3739320882028494,1.4163552776835786e-05
tau6_r35_o37_h1,service,S-L,14248.797835465015,28428.203065878122,69.36078435370291,68.9780623913299,4.802132025361061e-09,14.406309846214457,-1.14681916218251,13.259490685704804,-14.406309848367528,1.5295456848397464,0.3827219623730116,0.3827265221770233,4.564606143730998e-06
tau6_r35_o37_h1,service,L-F,10678.474755995077,21291.376311273998,65.64013404070283,65.64893807323074,3.92901711165905e-10,0.0,0.601794216723647,0.6017942198559467,0.0,-0.6105886538301206,-0.008804032527905292,-0.008794433974173899,9.598946633104788e-06
tau6_r35_o37_h1,recovery,S-F,0.05927394970843461,0.42632059503182207,-0.3078552451916039,-0.00423309298366803,-5.745096132159233e-08,-14.40633450155125,-0.3069925549789332,-14.713327071509411,14.40633450174937,0.003370207330874564,-0.30362215220793587,-0.3036223624291665,-2.6767219196699443e-07
tau6_r35_o37_h1,recovery,S-L,0.05468414843102898,0.38043862366327763,-0.2711527213687077,-0.003728399259671278,-2.176966518163681e-08,-14.40633450155125,-0.27083280129591003,-14.67716732747067,14.40633450174937,0.00340831870263969,-0.26742432210903644,-0.26742450701866005,-2.0667928879447572e-07
tau6_r35_o37_h1,recovery,L-F,0.005047814772088589,0.04679799835791037,-0.03670252382289618,-0.0005046937239967519,-3.568129613995552e-08,0.0,-0.036159753683023155,-0.03615974403874134,0.0,-3.811137176512602e-05,-0.03619783009889943,-0.03619785541050646,-6.099290317251871e-08
tau6_r35_o37_h1,post_deadline,S-F,0.0,1.2945906280190763e-05,-1.2972974218428135e-05,-1.77519723365549e-07,1.4994293451309204e-07,2.4425762133452655e-05,-1.284462632611394e-05,1.157084625447169e-05,-2.4417349777650088e-05,8.603328183198755e-08,-1.2795454495062586e-05,-1.2760470241346411e-05,1.849271882292669e-07
tau6_r35_o37_h1,post_deadline,S-L,0.0,1.2827107140910885e-05,-1.2850156053900719e-05,-1.7582397049409337e-07,1.416192390024662e-07,2.4425762133452655e-05,-1.2730248272418976e-05,1.1686912330333143e-05,-2.4417349777650088e-05,8.644394711154746e-08,-1.2674332083406625e-05,-1.2643993500205397e-05,1.7195782220369438e-07
tau6_r35_o37_h1,post_deadline,L-F,5.181834567338178e-09,1.291628084145499e-07,-1.2281816452741623e-07,-1.6957528714556247e-09,8.32369551062584e-09,0.0,-1.1437805369496346e-07,-1.1606607586145401e-07,0.0,-4.106652795599075e-10,-1.211224116559606e-07,-1.1647674114101392e-07,1.2969366025572526e-08
tau6_r35_o37_h1,onset_total,S-F,3635.9863476898877,7137.314675253231,134.69305017625447,134.62276719405736,9.767245501279831e-08,-2.2957465835654962e-07,-0.8520303450059146,-0.8520305951024056,2.3603206500411034e-07,0.9223273243737822,0.0702829821971136,0.07029696530344154,1.408077878295444e-05
tau6_r35_o37_h1,onset_total,S-L,14248.852519613447,28428.5835173289,69.0896187821636,68.97433381624614,1.2468080967664719e-07,-2.2957465835654962e-07,-1.4176646936684847,-1.4176649548535352,2.3603206500411034e-07,1.5329540899863332,0.11528496591745352,0.11528937116486304,4.529928219199064e-06
tau6_r35_o37_h1,onset_total,L-F,10678.479803815033,21291.423109401512,65.60343139409088,65.64843337781122,-2.7008354663848877e-08,0.0,0.5656343486625701,0.5656343597511295,0.0,-0.610626765612551,-0.04500198372033992,-0.0449924058614215,9.550850563755375e-06
tau6_r35_o37_h1,checkpoint_total,S-F,3635.9863476898877,7137.3509196853365,134.6217757014092,134.62178937827366,9.767245501279831e-08,-2.2957465835654962e-07,3.2922253012657166e-07,7.916969479992986e-08,2.3603206500411034e-07,-2.2191386506165145e-09,-1.3676864455192117e-05,3.129826211534237e-07,1.4087519531358339e-05
tau6_r35_o37_h1,checkpoint_total,S-L,14248.852519613447,28428.732314749373,68.97272446611896,68.97272859727127,1.2468080967664719e-07,-2.2957465835654962e-07,3.2188836485147476e-07,6.076516001485288e-08,2.3603206500411034e-07,-1.961211637535598e-09,-4.131152309128083e-06,2.948360133814276e-07,4.550669132186158e-06
tau6_r35_o37_h1,checkpoint_total,L-F,10678.592356803401,21291.53566238988,65.64905123529024,65.64906078100239,-2.7008354663848877e-08,0.0,7.334165275096893e-09,1.8404534785076976e-08,0.0,-2.5792701308091637e-10,-9.545712146064034e-06,1.814660777199606e-08,9.536850399172181e-06
tau6_r35_o37_h05,pre_onset,S-F,0.0,0.03624433807213541,-0.07127447111855645,-0.000977817056943664,-4.973799150320701e-14,0.0,0.8520306417777839,0.8520306417849497,0.0,-0.922327294092355,-0.07029665406161278,-0.07029665230740534,1.7541577079782655e-09
tau6_r35_o37_h05,pre_onset,S-L,0.0,0.14879731848599664,-0.11689430530210032,-0.0016052229036423171,-4.618527782440651e-14,0.0,1.417664983908363,1.417664983906434,0.0,-1.5329540627755875,-0.115289082398458,-0.11528907886915363,3.5292581912482746e-09
tau6_r35_o37_h05,pre_onset,L-F,0.11255298041386123,0.11255298041386123,0.04561983418354387,0.0006274058466986532,-3.552713678800501e-15,0.0,-0.5656343421305792,-0.5656343421214842,0.0,0.6106267686832325,0.04499242833684522,0.04499242656174829,-1.775100483270009e-09
tau6_r35_o37_h05,service,S-F,3635.9270831173444,7136.8883314020295,135.0009475487459,134.62702082808278,-6.417394615709782e-09,14.406313859769057,-0.5450269014691003,13.861286961000587,-14.406313861793024,0.9189569829131017,0.37392672066312116,0.3739300821206655,3.355040149699562e-06
tau6_r35_o37_h05,service,S-L,14248.79786104567,28428.20309211169,69.36080936610233,68.97808269332427,2.546585164964199e-09,14.406313859769057,-1.1468168963911012,13.259496963702986,-14.406313861793024,1.5295456394403004,0.3827266727780625,0.38272874135026314,2.0711187858069025e-06
tau6_r35_o37_h05,service,L-F,10678.474776108615,21291.376347364218,65.64013818264357,65.64893813475851,-8.96397978067398e-09,0.0,0.6017899949220009,0.6017899972976011,0.0,-0.6105886565271987,-0.008799952114941334,-0.00879865922959766,1.2839213638926594e-06
tau6_r35_o37_h05,recovery,S-F,0.05927386146665,0.42631853382412177,-0.30785341013688594,-0.004233067559653136,1.949956640601158e-08,-14.406338512621256,-0.30699056381126866,-14.713329095899098,14.406338516128017,0.003370222820052504,-0.3036203425772328,-0.3036203569510292,5.1257700306450715e-09
tau6_r35_o37_h05,recovery,S-L,0.0546846501853598,0.38044202119454795,-0.27115512319142,-0.0037284327245288296,-1.2450618669390678e-07,-14.406338512621256,-0.27083504252368584,-14.677173574258632,14.406338516128017,0.0034083351008575846,-0.26742669046689116,-0.26742672302975734,-1.5706905287515838e-07
tau6_r35_o37_h05,recovery,L-F,0.005047194667585585,0.04679247940216451,-0.03669828694546595,-0.0005046348351243068,1.4400575309991837e-07,0.0,-0.036155521287582815,-0.03615552164046676,0.0,-3.8112280805080445e-05,-0.036193652110341645,-0.03619363392127184,1.6219482290580345e-07
tau6_r35_o37_h05,post_deadline,S-F,0.0,1.2927734367549491e-05,-1.2980133760720491e-05,-1.7728189050103538e-07,2.412707544863224e-07,2.4419298098606846e-05,-1.2829434126615524e-05,1.15838302008342e-05,-2.4374749045819044e-05,8.40457516915194e-08,-1.2802851870219456e-05,-1.2706873093293325e-05,3.372495314124535e-07
tau6_r35_o37_h05,post_deadline,S-L,0.0,1.2811572522972781e-05,-1.2864533346146345e-05,-1.7567390386830084e-07,2.3230677470564842e-07,2.4419298098606846e-05,-1.2705393601208925e-05,1.1699186870828271e-05,-2.4374749045819044e-05,8.401610784858349e-08,-1.2688859442278044e-05,-1.259154606714219e-05,3.29620149841503e-07
tau6_r35_o37_h05,post_deadline,L-F,6.7441025748846926e-09,1.2965004972647924e-07,-1.1560041457414627e-07,-1.6079866327345371e-09,8.96397978067398e-09,0.0,-1.2404052540659904e-07,-1.1535666999407113e-07,0.0,2.964384293591138e-11,-1.1399242794141173e-07,-1.1532702615113521e-07,7.6293815709505e-09
tau6_r35_o37_h05,onset_total,S-F,3635.9863569788113,7137.314662863587,134.69308115844615,134.622787583241,2.5436747819185257e-07,-2.3355410090910513e-07,-0.8520302947144955,-0.8520305510683102,2.795859472826123e-07,0.9223272897789059,0.07029357520514168,0.070297018296543,3.69745887951467e-06
tau6_r35_o37_h05,onset_total,S-L,14248.852545695856,28428.583546944454,69.08964137837756,68.97435408492584,1.103617250919342e-07,-2.3355410090910513e-07,-1.4176646443083882,-1.4176649113687745,2.795859472826123e-07,1.5329540585572659,0.11528729345172906,0.11528942677443865,2.2436844346884754e-06
tau6_r35_o37_h05,onset_total,L-F,10678.479823310026,21291.42313997327,65.60343978006858,65.64843349831517,1.4400575309991837e-07,0.0,0.5656343495938927,0.5656343603004643,0.0,-0.61062676877836,-0.04499371824658738,-0.04499240847789565,1.4537744448261947e-06
tau6_r35_o37_h05,checkpoint_total,S-F,3635.9863569788113,7137.350907201658,134.62180668732617,134.62180976618401,2.5436747819185257e-07,-2.3355410090910513e-07,3.470340743660927e-07,9.071663953363895e-08,2.795859472826123e-07,-4.313449153414695e-09,-3.0788578442297876e-06,3.659891376628366e-07,3.6992144600844767e-06
tau6_r35_o37_h05,checkpoint_total,S-L,14248.852545695856,28428.73234426294,68.97274707304314,68.97274886202194,1.103617250919342e-07,-2.3355410090910513e-07,3.3958349376916885e-07,7.253765943460166e-08,2.795859472826123e-07,-4.218321691951132e-09,-1.7889788068714552e-06,3.4790528502526286e-07,2.2472458169886522e-06
tau6_r35_o37_h05,checkpoint_total,L-F,10678.592376290439,21291.535692953683,65.64905961428303,65.64906090416207,1.4400575309991837e-07,0.0,7.450580596923828e-09,1.817898009903729e-08,0.0,-9.512746146356221e-11,-1.2898790373583324e-06,1.8083852637573727e-08,1.4519686430958245e-06
tau6_r35_o73_h1,pre_onset,S-F,3.846448578405585e-08,3.846448578405585e-08,0.0,0.0,0.0,0.0,0.0,0.0,0.0,0.0,0.0,0.0,0.0
tau6_r35_o73_h1,pre_onset,S-L,0.0,0.0,0.0,0.0,0.0,0.0,0.0,0.0,0.0,0.0,0.0,0.0,0.0
tau6_r35_o73_h1,pre_onset,L-F,3.846448578405585e-08,3.846448578405585e-08,0.0,0.0,0.0,0.0,0.0,0.0,0.0,0.0,0.0,0.0,0.0
tau6_r35_o73_h1,service,S-F,3636.051430055005,7137.17795099821,134.92504287809425,134.71646434893614,2.4883775040507317e-09,14.406311166824171,0.2075510426220717,14.613862210466323,-14.406311165861553,0.0010397210384667233,0.20857852915810327,0.20859076564323686,1.2238973511102813e-05
tau6_r35_o73_h1,service,S-L,14249.98937424376,28430.75601758639,69.22286454844289,69.0226404291626,-7.159542292356491e-09,14.406311166824171,0.19913430052110925,14.605445465596858,-14.406311165861553,0.0010944488120685492,0.2002241192802785,0.20022874854737438,4.6221075535868295e-06
tau6_r35_o73_h1,service,L-F,10680.002465906986,21294.302753603297,65.70217832965136,65.69382391977354,9.647919796407223e-09,0.0,0.008416742100962438,0.00841674486946431,0.0,-5.47277736018259e-05,0.008354409877824764,0.008362017095862484,7.616865957515984e-06
tau6_r35_o73_h1,recovery,S-F,0.045648254679071264,0.3026482583509668,-0.21148545033065602,-0.0029082250666760956,5.7567376643419266e-08,-14.406335945385386,-0.2075375661952421,-14.613873543443333,14.406335947307525,-0.0010398205072021938,-0.20857722526397993,-0.20857741664300988,-1.3381165331338707e-07
tau6_r35_o73_h1,recovery,S-L,0.043764464862046215,0.29040311566675714,-0.20300781773403287,-0.0027915784703509416,1.2438977137207985e-07,-14.406335945385386,-0.1991218428593129,-14.605457824851328,14.406335947307525,-0.0010945416124741314,-0.20021623926368193,-0.20021641915627697,-5.550282367039472e-08
tau6_r35_o73_h1,recovery,L-F,0.001893743287806865,0.012265049625773263,-0.008477632596623152,-0.00011664659632515395,-6.682239472866058e-08,0.0,-0.008415723335929215,-0.00841571859200485,0.0,5.472110527193763e-05,-0.008360986000297999,-0.008360997486732913,-7.830882964299235e-08
tau6_r35_o73_h1,post_deadline,S-F,0.0,1.320277842436921e-05,-1.3237644452601671e-05,-1.8110813471139409e-07,1.2456439435482025e-07,2.4549991135930833e-05,-1.3110402505844831e-05,1.1431860912125558e-05,-2.4544642656110227e-05,9.69646123394341e-08,-1.3056536317890277e-05,-1.3015817131645235e-05,1.6528358059986203e-07
tau6_r35_o73_h1,post_deadline,S-L,0.0,1.220633350627035e-05,-1.2220931239426136e-05,-1.6731792129576206e-07,7.660128176212311e-08,2.4549991135930833e-05,-1.2121745385229588e-05,1.242081998498179e-05,-2.4544642656110227e-05,9.097468023355759e-08,-1.2053613318130374e-05,-1.203284799089488e-05,9.736660899761773e-08
tau6_r35_o73_h1,post_deadline,L-F,1.2791831977668308e-09,9.990032844943961e-07,-1.0167132131755352e-06,-1.3790213415632024e-08,4.7963112592697144e-08,0.0,-9.88657120615244e-07,-9.889590728562325e-07,0.0,5.989932105876505e-09,-1.0029229997599032e-06,-9.82969140750356e-07,6.79169716022443e-08
tau6_r35_o73_h1,onset_total,S-F,3636.097078309683,7137.48061245934,134.7135441901628,134.7135559427611,1.8463470041751862e-07,-2.2857007922703814e-07,3.6600977182388306e-07,9.888390195555985e-08,2.3680331651121378e-07,-2.5041231310751755e-09,-1.1752598311431939e-05,3.3318309533569845e-07,1.2270416107185156e-05
tau6_r35_o73_h1,onset_total,S-L,14250.033138708623,28431.04643290839,69.01984450977761,69.01984868337422,1.9383151084184647e-07,-2.2857007922703814e-07,3.3585820347070694e-07,6.156551535241306e-08,2.3680331651121378e-07,-1.8257253486808622e-09,-4.173596607870422e-06,2.96543106514946e-07,4.663971225227215e-06
tau6_r35_o73_h1,onset_total,L-F,10680.004359651552,21294.31501965192,65.69369968038518,65.69370725938688,-9.19681042432785e-09,0.0,3.015156835317612e-08,3.731838660314679e-08,0.0,-6.783977823943133e-10,-7.5790017035615165e-06,3.663998882075248e-08,7.606444881957941e-06
tau6_r35_o73_h1,checkpoint_total,S-F,3636.097078348148,7137.480612497805,134.7135441901628,134.7135559427611,1.8463470041751862e-07,-2.2857007922703814e-07,3.6600977182388306e-07,9.888390195555985e-08,2.3680331651121378e-07,-2.5041231310751755e-09,-1.1752598311431939e-05,3.3318309533569845e-07,1.2270416107185156e-05
tau6_r35_o73_h1,checkpoint_total,S-L,14250.033138708623,28431.04643290839,69.01984450977761,69.01984868337422,1.9383151084184647e-07,-2.2857007922703814e-07,3.3585820347070694e-07,6.156551535241306e-08,2.3680331651121378e-07,-1.8257253486808622e-09,-4.173596607870422e-06,2.96543106514946e-07,4.663971225227215e-06
tau6_r35_o73_h1,checkpoint_total,L-F,10680.004359690016,21294.315019690384,65.69369968038518,65.69370725938688,-9.19681042432785e-09,0.0,3.015156835317612e-08,3.731838660314679e-08,0.0,-6.783977823943133e-10,-7.5790017035615165e-06,3.663998882075248e-08,7.606444881957941e-06
tau6_r35_o73_h05,pre_onset,S-F,3.861406468785757e-08,3.861406468785757e-08,0.0,0.0,0.0,0.0,0.0,0.0,0.0,0.0,0.0,0.0,0.0
tau6_r35_o73_h05,pre_onset,S-L,0.0,0.0,0.0,0.0,0.0,0.0,0.0,0.0,0.0,0.0,0.0,0.0,0.0
tau6_r35_o73_h05,pre_onset,L-F,3.861406468785757e-08,3.861406468785757e-08,0.0,0.0,0.0,0.0,0.0,0.0,0.0,0.0,0.0,0.0,0.0
tau6_r35_o73_h05,service,S-F,3636.051438080229,7137.17793851891,134.92507140920497,134.71648466528654,-3.882450982928276e-08,14.406314166867292,0.20754996333562303,14.61386413290893,-14.406314167543314,0.0010397063440450438,0.20858674391843124,0.20858967170966025,2.8889667191833723e-06
tau6_r35_o73_h05,service,S-L,14249.989397788988,28430.756039857955,69.22288936647237,69.02266070051417,-3.227614797651768e-08,14.406314166867292,0.19913648057263345,14.605450645063684,-14.406314167543314,0.0010944336069087512,0.20022866595820688,0.20023091112727798,2.2128929231257644e-06
tau6_r35_o73_h05,service,L-F,10680.002486198178,21294.30279047483,65.7021820427326,65.69382396477238,-6.548361852765083e-09,0.0,0.008413482762989588,0.008413487845245982,0.0,-5.472726286370744e-05,0.008358077960224364,0.008358760582382274,6.76073796057608e-07
tau6_r35_o73_h05,recovery,S-F,0.045648306674058205,0.3026473921840659,-0.21148452744819224,-0.0029082121004648798,8.64383764564991e-08,-14.40633894802879,-0.20753649796824902,-14.613875465176534,14.406338948421762,-0.0010398059576175456,-0.20857631534772736,-0.20857632271238913,7.907371468718338e-08
tau6_r35_o73_h05,recovery,S-L,0.04376496986453378,0.29040645585037705,-0.2030101868440397,-0.0027916107492274023,-5.529727786779404e-08,-14.40633894802879,-0.19912404014030471,-14.605463003095792,14.406338948421762,-0.0010945267303270612,-0.2002185760948123,-0.2002185814043571,-6.06068226716161e-08
tau6_r35_o73_h05,recovery,L-F,0.0018933038594317623,0.012260870433503459,-0.00847434060415253,-0.0001166013512374775,1.4173565432429314e-07,0.0,-0.008412457827944309,-0.008412462080741534,0.0,5.4720772709515586e-05,-0.008357739252915053,-0.008357741308032018,1.3968053735879948e-07
tau6_r35_o73_h05,post_deadline,S-F,0.0,1.3188941424130499e-05,-1.3242010027170181e-05,-1.8091395759256557e-07,2.547167241573334e-07,2.4545327044896362e-05,-1.310132211074233e-05,1.1440442904131487e-05,-2.4500426661688834e-05,9.483963481216051e-08,-1.3061096069577616e-05,-1.2965144122745187e-05,3.506686709897622e-07
tau6_r35_o73_h05,post_deadline,S-L,0.0,1.2187611816450985e-05,-1.2238509953022003e-05,-1.6702324501238763e-07,3.0151568353176117e-07,2.4545327044896362e-05,-1.2100499588996172e-05,1.2433614756446332e-05,-2.4500426661688834e-05,8.815646879156702e-08,-1.2071486708009616e-05,-1.1978655436450936e-05,3.9434695509044104e-07
tau6_r35_o73_h05,post_deadline,L-F,7.702111033721554e-10,1.0028700298862552e-06,-1.003500074148178e-06,-1.3890712580177933e-08,-4.6798959374427795e-08,0.0,-1.0008225217461586e-06,-9.931718523148447e-07,0.0,6.6831660205934895e-09,-9.896093615680002e-07,-9.864886862942512e-07,-4.3678284100678866e-08
tau6_r35_o73_h05,onset_total,S-F,3636.097086386903,7137.480599100035,134.71357363974676,134.71357627227235,3.023305907845497e-07,-2.358344529872873e-07,3.6403071135282516e-07,1.0817529982887208e-07,2.8045178623870015e-07,-4.7739376896061e-09,-2.6325255930714775e-06,3.8385314837796614e-07,3.3187093322339933e-06
tau6_r35_o73_h05,onset_total,S-L,14250.033162758851,28431.046458501423,69.01986694114748,69.01986892274181,2.139713615179062e-07,-2.358344529872873e-07,3.3993273973464966e-07,7.558264769613743e-08,2.8045178623870015e-07,-4.966949518347974e-09,-1.9815943232970312e-06,3.510674844164896e-07,2.546633169231427e-06
tau6_r35_o73_h05,onset_total,L-F,10680.004379502809,21294.315052348127,65.69370669859927,65.69370734953054,8.835922926664352e-08,0.0,2.4097971618175507e-08,3.2592652132734656e-08,0.0,1.9301182874187361e-10,-6.509312697744463e-07,3.278566396147653e-08,7.720761630025663e-07
tau6_r35_o73_h05,checkpoint_total,S-F,3636.097086425517,7137.480599138649,134.71357363974676,134.71357627227235,3.023305907845497e-07,-2.358344529872873e-07,3.6403071135282516e-07,1.0817529982887208e-07,2.8045178623870015e-07,-4.7739376896061e-09,-2.6325255930714775e-06,3.8385314837796614e-07,3.3187093322339933e-06
tau6_r35_o73_h05,checkpoint_total,S-L,14250.033162758851,28431.046458501423,69.01986694114748,69.01986892274181,2.139713615179062e-07,-2.358344529872873e-07,3.3993273973464966e-07,7.558264769613743e-08,2.8045178623870015e-07,-4.966949518347974e-09,-1.9815943232970312e-06,3.510674844164896e-07,2.546633169231427e-06
tau6_r35_o73_h05,checkpoint_total,L-F,10680.004379541422,21294.31505238674,65.69370669859927,65.69370734953054,8.835922926664352e-08,0.0,2.4097971618175507e-08,3.2592652132734656e-08,0.0,1.9301182874187361e-10,-6.509312697744463e-07,3.278566396147653e-08,7.720761630025663e-07
tau4.5_r27_o19_h1,pre_onset,S-F,0.0,0.019262271073521322,-0.030348261437120883,-0.0004202175287620069,3.552713678800501e-15,0.0,0.9196573623308133,0.9196573623230506,0.0,-0.9495853990094076,-0.029928043908358876,-0.029928036686357018,7.222005410367771e-09
tau4.5_r27_o19_h1,pre_onset,S-L,0.0,0.07708132364782119,-0.04884924754742492,-0.0006770197219081453,3.552713678800501e-15,0.0,1.521643479909896,1.5216434799040144,0.0,-1.5698156870651303,-0.04817222782551678,-0.04817220716111592,2.066440440984252e-08
tau4.5_r27_o19_h1,pre_onset,L-F,0.05781905257429988,0.05781905257429988,0.01850098611030404,0.0002568021931461384,0.0,0.0,-0.6019861175790826,-0.6019861175809638,0.0,0.6202302880557227,0.018244183917157902,0.018244170474758903,-1.3442398999474747e-08
tau4.5_r27_o19_h1,service,S-F,3635.6382273702384,7136.346586304477,134.93679227826942,134.64971700465378,-7.275957614183426e-10,-500.95829293944223,-0.5964559357089456,-501.5547488718912,500.95829293991846,0.8835588861673216,0.2870752736156419,0.2871029541945802,2.7679851342554684e-05
tau4.5_r27_o19_h1,service,S-L,14248.494122190461,28427.691467386154,69.26438254782988,68.98751377479164,-3.346940502524376e-09,-500.95829293944223,-1.226878521440085,-502.18517145909937,500.95829293991846,1.5037663326734219,0.2768687730382453,0.2768878134925217,1.9037107335861947e-05
tau4.5_r27_o19_h1,service,L-F,10678.509611392921,21291.38613134461,65.67240973043954,65.66220322986214,2.6193447411060333e-09,0.0,0.6304225857311394,0.6304225872081588,0.0,-0.6202074465061003,0.010206500577396582,0.010215140702058534,8.642744006692737e-06
tau4.5_r27_o19_h1,recovery,S-F,0.09744192136065136,0.4606139681206989,-0.26156801800243556,-0.0042758524514283636,-3.5332050174474716e-08,500.95009288912297,-0.3232934326515533,500.62679943074545,-500.9500928912894,0.06602603131707951,-0.2572921655510072,-0.2572674292268573,2.4700992099724317e-05
tau4.5_r27_o19_h1,recovery,S-L,0.0961759859226074,0.42922658283353216,-0.23271228012163192,-0.0038790387106928392,-5.314359441399574e-08,500.95009288912297,-0.2948573313187808,500.6552355127242,-500.9500928912894,0.0660488750921786,-0.22883324141093908,-0.22880850347303294,2.4684794311724545e-05
tau4.5_r27_o19_h1,recovery,L-F,0.004101617620504472,0.03705874965208768,-0.028855737880803645,-0.00039681374073552433,1.7811544239521027e-08,0.0,-0.028436101332772523,-0.02843608197872527,0.0,-2.2843775099090635e-05,-0.02845892414006812,-0.02845892575382436,1.6197787999772117e-08
tau4.5_r27_o19_h1,post_deadline,S-F,9.034753663733164e-05,9.034753663733164e-05,9.040127042680979e-05,1.230766429216601e-06,1.1525116860866547e-08,0.008104284552106076,8.871022146195173e-05,0.008192977977159899,-0.008104286964226048,4.916219609185646e-07,8.917050399759319e-05,8.918263489476885e-05,2.3656014036532724e-08
tau4.5_r27_o19_h1,post_deadline,S-L,9.0712523663766e-05,9.0712523663766e-05,9.075109846889973e-05,1.2358377716736868e-06,-1.4668330550193787e-08,0.008104284552106076,8.907722076401114e-05,0.008193340127036208,-0.008104286964226048,4.897374594747816e-07,8.951526069722604e-05,8.954290026963463e-05,1.2971241858394933e-08
tau4.5_r27_o19_h1,post_deadline,L-F,2.3289932869373987e-09,3.6964501300827196e-07,-3.498280420899391e-07,-5.071342457085848e-09,2.6193447411060333e-08,0.0,-3.66999302059412e-07,-3.6214987630955875e-07,0.0,1.8845014437829377e-09,-3.4475669963285327e-07,-3.602653748657758e-07,1.0684772178137791e-08
tau4.5_r27_o19_h1,onset_total,S-F,3635.735759639136,7136.807290620132,134.67531466158107,134.64544238296867,-2.4563632905483246e-08,-9.576576713524816e-05,-0.9196606581099331,-0.9197564631685964,9.57616648520343e-05,0.949585409106362,0.029872278612401715,0.029924707602617673,5.2404426583052555e-05
tau4.5_r27_o19_h1,onset_total,S-L,14248.590388888904,28428.120784681505,69.03176101890858,68.98363597191837,-7.112976163625717e-08,-9.576576713524816e-05,-1.5216467755381018,-1.5217426062481536,9.57616648520343e-05,1.56981569750306,0.04812504699020792,0.048168852919758365,4.373479978880823e-05
tau4.5_r27_o19_h1,onset_total,L-F,10678.513713012871,21291.42319046391,65.64355364267249,65.66180641105029,4.6566128730773926e-08,0.0,0.6019861174281687,0.6019861430795572,0.0,-0.6202302883966979,-0.018252768377806206,-0.018244145317140692,8.669626794244323e-06
tau4.5_r27_o19_h1,checkpoint_total,S-F,3635.735759639136,7136.826552891206,134.64496640011203,134.64502216543997,-2.4563632905483246e-08,-9.576576713524816e-05,-3.2958341762423515e-06,-9.910084554576315e-05,9.57616648520343e-05,1.0096954383698176e-08,-5.576532794293598e-05,-3.329083739345151e-06,5.241168057068535e-05
tau4.5_r27_o19_h1,checkpoint_total,S-L,14248.590388888904,28428.197866005154,68.98291177127976,68.9829589521969,-7.112976163625717e-08,-9.576576713524816e-05,-3.2956013455986977e-06,-9.912634413922206e-05,9.57616648520343e-05,1.0437929631734733e-08,-4.718091713584727e-05,-3.3542413575560204e-06,4.375554601665499e-05
tau4.5_r27_o19_h1,checkpoint_total,L-F,10678.571532065445,21291.481009516483,65.66205462883227,65.66206321324307,4.6566128730773926e-08,0.0,-2.3283064365386963e-10,2.5498593458905816e-08,0.0,-3.409752480365569e-10,-8.584410807088716e-06,2.515761821086926e-08,8.656134554030359e-06
tau4.5_r27_o19_h05,pre_onset,S-F,0.0,0.01926222212842756,-0.030348258311853726,-0.00042021881511131176,0.0,0.0,0.9196573720108301,0.9196573720182641,0.0,-0.9495854096379333,-0.029928039496742415,-0.029928037619669112,1.877073302347654e-09
tau4.5_r27_o19_h05,pre_onset,S-L,0.0,0.07708127103778975,-0.048849237959869285,-0.0006770236970665977,0.0,0.0,1.5216434903631555,1.5216434903522895,0.0,-1.5698157009724412,-0.04817221426280269,-0.048172210620151645,3.64265104191297e-09
tau4.5_r27_o19_h05,pre_onset,L-F,0.057819048909362195,0.057819048909362195,0.01850097964801556,0.00025680488195528595,0.0,0.0,-0.6019861183523254,-0.6019861183340254,0.0,0.6202302913345079,0.018244174766060273,0.018244173000482533,-1.765577739565316e-09
tau4.5_r27_o19_h05,service,S-F,3635.6382419391557,7136.346579921652,134.93682784635166,134.64973193820572,-2.3122993297874928e-08,-500.9582791483206,-0.5964575598482043,-501.5547367051877,500.9582791504945,0.8835588779014643,0.2870959081459432,0.28710132320827597,5.391939339460805e-06
tau4.5_r27_o19_h05,service,S-L,14248.494153179108,28427.69149773375,69.26441421835625,68.98752864964513,-2.5174813345074654e-08,-500.9582791483206,-1.2268764905893477,-502.1851556374095,500.9582791504945,1.5037663287292844,0.2768855687111227,0.2768898418142953,4.247928359291109e-06
tau4.5_r27_o19_h05,service,L-F,10678.50963147969,21291.386167627184,65.67241362799541,65.66220328856059,2.051820047199726e-09,0.0,0.6304189307411434,0.6304189322218008,0.0,-0.6202074508278201,0.010210339434820526,0.010211481393980648,1.1440109801696963e-06
tau4.5_r27_o19_h05,recovery,S-F,0.0974512647207385,0.4606114548840816,-0.26154686720110476,-0.004277215630736464,2.1589221432805061e-07,500.95007909979705,-0.32329183793626726,500.626787254354,-500.9500791010578,0.06602605035874376,-0.2572696515703683,-0.2572657963450524,4.071117530202173e-06
tau4.5_r27_o19_h05,recovery,S-L,0.09618479539031258,0.429226712056196,-0.23269481642637402,-0.0038804529117442144,1.8312130123376846e-07,500.95007909979705,-0.29485943174222484,500.655219680164,-500.9500791010578,0.06604889243806156,-0.2288143635146298,-0.22881052845571048,4.018180220555223e-06
tau4.5_r27_o19_h05,recovery,L-F,0.00410107724668401,0.03705395866040174,-0.028852050774730742,-0.0003967627189922496,3.277091309428215e-08,0.0,-0.028432406194042414,-0.028432425810024142,0.0,-2.284207931779747e-05,-0.028455288055738492,-0.02845526788934194,5.293730964694987e-08
tau4.5_r27_o19_h05,post_deadline,S-F,9.033902265643726e-05,9.033902265643726e-05,9.039347060024738e-05,1.230974703503307e-06,1.9744038581848145e-07,0.008104285666038349,8.865556446835399e-05,0.008192968984076288,-0.008104281732812524,4.919361344946083e-07,8.916249589674408e-05,8.917918739825836e-05,2.141318873327691e-07
tau4.5_r27_o19_h05,post_deadline,S-L,9.070876562187941e-05,9.070876562187941e-05,9.077024878934026e-05,1.236033313034568e-06,1.4621764421463013e-07,0.008104285666038349,8.902075933292508e-05,0.008193335565010784,-0.008104281732812524,4.905700166091265e-07,8.953421547630569e-05,8.954440221486948e-05,1.5640438277841895e-07
tau4.5_r27_o19_h05,post_deadline,L-F,1.1472380720077143e-09,3.720374415861452e-07,-3.7677818909287453e-07,-5.058609531261027e-09,5.122274160385132e-08,0.0,-3.651948645710945e-07,-3.6658093449659646e-07,0.0,1.366117885481799e-09,-3.717195795616135e-07,-3.6521481661111466e-07,5.772750455435016e-08
tau4.5_r27_o19_h05,onset_total,S-F,3635.7357835428984,7136.807281715557,134.6753713726066,134.64545595354957,3.902241587638855e-07,-9.576285753429654e-05,-0.9196607422782108,-0.9197564818496176,9.576770389685407e-05,0.9495854201963425,0.029915419057033432,0.029924706050621808,9.677217747139366e-06
tau4.5_r27_o19_h05,onset_total,S-L,14248.590428683267,28428.12081515457,69.03181017213501,68.98364943276647,3.0419323593378067e-07,-9.576285753429654e-05,-1.5216469016158953,-1.5217426216804597,9.576770389685407e-05,1.5698157117373626,0.04816073936854082,0.04816885776079971,8.422585494827217e-06
tau4.5_r27_o19_h05,onset_total,L-F,10678.513732558084,21291.42322195789,65.6435612004716,65.6618065207831,8.603092283010483e-08,0.0,0.6019861593376845,0.6019861398308421,0.0,-0.62023029154102,-0.018245320311507385,-0.018244151710177903,1.254632252312149e-06
tau4.5_r27_o19_h05,checkpoint_total,S-F,3635.7357835428984,7136.826543937686,134.64502311428078,134.6450357347344,3.902241587638855e-07,-9.576285753429654e-05,-3.370223566889763e-06,-9.910983135341667e-05,9.576770389685407e-05,1.0558409258010215e-08,-1.2620453617273597e-05,-3.3315690473045834e-06,9.6791087287329e-06
tau4.5_r27_o19_h05,checkpoint_total,S-L,14248.590428683267,28428.197896425605,68.98296093416866,68.98297240906959,3.0419323593378067e-07,-9.576285753429654e-05,-3.411201760172844e-06,-9.913132817018777e-05,9.576770389685407e-05,1.076492139873153e-08,-1.1474900929897558e-05,-3.352859351934967e-06,8.426234813896372e-06
tau4.5_r27_o19_h05,checkpoint_total,L-F,10678.571551606994,21291.481041006802,65.66206218011212,65.6620633256648,8.603092283010483e-08,0.0,4.0978193283081055e-08,2.1496816771104932e-08,0.0,-2.0651214072131552e-10,-1.145552687376039e-06,2.1290304630383616e-08,1.2528739148365275e-06
tau4.5_r27_o61_h1,pre_onset,S-F,1.604392816082115e-07,1.604392816082115e-07,0.0,0.0,0.0,0.0,0.0,0.0,0.0,0.0,0.0,0.0,0.0
tau4.5_r27_o61_h1,pre_onset,S-L,0.0,0.0,0.0,0.0,0.0,0.0,0.0,0.0,0.0,0.0,0.0,0.0,0.0
tau4.5_r27_o61_h1,pre_onset,L-F,1.604392816082115e-07,1.604392816082115e-07,0.0,0.0,0.0,0.0,0.0,0.0,0.0,0.0,0.0,0.0,0.0
tau4.5_r27_o61_h1,service,S-F,3635.885237283831,7136.864183156405,134.90423880032904,134.72976371095433,-1.072476152330637e-08,-500.9582922244473,0.3298107434384292,-500.6284814792198,500.95829222423345,-0.15530892159588916,0.17447508937470957,0.17450182341778486,2.6723318313770505e-05
tau4.5_r27_o61_h1,service,S-L,14250.43189663519,28431.662398277647,69.1993421856605,69.02794281776539,1.5323166735470295e-08,-500.9582922244473,0.326651460971334,-500.6316407656668,500.95829222423345,-0.15523405458785078,0.17139936789510557,0.17141740397877925,1.805140684041362e-05
tau4.5_r27_o61_h1,service,L-F,10680.640989367452,21295.577082316373,65.70489661466854,65.70182089318894,-2.6047928258776665e-08,0.0,0.0031592824670951813,0.0031592864470439963,0.0,-7.486700803838175e-05,0.003075721479603999,0.0030844194390056145,8.671911473356886e-06
tau4.5_r27_o61_h1,recovery,S-F,0.09264702212248176,0.36508815497791014,-0.17774133360944688,-0.003122654141861858,-2.0547304302453995e-08,500.9500999401362,-0.32990095613058656,500.6201989632209,-500.95009993895655,0.15530700206369374,-0.17461867946758503,-0.1745939736719606,2.4685248320110986e-05
tau4.5_r27_o61_h1,recovery,S-L,0.09123934695238331,0.3591465322325317,-0.17461505730170757,-0.003079580538724258,4.9476511776447296e-08,500.9500999401362,-0.3267428491380997,500.62335705847363,-500.95009993895655,0.15523214269055075,-0.1715354767629833,-0.17151073779237436,2.4788447120727142e-05
tau4.5_r27_o61_h1,recovery,L-F,0.001566097124654334,0.006258466654490233,-0.0031262763077393174,-4.30736031376e-05,-7.002381607890129e-08,0.0,-0.0031581069924868643,-0.003158095252729254,0.0,7.485937314299917e-05,-0.0030832027046017174,-0.0030832358795862547,-1.031988006161555e-07
tau4.5_r27_o61_h1,post_deadline,S-F,9.003520021075394e-05,9.003520021075394e-05,9.004998719319701e-05,1.226067979587242e-06,-1.2863893061876297e-08,0.008096612222612456,8.693966083228588e-05,0.008183541103790049,-0.008096614124951884,1.9139210110097338e-06,8.882391921360977e-05,8.884089984917409e-05,4.1167425024468685e-09
tau4.5_r27_o61_h1,post_deadline,S-L,9.11934350063094e-05,9.11934350063094e-05,9.12225223146379e-05,1.2420559869497083e-06,-4.738103598356247e-08,0.008096612222612456,8.808175334706903e-05,0.008184691359929275,-0.008096614124951884,1.9066559673319716e-06,8.998046632768819e-05,8.998389094472259e-05,-4.39564189491648e-08
tau4.5_r27_o61_h1,post_deadline,L-F,7.150694727898761e-10,1.1596649345010534e-06,-1.1725351214408875e-06,-1.5988007362466305e-08,3.451714292168617e-08,0.0,-1.142092514783144e-06,-1.1502561392262578e-06,0.0,7.265043677762151e-09,-1.1565471140784211e-06,-1.1429910955484957e-06,4.807316145161167e-08
tau4.5_r27_o61_h1,onset_total,S-F,3635.977974341153,7137.229361346583,134.72658751672134,134.72664228288113,-4.4121406972408295e-08,-9.567208843007423e-05,-3.2730167731642723e-06,-9.897489508148283e-05,9.567115193931386e-05,-5.6111844060069416e-09,-5.476615979205235e-05,-3.309354326574976e-06,5.1412684058504965e-05
tau4.5_r27_o61_h1,onset_total,S-L,14250.523227175576,28432.021636003312,69.02481835091021,69.02486447928277,1.7462298274040222e-08,-9.567208843007423e-05,-3.3064279705286026e-06,-9.901583325699903e-05,9.567115193931386e-05,-5.241332701189094e-09,-4.6128372559905984e-05,-3.349922650386361e-06,4.279591220779366e-05
tau4.5_r27_o61_h1,onset_total,L-F,10680.642555465292,21295.583341942693,65.70176916581113,65.70177780359836,-6.158370524644852e-08,0.0,3.341119736433029e-08,4.0938175516203046e-08,0.0,-3.6985170481784735e-10,-8.637787232146366e-06,4.05683238113852e-08,8.616771850711302e-06
tau4.5_r27_o61_h1,checkpoint_total,S-F,3635.9779745015926,7137.229361507021,134.72658751672134,134.72664228288068,-4.4121406972408295e-08,-9.567208843007423e-05,-3.2730167731642723e-06,-9.897489508148283e-05,9.567115193931386e-05,-5.6111844060069416e-09,-5.4766159337305e-05,-3.309354326574976e-06,5.1412683603757614e-05
tau4.5_r27_o61_h1,checkpoint_total,S-L,14250.523227175576,28432.021636003312,69.02481835091021,69.02486447928277,1.7462298274040222e-08,-9.567208843007423e-05,-3.3064279705286026e-06,-9.901583325699903e-05,9.567115193931386e-05,-5.241332701189094e-09,-4.6128372559905984e-05,-3.349922650386361e-06,4.279591220779366e-05
tau4.5_r27_o61_h1,checkpoint_total,L-F,10680.64255562573,21295.58334210313,65.70176916581113,65.7017778035979,-6.158370524644852e-08,0.0,3.341119736433029e-08,4.0938175516203046e-08,0.0,-3.6985170481784735e-10,-8.637786777399015e-06,4.05683238113852e-08,8.616771395963951e-06
tau4.5_r27_o61_h05,pre_onset,S-F,1.607307345841556e-07,1.607307345841556e-07,0.0,0.0,0.0,0.0,0.0,0.0,0.0,0.0,0.0,0.0,0.0
tau4.5_r27_o61_h05,pre_onset,S-L,0.0,0.0,0.0,0.0,0.0,0.0,0.0,0.0,0.0,0.0,0.0,0.0,0.0
tau4.5_r27_o61_h05,pre_onset,L-F,1.607307345841556e-07,1.607307345841556e-07,0.0,0.0,0.0,0.0,0.0,0.0,0.0,0.0,0.0,0.0,0.0
tau4.5_r27_o61_h05,service,S-F,3635.885251058517,7136.864175137063,134.90427437810285,134.72977855401643,-6.984919309616089e-09,-500.95827883397936,0.32980951698846184,-500.62846931628883,500.95827883398306,-0.15530893715583716,0.17449582408642073,0.17450058053839257,4.749467052533873e-06
tau4.5_r27_o61_h05,service,S-L,14250.431925399438,28431.662424244474,69.19937375435256,69.02795761026789,-2.0983861759305e-08,-500.95827883397936,0.32665412065398414,-500.6316247154209,500.95827883398306,-0.1552340693195049,0.17141614408467376,0.17142004924264143,3.884174105905913e-06
tau4.5_r27_o61_h05,service,L-F,10680.641009707302,21295.577118989033,65.70490062375029,65.70182094374854,1.3998942449688911e-08,0.0,0.0031553963344777003,0.003155399132083403,0.0,-7.486783633225969e-05,0.003079680001746965,0.0030805312957511433,8.652929466279602e-07
tau4.5_r27_o61_h05,recovery,S-F,0.0926551537964533,0.3650836186210077,-0.17772060621064156,-0.0031240198591149237,1.4028046280145645e-07,500.9500865476238,-0.3298997532692738,500.6201868013086,-500.9500865491209,0.15530701786636314,-0.17459658635152664,-0.17459272994594244,3.996686047003095e-06
tau4.5_r27_o61_h05,recovery,S-L,0.09124758985152413,0.3591461602115048,-0.1745982231805101,-0.00308099998801481,-2.7706846594810486e-08,500.9500865476238,-0.326745560800191,500.6233410083223,-500.9500865491209,0.1552321574409916,-0.1715172231924953,-0.17151338335759192,3.812128056779329e-06
tau4.5_r27_o61_h05,recovery,L-F,0.0015657697505317629,0.006253870020708089,-0.0031223830301314592,-4.301987110011396e-05,1.6798730939626694e-07,0.0,-0.0031541924690827727,-0.0031542070137220435,0.0,7.486042537152571e-05,-0.0030793631590313453,-0.0030793465883505178,1.8455799022376596e-07
tau4.5_r27_o61_h05,post_deadline,S-F,9.002803822397262e-05,9.002803822397262e-05,9.005854371935129e-05,1.2262780728633516e-06,1.394655555486679e-07,0.008096611577209303,8.690106915310025e-05,0.008183534078852972,-0.008096607722109184,1.91408187788511e-06,8.883226564648794e-05,8.884043862167346e-05,1.4763853073418431e-07
tau4.5_r27_o61_h05,post_deadline,S-L,9.11944668419893e-05,9.11944668419893e-05,9.123614290729165e-05,1.2424102351360489e-06,1.5209661796689034e-07,0.008096611577209303,8.806271944195032e-05,0.008184689839254133,-0.008096607722109184,1.906568627418892e-06,8.99937326721556e-05,8.998868577236863e-05,1.4704971817991463e-07
tau4.5_r27_o61_h05,post_deadline,L-F,5.091656930743413e-10,1.1674469494028008e-06,-1.1775991879403591e-06,-1.6132162272697315e-08,-1.2631062418222427e-08,0.0,-1.161650288850069e-06,-1.1557604011613876e-06,0.0,7.513250466217869e-09,-1.1614670256676618e-06,-1.1482471506951697e-06,5.888125542696798e-10
tau4.5_r27_o61_h05,onset_total,S-F,3635.977996240352,7137.2293487837205,134.72664383042138,134.72665576043482,2.7276109904050827e-07,-9.567477831992035e-05,-3.3351825550198555e-06,-9.898090138449334e-05,9.567714005243033e-05,-5.207596132095205e-09,-1.1930013442906784e-05,-3.3089689281950996e-06,8.893805613752193e-06
tau4.5_r27_o61_h05,onset_total,S-L,14250.523264183757,28432.021661599156,69.02486676734407,69.02487785269022,1.0337680578231812e-07,-9.567477831992035e-05,-3.377441316843033e-06,-9.901725934469141e-05,9.567714005243033e-05,-5.309885864335229e-09,-1.1085346159234177e-05,-3.345429178125414e-06,7.843293786891081e-06
tau4.5_r27_o61_h05,onset_total,L-F,10680.642575477561,21295.583374026504,65.70177706307732,65.7017779077446,1.6938429325819016e-07,0.0,4.225876182317734e-08,3.635796019807458e-08,0.0,1.0228973224002402e-10,-8.446672836726066e-07,3.64602499303146e-08,1.0505118268611113e-06
tau4.5_r27_o61_h05,checkpoint_total,S-F,3635.9779964010822,7137.229348944452,134.72664383042138,134.72665576043528,2.7276109904050827e-07,-9.567477831992035e-05,-3.3351825550198555e-06,-9.898090138449334e-05,9.567714005243033e-05,-5.207596132095205e-09,-1.1930013897654135e-05,-3.3089689281950996e-06,8.893806068499543e-06
tau4.5_r27_o61_h05,checkpoint_total,S-L,14250.523264183757,28432.021661599156,69.02486676734407,69.02487785269022,1.0337680578231812e-07,-9.567477831992035e-05,-3.377441316843033e-06,-9.901725934469141e-05,9.567714005243033e-05,-5.309885864335229e-09,-1.1085346159234177e-05,-3.345429178125414e-06,7.843293786891081e-06
tau4.5_r27_o61_h05,checkpoint_total,L-F,10680.64257563829,21295.583374187234,65.70177706307732,65.70177790774505,1.6938429325819016e-07,0.0,4.225876182317734e-08,3.635796019807458e-08,0.0,1.0228973224002402e-10,-8.446677384199575e-07,3.64602499303146e-08,1.0505122816084622e-06
tau4.5_r33_o19_h1,pre_onset,S-F,0.0,0.019262271073521322,-0.030348261437120883,-0.0004202175287620069,3.552713678800501e-15,0.0,0.9196573623308133,0.9196573623230506,0.0,-0.9495853990094076,-0.029928043908358876,-0.029928036686357018,7.222005410367771e-09
tau4.5_r33_o19_h1,pre_onset,S-L,0.0,0.07708132364782119,-0.04884924754742492,-0.0006770197219081453,3.552713678800501e-15,0.0,1.521643479909896,1.5216434799040144,0.0,-1.5698156870651303,-0.04817222782551678,-0.04817220716111592,2.066440440984252e-08
tau4.5_r33_o19_h1,pre_onset,L-F,0.05781905257429988,0.05781905257429988,0.01850098611030404,0.0002568021931461384,0.0,0.0,-0.6019861175790826,-0.6019861175809638,0.0,0.6202302880557227,0.018244183917157902,0.018244170474758903,-1.3442398999474747e-08
tau4.5_r33_o19_h1,service,S-F,3635.8506234845395,7136.772991220088,134.93928826299089,134.6542113836764,6.257323548197746e-10,-7.099521606126272,-0.6628787306108279,-7.762400334824633,7.09952160618559,0.9479673071455181,0.285076879314488,0.28508857850647473,1.1699817719090788e-05
tau4.5_r33_o19_h1,service,S-L,14248.706332072348,28428.11749983694,69.26687853255135,68.99200815381425,-1.9936123862862587e-09,-7.099521606126272,-1.2933013163419673,-8.392822922032792,7.09952160618559,1.5681747536516184,0.2748703787370914,0.2748734378044162,3.0570737123980507e-06
tau4.5_r33_o19_h1,service,L-F,10678.509611392921,21291.38613134461,65.67240973043954,65.66220322986214,2.6193447411060333e-09,0.0,0.6304225857311394,0.6304225872081588,0.0,-0.6202074465061003,0.010206500577396582,0.010215140702058534,8.642744006692737e-06
tau4.5_r33_o19_h1,recovery,S-F,0.046630984623508995,0.35202335773103627,-0.25870790577027947,-0.003558102093393245,1.3329554349184036e-08,7.099527720271595,-0.2567678658524528,6.842759848754213,-7.099527721533377,0.00161801875529477,-0.2551498036768862,-0.2551498540238697,-3.7017429121988243e-08
tau4.5_r33_o19_h1,recovery,S-L,0.04284439520075684,0.31559466447445317,-0.22985216788947582,-0.0031612883526577207,-4.48198989033699e-09,7.099527720271595,-0.2283317645196803,6.871195930732938,-7.099527721533377,0.0016408625303938607,-0.2266908795368181,-0.22669092827004533,-5.321521712176036e-08
tau4.5_r33_o19_h1,recovery,L-F,0.004101617620504472,0.03705874965208768,-0.028855737880803645,-0.00039681374073552433,1.7811544239521027e-08,0.0,-0.028436101332772523,-0.02843608197872527,0.0,-2.2843775099090635e-05,-0.02845892414006812,-0.02845892575382436,1.6197787999772117e-08
tau4.5_r33_o19_h1,post_deadline,S-F,0.0,1.0467390916775943e-05,-1.0476505849510431e-05,-1.4370607459568419e-07,3.1956005841493607e-08,-6.0700911563501e-06,-1.0383722838014364e-05,-1.6464600776089355e-05,5.962596333120018e-06,7.216064545900736e-08,-1.0332799774914747e-05,-1.042984379751033e-05,-6.508801675408904e-08
tau4.5_r33_o19_h1,post_deadline,S-L,0.0,1.0102403890341545e-05,-1.0126677807420492e-05,-1.3863473213859834e-07,5.762558430433273e-09,-6.0700911563501e-06,-1.0016723535954952e-05,-1.6102450899779797e-05,5.962596333120018e-06,7.027614401522442e-08,-9.988043075281894e-06,-1.0069578422644554e-05,-7.577278893222683e-08
tau4.5_r33_o19_h1,post_deadline,L-F,2.3289932869373987e-09,3.6964501300827196e-07,-3.498280420899391e-07,-5.071342457085848e-09,2.6193447411060333e-08,0.0,-3.66999302059412e-07,-3.6214987630955875e-07,0.0,1.8845014437829377e-09,-3.4475669963285327e-07,-3.602653748657758e-07,1.0684772178137791e-08
tau4.5_r33_o19_h1,onset_total,S-F,3635.8972544691633,7137.125025045212,134.6805698807584,134.65065313787682,4.586763679981232e-08,4.405416727461969e-08,-0.9196569802006707,-0.9196569506711967,-1.5275145415216684e-07,0.9495853980614584,0.029916742881596292,0.02992829463880753,1.1597624848036503e-05
tau4.5_r33_o19_h1,onset_total,S-L,14248.74917646755,28428.433104603817,69.03701623808593,68.98884672682652,-6.984919309616089e-10,4.405416727461969e-08,-1.5216430976288393,-1.521643093750754,-1.5275145415216684e-07,1.5698156864581563,0.0481695112594025,0.04817243995594822,2.92799805379218e-06
tau4.5_r33_o19_h1,onset_total,L-F,10678.513713012871,21291.42319046391,65.64355364267249,65.66180641105029,4.6566128730773926e-08,0.0,0.6019861174281687,0.6019861430795572,0.0,-0.6202302883966979,-0.018252768377806206,-0.018244145317140692,8.669626794244323e-06
tau4.5_r33_o19_h1,checkpoint_total,S-F,3635.8972544691633,7137.144287316285,134.65022161928937,134.65023292034812,4.586763679981232e-08,4.405416727461969e-08,3.8207508623600006e-07,4.116518539376557e-07,-1.5275145415216684e-07,-9.479492746322649e-10,-1.1301058748358628e-05,2.579524505108566e-07,1.1604878835669297e-05
tau4.5_r33_o19_h1,checkpoint_total,S-L,14248.74917646755,28428.510185927465,68.9881669904571,68.98816970710504,-6.984919309616089e-10,4.405416727461969e-08,3.8230791687965393e-07,3.8615326047874987e-07,-1.5275145415216684e-07,-6.06974026595708e-10,-2.716647941269912e-06,2.3279483229998732e-07,2.9487442816389375e-06
tau4.5_r33_o19_h1,checkpoint_total,L-F,10678.571532065445,21291.481009516483,65.66205462883227,65.66206321324307,4.6566128730773926e-08,0.0,-2.3283064365386963e-10,2.5498593458905816e-08,0.0,-3.409752480365569e-10,-8.584410807088716e-06,2.515761821086926e-08,8.656134554030359e-06
tau4.5_r33_o19_h05,pre_onset,S-F,0.0,0.01926222212842756,-0.030348258311853726,-0.00042021881511131176,0.0,0.0,0.9196573720108301,0.9196573720182641,0.0,-0.9495854096379333,-0.029928039496742415,-0.029928037619669112,1.877073302347654e-09
tau4.5_r33_o19_h05,pre_onset,S-L,0.0,0.07708127103778975,-0.048849237959869285,-0.0006770236970665977,0.0,0.0,1.5216434903631555,1.5216434903522895,0.0,-1.5698157009724412,-0.04817221426280269,-0.048172210620151645,3.64265104191297e-09
tau4.5_r33_o19_h05,pre_onset,L-F,0.057819048909362195,0.057819048909362195,0.01850097964801556,0.00025680488195528595,0.0,0.0,-0.6019861183523254,-0.6019861183340254,0.0,0.6202302913345079,0.018244174766060273,0.018244173000482533,-1.765577739565316e-09
tau4.5_r33_o19_h05,service,S-F,3635.850632726159,7136.772981306904,134.93931671234895,134.65423161400702,-1.8291757442057133e-08,-7.099504985641229,-0.6628800826729275,-7.762385068137519,7.099504986603279,0.9479673054358102,0.28508509834193774,0.28508722390157004,2.107267874862373e-06
tau4.5_r33_o19_h05,service,S-L,14248.706357757108,28428.11752670099,69.26690308435354,68.99202832544643,-2.034357748925686e-08,-7.099504985641229,-1.293299013414071,-8.39280400035932,7.099504986603279,1.5681747562636303,0.2748747589071172,0.2748757425075894,9.632568946926767e-07
tau4.5_r33_o19_h05,service,L-F,10678.50963147969,21291.386167627184,65.67241362799541,65.66220328856059,2.051820047199726e-09,0.0,0.6304189307411434,0.6304189322218008,0.0,-0.6202074508278201,0.010210339434820526,0.010211481393980648,1.1440109801696963e-06
tau4.5_r33_o19_h05,recovery,S-F,0.046630906377360226,0.3520218548559591,-0.2587065875995904,-0.003558073625754332,7.846392691135406e-08,7.099511103615716,-0.2567665436072275,6.842744571807998,-7.0995111037336756,0.0016180307546278527,-0.2551485139738361,-0.2551485011710497,9.126671329795499e-08
tau4.5_r33_o19_h05,recovery,S-L,0.0428448309814441,0.3155978998970931,-0.22985453682485968,-0.0031613109067620826,4.5693013817071915e-08,7.099511103615716,-0.2283341374131851,6.871176997618022,-7.0995111037336756,0.0016408728339456502,-0.2266932259180976,-0.22669323328170776,3.832940365100512e-08
tau4.5_r33_o19_h05,recovery,L-F,0.00410107724668401,0.03705395866040174,-0.028852050774730742,-0.0003967627189922496,3.277091309428215e-08,0.0,-0.028432406194042414,-0.028432425810024142,0.0,-2.284207931779747e-05,-0.028455288055738492,-0.02845526788934194,5.293730964694987e-08
tau4.5_r33_o19_h05,post_deadline,S-F,7.771026343106804e-09,1.0191160611691918e-05,-1.0206422302871943e-05,-1.3938688425696455e-07,1.7974525690078735e-07,-6.2051103242024805e-06,-1.0116142220795155e-05,-1.6313453670591116e-05,5.815076292492449e-06,7.384929290310538e-08,-1.0067035418614978e-05,-1.0424528085195561e-05,-1.7774740967979596e-07
tau4.5_r33_o19_h05,post_deadline,S-L,1.3906423002481166e-08,9.833688439568537e-06,-9.829644113779068e-06,-1.3432827472570352e-07,1.2852251529693604e-07,-6.2051103242024805e-06,-9.75094735622406e-06,-1.594687273609452e-05,5.815076292492449e-06,7.248317501762358e-08,-9.695315839053364e-06,-1.0059313268584447e-05,-2.3547491423414613e-07
tau4.5_r33_o19_h05,post_deadline,L-F,1.1472380720077143e-09,3.720374415861452e-07,-3.7677818909287453e-07,-5.058609531261027e-09,5.122274160385132e-08,0.0,-3.651948645710945e-07,-3.6658093449659646e-07,0.0,1.366117885481799e-09,-3.717195795616135e-07,-3.6521481661111466e-07,5.772750455435016e-08
tau4.5_r33_o19_h05,onset_total,S-F,3635.8972636403073,7137.125013352921,134.68059991835617,134.6506734009945,2.3993197828531265e-07,-8.713583716933084e-08,-0.9196567424805835,-0.9196568097831914,-3.0205410439521074e-07,0.949585410039731,0.029926517361673177,0.029928298202435144,2.0207727402521414e-06
tau4.5_r33_o19_h05,onset_total,S-L,14248.749202601995,28428.43313443458,69.03703871788457,68.98886688021139,1.5390105545520782e-07,-8.713583716933084e-08,-1.521642901818268,-1.5216429496140336,-3.0205410439521074e-07,1.569815701580751,0.04817183767318056,0.04817244991261305,7.661404879399925e-07
tau4.5_r33_o19_h05,onset_total,L-F,10678.513732558084,21291.42322195789,65.6435612004716,65.6618065207831,8.603092283010483e-08,0.0,0.6019861593376845,0.6019861398308421,0.0,-0.62023029154102,-0.018245320311507385,-0.018244151710177903,1.254632252312149e-06
tau4.5_r33_o19_h05,checkpoint_total,S-F,3635.8972636403073,7137.1442755750495,134.65025166003034,134.6502531821793,2.3993197828531265e-07,-8.713583716933084e-08,6.295740604400635e-07,5.622350727207959e-07,-3.0205410439521074e-07,4.0179770621762145e-10,-1.522148977528559e-06,2.6058276603180275e-07,2.0226637218456744e-06
tau4.5_r33_o19_h05,checkpoint_total,S-L,14248.749202601995,28428.51021570562,68.98818947991822,68.98818985651451,1.5390105545520782e-07,-8.713583716933084e-08,5.885958671569824e-07,5.407382559496909e-07,-3.0205410439521074e-07,6.08309846938937e-10,-3.7659629015251994e-07,2.3929246140141913e-07,7.697898070091469e-07
tau4.5_r33_o19_h05,checkpoint_total,L-F,10678.571551606994,21291.481041006802,65.66206218011212,65.6620633256648,8.603092283010483e-08,0.0,4.0978193283081055e-08,2.1496816771104932e-08,0.0,-2.0651214072131552e-10,-1.145552687376039e-06,2.1290304630383616e-08,1.2528739148365275e-06
tau4.5_r33_o61_h1,pre_onset,S-F,1.604392816082115e-07,1.604392816082115e-07,0.0,0.0,0.0,0.0,0.0,0.0,0.0,0.0,0.0,0.0,0.0
tau4.5_r33_o61_h1,pre_onset,S-L,0.0,0.0,0.0,0.0,0.0,0.0,0.0,0.0,0.0,0.0,0.0,0.0,0.0
tau4.5_r33_o61_h1,pre_onset,L-F,1.604392816082115e-07,1.604392816082115e-07,0.0,0.0,0.0,0.0,0.0,0.0,0.0,0.0,0.0,0.0,0.0
tau4.5_r33_o61_h1,service,S-F,3636.1002734814224,7137.295877477785,134.90464705701743,134.73423161633173,-5.908077582716942e-09,-7.099520173493627,0.17326311088982038,-6.926257062335935,7.099520172159828,-0.0028364743025690586,0.17041544068570147,0.17042663552132353,1.1188927544480975e-05
tau4.5_r33_o61_h1,service,S-L,14250.655293761258,28432.11081445599,69.19975044234889,69.03241072314279,2.0139850676059723e-08,-7.099520173493627,0.1701038284227252,-6.929416348782979,7.099520172159828,-0.002761607294530677,0.16733971920609747,0.16734221608231792,2.5170160711240896e-06
tau4.5_r33_o61_h1,service,L-F,10680.640989367452,21295.577082316373,65.70489661466854,65.70182089318894,-2.6047928258776665e-08,0.0,0.0031592824670951813,0.0031592864470439963,0.0,-7.486700803838175e-05,0.003075721479603999,0.0030844194390056145,8.671911473356886e-06
tau4.5_r33_o61_h1,recovery,S-F,0.0346789280320052,0.24217302759630638,-0.1727925452287309,-0.0023769241656736995,8.32369551062584e-09,7.099526396369314,-0.17325207660906017,6.926274306486448,-7.099526394667919,0.002836398295869458,-0.1704156210630572,-0.1704156898856013,-6.049884859749e-08
tau4.5_r33_o61_h1,recovery,S-L,0.033248449585144405,0.23618579829740327,-0.16966626892099157,-0.0023338505625360995,7.834751158952713e-08,7.099526396369314,-0.1700939696165733,6.929432401739177,-7.099526394667919,0.0027615389227264586,-0.16733241835845547,-0.16733245400601504,4.26999520186655e-08
tau4.5_r33_o61_h1,recovery,L-F,0.001566097124654334,0.006258466654490233,-0.0031262763077393174,-4.30736031376e-05,-7.002381607890129e-08,0.0,-0.0031581069924868643,-0.003158095252729254,0.0,7.485937314299917e-05,-0.0030832027046017174,-0.0030832358795862547,-1.031988006161555e-07
tau4.5_r33_o61_h1,post_deadline,S-F,0.0,1.0715651982929572e-05,-1.074490137398243e-05,-1.471121322538238e-07,-2.491287887096405e-08,-6.170456492849313e-06,-1.0623945854604244e-05,-1.6813104593893513e-05,6.069123628549278e-06,7.476938890249585e-08,-1.0597789241728606e-05,-1.066921157644174e-05,-9.63352135840978e-08
tau4.5_r33_o61_h1,post_deadline,S-L,0.0,9.557417187374099e-06,-9.572366252541542e-06,-1.311241248913575e-07,-5.943002179265022e-08,-6.170456492849313e-06,-9.4818533398211e-06,-1.5662848454667255e-05,6.069123628549278e-06,6.75043452247337e-08,-9.441242127650185e-06,-9.526220480893244e-06,-1.4440837503570947e-07
tau4.5_r33_o61_h1,post_deadline,L-F,7.150694727898761e-10,1.1596649345010534e-06,-1.1725351214408875e-06,-1.5988007362466305e-08,3.451714292168617e-08,0.0,-1.142092514783144e-06,-1.1502561392262578e-06,0.0,7.265043677762151e-09,-1.1565471140784211e-06,-1.1429910955484957e-06,4.807316145161167e-08
tau4.5_r33_o61_h1,onset_total,S-F,3636.134952409455,7137.538061221034,134.73184376687277,134.73185454505483,-2.246815711259842e-08,5.241919521495756e-08,4.103640094399452e-07,4.310459189582616e-07,-1.533844624646008e-07,-1.237310698343208e-09,-1.0778182058857055e-05,2.764241457953176e-07,1.1032138047539775e-05
tau4.5_r33_o61_h1,onset_total,S-L,14250.688542210843,28432.347009811707,69.03007460106164,69.03007674145647,3.91155481338501e-08,5.241919521495756e-08,3.7695281207561493e-07,3.9010774344205856e-07,-1.533844624646008e-07,-8.674589935253607e-10,-2.14039482671069e-06,2.358558219839324e-07,2.4153661968284723e-06
tau4.5_r33_o61_h1,onset_total,L-F,10680.642555465292,21295.583341942693,65.70176916581113,65.70177780359836,-6.158370524644852e-08,0.0,3.341119736433029e-08,4.0938175516203046e-08,0.0,-3.6985170481784735e-10,-8.637787232146366e-06,4.05683238113852e-08,8.616771850711302e-06
tau4.5_r33_o61_h1,checkpoint_total,S-F,3636.1349525698943,7137.538061381473,134.73184376687277,134.73185454505438,-2.246815711259842e-08,5.241919521495756e-08,4.103640094399452e-07,4.310459189582616e-07,-1.533844624646008e-07,-1.237310698343208e-09,-1.0778181604109704e-05,2.764241457953176e-07,1.1032137592792424e-05
tau4.5_r33_o61_h1,checkpoint_total,S-L,14250.688542210843,28432.347009811707,69.03007460106164,69.03007674145647,3.91155481338501e-08,5.241919521495756e-08,3.7695281207561493e-07,3.9010774344205856e-07,-1.533844624646008e-07,-8.674589935253607e-10,-2.14039482671069e-06,2.358558219839324e-07,2.4153661968284723e-06
tau4.5_r33_o61_h1,checkpoint_total,L-F,10680.64255562573,21295.58334210313,65.70176916581113,65.7017778035979,-6.158370524644852e-08,0.0,3.341119736433029e-08,4.0938175516203046e-08,0.0,-3.6985170481784735e-10,-8.637786777399015e-06,4.05683238113852e-08,8.616771395963951e-06
tau4.5_r33_o61_h05,pre_onset,S-F,1.607307345841556e-07,1.607307345841556e-07,0.0,0.0,0.0,0.0,0.0,0.0,0.0,0.0,0.0,0.0,0.0
tau4.5_r33_o61_h05,pre_onset,S-L,0.0,0.0,0.0,0.0,0.0,0.0,0.0,0.0,0.0,0.0,0.0,0.0,0.0
tau4.5_r33_o61_h05,pre_onset,L-F,1.607307345841556e-07,1.607307345841556e-07,0.0,0.0,0.0,0.0,0.0,0.0,0.0,0.0,0.0,0.0,0.0
tau4.5_r33_o61_h05,service,S-F,3636.1002811891335,7137.2958644801865,134.90467546739092,134.7342517499941,3.4924596548080444e-09,-7.0995046000365125,0.1732622006238671,-6.926242398323666,7.099504602243542,-0.002836484410408957,0.1704237173968295,0.17042571950946694,2.0056050971106743e-06
tau4.5_r33_o61_h05,service,S-L,14250.655316292814,28432.11083511312,69.19977484364063,69.03243080624554,-1.0506482794880867e-08,-7.0995046000365125,0.1701068042893894,-6.929397797455749,7.099504602243542,-0.0027616165740766974,0.16734403739508252,0.1673451882137158,1.140312150482714e-06
tau4.5_r33_o61_h05,service,L-F,10680.641009707302,21295.577118989033,65.70490062375029,65.70182094374854,1.3998942449688911e-08,0.0,0.0031553963344777003,0.003155399132083403,0.0,-7.486783633225969e-05,0.003079680001746965,0.0030805312957511433,8.652929466279602e-07
tau4.5_r33_o61_h05,recovery,S-F,0.0346789200873347,0.24217211139086783,-0.17279172653798014,-0.0023769019521751034,5.7159923017024994e-08,7.09951083405747,-0.17325117788277566,6.926259643172671,-7.099510824082245,0.00283640801953311,-0.17041482458580504,-0.17041477289004092,1.0885568713092653e-07
tau4.5_r33_o61_h05,recovery,S-L,0.03324896616311744,0.23618987302278874,-0.16966934350784868,-0.0023338820810749894,-1.1082738637924194e-07,7.09951083405747,-0.1700969854136929,6.929413850186393,-7.099510824082245,0.002761547594161584,-0.1673354614267737,-0.1673354263016904,-7.570230309283943e-08
tau4.5_r33_o61_h05,recovery,L-F,0.0015657697505317629,0.006253870020708089,-0.0031223830301314592,-4.301987110011396e-05,1.6798730939626694e-07,0.0,-0.0031541924690827727,-0.0031542070137220435,0.0,7.486042537152571e-05,-0.0030793631590313453,-0.0030793465883505178,1.8455799022376596e-07
tau4.5_r33_o61_h05,post_deadline,S-F,6.8696994567287005e-09,1.0429521920159473e-05,-1.0434538125991821e-05,-1.426742528565228e-07,1.461012288928032e-07,-6.314964277215024e-06,-1.0360206943005323e-05,-1.666179741732776e-05,5.91936259297654e-06,7.697298087805393e-08,-1.0291863873135298e-05,-1.0665461843473167e-05,-2.274967414450657e-07
tau4.5_r33_o61_h05,post_deadline,S-L,1.8462574225849994e-08,9.286279051681062e-06,-9.256938938051462e-06,-1.2654209058382548e-07,1.5873229131102562e-07,-6.314964277215024e-06,-9.198556654155254e-06,-1.5506037016166374e-05,5.91936259297654e-06,6.945973041183606e-08,-9.130396847467637e-06,-9.517214692777998e-06,-2.280855539993354e-07
tau4.5_r33_o61_h05,post_deadline,L-F,5.091656930743413e-10,1.1674469494028008e-06,-1.1775991879403591e-06,-1.6132162272697315e-08,-1.2631062418222427e-08,0.0,-1.161650288850069e-06,-1.1557604011613876e-06,0.0,7.513250466217869e-09,-1.1614670256676618e-06,-1.1482471506951697e-06,5.888125542696798e-10
tau4.5_r33_o61_h05,onset_total,S-F,3636.13496011609,7137.5380470211,134.73187330632936,134.73187470536732,2.0675361156463623e-07,-8.094332005740097e-08,6.62519596517086e-07,5.830515874549747e-07,-3.024761099368334e-07,5.821050308441045e-10,-1.399037955707172e-06,2.811575825489854e-07,1.8869491498207935e-06
tau4.5_r33_o61_h05,onset_total,S-L,14250.68856527744,28432.34703427242,69.03009624325205,69.03009679762272,3.7369318306446075e-08,-8.094332005740097e-08,6.202608346939087e-07,5.466936272569001e-07,-3.024761099368334e-07,4.798152986040805e-10,-5.543706720345654e-07,2.4469733261867077e-07,8.364373229596822e-07
tau4.5_r33_o61_h05,onset_total,L-F,10680.642575477561,21295.583374026504,65.70177706307732,65.7017779077446,1.6938429325819016e-07,0.0,4.225876182317734e-08,3.635796019807458e-08,0.0,1.0228973224002402e-10,-8.446672836726066e-07,3.64602499303146e-08,1.0505118268611113e-06
tau4.5_r33_o61_h05,checkpoint_total,S-F,3636.134960276821,7137.538047181832,134.73187330632936,134.73187470536777,2.0675361156463623e-07,-8.094332005740097e-08,6.62519596517086e-07,5.830515874549747e-07,-3.024761099368334e-07,5.821050308441045e-10,-1.3990384104545228e-06,2.811575825489854e-07,1.8869496045681444e-06
tau4.5_r33_o61_h05,checkpoint_total,S-L,14250.68856527744,28432.34703427242,69.03009624325205,69.03009679762272,3.7369318306446075e-08,-8.094332005740097e-08,6.202608346939087e-07,5.466936272569001e-07,-3.024761099368334e-07,4.798152986040805e-10,-5.543706720345654e-07,2.4469733261867077e-07,8.364373229596822e-07
tau4.5_r33_o61_h05,checkpoint_total,L-F,10680.64257563829,21295.583374187234,65.70177706307732,65.70177790774505,1.6938429325819016e-07,0.0,4.225876182317734e-08,3.635796019807458e-08,0.0,1.0228973224002402e-10,-8.446677384199575e-07,3.64602499303146e-08,1.0505122816084622e-06
tau5.5_r27_o19_h1,pre_onset,S-F,0.0,0.019262271073521322,-0.030348261437120883,-0.0004202175287620069,3.552713678800501e-15,0.0,0.9196573623308133,0.9196573623230506,0.0,-0.9495853990094076,-0.029928043908358876,-0.029928036686357018,7.222005410367771e-09
tau5.5_r27_o19_h1,pre_onset,S-L,0.0,0.07708132364782119,-0.04884924754742492,-0.0006770197219081453,3.552713678800501e-15,0.0,1.521643479909896,1.5216434799040144,0.0,-1.5698156870651303,-0.04817222782551678,-0.04817220716111592,2.066440440984252e-08
tau5.5_r27_o19_h1,pre_onset,L-F,0.05781905257429988,0.05781905257429988,0.01850098611030404,0.0002568021931461384,0.0,0.0,-0.6019861175790826,-0.6019861175809638,0.0,0.6202302880557227,0.018244183917157902,0.018244170474758903,-1.3442398999474747e-08
tau5.5_r27_o19_h1,service,S-F,3635.8319660711823,7136.721271906278,134.95233404205646,134.65167580417767,-1.2703821994364262e-08,-172.48137281116794,-0.6265926737396512,-173.10796548252983,172.48137281195523,0.9272698670541502,0.30065823787879253,0.3006771964795405,1.8945896925970374e-05
tau5.5_r27_o19_h1,service,S-L,14248.688287258035,28428.06700572122,69.27992431161692,68.98947257431553,-1.5323166735470295e-08,-172.48137281116794,-1.2570152594707906,-173.738388069738,172.48137281195523,1.5474773135602504,0.29045173730139595,0.29046205577748196,1.0303152919277636e-05
tau5.5_r27_o19_h1,service,L-F,10678.509611392921,21291.38613134461,65.67240973043954,65.66220322986214,2.6193447411060333e-09,0.0,0.6304225857311394,0.6304225872081588,0.0,-0.6202074465061003,0.010206500577396582,0.010215140702058534,8.642744006692737e-06
tau5.5_r27_o19_h1,recovery,S-F,0.0668713945949598,0.4099753380276947,-0.2748203640221618,-0.0040268582602038805,-3.416789695620537e-08,172.47913181189344,-0.29308870603563264,172.1860430858942,-172.47913181310287,0.02231538950664458,-0.27079350576195793,-0.2707733377020247,2.013389203625593e-05
tau5.5_r27_o19_h1,recovery,S-L,0.06381163814121789,0.3750003107091321,-0.24596462614135817,-0.003630044519468356,-5.1979441195726395e-08,172.47913181189344,-0.2646526047028601,172.21447916787292,-172.47913181310287,0.02233823328174367,-0.2423345816218898,-0.24231441194820036,2.0117694248256157e-05
tau5.5_r27_o19_h1,recovery,L-F,0.004101617620504472,0.03705874965208768,-0.028855737880803645,-0.00039681374073552433,1.7811544239521027e-08,0.0,-0.028436101332772523,-0.02843608197872527,0.0,-2.2843775099090635e-05,-0.02845892414006812,-0.02845892575382436,1.6197787999772117e-08
tau5.5_r27_o19_h1,post_deadline,S-F,2.354945069155662e-05,2.354945069155662e-05,2.353463787585497e-05,3.208429006917868e-07,-7.566995918750763e-09,0.0022180618001842864,2.3121654521673918e-05,0.0022411639729398303,-0.0022180595478857867,1.4545608451044245e-07,2.3213794975163182e-05,2.3249881138553974e-05,2.8519167472040863e-08
tau5.5_r27_o19_h1,post_deadline,S-L,2.3914437717991026e-05,2.3914437717991026e-05,2.3884465917944908e-05,3.2591424314887263e-07,-3.3760443329811096e-08,0.0022180618001842864,2.348865382373333e-05,0.00224152612281614,-0.0022180595478857867,1.4357158306665951e-07,2.3558551674796036e-05,2.361014651341975e-05,1.783439529390307e-08
tau5.5_r27_o19_h1,post_deadline,L-F,2.3289932869373987e-09,3.6964501300827196e-07,-3.498280420899391e-07,-5.071342457085848e-09,2.6193447411060333e-08,0.0,-3.66999302059412e-07,-3.6214987630955875e-07,0.0,1.8845014437829377e-09,-3.4475669963285327e-07,-3.602653748657758e-07,1.0684772178137791e-08
tau5.5_r27_o19_h1,onset_total,S-F,3635.898861015228,7137.131270793758,134.67753721273039,134.64764926676025,-5.448237061500549e-08,-2.2937474331533633e-05,-0.9196582580916584,-0.9196812326626969,2.2939304471947253e-05,0.9495854020168792,0.029887945970131113,0.029927108658654333,3.910820615260491e-05
tau5.5_r27_o19_h1,onset_total,S-L,14248.752122810616,28428.44202994637,69.0339835700579,68.98584285570996,-1.0104849934577942e-07,-2.2937474331533633e-05,-1.521644375519827,-1.521667375742254,2.2939304471947253e-05,1.5698156904135772,0.04814071434793732,0.048171253975795025,3.0438579358360585e-05
tau5.5_r27_o19_h1,onset_total,L-F,10678.513713012871,21291.42319046391,65.64355364267249,65.66180641105029,4.6566128730773926e-08,0.0,0.6019861174281687,0.6019861430795572,0.0,-0.6202302883966979,-0.018252768377806206,-0.018244145317140692,8.669626794244323e-06
tau5.5_r27_o19_h1,checkpoint_total,S-F,3635.898861015228,7137.1505330648315,134.64718895126134,134.64722904923156,-5.448237061500549e-08,-2.2937474331533633e-05,-8.958159014582634e-07,-2.387033964623697e-05,2.2939304471947253e-05,3.0074716050876305e-09,-4.009797021353734e-05,-9.280277026846306e-07,3.91154601402377e-05
tau5.5_r27_o19_h1,checkpoint_total,S-L,14248.752122810616,28428.51911127002,68.98513432242908,68.98516583598848,-1.0104849934577942e-07,-2.2937474331533633e-05,-8.955830708146095e-07,-2.3895838239695877e-05,2.2939304471947253e-05,3.3484468531241873e-09,-3.151355940644862e-05,-9.531853208954999e-07,3.0459325586207342e-05
tau5.5_r27_o19_h1,checkpoint_total,L-F,10678.571532065445,21291.481009516483,65.66205462883227,65.66206321324307,4.6566128730773926e-08,0.0,-2.3283064365386963e-10,2.5498593458905816e-08,0.0,-3.409752480365569e-10,-8.584410807088716e-06,2.515761821086926e-08,8.656134554030359e-06
tau5.5_r27_o19_h05,pre_onset,S-F,0.0,0.01926222212842756,-0.030348258311853726,-0.00042021881511131176,0.0,0.0,0.9196573720108301,0.9196573720182641,0.0,-0.9495854096379333,-0.029928039496742415,-0.029928037619669112,1.877073302347654e-09
tau5.5_r27_o19_h05,pre_onset,S-L,0.0,0.07708127103778975,-0.048849237959869285,-0.0006770236970665977,0.0,0.0,1.5216434903631555,1.5216434903522895,0.0,-1.5698157009724412,-0.04817221426280269,-0.048172210620151645,3.64265104191297e-09
tau5.5_r27_o19_h05,pre_onset,L-F,0.057819048909362195,0.057819048909362195,0.01850097964801556,0.00025680488195528595,0.0,0.0,-0.6019861183523254,-0.6019861183340254,0.0,0.6202302913345079,0.018244174766060273,0.018244173000482533,-1.765577739565316e-09
tau5.5_r27_o19_h05,service,S-F,3635.8319774672373,7136.721263115483,134.95236567448592,134.6516942094912,-6.0390448197722435e-09,-172.48135854772522,-0.6265951054228935,-173.1079536548932,172.4813585488082,0.9272698645721391,0.3006714649947071,0.30067475848713343,3.28745338151748e-06
tau5.5_r27_o19_h05,service,S-L,14248.688315082245,28428.06703367769,69.27995204649051,68.98949092093062,-8.09086486697197e-09,-172.48135854772522,-1.257014036164037,-173.738372587115,172.4813585488082,1.5474773153999593,0.29046112555988657,0.2904632770931528,2.1434424013477837e-06
tau5.5_r27_o19_h05,service,L-F,10678.50963147969,21291.386167627184,65.67241362799541,65.66220328856059,2.051820047199726e-09,0.0,0.6304189307411434,0.6304189322218008,0.0,-0.6202074508278201,0.010210339434820526,0.010211481393980648,1.1440109801696963e-06
tau5.5_r27_o19_h05,recovery,S-F,0.06688510446171836,0.40998301966008316,-0.27480067330179736,-0.004027221693831962,-1.0128132998943329e-08,172.47911755104965,-0.2930862997309305,172.186031251229,-172.47911754982488,0.02231540251764841,-0.2707734516079654,-0.2707708960782327,2.5454015997183888e-06
tau5.5_r27_o19_h05,recovery,S-L,0.0638255797639856,0.375012166097584,-0.24594862252706662,-0.003630458974839712,-4.289904609322548e-08,172.47911755104965,-0.26465389353688806,172.21446367703902,-172.47911754982488,0.022338244596966206,-0.2423181635522269,-0.24231562818889074,2.492464290071439e-06
tau5.5_r27_o19_h05,recovery,L-F,0.00410107724668401,0.03705395866040174,-0.028852050774730742,-0.0003967627189922496,3.277091309428215e-08,0.0,-0.028432406194042414,-0.028432425810024142,0.0,-2.284207931779747e-05,-0.028455288055738492,-0.02845526788934194,5.293730964694987e-08
tau5.5_r27_o19_h05,post_deadline,S-F,2.3546098214224972e-05,2.3546098214224972e-05,2.3532425984740257e-05,3.209056558262091e-07,1.1641532182693481e-07,0.002218063107972302,2.306833630427718e-05,0.002241158901597373,-0.0022180647938512266,1.4645752344222274e-07,2.3211520328914048e-05,2.3240565269588842e-05,1.4546026250172872e-07
tau5.5_r27_o19_h05,post_deadline,S-L,2.3915841179667104e-05,2.3915841179667104e-05,2.3909204173833132e-05,3.2596426535747014e-07,6.51925802230835e-08,0.002218063107972302,2.3433531168848276e-05,0.00224152548253187,-0.0022180647938512266,1.4509140555674094e-07,2.358323990847566e-05,2.3605780086199957e-05,8.773275794737856e-08
tau5.5_r27_o19_h05,post_deadline,L-F,1.1472380720077143e-09,3.720374415861452e-07,-3.7677818909287453e-07,-5.058609531261027e-09,5.122274160385132e-08,0.0,-3.651948645710945e-07,-3.6658093449659646e-07,0.0,1.366117885481799e-09,-3.717195795616135e-07,-3.6521481661111466e-07,5.772750455435016e-08
tau5.5_r27_o19_h05,onset_total,S-F,3635.8988861177977,7137.131269681241,134.6775885336101,134.6476673087027,1.0023359209299088e-07,-2.2933567583280308e-05,-0.9196583369048312,-0.9196812447626144,2.2934189473744482e-05,0.949585413547311,0.02992122490741167,0.02992710297417034,5.978300350761856e-06
tau5.5_r27_o19_h05,onset_total,S-L,14248.75216457785,28428.442069759636,69.03402733313851,68.98586078791959,1.4202669262886047e-08,-2.2933567583280308e-05,-1.5216444962425157,-1.5216673845934565,2.2934189473744482e-05,1.569815705088331,0.048166545218919055,0.04817125468434824,4.723668098449707e-06
tau5.5_r27_o19_h05,onset_total,L-F,10678.513732558084,21291.42322195789,65.6435612004716,65.6618065207831,8.603092283010483e-08,0.0,0.6019861593376845,0.6019861398308421,0.0,-0.62023029154102,-0.018245320311507385,-0.018244151710177903,1.254632252312149e-06
tau5.5_r27_o19_h05,checkpoint_total,S-F,3635.8988861177977,7137.1505319033695,134.64724027528428,134.64724708988751,1.0023359209299088e-07,-2.2933567583280308e-05,-9.648501873016357e-07,-2.387274435022846e-05,2.2934189473744482e-05,3.909377710442641e-09,-6.814603239035932e-06,-9.346454987735342e-07,5.980191332355389e-06
tau5.5_r27_o19_h05,checkpoint_total,S-L,14248.75216457785,28428.519151030672,68.98517809517216,68.98518376422271,1.4202669262886047e-08,-2.2933567583280308e-05,-1.0058283805847168e-06,-2.3894241166999564e-05,2.2934189473744482e-05,4.115889851163956e-09,-5.669050551659893e-06,-9.559358034039178e-07,4.7273174175188615e-06
tau5.5_r27_o19_h05,checkpoint_total,L-F,10678.571551606994,21291.481041006802,65.66206218011212,65.6620633256648,8.603092283010483e-08,0.0,4.0978193283081055e-08,2.1496816771104932e-08,0.0,-2.0651214072131552e-10,-1.145552687376039e-06,2.1290304630383616e-08,1.2528739148365275e-06
tau5.5_r27_o61_h1,pre_onset,S-F,1.604392816082115e-07,1.604392816082115e-07,0.0,0.0,0.0,0.0,0.0,0.0,0.0,0.0,0.0,0.0,0.0
tau5.5_r27_o61_h1,pre_onset,S-L,0.0,0.0,0.0,0.0,0.0,0.0,0.0,0.0,0.0,0.0,0.0,0.0,0.0
tau5.5_r27_o61_h1,pre_onset,L-F,1.604392816082115e-07,1.604392816082115e-07,0.0,0.0,0.0,0.0,0.0,0.0,0.0,0.0,0.0,0.0,0.0
tau5.5_r27_o61_h1,service,S-F,3636.070294285902,7137.221508745655,134.9183908044215,134.73170340914317,3.2741809263825417e-09,-172.481369322387,0.23960864782566205,-172.24176067133885,172.48136932350462,-0.05290339353416584,0.18668739527834077,0.18670525863160492,1.786662744507339e-05
tau5.5_r27_o61_h1,service,S-L,14250.603345595668,28431.992507783714,69.21349418975296,69.02988251595423,2.9322109185159206e-08,-172.481369322387,0.23644936535856687,-172.2449199577859,172.48136932350462,-0.05282852652612746,0.18361167379873677,0.1836208391925993,9.194715971716505e-06
tau5.5_r27_o61_h1,service,L-F,10680.640989367452,21295.577082316373,65.70489661466854,65.70182089318894,-2.6047928258776665e-08,0.0,0.0031592824670951813,0.0031592864470439963,0.0,-7.486700803838175e-05,0.003075721479603999,0.0030844194390056145,8.671911473356886e-06
tau5.5_r27_o61_h1,recovery,S-F,0.05687596910657982,0.30404547883481003,-0.18960433756001294,-0.002855050608104648,5.1106326282024384e-08,172.47913038296545,-0.23963196523254737,172.23949837958207,-172.47913038261322,0.05290285589779842,-0.1867492869519083,-0.18672914713334876,2.019092488581009e-05
tau5.5_r27_o61_h1,recovery,S-L,0.05540794323306966,0.29798315468260816,-0.18647806125227362,-0.002811977004967048,1.2113014236092567e-07,172.47913038296545,-0.2364738582400605,172.2426564748348,-172.47913038261322,0.05282799652465542,-0.18366608424730657,-0.1836459112537625,2.0294123686426246e-05
tau5.5_r27_o61_h1,recovery,L-F,0.001566097124654334,0.006258466654490233,-0.0031262763077393174,-4.30736031376e-05,-7.002381607890129e-08,0.0,-0.0031581069924868643,-0.003158095252729254,0.0,7.485937314299917e-05,-0.0030832027046017174,-0.0030832358795862547,-1.031988006161555e-07
tau5.5_r27_o61_h1,post_deadline,S-F,2.3285113853635285e-05,2.3285113853635285e-05,2.3248023353517056e-05,3.170462150592357e-07,-2.6775524020195007e-08,0.0022160243131910773,2.2465595975518227e-05,0.0022384647418220993,-0.0022160225780680776,5.369867324134248e-07,2.293097713845782e-05,2.2979150486435174e-05,2.1397823957158835e-08
tau5.5_r27_o61_h1,post_deadline,S-L,2.444334864919077e-05,2.444334864919077e-05,2.4420558474957943e-05,3.33034222421702e-07,-6.129266694188118e-08,0.0022160243131910773,2.360768849030137e-05,0.0022396149979613256,-0.0022160225780680776,5.297216887356626e-07,2.408752425253624e-05,2.412214158198367e-05,-2.6675337494452833e-08
tau5.5_r27_o61_h1,post_deadline,L-F,7.150694727898761e-10,1.1596649345010534e-06,-1.1725351214408875e-06,-1.5988007362466305e-08,3.451714292168617e-08,0.0,-1.142092514783144e-06,-1.1502561392262578e-06,0.0,7.265043677762151e-09,-1.1565471140784211e-06,-1.1429910955484957e-06,4.807316145161167e-08
tau5.5_r27_o61_h1,onset_total,S-F,3636.127193540123,7137.525577509605,134.7288097148994,134.72884867558196,2.759043127298355e-08,-2.291510834946242e-05,-8.51810909807682e-07,-2.3827014956623316e-05,2.2918313334230334e-05,-6.496350124507444e-10,-3.896068255926366e-05,-9.09351257405433e-07,3.807892173313121e-05
tau5.5_r27_o61_h1,onset_total,S-L,14250.658777982248,28432.29051538175,69.02704054908827,69.0270708719836,8.917413651943207e-08,-2.291510834946242e-05,-8.852221071720123e-07,-2.386795313213952e-05,2.2918313334230334e-05,-2.7978330763289705e-10,-3.0322895327117294e-05,-9.499195812168182e-07,2.9462149882419908e-05
tau5.5_r27_o61_h1,onset_total,L-F,10680.642555465292,21295.583341942693,65.70176916581113,65.70177780359836,-6.158370524644852e-08,0.0,3.341119736433029e-08,4.0938175516203046e-08,0.0,-3.6985170481784735e-10,-8.637787232146366e-06,4.05683238113852e-08,8.616771850711302e-06
tau5.5_r27_o61_h1,checkpoint_total,S-F,3636.127193700562,7137.525577670043,134.7288097148994,134.7288486755815,2.759043127298355e-08,-2.291510834946242e-05,-8.51810909807682e-07,-2.3827014956623316e-05,2.2918313334230334e-05,-6.496350124507444e-10,-3.896068210451631e-05,-9.09351257405433e-07,3.807892127838386e-05
tau5.5_r27_o61_h1,checkpoint_total,S-L,14250.658777982248,28432.29051538175,69.02704054908827,69.0270708719836,8.917413651943207e-08,-2.291510834946242e-05,-8.852221071720123e-07,-2.386795313213952e-05,2.2918313334230334e-05,-2.7978330763289705e-10,-3.0322895327117294e-05,-9.499195812168182e-07,2.9462149882419908e-05
tau5.5_r27_o61_h1,checkpoint_total,L-F,10680.64255562573,21295.58334210313,65.70176916581113,65.7017778035979,-6.158370524644852e-08,0.0,3.341119736433029e-08,4.0938175516203046e-08,0.0,-3.6985170481784735e-10,-8.637786777399015e-06,4.05683238113852e-08,8.616771395963951e-06
tau5.5_r27_o61_h05,pre_onset,S-F,1.607307345841556e-07,1.607307345841556e-07,0.0,0.0,0.0,0.0,0.0,0.0,0.0,0.0,0.0,0.0,0.0
tau5.5_r27_o61_h05,pre_onset,S-L,0.0,0.0,0.0,0.0,0.0,0.0,0.0,0.0,0.0,0.0,0.0,0.0,0.0
tau5.5_r27_o61_h05,pre_onset,L-F,1.607307345841556e-07,1.607307345841556e-07,0.0,0.0,0.0,0.0,0.0,0.0,0.0,0.0,0.0,0.0,0.0
tau5.5_r27_o61_h05,service,S-F,3636.0703046080807,7137.221497987741,134.91842220751278,134.73172177539652,-1.7724232748150826e-08,-172.48135816526127,0.23960668363724835,-172.2417514792578,172.48135816738068,-0.05290340458390119,0.18670043211625398,0.18670328353897503,2.833698488302616e-06
tau5.5_r27_o61_h05,service,S-L,14250.60337079488,28431.99253078692,69.21352158376249,69.02990083164798,-3.172317519783974e-08,-172.48135816526127,0.23645128730277065,-172.24490687838988,172.48135816738068,-0.05282853674756893,0.183620752114507,0.18362275224322389,1.968405541674656e-06
tau5.5_r27_o61_h05,service,L-F,10680.641009707302,21295.577118989033,65.70490062375029,65.70182094374854,1.3998942449688911e-08,0.0,0.0031553963344777003,0.003155399132083403,0.0,-7.486783633225969e-05,0.003079680001746965,0.0030805312957511433,8.652929466279602e-07
tau5.5_r27_o61_h05,recovery,S-F,0.05688919012593376,0.30405265899373085,-0.18958511529490352,-0.0028554168156915694,-1.0477378964424133e-07,172.4791192236743,-0.23963002697564662,172.2394891908407,-172.47911922855565,0.05290286705761105,-0.18672969847921195,-0.186727170657349,2.4230480732967408e-06
tau5.5_r27_o61_h05,recovery,S-L,0.05542156251389248,0.29799507325000374,-0.18646273226477206,-0.0028123969445914554,-2.7276109904050827e-07,172.4791192236743,-0.23647583450656384,172.2426433978544,-172.47911922855565,0.05282800663223952,-0.1836503353201806,-0.1836478240689985,2.238490083072975e-06
tau5.5_r27_o61_h05,recovery,L-F,0.0015657697505317629,0.006253870020708089,-0.0031223830301314592,-4.301987110011396e-05,1.6798730939626694e-07,0.0,-0.0031541924690827727,-0.0031542070137220435,0.0,7.486042537152571e-05,-0.0030793631590313453,-0.0030793465883505178,1.8455799022376596e-07
tau5.5_r27_o61_h05,post_deadline,S-F,2.3284841928980342e-05,2.3284841928980342e-05,2.3266940843313932e-05,3.171630851284135e-07,7.566995918750763e-08,0.002216023458249431,2.240418689325452e-05,0.0022384623080142774,-0.0022160258085932583,5.373734097702254e-07,2.294977775818552e-05,2.2973872830789333e-05,9.976503179132123e-08
tau5.5_r27_o61_h05,post_deadline,S-L,2.4451270546996986e-05,2.4451270546996986e-05,2.444454003125429e-05,3.3329524740111083e-07,8.830102160573006e-08,0.002216023458249431,2.3565837182104588e-05,0.0022396180684154388,-0.0022160258085932583,5.298601593040075e-07,2.411124478385318e-05,2.4122119981484502e-05,9.917621923705155e-08
tau5.5_r27_o61_h05,post_deadline,L-F,5.091656930743413e-10,1.1674469494028008e-06,-1.1775991879403591e-06,-1.6132162272697315e-08,-1.2631062418222427e-08,0.0,-1.161650288850069e-06,-1.1557604011613876e-06,0.0,7.513250466217869e-09,-1.1614670256676618e-06,-1.1482471506951697e-06,5.888125542696798e-10
tau5.5_r27_o61_h05,onset_total,S-F,3636.1272170830493,7137.525573931575,134.72886035917327,134.72886667574357,-4.6798959374427795e-08,-2.2918128729878218e-05,-9.391224011778831e-07,-2.382610909990035e-05,2.2913016437087208e-05,-1.5288037502614316e-10,-6.316570306807989e-06,-9.132455431881681e-07,5.356525804245393e-06
tau5.5_r27_o61_h05,onset_total,S-L,14250.658816808664,28432.290550311438,69.02708329609595,69.02708876799898,-2.1618325263261795e-07,-2.2918128729878218e-05,-9.813811630010605e-07,-2.3862467060098425e-05,2.2913016437087208e-05,-2.551701072661672e-10,-5.471903023135383e-06,-9.497057931184827e-07,4.306013977384282e-06
tau5.5_r27_o61_h05,onset_total,L-F,10680.642575477561,21295.583374026504,65.70177706307732,65.7017779077446,1.6938429325819016e-07,0.0,4.225876182317734e-08,3.635796019807458e-08,0.0,1.0228973224002402e-10,-8.446672836726066e-07,3.64602499303146e-08,1.0505118268611113e-06
tau5.5_r27_o61_h05,checkpoint_total,S-F,3636.1272172437803,7137.525574092307,134.72886035917327,134.72886667574403,-4.6798959374427795e-08,-2.2918128729878218e-05,-9.391224011778831e-07,-2.382610909990035e-05,2.2913016437087208e-05,-1.5288037502614316e-10,-6.31657076155534e-06,-9.132455431881681e-07,5.356526258992744e-06
tau5.5_r27_o61_h05,checkpoint_total,S-L,14250.658816808664,28432.290550311438,69.02708329609595,69.02708876799898,-2.1618325263261795e-07,-2.2918128729878218e-05,-9.813811630010605e-07,-2.3862467060098425e-05,2.2913016437087208e-05,-2.551701072661672e-10,-5.471903023135383e-06,-9.497057931184827e-07,4.306013977384282e-06
tau5.5_r27_o61_h05,checkpoint_total,L-F,10680.64257563829,21295.583374187234,65.70177706307732,65.70177790774505,1.6938429325819016e-07,0.0,4.225876182317734e-08,3.635796019807458e-08,0.0,1.0228973224002402e-10,-8.446677384199575e-07,3.64602499303146e-08,1.0505122816084622e-06
tau5.5_r33_o19_h1,pre_onset,S-F,0.0,0.019262271073521322,-0.030348261437120883,-0.0004202175287620069,3.552713678800501e-15,0.0,0.9196573623308133,0.9196573623230506,0.0,-0.9495853990094076,-0.029928043908358876,-0.029928036686357018,7.222005410367771e-09
tau5.5_r33_o19_h1,pre_onset,S-L,0.0,0.07708132364782119,-0.04884924754742492,-0.0006770197219081453,3.552713678800501e-15,0.0,1.521643479909896,1.5216434799040144,0.0,-1.5698156870651303,-0.04817222782551678,-0.04817220716111592,2.066440440984252e-08
tau5.5_r33_o19_h1,pre_onset,L-F,0.05781905257429988,0.05781905257429988,0.01850098611030404,0.0002568021931461384,0.0,0.0,-0.6019861175790826,-0.6019861175809638,0.0,0.6202302880557227,0.018244183917157902,0.018244170474758903,-1.3442398999474747e-08
tau5.5_r33_o19_h1,service,S-F,3635.9090398036433,7136.876453113613,134.95277501060627,134.65333243818748,8.396455086767673e-09,7.092943667983048,-0.6511370779771823,6.441806592749344,-7.092943667717918,0.9505927642961183,0.2994425724187977,0.2994556893275444,1.3125305201810988e-05
tau5.5_r33_o19_h1,service,S-L,14248.765302167934,28428.22206928343,69.28036528016673,68.99112920832533,5.77711034566164e-09,7.092943667983048,-1.2815596637083218,5.811384005541186,-7.092943667717918,1.5708002108022185,0.2892360718414011,0.28924054862548587,4.482561195118251e-06
tau5.5_r33_o19_h1,service,L-F,10678.509611392921,21291.38613134461,65.67240973043954,65.66220322986214,2.6193447411060333e-09,0.0,0.6304225857311394,0.6304225872081588,0.0,-0.6202074465061003,0.010206500577396582,0.010215140702058534,8.642744006692737e-06
tau5.5_r33_o19_h1,recovery,S-F,0.052471201758156776,0.3781527732944787,-0.27327289525419474,-0.0037577053390123183,1.8102582544088364e-08,-7.092956285841136,-0.2685077929054387,-7.361464108729706,7.09295628657128,-0.0010074532681869641,-0.2695151899151824,-0.26951527542661324,-6.740884828104754e-08
tau5.5_r33_o19_h1,recovery,S-L,0.04866501450311323,0.34168488437331274,-0.2444171573733911,-0.003360891598276794,2.9103830456733704e-10,-7.092956285841136,-0.24007169157266617,-7.333028026750981,7.09295628657128,-0.0009846094930878735,-0.2410562657751143,-0.24105634967278888,-8.360663628081966e-08
tau5.5_r33_o19_h1,recovery,L-F,0.004101617620504472,0.03705874965208768,-0.028855737880803645,-0.00039681374073552433,1.7811544239521027e-08,0.0,-0.028436101332772523,-0.02843608197872527,0.0,-2.2843775099090635e-05,-0.02845892414006812,-0.02845892575382436,1.6197787999772117e-08
tau5.5_r33_o19_h1,post_deadline,S-F,0.0,1.2225726946955588e-05,-1.2233678717166185e-05,-1.6780313671915792e-07,7.60774128139019e-08,1.2486725439647737e-05,-1.2149626854807138e-05,3.442073648329824e-07,-1.2473625247366726e-05,8.458169986624853e-08,-1.2065875580447027e-05,-1.2044836182667495e-05,9.711681059343391e-08
tau5.5_r33_o19_h1,post_deadline,S-L,0.0,1.1860739920521188e-05,-1.1883850675076246e-05,-1.6273179426207207e-07,4.988396540284157e-08,1.2486725439647737e-05,-1.1782627552747726e-05,7.063572411425412e-07,-1.2473625247366726e-05,8.269719842246559e-08,-1.1721118880814174e-05,-1.168457080780172e-05,8.643203841529612e-08
tau5.5_r33_o19_h1,post_deadline,L-F,2.3289932869373987e-09,3.6964501300827196e-07,-3.498280420899391e-07,-5.071342457085848e-09,2.6193447411060333e-08,0.0,-3.66999302059412e-07,-3.6214987630955875e-07,0.0,1.8845014437829377e-09,-3.4475669963285327e-07,-3.602653748657758e-07,1.0684772178137791e-08
tau5.5_r33_o19_h1,onset_total,S-F,3635.961511005401,7137.254618112634,134.67948988173157,134.649574565045,1.0256189852952957e-07,-1.3113264771393424e-07,-0.919657020480372,-0.9196571717729967,1.4522811397910118e-07,0.9495853956096312,0.029915316686583537,0.029928369064748495,1.315494006348672e-05
tau5.5_r33_o19_h1,onset_total,S-L,14248.813967182437,28428.563766028543,69.03593623905908,68.9877681539947,5.5995769798755646e-08,-1.3113264771393424e-07,-1.5216431379085407,-1.5216433148525539,1.4522811397910118e-07,1.569815684006329,0.04816808506438974,0.04817251438188919,4.485313269242397e-06
tau5.5_r33_o19_h1,onset_total,L-F,10678.513713012871,21291.42319046391,65.64355364267249,65.66180641105029,4.6566128730773926e-08,0.0,0.6019861174281687,0.6019861430795572,0.0,-0.6202302883966979,-0.018252768377806206,-0.018244145317140692,8.669626794244323e-06
tau5.5_r33_o19_h1,checkpoint_total,S-F,3635.961511005401,7137.273880383707,134.64914162026253,134.6491543475163,1.0256189852952957e-07,-1.3113264771393424e-07,3.417953848838806e-07,1.9055005395784974e-07,1.4522811397910118e-07,-3.399776460355497e-09,-1.2727253761113388e-05,3.323783914765954e-07,1.3162194051119513e-05
tau5.5_r33_o19_h1,checkpoint_total,S-L,14248.813967182437,28428.640847352195,68.98708699143026,68.98709113427321,5.5995769798755646e-08,-1.3113264771393424e-07,3.420282155275345e-07,1.6505146049894392e-07,1.4522811397910118e-07,-3.05880121231894e-09,-4.1428429540246725e-06,3.0722077326572617e-07,4.506059497089154e-06
tau5.5_r33_o19_h1,checkpoint_total,L-F,10678.571532065445,21291.481009516483,65.66205462883227,65.66206321324307,4.6566128730773926e-08,0.0,-2.3283064365386963e-10,2.5498593458905816e-08,0.0,-3.409752480365569e-10,-8.584410807088716e-06,2.515761821086926e-08,8.656134554030359e-06
tau5.5_r33_o19_h05,pre_onset,S-F,0.0,0.01926222212842756,-0.030348258311853726,-0.00042021881511131176,0.0,0.0,0.9196573720108301,0.9196573720182641,0.0,-0.9495854096379333,-0.029928039496742415,-0.029928037619669112,1.877073302347654e-09
tau5.5_r33_o19_h05,pre_onset,S-L,0.0,0.07708127103778975,-0.048849237959869285,-0.0006770236970665977,0.0,0.0,1.5216434903631555,1.5216434903522895,0.0,-1.5698157009724412,-0.04817221426280269,-0.048172210620151645,3.64265104191297e-09
tau5.5_r33_o19_h05,pre_onset,L-F,0.057819048909362195,0.057819048909362195,0.01850097964801556,0.00025680488195528595,0.0,0.0,-0.6019861183523254,-0.6019861183340254,0.0,0.6202302913345079,0.018244174766060273,0.018244173000482533,-1.765577739565316e-09
tau5.5_r33_o19_h05,service,S-F,3635.9090492287924,7136.876442932524,134.9528040880832,134.65335272962864,-2.505839802324772e-08,7.092947934864489,-0.6511387997452402,6.44180913540913,-7.092947932862444,0.950592760599136,0.2994513584545757,0.2994539631458224,2.5796328486649145e-06
tau5.5_r33_o19_h05,service,S-L,14248.765327917394,28428.22209564192,69.2803904600878,68.99114944106805,-2.7110218070447445e-08,7.092947934864489,-1.2815577304863837,5.8113902031873295,-7.092947932862444,1.5708002114269561,0.2892410190197552,0.28924248175184175,1.4356218684952182e-06
tau5.5_r33_o19_h05,service,L-F,10678.50963147969,21291.386167627184,65.67241362799541,65.66220328856059,2.051820047199726e-09,0.0,0.6304189307411434,0.6304189322218008,0.0,-0.6202074508278201,0.010210339434820526,0.010211481393980648,1.1440109801696963e-06
tau5.5_r33_o19_h05,recovery,S-F,0.05247111443773496,0.37815090879666036,-0.2732712213182822,-0.003757681542992941,7.217749953269958e-08,-7.092960555265192,-0.2685060944641009,-7.361466658054269,7.09296055194136,-0.0010074383892231253,-0.26951353977528925,-0.26951354450213216,6.745065661561966e-08
tau5.5_r33_o19_h05,recovery,S-L,0.04866544232435234,0.3416877604028614,-0.24441917054355145,-0.0033609188240006915,3.9406586438417435e-08,-7.092960555265192,-0.24007368827005848,-7.333034232244245,7.09296055194136,-0.0009845963099053279,-0.24105825171955075,-0.24105827661279022,1.4513346968669794e-08
tau5.5_r33_o19_h05,recovery,L-F,0.00410107724668401,0.03705395866040174,-0.028852050774730742,-0.0003967627189922496,3.277091309428215e-08,0.0,-0.028432406194042414,-0.028432425810024142,0.0,-2.284207931779747e-05,-0.028455288055738492,-0.02845526788934194,5.293730964694987e-08
tau5.5_r33_o19_h05,post_deadline,S-F,0.0,1.2407310718670528e-05,-1.2453820090740919e-05,-1.699640961305704e-07,2.9639340937137604e-07,1.2534141595665434e-05,-1.2311269529163837e-05,2.1148662199266255e-07,-1.2331511243246496e-05,8.21389392058336e-08,-1.2283855994610349e-05,-1.2037885682048e-05,5.423637219337252e-07
tau5.5_r33_o19_h05,post_deadline,S-L,0.0,1.2037567753228396e-05,-1.2077041901648045e-05,-1.6490548659930937e-07,2.451706677675247e-07,1.2534141595665434e-05,-1.1946074664592743e-05,5.78067556489259e-07,-1.2331511243246496e-05,8.07728213203518e-08,-1.1912136415048735e-05,-1.1672670865436885e-05,4.84636217379375e-07
tau5.5_r33_o19_h05,post_deadline,L-F,1.1472380720077143e-09,3.720374415861452e-07,-3.7677818909287453e-07,-5.058609531261027e-09,5.122274160385132e-08,0.0,-3.651948645710945e-07,-3.6658093449659646e-07,0.0,1.366117885481799e-09,-3.717195795616135e-07,-3.6521481661111466e-07,5.772750455435016e-08
tau5.5_r33_o19_h05,onset_total,S-F,3635.96152034323,7137.254606248631,134.6795204129303,134.6495948781212,3.4354161471128464e-07,-8.625910766989576e-08,-0.9196572055807337,-0.9196573111585167,2.8756767278537154e-07,0.9495854043488521,0.029925534809081,0.02992838075800819,3.1894905418994313e-06
tau5.5_r33_o19_h05,onset_total,S-L,14248.813993359718,28428.56379543988,69.03595921245869,68.9877883573381,2.575106918811798e-07,-8.625910766989576e-08,-1.5216433649184182,-1.5216434509893588,2.8756767278537154e-07,1.5698156958898721,0.048170855120588385,0.04817253246818609,1.9348582895872823e-06
tau5.5_r33_o19_h05,onset_total,L-F,10678.513732558084,21291.42322195789,65.6435612004716,65.6618065207831,8.603092283010483e-08,0.0,0.6019861593376845,0.6019861398308421,0.0,-0.62023029154102,-0.018245320311507385,-0.018244151710177903,1.254632252312149e-06
tau5.5_r33_o19_h05,checkpoint_total,S-F,3635.96152034323,7137.27386847076,134.64917215460446,134.64917465930603,3.4354161471128464e-07,-8.625910766989576e-08,1.6647391021251678e-07,6.085974746383727e-08,2.8756767278537154e-07,-5.289081173032173e-09,-2.504701569705503e-06,3.4313833907617663e-07,3.1913815234929643e-06
tau5.5_r33_o19_h05,checkpoint_total,S-L,14248.813993359718,28428.64087671092,68.98710997449234,68.98711133364122,2.575106918811798e-07,-8.625910766989576e-08,1.2549571692943573e-07,3.9362930692732334e-08,2.8756767278537154e-07,-5.0825690323108574e-09,-1.359148882329464e-06,3.21848034445793e-07,1.9385076086564368e-06
tau5.5_r33_o19_h05,checkpoint_total,L-F,10678.571551606994,21291.481041006802,65.66206218011212,65.6620633256648,8.603092283010483e-08,0.0,4.0978193283081055e-08,2.1496816771104932e-08,0.0,-2.0651214072131552e-10,-1.145552687376039e-06,2.1290304630383616e-08,1.2528739148365275e-06
tau5.5_r33_o61_h1,pre_onset,S-F,1.604392816082115e-07,1.604392816082115e-07,0.0,0.0,0.0,0.0,0.0,0.0,0.0,0.0,0.0,0.0,0.0
tau5.5_r33_o61_h1,pre_onset,S-L,0.0,0.0,0.0,0.0,0.0,0.0,0.0,0.0,0.0,0.0,0.0,0.0,0.0
tau5.5_r33_o61_h1,pre_onset,L-F,1.604392816082115e-07,1.604392816082115e-07,0.0,0.0,0.0,0.0,0.0,0.0,0.0,0.0,0.0,0.0,0.0
tau5.5_r33_o61_h1,service,S-F,3636.148344209002,7137.378646717592,134.91807464342855,134.73335037376546,-5.762558430433273e-09,7.092944809135926,0.18241935687547084,7.275364167693624,-7.092944808697212,0.0023211263946620875,0.18472426966309285,0.18474048539107457,1.620996542328612e-05
tau5.5_r33_o61_h1,service,S-L,14250.684542065275,28432.15593884867,69.21317802876001,69.03152948057652,2.028536982834339e-08,7.092944809135926,0.17926007440837566,7.27220488124658,-7.092944808697212,0.0023959934027004692,0.18164854818348886,0.18165606595206896,7.538053949929235e-06
tau5.5_r33_o61_h1,service,L-F,10680.640989367452,21295.577082316373,65.70489661466854,65.70182089318894,-2.6047928258776665e-08,0.0,0.0031592824670951813,0.0031592864470439963,0.0,-7.486700803838175e-05,0.003075721479603999,0.0030844194390056145,8.671911473356886e-06
tau5.5_r33_o61_h1,recovery,S-F,0.040461359077181354,0.26819350826443616,-0.18730357248568907,-0.002575803407580679,-3.207242116332054e-08,-7.092957511348703,-0.1824065987020731,-7.275364144177729,7.092957512388239,-0.002321221039807142,-0.1847277690781084,-0.1847278528292975,-1.1582361025830323e-07
tau5.5_r33_o61_h1,recovery,S-L,0.0390542182059639,0.26225295411681965,-0.18417729617794976,-0.002532729804443079,3.795139491558075e-08,-7.092957511348703,-0.17924849170958623,-7.272206048925,7.092957512388239,-0.002396080412950141,-0.18164456637350668,-0.18164461694971124,-1.2624809642147738e-08
tau5.5_r33_o61_h1,recovery,L-F,0.001566097124654334,0.006258466654490233,-0.0031262763077393174,-4.30736031376e-05,-7.002381607890129e-08,0.0,-0.0031581069924868643,-0.003158095252729254,0.0,7.485937314299917e-05,-0.0030832027046017174,-0.0030832358795862547,-1.031988006161555e-07
tau5.5_r33_o61_h1,post_deadline,S-F,0.0,1.246862104767935e-05,-1.2496020644903183e-05,-1.7119782569352537e-07,6.810296326875687e-08,1.2574798845258779e-05,-1.239089760929346e-05,1.8614809960126877e-07,-1.25578444567509e-05,9.077302820514888e-08,-1.2324822819209658e-05,-1.2280923328944482e-05,1.1200245353393257e-07
tau5.5_r33_o61_h1,post_deadline,S-L,0.0,1.1310386252123878e-05,-1.1323485523462296e-05,-1.5520981833105907e-07,3.3585820347070694e-08,1.2574798845258779e-05,-1.1248805094510317e-05,1.3364042388275266e-06,-1.25578444567509e-05,8.350798452738672e-08,-1.1168275705131236e-05,-1.1137932233395986e-05,6.39292920823209e-08
tau5.5_r33_o61_h1,post_deadline,L-F,7.150694727898761e-10,1.1596649345010534e-06,-1.1725351214408875e-06,-1.5988007362466305e-08,3.451714292168617e-08,0.0,-1.142092514783144e-06,-1.1502561392262578e-06,0.0,7.265043677762151e-09,-1.1565471140784211e-06,-1.1429910955484957e-06,4.807316145161167e-08
tau5.5_r33_o61_h1,onset_total,S-F,3636.1888055680793,7137.646852694479,134.73075857490767,134.73077439916096,3.026798367500305e-08,-1.274139317171117e-07,3.6729034036397934e-07,2.096639946103096e-07,1.4584657037630677e-07,-3.872116849379381e-09,-1.582425329615944e-05,3.51638448137237e-07,1.620615972797168e-05
tau5.5_r33_o61_h1,onset_total,S-L,14250.723596283482,28432.418203113175,69.02898940909654,69.0289965955626,9.185168892145157e-08,-1.274139317171117e-07,3.3387914299964905e-07,1.6872581909410655e-07,1.4584657037630677e-07,-3.502265144561534e-09,-7.186466064013075e-06,3.110701243258518e-07,7.5893878772603784e-06
tau5.5_r33_o61_h1,onset_total,L-F,10680.642555465292,21295.583341942693,65.70176916581113,65.70177780359836,-6.158370524644852e-08,0.0,3.341119736433029e-08,4.0938175516203046e-08,0.0,-3.6985170481784735e-10,-8.637787232146366e-06,4.05683238113852e-08,8.616771850711302e-06
tau5.5_r33_o61_h1,checkpoint_total,S-F,3636.1888057285178,7137.646852854918,134.73075857490767,134.7307743991605,3.026798367500305e-08,-1.274139317171117e-07,3.6729034036397934e-07,2.096639946103096e-07,1.4584657037630677e-07,-3.872116849379381e-09,-1.582425284141209e-05,3.51638448137237e-07,1.620615927322433e-05
tau5.5_r33_o61_h1,checkpoint_total,S-L,14250.723596283482,28432.418203113175,69.02898940909654,69.0289965955626,9.185168892145157e-08,-1.274139317171117e-07,3.3387914299964905e-07,1.6872581909410655e-07,1.4584657037630677e-07,-3.502265144561534e-09,-7.186466064013075e-06,3.110701243258518e-07,7.5893878772603784e-06
tau5.5_r33_o61_h1,checkpoint_total,L-F,10680.64255562573,21295.58334210313,65.70176916581113,65.7017778035979,-6.158370524644852e-08,0.0,3.341119736433029e-08,4.0938175516203046e-08,0.0,-3.6985170481784735e-10,-8.637786777399015e-06,4.05683238113852e-08,8.616771395963951e-06
tau5.5_r33_o61_h05,pre_onset,S-F,1.607307345841556e-07,1.607307345841556e-07,0.0,0.0,0.0,0.0,0.0,0.0,0.0,0.0,0.0,0.0,0.0
tau5.5_r33_o61_h05,pre_onset,S-L,0.0,0.0,0.0,0.0,0.0,0.0,0.0,0.0,0.0,0.0,0.0,0.0,0.0
tau5.5_r33_o61_h05,pre_onset,L-F,1.607307345841556e-07,1.607307345841556e-07,0.0,0.0,0.0,0.0,0.0,0.0,0.0,0.0,0.0,0.0,0.0
tau5.5_r33_o61_h05,service,S-F,3636.14835280916,7137.378633936185,134.91810463341244,134.73337064534633,-1.025910023599863e-08,7.092948207916171,0.182415836097789,7.275364043103764,-7.092948208992311,0.0023211113090439994,0.18473398806611385,0.18473694542049657,2.947095282479495e-06
tau5.5_r33_o61_h05,service,S-L,14250.684565528312,28432.15595980006,69.21320400966215,69.03154970159778,-2.4258042685687542e-08,7.092948207916171,0.1792604397633113,7.27220864397168,-7.092948208992311,0.002395979145376259,0.1816543080643669,0.18165641412474542,2.0818023358515347e-06
tau5.5_r33_o61_h05,service,L-F,10680.641009707302,21295.577118989033,65.70490062375029,65.70182094374854,1.3998942449688911e-08,0.0,0.0031553963344777003,0.003155399132083403,0.0,-7.486783633225969e-05,0.003079680001746965,0.0030805312957511433,8.652929466279602e-07
tau5.5_r33_o61_h05,recovery,S-F,0.040461042454479526,0.26818935093284024,-0.18730005045654252,-0.002575754551344289,6.984919309616089e-08,-7.092960911357453,-0.18240309017710388,-7.275364017772517,7.092960911693808,-0.002321205870856602,-0.18472429590519823,-0.18472431194956584,5.380482548389409e-08
tau5.5_r33_o61_h05,recovery,S-L,0.039054430929811854,0.2622537973638603,-0.18417766742641106,-0.0025327346802441753,-9.813811630010605e-08,-7.092960911357453,-0.1792488977080211,-7.272209810758795,7.092960911693808,-0.0023960662962281276,-0.1816449327461669,-0.18164496536121533,-1.3075316473987186e-07
tau5.5_r33_o61_h05,recovery,L-F,0.0015657697505317629,0.006253870020708089,-0.0031223830301314592,-4.301987110011396e-05,1.6798730939626694e-07,0.0,-0.0031541924690827727,-0.0031542070137220435,0.0,7.486042537152571e-05,-0.0030793631590313453,-0.0030793465883505178,1.8455799022376596e-07
tau5.5_r33_o61_h05,post_deadline,S-F,0.0,1.2644020981970255e-05,-1.2690550647675991e-05,-1.7319462131126784e-07,2.7008354663848877e-07,1.2614429925029232e-05,-1.2559175956994295e-05,5.4336851462721825e-08,-1.2415104720275849e-05,8.908409654395655e-08,-1.2517356026364723e-05,-1.227168377226917e-05,5.157558007340413e-07
tau5.5_r33_o61_h05,post_deadline,S-L,0.0,1.1477592363953603e-05,-1.1512951459735632e-05,-1.5706245903857052e-07,2.827146090567112e-07,1.2614429925029232e-05,-1.1397525668144226e-05,1.2100972526241094e-06,-1.2415104720275849e-05,8.157084607773868e-08,-1.1355889000697061e-05,-1.1123436621574001e-05,5.151669881797716e-07
tau5.5_r33_o61_h05,post_deadline,L-F,5.091656930743413e-10,1.1674469494028008e-06,-1.1775991879403591e-06,-1.6132162272697315e-08,-1.2631062418222427e-08,0.0,-1.161650288850069e-06,-1.1557604011613876e-06,0.0,7.513250466217869e-09,-1.1614670256676618e-06,-1.1482471506951697e-06,5.888125542696798e-10
tau5.5_r33_o61_h05,onset_total,S-F,3636.188813851614,7137.64683593114,134.7307918923907,134.73079471760002,3.296881914138794e-07,-8.901135692779306e-08,1.8673017621040344e-07,7.966809789650142e-08,2.875967766158283e-07,-5.477716058521764e-09,-2.8252093215996865e-06,3.6178715845380793e-07,3.516684671467374e-06
tau5.5_r33_o61_h05,onset_total,S-L,14250.72361995924,28432.41822507502,69.02901482931338,69.02901680985542,1.6030389815568924e-07,-8.901135692779306e-08,1.444714143872261e-07,4.331013769842684e-08,2.875967766158283e-07,-5.580005790761788e-09,-1.98054203792708e-06,3.2532690852349333e-07,2.4661728446062625e-06
tau5.5_r33_o61_h05,onset_total,L-F,10680.642575477561,21295.583374026504,65.70177706307732,65.7017779077446,1.6938429325819016e-07,0.0,4.225876182317734e-08,3.635796019807458e-08,0.0,1.0228973224002402e-10,-8.446672836726066e-07,3.64602499303146e-08,1.0505118268611113e-06
tau5.5_r33_o61_h05,checkpoint_total,S-F,3636.1888140123447,7137.646836091872,134.7307918923907,134.73079471760047,3.296881914138794e-07,-8.901135692779306e-08,1.8673017621040344e-07,7.966809789650142e-08,2.875967766158283e-07,-5.477716058521764e-09,-2.8252097763470374e-06,3.6178715845380793e-07,3.5166851262147247e-06
tau5.5_r33_o61_h05,checkpoint_total,S-L,14250.72361995924,28432.41822507502,69.02901482931338,69.02901680985542,1.6030389815568924e-07,-8.901135692779306e-08,1.444714143872261e-07,4.331013769842684e-08,2.875967766158283e-07,-5.580005790761788e-09,-1.98054203792708e-06,3.2532690852349333e-07,2.4661728446062625e-06
tau5.5_r33_o61_h05,checkpoint_total,L-F,10680.64257563829,21295.583374187234,65.70177706307732,65.70177790774505,1.6938429325819016e-07,0.0,4.225876182317734e-08,3.635796019807458e-08,0.0,1.0228973224002402e-10,-8.446677384199575e-07,3.64602499303146e-08,1.0505122816084622e-06
