t_s,b_kW,C_kJ,W_kJ
2.500000000000000120e-05,0.000000000000000000e+00,0.000000000000000000e+00,2.160017606970051673e+01
5.000000000000000240e-05,0.000000000000000000e+00,0.000000000000000000e+00,2.160029186044585359e+01
7.499999999999999343e-05,0.000000000000000000e+00,0.000000000000000000e+00,2.160034736353427576e+01
1.000000000000000048e-04,0.000000000000000000e+00,0.000000000000000000e+00,2.160034257026403282e+01
1.250000000000000026e-04,0.000000000000000000e+00,0.000000000000000000e+00,2.160027747193338143e+01
1.499999999999999869e-04,0.000000000000000000e+00,0.000000000000000000e+00,2.160015205984058184e+01
1.749999999999999982e-04,0.000000000000000000e+00,0.000000000000000000e+00,2.159996632528389071e+01
2.000000000000000096e-04,0.000000000000000000e+00,0.000000000000000000e+00,2.159972025956156472e+01
2.249999999999999938e-04,0.000000000000000000e+00,0.000000000000000000e+00,2.159941385397185698e+01
2.500000000000000052e-04,0.000000000000000000e+00,0.000000000000000000e+00,2.159904709981302773e+01
2.750000000000000166e-04,0.000000000000000000e+00,0.000000000000000000e+00,2.159861998838333008e+01
2.999999999999999737e-04,0.000000000000000000e+00,0.000000000000000000e+00,2.159813251098102427e+01
3.249999999999999851e-04,0.000000000000000000e+00,0.000000000000000000e+00,2.159758465890436341e+01
3.499999999999999964e-04,0.000000000000000000e+00,0.000000000000000000e+00,2.159697642345161128e+01
3.750000000000000078e-04,0.000000000000000000e+00,0.000000000000000000e+00,2.159630779592101391e+01
4.000000000000000192e-04,0.000000000000000000e+00,0.000000000000000000e+00,2.159557876761083861e+01
4.249999999999999763e-04,0.000000000000000000e+00,0.000000000000000000e+00,2.159478932981933497e+01
4.499999999999999877e-04,0.000000000000000000e+00,0.000000000000000000e+00,2.159393947384476320e+01
4.749999999999999990e-04,0.000000000000000000e+00,0.000000000000000000e+00,2.159302919098537643e+01
5.000000000000000104e-04,0.000000000000000000e+00,0.000000000000000000e+00,2.159205847253943489e+01
5.249999999999999676e-04,0.000000000000000000e+00,0.000000000000000000e+00,2.159102730980519169e+01
5.500000000000000331e-04,0.000000000000000000e+00,0.000000000000000000e+00,2.158993569408090707e+01
5.749999999999999903e-04,0.000000000000000000e+00,0.000000000000000000e+00,2.158878361666483769e+01
5.999999999999999474e-04,0.000000000000000000e+00,0.000000000000000000e+00,2.158757106885523669e+01
6.250000000000000130e-04,0.000000000000000000e+00,0.000000000000000000e+00,2.158629804195036428e+01
6.499999999999999702e-04,0.000000000000000000e+00,0.000000000000000000e+00,2.158496452724847359e+01
6.750000000000000357e-04,0.000000000000000000e+00,0.000000000000000000e+00,2.158357051604782484e+01
6.999999999999999929e-04,0.000000000000000000e+00,0.000000000000000000e+00,2.158211599964667471e+01
7.249999999999999500e-04,0.000000000000000000e+00,0.000000000000000000e+00,2.158060096934327632e+01
7.500000000000000156e-04,0.000000000000000000e+00,0.000000000000000000e+00,2.157902541643588989e+01
7.749999999999999728e-04,0.000000000000000000e+00,0.000000000000000000e+00,2.157738933222277211e+01
8.000000000000000383e-04,0.000000000000000000e+00,0.000000000000000000e+00,2.157569270800217609e+01
8.249999999999999955e-04,0.000000000000000000e+00,0.000000000000000000e+00,2.157393553507235850e+01
8.499999999999999526e-04,0.000000000000000000e+00,0.000000000000000000e+00,2.157211780473157958e+01
8.750000000000000182e-04,0.000000000000000000e+00,0.000000000000000000e+00,2.157023950827809600e+01
8.999999999999999754e-04,0.000000000000000000e+00,0.000000000000000000e+00,2.156830063701016442e+01
9.250000000000000409e-04,0.000000000000000000e+00,0.000000000000000000e+00,2.156630118222603798e+01
9.499999999999999981e-04,0.000000000000000000e+00,0.000000000000000000e+00,2.156424113522397334e+01
9.749999999999999552e-04,0.000000000000000000e+00,0.000000000000000000e+00,2.156212048730223074e+01
1.000000000000000021e-03,0.000000000000000000e+00,0.000000000000000000e+00,2.155993922975906685e+01
1.025000000000000086e-03,7.481273729695319119e-01,9.359385152340503059e-06,2.155770671327788790e+01
1.049999999999999935e-03,1.496254745939066044e+00,3.742195462891933008e-05,2.155543227295612496e+01
1.075000000000000001e-03,2.244382118908597512e+00,8.418770842973648954e-05,2.155311590009203115e+01
1.100000000000000066e-03,2.992509491878131644e+00,1.496566465547919560e-04,2.155075758598386670e+01
1.124999999999999915e-03,3.740636864847662668e+00,2.338287690040857499e-04,2.154835732192988829e+01
1.149999999999999981e-03,4.488764237817196801e+00,3.367040757776178575e-04,2.154591509922834902e+01
1.175000000000000046e-03,5.236891610786726936e+00,4.582825668753882247e-04,2.154343090917750914e+01
1.199999999999999895e-03,5.985018983756260624e+00,5.985642422973969871e-04,2.154090474307562175e+01
1.224999999999999960e-03,6.733146356725791648e+00,7.575491020436439819e-04,2.153833659222095065e+01
1.250000000000000026e-03,7.481273729695324448e+00,9.352371461141292634e-04,2.153572644791174184e+01
1.275000000000000092e-03,8.229401102664853696e+00,1.131628374508852723e-03,2.153307430144626267e+01
1.299999999999999940e-03,8.977528475634386496e+00,1.346722787227814687e-03,2.153038014412276269e+01
1.325000000000000006e-03,9.725655848603917519e+00,1.580520384271014937e-03,2.152764396723950213e+01
1.350000000000000071e-03,1.047378322157344854e+01,1.833021165638453256e-03,2.152486576209473412e+01
1.374999999999999920e-03,1.122191059454297957e+01,2.104225131330129863e-03,2.152204551998671889e+01
1.399999999999999986e-03,1.197003796751251059e+01,2.394132281346044756e-03,2.151918323221371310e+01
1.425000000000000051e-03,1.271816534048204517e+01,2.702742615686198370e-03,2.151627889007396988e+01
1.449999999999999900e-03,1.346629271345157619e+01,3.030056134350589837e-03,2.151333248486574945e+01
1.474999999999999966e-03,1.421442008642111077e+01,3.376072837339220024e-03,2.151034400788730849e+01
1.500000000000000031e-03,1.496254745939064179e+01,3.740792724652088064e-03,2.150731345043690013e+01
1.525000000000000097e-03,1.571067483236017637e+01,4.124215796289194824e-03,2.150424080381278458e+01
1.549999999999999946e-03,1.645880220532970739e+01,4.526342052250539871e-03,2.150112605931321497e+01
1.575000000000000011e-03,1.720692957829924197e+01,4.947171492536123205e-03,2.149796920823645152e+01
1.600000000000000077e-03,1.795505695126876944e+01,5.386704117145943958e-03,2.149477024188075092e+01
1.624999999999999925e-03,1.870318432423830401e+01,5.844939926080003866e-03,2.149152915154436627e+01
1.649999999999999991e-03,1.945131169720783504e+01,6.321878919338302059e-03,2.148824592852555782e+01
1.675000000000000057e-03,2.019943907017736606e+01,6.817521096920838540e-03,2.148492056412258222e+01
1.699999999999999905e-03,2.094756644314689709e+01,7.331866458827613307e-03,2.148155304963369261e+01
1.724999999999999971e-03,2.169569381611642811e+01,7.864915005058625494e-03,2.147814337635714921e+01
1.750000000000000036e-03,2.244382118908595913e+01,8.416666735613876835e-03,2.147469153559120514e+01
1.775000000000000102e-03,2.319194856205549016e+01,8.987121650493366462e-03,2.147119751863412063e+01
1.799999999999999951e-03,2.394007593502502118e+01,9.576279749697094376e-03,2.146766131678415235e+01
1.825000000000000016e-03,2.468820330799455220e+01,1.018414103322506058e-02,2.146408292133955342e+01
1.850000000000000082e-03,2.543633068096408323e+01,1.081070550107726506e-02,2.146046232359858408e+01
1.874999999999999931e-03,2.618445805393361425e+01,1.145597315325370784e-02,2.145679951485949744e+01
1.899999999999999996e-03,2.693258542690314883e+01,1.211994398975438890e-02,2.145309448642055372e+01
1.925000000000000062e-03,2.768071279987267985e+01,1.280261801057930825e-02,2.144934722958000961e+01
1.949999999999999910e-03,2.842884017284221088e+01,1.350399521572846588e-02,2.144555773563611822e+01
1.975000000000000193e-03,2.917696754581174190e+01,1.422407560520186007e-02,2.144172599588713979e+01
2.000000000000000042e-03,2.992509491878127648e+01,1.496285917899949428e-02,2.143785200163133098e+01
2.024999999999999890e-03,3.067322229175080750e+01,1.572034593712136677e-02,2.143393574416694491e+01
2.050000000000000173e-03,3.142134966472033852e+01,1.649653587956747755e-02,2.142997721479223827e+01
2.075000000000000022e-03,3.216947703768987310e+01,1.729142900633782662e-02,2.142597640480547128e+01
2.099999999999999870e-03,3.291760441065940057e+01,1.810502531743241397e-02,2.142193330550490060e+01
2.125000000000000153e-03,3.366573178362893515e+01,1.893732481285123961e-02,2.141784790818878292e+01
2.150000000000000001e-03,3.441385915659846262e+01,1.978832749259430354e-02,2.141372020415537136e+01
2.174999999999999850e-03,3.516198652956799720e+01,2.065803335666160576e-02,2.140955018470292259e+01
2.200000000000000133e-03,3.591011390253752467e+01,2.154644240505314626e-02,2.140533784112969684e+01
2.224999999999999981e-03,3.665824127550705924e+01,2.245355463776892505e-02,2.140108316473395078e+01
2.249999999999999830e-03,3.740636864847659382e+01,2.337937005480894212e-02,2.139678614681393753e+01
2.275000000000000112e-03,3.815449602144612840e+01,2.432388865617319748e-02,2.139244677866791733e+01
2.299999999999999961e-03,3.890262339441565587e+01,2.528711044186169113e-02,2.138806505159414684e+01
2.324999999999999810e-03,3.965075076738519044e+01,2.626903541187442306e-02,2.138364095689087918e+01
2.350000000000000092e-03,4.039887814035471791e+01,2.726966356621139329e-02,2.137917448585637104e+01
2.374999999999999941e-03,4.114700551332425249e+01,2.828899490487260179e-02,2.137466562978888618e+01
2.399999999999999790e-03,4.189513288629378707e+01,2.932702942785804859e-02,2.137011437998667063e+01
2.425000000000000072e-03,4.264326025926332164e+01,3.038376713516773367e-02,2.136552072774799171e+01
2.449999999999999921e-03,4.339138763223284911e+01,3.145920802680165357e-02,2.136088466437109901e+01
2.475000000000000203e-03,4.413951500520238369e+01,3.255335210275981522e-02,2.135620618115424918e+01
2.500000000000000052e-03,4.488764237817191116e+01,3.366619936304221516e-02,2.135148526939570246e+01
2.524999999999999901e-03,4.563576975114144574e+01,3.479774980764885339e-02,2.134672192039371552e+01
2.550000000000000183e-03,4.638389712411097321e+01,3.594800343657973685e-02,2.134191612544654149e+01
2.575000000000000032e-03,4.713202449708050779e+01,3.711696024983485165e-02,2.133706787585244058e+01
2.599999999999999881e-03,4.788015187005004236e+01,3.830462024741420474e-02,2.133217716290966592e+01
2.625000000000000163e-03,4.862827924301956983e+01,3.951098342931779611e-02,2.132724397791647775e+01
2.650000000000000012e-03,4.937640661598910441e+01,4.073604979554562577e-02,2.132226831217112917e+01
2.674999999999999861e-03,5.012453398895863899e+01,4.197981934609769372e-02,2.131725015697188041e+01
2.700000000000000143e-03,5.087266136192817356e+01,4.324229208097399996e-02,2.131218950361698816e+01
2.724999999999999992e-03,5.162078873489770103e+01,4.452346800017454448e-02,2.130708634340470553e+01
2.749999999999999840e-03,5.236891610786723561e+01,4.582334710369932729e-02,2.130194066763329275e+01
2.775000000000000123e-03,5.311704348083676308e+01,4.714192939154834838e-02,2.129675246760100293e+01
2.799999999999999972e-03,5.386517085380629766e+01,4.847921486372160776e-02,2.129152173460609632e+01
2.824999999999999820e-03,5.461329822677583223e+01,4.983520352021910543e-02,2.128624845994682602e+01
2.850000000000000103e-03,5.536142559974535970e+01,5.120989536104084139e-02,2.128093263492145226e+01
2.874999999999999951e-03,5.610955297271489428e+01,5.260329038618681563e-02,2.127557425082822817e+01
2.899999999999999800e-03,5.685768034568442175e+01,5.401538859565702816e-02,2.127017329896541398e+01
2.925000000000000083e-03,5.760580771865395633e+01,5.544618998945147897e-02,2.126472977063126280e+01
2.949999999999999931e-03,5.835393509162349091e+01,5.689569456757016808e-02,2.125924365712403485e+01
2.975000000000000214e-03,5.910206246459302548e+01,5.836390233001309547e-02,2.125371494974198683e+01
3.000000000000000062e-03,5.985018983756256006e+01,5.985081327678026114e-02,2.124814363978337184e+01
3.024999999999999911e-03,6.059831721053209463e+01,6.135642740787166510e-02,2.124252971854645011e+01
3.050000000000000194e-03,6.134644458350162211e+01,6.288074472328730735e-02,2.123687317732947477e+01
3.075000000000000042e-03,6.209457195647115668e+01,6.442376522302718789e-02,2.123117400743070604e+01
3.099999999999999891e-03,6.284269932944069126e+01,6.598548890709131365e-02,2.122543220014839704e+01
3.125000000000000173e-03,6.359082670241021873e+01,6.756591577547967076e-02,2.121964774678080801e+01
3.150000000000000022e-03,6.433895407537974620e+01,6.916504582819225921e-02,2.121382063862619205e+01
3.174999999999999871e-03,6.508708144834928078e+01,7.078287906522909290e-02,2.120795086698280940e+01
3.200000000000000153e-03,6.583520882131881535e+01,7.241941548659017180e-02,2.120203842314891318e+01
3.225000000000000002e-03,6.658333619428834993e+01,7.407465509227548206e-02,2.119608329842276362e+01
3.249999999999999851e-03,6.733146356725788451e+01,7.574859788228503754e-02,2.119008548410261383e+01
3.275000000000000133e-03,6.807959094022741908e+01,7.744124385661882437e-02,2.118404497148672405e+01
3.299999999999999982e-03,6.882771831319695366e+01,7.915259301527684255e-02,2.117796175187334740e+01
3.324999999999999831e-03,6.957584568616648824e+01,8.088264535825910595e-02,2.117183581656074409e+01
3.350000000000000113e-03,7.032397305913602281e+01,8.263140088556561458e-02,2.116566715684717082e+01
3.374999999999999962e-03,7.107210043210554318e+01,8.439885959719635455e-02,2.115945576403088069e+01
3.399999999999999811e-03,7.182022780507507775e+01,8.618502149315132588e-02,2.115320162941013038e+01
3.425000000000000093e-03,7.256835517804461233e+01,8.798988657343054243e-02,2.114690474428318012e+01
3.449999999999999942e-03,7.331648255101414691e+01,8.981345483803400420e-02,2.114056509994828659e+01
3.474999999999999790e-03,7.406460992398368148e+01,9.165572628696169732e-02,2.113418268770370290e+01
3.500000000000000073e-03,7.481273729695321606e+01,9.351670092021363567e-02,2.112775749884768572e+01
3.524999999999999922e-03,7.556086466992275064e+01,9.539637873778980537e-02,2.112128952467849530e+01
3.550000000000000204e-03,7.630899204289227100e+01,9.729475973969020641e-02,2.111477875649438829e+01
3.575000000000000053e-03,7.705711941586181979e+01,9.921184392591485268e-02,2.110822518559361782e+01
3.599999999999999901e-03,7.780524678883134015e+01,1.011476312964637442e-01,2.110162880327444057e+01
3.625000000000000184e-03,7.855337416180087473e+01,1.031021218513368670e-01,2.109498960083511676e+01
3.650000000000000033e-03,7.930150153477040931e+01,1.050753155905342351e-01,2.108830756957390307e+01
3.674999999999999881e-03,8.004962890773994388e+01,1.070672125140558345e-01,2.108158270078905261e+01
3.700000000000000164e-03,8.079775628070947846e+01,1.090778126219016653e-01,2.107481498577882206e+01
3.725000000000000012e-03,8.154588365367901304e+01,1.111071159140717551e-01,2.106800441584147165e+01
3.749999999999999861e-03,8.229401102664854761e+01,1.131551223905660625e-01,2.106115098227525806e+01
3.775000000000000144e-03,8.304213839961808219e+01,1.152218320513846150e-01,2.105425467637843440e+01
3.799999999999999992e-03,8.379026577258761677e+01,1.173072448965274128e-01,2.104731548944925734e+01
3.824999999999999841e-03,8.453839314555715134e+01,1.194113609259944420e-01,2.104033341278598712e+01
3.850000000000000124e-03,8.528652051852667171e+01,1.215341801397857163e-01,2.103330843768688041e+01
3.874999999999999972e-03,8.603464789149620628e+01,1.236757025379012220e-01,2.102624055545019033e+01
3.899999999999999821e-03,8.678277526446574086e+01,1.258359281203409730e-01,2.101912975737417355e+01
3.924999999999999670e-03,8.753090263743527544e+01,1.280148568871049553e-01,2.101197603475709030e+01
3.950000000000000386e-03,8.827903001040481001e+01,1.302124888381931689e-01,2.100477937889719371e+01
3.975000000000000235e-03,8.902715738337434459e+01,1.324288239736056416e-01,2.099753978109274399e+01
4.000000000000000083e-03,8.977528475634387917e+01,1.346638622933423179e-01,2.099025723264199428e+01
4.024999999999999932e-03,9.052341212931341374e+01,1.369176037974032811e-01,2.098293172484320479e+01
4.049999999999999781e-03,9.127153950228294832e+01,1.391900484857884479e-01,2.097556324899462865e+01
4.074999999999999629e-03,9.201966687525248290e+01,1.414811963584978460e-01,2.096815179639452609e+01
4.100000000000000346e-03,9.276779424822201747e+01,1.437910474155315033e-01,2.096069735834115022e+01
4.125000000000000194e-03,9.351592162119153784e+01,1.461196016568893918e-01,2.095319992613276128e+01
4.150000000000000043e-03,9.426404899416107241e+01,1.484668590825715395e-01,2.094565949106761238e+01
4.174999999999999892e-03,9.501217636713060699e+01,1.508328196925778908e-01,2.093807604444396375e+01
4.199999999999999740e-03,9.576030374010014157e+01,1.532174834869085012e-01,2.093044957756006852e+01
4.224999999999999589e-03,9.650843111306967614e+01,1.556208504655633429e-01,2.092278008171418691e+01
4.250000000000000305e-03,9.725655848603921072e+01,1.580429206285424437e-01,2.091506754820457203e+01
4.275000000000000154e-03,9.800468585900874530e+01,1.604836939758457481e-01,2.090731196832948058e+01
4.300000000000000003e-03,9.875281323197827987e+01,1.629431705074733117e-01,2.089951333338717276e+01
4.324999999999999852e-03,9.950094060494781445e+01,1.654213502234251065e-01,2.089167163467590171e+01
4.349999999999999700e-03,1.002490679779173490e+02,1.679182331237011327e-01,2.088378686349392765e+01
4.375000000000000416e-03,1.009971953508868836e+02,1.704338192083014181e-01,2.087585901113950726e+01
4.400000000000000265e-03,1.017453227238564182e+02,1.729681084772259347e-01,2.086788806891089010e+01
4.425000000000000114e-03,1.024934500968259528e+02,1.755211009304746828e-01,2.085987402810633995e+01
4.449999999999999963e-03,1.032415774697954873e+02,1.780927965680476621e-01,2.085181688002411349e+01
4.474999999999999811e-03,1.039897048427650219e+02,1.806831953899449006e-01,2.084371661596246383e+01
4.499999999999999660e-03,1.047378322157345423e+02,1.832922973961663704e-01,2.083557322721965122e+01
4.525000000000000376e-03,1.054859595887040769e+02,1.859201025867120716e-01,2.082738670509392875e+01
4.550000000000000225e-03,1.062340869616736114e+02,1.885666109615820041e-01,2.081915704088355312e+01
4.575000000000000074e-03,1.069822143346431460e+02,1.912318225207761957e-01,2.081088422588678455e+01
4.599999999999999922e-03,1.077303417076126806e+02,1.939157372642946187e-01,2.080256825140187615e+01
4.624999999999999771e-03,1.084784690805822152e+02,1.966183551921372730e-01,2.079420910872708816e+01
4.649999999999999620e-03,1.092265964535517355e+02,1.993396763043041586e-01,2.078580678916067370e+01
4.675000000000000336e-03,1.099747238265212701e+02,2.020797006007953034e-01,2.077736128400089299e+01
4.700000000000000185e-03,1.107228511994908047e+02,2.048384280816106795e-01,2.076887258454599916e+01
4.725000000000000033e-03,1.114709785724603393e+02,2.076158587467502870e-01,2.076034068209425243e+01
4.749999999999999882e-03,1.122191059454298738e+02,2.104119925962141258e-01,2.075176556794390592e+01
4.774999999999999731e-03,1.129672333183994084e+02,2.132268296300022237e-01,2.074314723339321631e+01
4.799999999999999580e-03,1.137153606913689430e+02,2.160603698481145529e-01,2.073448566974044383e+01
4.825000000000000296e-03,1.144634880643384776e+02,2.189126132505511135e-01,2.072578086828384158e+01
4.850000000000000144e-03,1.152116154373080121e+02,2.217835598373119055e-01,2.071703282032166982e+01
4.874999999999999993e-03,1.159597428102775467e+02,2.246732096083969565e-01,2.070824151715218164e+01
4.899999999999999842e-03,1.167078701832470813e+02,2.275815625638062389e-01,2.069940695007363374e+01
4.924999999999999691e-03,1.174559975562166159e+02,2.305086187035397527e-01,2.069052911038428633e+01
4.950000000000000407e-03,1.182041249291861504e+02,2.334543780275974978e-01,2.068160798938239253e+01
4.975000000000000255e-03,1.189522523021556708e+02,2.364188405359795020e-01,2.067264357836621258e+01
5.000000000000000104e-03,1.197003796751252054e+02,2.394020062286857375e-01,2.066363586863399959e+01
5.024999999999999953e-03,1.204485070480947400e+02,2.424038751057162044e-01,2.065649807035732621e+01
5.049999999999999802e-03,1.211966344210642745e+02,2.454244471670709027e-01,2.064937897526497679e+01
5.074999999999999650e-03,1.219447617940338091e+02,2.484637224127498600e-01,2.064227858335695132e+01
5.100000000000000366e-03,1.226928891670033437e+02,2.515217008427530487e-01,2.063519689463324980e+01
5.125000000000000215e-03,1.234410165399728783e+02,2.545983824570804410e-01,2.062813390909387579e+01
5.150000000000000064e-03,1.241891439129424128e+02,2.576937672557321202e-01,2.062108962673882218e+01
5.174999999999999913e-03,1.249372712859119474e+02,2.608078552387080307e-01,2.061406404756809252e+01
5.199999999999999761e-03,1.256853986588814820e+02,2.639406464060081725e-01,2.060705717158169037e+01
5.224999999999999610e-03,1.264335260318510166e+02,2.670921407576325457e-01,2.060006899877960862e+01
5.250000000000000326e-03,1.271816534048205511e+02,2.702623382935811502e-01,2.059309952916185438e+01
5.275000000000000175e-03,1.279297807777900857e+02,2.734512390138540416e-01,2.058614876272842409e+01
5.300000000000000024e-03,1.286779081507596061e+02,2.766588429184511089e-01,2.057921669947931420e+01
5.324999999999999872e-03,1.294260355237291549e+02,2.798851500073724630e-01,2.057230333941453182e+01
5.349999999999999721e-03,1.301741628966986752e+02,2.831301602806179929e-01,2.056540868253407339e+01
5.374999999999999570e-03,1.309222902696682240e+02,2.863938737381878097e-01,2.055853272883793892e+01
5.400000000000000286e-03,1.316704176426377444e+02,2.896762903800818578e-01,2.055167547832612840e+01
5.425000000000000135e-03,1.324185450156072648e+02,2.929774102063001373e-01,2.054483693099864183e+01
5.449999999999999983e-03,1.331666723885768135e+02,2.962972332168426481e-01,2.053801708685548277e+01
5.474999999999999832e-03,1.339147997615463339e+02,2.996357594117094458e-01,2.053121594589664412e+01
5.499999999999999681e-03,1.346629271345158827e+02,3.029929887909004194e-01,2.052443350812212941e+01
5.525000000000000397e-03,1.354110545074854031e+02,3.063689213544156797e-01,2.051766977353194221e+01
5.550000000000000246e-03,1.361591818804549519e+02,3.097635571022551715e-01,2.051092474212607542e+01
5.575000000000000094e-03,1.369073092534244722e+02,3.131768960344188391e-01,2.050419841390453612e+01
5.599999999999999943e-03,1.376554366263940210e+02,3.166089381509067935e-01,2.049749078886732079e+01
5.624999999999999792e-03,1.384035639993635414e+02,3.200596834517189793e-01,2.049080186701442940e+01
5.649999999999999641e-03,1.391516913723330902e+02,3.235291319368554519e-01,2.048413164834586198e+01
5.675000000000000357e-03,1.398998187453026105e+02,3.270172836063161004e-01,2.047748013286161850e+01
5.700000000000000205e-03,1.406479461182721309e+02,3.305241384601009802e-01,2.047084732056169898e+01
5.725000000000000054e-03,1.413960734912416797e+02,3.340496964982101469e-01,2.046423321144610341e+01
5.749999999999999903e-03,1.421442008642112000e+02,3.375939577206435449e-01,2.045763780551483180e+01
5.774999999999999752e-03,1.428923282371807488e+02,3.411569221274011743e-01,2.045106110276788414e+01
5.799999999999999600e-03,1.436404556101502692e+02,3.447385897184830350e-01,2.044450310320526398e+01
5.825000000000000316e-03,1.443885829831198180e+02,3.483389604938891271e-01,2.043796380682696423e+01
5.850000000000000165e-03,1.451367103560893383e+02,3.519580344536194505e-01,2.043144321363299198e+01
5.875000000000000014e-03,1.458848377290588871e+02,3.555958115976740053e-01,2.042494132362334014e+01
5.899999999999999863e-03,1.466329651020284075e+02,3.592522919260528469e-01,2.041845813679801580e+01
5.924999999999999711e-03,1.473810924749979563e+02,3.629274754387558644e-01,2.041199365315701542e+01
5.950000000000000427e-03,1.481292198479674767e+02,3.666213621357831687e-01,2.040554787270033898e+01
5.975000000000000276e-03,1.488773472209370254e+02,3.703339520171347043e-01,2.039912079542798296e+01
6.000000000000000125e-03,1.496254745939065458e+02,3.740652450828104714e-01,2.039271242133995798e+01
6.024999999999999974e-03,1.503736019668760946e+02,3.778152413328104697e-01,2.038632275043625341e+01
6.049999999999999822e-03,1.511217293398456150e+02,3.815839407671346994e-01,2.037995178271687280e+01
6.074999999999999671e-03,1.518698567128151353e+02,3.853713433857832160e-01,2.037359951818181614e+01
6.100000000000000387e-03,1.526179840857846841e+02,3.891774491887559084e-01,2.036726595683108343e+01
6.125000000000000236e-03,1.533661114587542045e+02,3.930022581760528877e-01,2.036095109866467823e+01
6.150000000000000085e-03,1.541142388317237533e+02,3.968457703476740428e-01,2.035465494368259343e+01
6.174999999999999933e-03,1.548623662046932736e+02,4.007079857036194848e-01,2.034837749188483613e+01
6.199999999999999782e-03,1.556104935776628224e+02,4.045889042438891581e-01,2.034211874327140279e+01
6.224999999999999631e-03,1.563586209506323428e+02,4.084885259684830627e-01,2.033587869784228985e+01
6.250000000000000347e-03,1.571067483236018916e+02,4.124068508774012543e-01,2.032965735559750442e+01
6.275000000000000196e-03,1.578548756965714119e+02,4.163438789706436216e-01,2.032345471653704294e+01
6.300000000000000044e-03,1.586030030695409607e+02,4.202996102482102203e-01,2.031727078066090542e+01
6.324999999999999893e-03,1.593511304425104811e+02,4.242740447101011059e-01,2.031110554796909184e+01
6.349999999999999742e-03,1.600992578154800299e+02,4.282671823563162228e-01,2.030495901846160223e+01
6.374999999999999591e-03,1.608473851884495502e+02,4.322790231868555710e-01,2.029883119213843656e+01
6.400000000000000307e-03,1.615955125614190990e+02,4.363095672017191506e-01,2.029272206899959841e+01
6.425000000000000155e-03,1.623436399343886194e+02,4.403588144009069616e-01,2.028663164904508065e+01
6.450000000000000004e-03,1.630917673073581398e+02,4.444267647844190039e-01,2.028055993227488685e+01
6.474999999999999853e-03,1.638398946803276885e+02,4.485134183522552775e-01,2.027450691868902055e+01
6.499999999999999702e-03,1.645880220532972089e+02,4.526187751044158381e-01,2.026847260828747821e+01
6.525000000000000418e-03,1.653361494262667577e+02,4.567428350409006299e-01,2.026245700107025627e+01
6.550000000000000266e-03,1.660842767992362781e+02,4.608855981617095976e-01,2.025646009703736183e+01
6.575000000000000115e-03,1.668324041722058269e+02,4.650470644668428521e-01,2.025048189618879135e+01
6.599999999999999964e-03,1.675805315451753472e+02,4.692272339563003380e-01,2.024452239852454483e+01
6.624999999999999813e-03,1.683286589181448960e+02,4.734261066300820553e-01,2.023858160404462225e+01
6.649999999999999661e-03,1.690767862911144164e+02,4.776436824881880594e-01,2.023265951274902363e+01
6.675000000000000377e-03,1.698249136640839652e+02,4.818799615306182393e-01,2.022675612463774897e+01
6.700000000000000226e-03,1.705730410370534855e+02,4.861349437573726506e-01,2.022087143971079826e+01
6.725000000000000075e-03,1.713211684100230343e+02,4.904086291684513488e-01,2.021500545796817505e+01
6.749999999999999924e-03,1.720692957829925547e+02,4.947010177638542783e-01,2.020915817940987225e+01
6.774999999999999772e-03,1.728174231559621035e+02,4.990121095435814391e-01,2.020332960403589695e+01
6.799999999999999621e-03,1.735655505289316238e+02,5.033419045076328313e-01,2.019751973184624205e+01
6.825000000000000337e-03,1.743136779019011442e+02,5.076904026560083993e-01,2.019172856284091466e+01
6.850000000000000186e-03,1.750618052748706930e+02,5.120576039887083653e-01,2.018595609701991123e+01
6.875000000000000035e-03,1.758099326478402133e+02,5.164435085057323960e-01,2.018020233438322819e+01
6.899999999999999883e-03,1.765580600208097621e+02,5.208481162070808246e-01,2.017446727493087266e+01
6.924999999999999732e-03,1.773061873937792825e+02,5.252714270927533180e-01,2.016875091866284109e+01
6.949999999999999581e-03,1.780543147667488313e+02,5.297134411627502093e-01,2.016305326557913347e+01
6.975000000000000297e-03,1.788024421397183517e+02,5.341741584170712764e-01,2.015737431567975335e+01
7.000000000000000146e-03,1.795505695126879004e+02,5.386535788557165194e-01,2.015171406896469364e+01
7.024999999999999994e-03,1.802986968856574208e+02,5.431517024786860492e-01,2.014607252543395788e+01
7.049999999999999843e-03,1.810468242586269696e+02,5.476685292859798659e-01,2.014044968508754607e+01
7.074999999999999692e-03,1.817949516315964900e+02,5.522040592775978585e-01,2.013484554792546177e+01
7.100000000000000408e-03,1.825430790045660387e+02,5.567582924535401379e-01,2.012926011394769787e+01
7.125000000000000257e-03,1.832912063775355591e+02,5.613312288138065931e-01,2.012369338315426148e+01
7.150000000000000105e-03,1.840393337505051079e+02,5.659228683583973352e-01,2.011814535554514904e+01
7.174999999999999954e-03,1.847874611234746283e+02,5.705332110873123641e-01,2.011261603112036056e+01
7.199999999999999803e-03,1.855355884964441771e+02,5.751622570005515689e-01,2.010710540987989248e+01
7.224999999999999652e-03,1.862837158694136974e+02,5.798100060981149495e-01,2.010161349182375190e+01
7.250000000000000368e-03,1.870318432423832178e+02,5.844764583800026170e-01,2.009614027695193528e+01
7.275000000000000216e-03,1.877799706153527666e+02,5.891616138462145713e-01,2.009068576526444261e+01
7.300000000000000065e-03,1.885280979883222869e+02,5.938654724967507015e-01,2.008524995676127745e+01
7.324999999999999914e-03,1.892762253612918357e+02,5.985880343316111185e-01,2.007983285144243268e+01
7.349999999999999763e-03,1.900243527342613561e+02,6.033292993507957114e-01,2.007443444930791188e+01
7.374999999999999611e-03,1.907724801072309049e+02,6.080892675543045911e-01,2.006905475035771858e+01
7.400000000000000328e-03,1.915206074802004252e+02,6.128679389421377577e-01,2.006369375459184567e+01
7.425000000000000176e-03,1.922687348531699740e+02,6.176653135142951001e-01,2.005835146201030028e+01
7.450000000000000025e-03,1.930168622261394944e+02,6.224813912707767294e-01,2.005302787261307529e+01
7.474999999999999874e-03,1.937649895991090432e+02,6.273161722115825345e-01,2.004772298640017780e+01
7.499999999999999722e-03,1.945131169720785635e+02,6.321696563367126265e-01,2.004243680337160427e+01
7.524999999999999571e-03,1.952612443450481123e+02,6.370418436461668943e-01,2.003716932352735469e+01
7.550000000000000287e-03,1.960093717180176327e+02,6.419327341399454490e-01,2.003192054686742907e+01
7.575000000000000136e-03,1.967574990909871815e+02,6.468423278180481795e-01,2.002669047339182740e+01
7.599999999999999985e-03,1.975056264639567019e+02,6.517706246804751968e-01,2.002147910310054968e+01
7.624999999999999833e-03,1.982537538369262506e+02,6.567176247272265011e-01,2.001628643599359592e+01
7.649999999999999682e-03,1.990018812098957710e+02,6.616833279583019811e-01,2.001111247207096966e+01
7.675000000000000398e-03,1.997500085828653198e+02,6.666677343737017480e-01,2.000595721133266380e+01
7.700000000000000247e-03,2.004981359558348402e+02,6.716708439734256908e-01,2.000082065377868190e+01
7.725000000000000096e-03,2.012462633288043605e+02,6.766926567574739204e-01,1.999570279940902751e+01
7.749999999999999944e-03,2.019943907017739093e+02,6.817331727258463259e-01,1.999060364822369706e+01
7.774999999999999793e-03,2.027425180747434297e+02,6.867923918785430182e-01,1.998552320022268702e+01
7.799999999999999642e-03,2.034906454477129785e+02,6.918703142155639974e-01,1.998046145540600449e+01
7.825000000000000358e-03,2.042387728206824988e+02,6.969669397369091524e-01,1.997541841377364591e+01
7.849999999999999339e-03,2.049869001936520476e+02,7.020822684425785942e-01,1.997039407532561128e+01
7.875000000000000056e-03,2.057350275666215680e+02,7.072163003325722119e-01,1.996538844006190061e+01
7.900000000000000772e-03,2.064831549395911168e+02,7.123690354068900055e-01,1.996040150798251389e+01
7.924999999999999753e-03,2.072312823125606371e+02,7.175404736655321969e-01,1.995543327908745113e+01
7.950000000000000469e-03,2.079794096855301859e+02,7.227306151084985641e-01,1.995048375337671231e+01
7.974999999999999450e-03,2.087275370584997063e+02,7.279394597357891072e-01,1.994555293085030101e+01
8.000000000000000167e-03,2.094756644314692267e+02,7.331670075474039372e-01,1.994064081150821011e+01
8.024999999999999148e-03,2.102237918044387754e+02,7.384132585433430540e-01,1.993574739535044671e+01
8.049999999999999864e-03,2.109719191774082958e+02,7.436782127236063467e-01,1.993087268237700371e+01
8.075000000000000580e-03,2.117200465503778446e+02,7.489618700881939262e-01,1.992601667258788822e+01
8.099999999999999561e-03,2.124681739233473650e+02,7.542642306371056815e-01,1.992117936598309669e+01
8.125000000000000278e-03,2.132163012963169137e+02,7.595852943703417237e-01,1.991636076256262911e+01
8.149999999999999259e-03,2.139644286692864341e+02,7.649250612879019418e-01,1.991156086232648192e+01
8.174999999999999975e-03,2.147125560422559829e+02,7.702835313897864467e-01,1.990677966527466225e+01
8.200000000000000691e-03,2.154606834152255033e+02,7.756607046759952384e-01,1.990201717140716653e+01
8.224999999999999672e-03,2.162088107881950236e+02,7.810565811465282060e-01,1.989727338072399832e+01
8.250000000000000389e-03,2.169569381611645724e+02,7.864711608013853494e-01,1.989254829322515050e+01
8.274999999999999370e-03,2.177050655341340928e+02,7.919044436405668907e-01,1.988784190891062664e+01
8.300000000000000086e-03,2.184531929071036416e+02,7.973564296640724969e-01,1.988315422778043029e+01
8.325000000000000802e-03,2.192013202800731619e+02,8.028271188719025009e-01,1.987848524983455434e+01
8.349999999999999784e-03,2.199494476530427107e+02,8.083165112640566807e-01,1.987383497507300589e+01
8.375000000000000500e-03,2.206975750260122311e+02,8.138246068405350364e-01,1.986920340349577785e+01
8.399999999999999481e-03,2.214457023989817515e+02,8.193514056013376790e-01,1.986459053510287731e+01
8.425000000000000197e-03,2.221938297719513002e+02,8.248969075464646084e-01,1.985999636989430073e+01
8.449999999999999178e-03,2.229419571449208206e+02,8.304611126759157136e-01,1.985542090787004810e+01
8.474999999999999895e-03,2.236900845178903694e+02,8.360440209896911057e-01,1.985086414903011587e+01
8.500000000000000611e-03,2.244382118908598898e+02,8.416456324877906736e-01,1.984632609337451115e+01
8.524999999999999592e-03,2.251863392638294386e+02,8.472659471702145284e-01,1.984180674090323393e+01
8.550000000000000308e-03,2.259344666367989589e+02,8.529049650369625590e-01,1.983730609161627712e+01
8.574999999999999289e-03,2.266825940097685077e+02,8.585626860880348765e-01,1.983282414551364425e+01
8.600000000000000006e-03,2.274307213827380281e+02,8.642391103234314809e-01,1.982836090259533535e+01
8.625000000000000722e-03,2.281788487557075769e+02,8.699342377431522610e-01,1.982391636286135395e+01
8.649999999999999703e-03,2.289269761286770972e+02,8.756480683471973281e-01,1.981949052631169295e+01
8.675000000000000419e-03,2.296751035016466176e+02,8.813806021355665710e-01,1.981508339294635945e+01
8.699999999999999400e-03,2.304232308746161664e+02,8.871318391082601007e-01,1.981069496276534991e+01
8.725000000000000117e-03,2.311713582475856867e+02,8.929017792652778063e-01,1.980632523576866078e+01
8.750000000000000833e-03,2.319194856205552355e+02,8.986904226066197987e-01,1.980197421195629914e+01
8.774999999999999814e-03,2.326676129935247559e+02,9.044977691322859670e-01,1.979764189132826147e+01
8.800000000000000530e-03,2.334157403664943047e+02,9.103238188422764221e-01,1.979332827388454774e+01
8.824999999999999512e-03,2.341638677394638250e+02,9.161685717365911641e-01,1.978903335962515797e+01
8.850000000000000228e-03,2.349119951124333454e+02,9.220320278152300819e-01,1.978475714855009215e+01
8.874999999999999209e-03,2.356601224854028942e+02,9.279141870781932866e-01,1.978049964065935029e+01
8.899999999999999925e-03,2.364082498583724146e+02,9.338150495254806671e-01,1.977626083595293593e+01
8.925000000000000641e-03,2.371563772313419349e+02,9.397346151570923345e-01,1.977204073443084198e+01
8.949999999999999623e-03,2.379045046043114837e+02,9.456728839730281777e-01,1.976783933609307553e+01
8.975000000000000339e-03,2.386526319772810041e+02,9.516298559732883078e-01,1.976365664093962948e+01
8.999999999999999320e-03,2.394007593502505529e+02,9.576055311578727247e-01,1.975949264897051094e+01
9.025000000000000036e-03,2.401488867232200732e+02,9.635999095267813175e-01,1.975534736018571280e+01
9.050000000000000752e-03,2.408970140961896220e+02,9.696129910800141971e-01,1.975122077458524217e+01
9.074999999999999734e-03,2.416451414691591424e+02,9.756447758175712526e-01,1.974711289216909549e+01
9.100000000000000450e-03,2.423932688421286628e+02,9.816952637394525949e-01,1.974302371293727276e+01
9.124999999999999431e-03,2.431413962150982115e+02,9.877644548456581131e-01,1.973895323688977399e+01
9.150000000000000147e-03,2.438895235880677319e+02,9.938523491361879181e-01,1.973490146402659917e+01
9.175000000000000863e-03,2.446376509610372807e+02,9.999589466110418989e-01,1.973086839434774831e+01
9.199999999999999845e-03,2.453857783340068011e+02,1.006084247270220278e+00,1.972685402785322495e+01
9.225000000000000561e-03,2.461339057069763214e+02,1.012228251113722832e+00,1.972285836454302199e+01
9.249999999999999542e-03,2.468820330799458702e+02,1.018390958141549563e+00,1.971888140441714299e+01
9.275000000000000258e-03,2.476301604529153906e+02,1.024572368353700469e+00,1.971492314747559149e+01
9.299999999999999239e-03,2.483782878258849394e+02,1.030772481750175773e+00,1.971098359371836395e+01
9.324999999999999956e-03,2.491264151988544597e+02,1.036991298330975253e+00,1.970706274314545681e+01
9.350000000000000672e-03,2.498745425718239801e+02,1.043228818096098909e+00,1.970316059575687717e+01
9.374999999999999653e-03,2.506226699447935289e+02,1.049485041045546740e+00,1.969927715155262149e+01
9.400000000000000369e-03,2.513707973177630493e+02,1.055759967179318970e+00,1.969541241053268976e+01
9.424999999999999351e-03,2.521189246907325696e+02,1.062053596497415375e+00,1.969156637269708199e+01
9.450000000000000067e-03,2.528670520637021184e+02,1.068365928999835957e+00,1.968773903804579817e+01
9.475000000000000783e-03,2.536151794366716388e+02,1.074696964686580936e+00,1.968393040657883830e+01
9.499999999999999764e-03,2.543633068096411876e+02,1.081046703557650090e+00,1.968014047829620239e+01
9.525000000000000480e-03,2.551114341826107079e+02,1.087415145613043421e+00,1.967636925319789043e+01
9.549999999999999462e-03,2.558595615555802283e+02,1.093802290852761150e+00,1.967261673128390598e+01
9.575000000000000178e-03,2.566076889285497487e+02,1.100208139276802832e+00,1.966888291255424193e+01
9.599999999999999159e-03,2.573558163015193259e+02,1.106632690885168913e+00,1.966516779700890538e+01
9.624999999999999875e-03,2.581039436744888462e+02,1.113075945677859391e+00,1.966147138464788924e+01
9.650000000000000591e-03,2.588520710474583666e+02,1.119537903654873823e+00,1.965779367547120060e+01
9.674999999999999573e-03,2.596001984204278870e+02,1.126018564816212653e+00,1.965413466947883592e+01
9.700000000000000289e-03,2.603483257933974073e+02,1.132517929161875658e+00,1.965049436667079519e+01
9.724999999999999270e-03,2.610964531663669845e+02,1.139035996691863062e+00,1.964687276704707841e+01
9.749999999999999986e-03,2.618445805393365049e+02,1.145572767406174419e+00,1.964326987060768559e+01
9.775000000000000702e-03,2.625927079123060253e+02,1.152128241304810174e+00,1.963968567735261672e+01
9.799999999999999684e-03,2.633408352852755456e+02,1.158702418387770328e+00,1.963612018728187181e+01
9.825000000000000400e-03,2.640889626582450660e+02,1.165295298655054435e+00,1.963257340039545085e+01
9.849999999999999381e-03,2.648370900312145864e+02,1.171906882106662939e+00,1.962904531669335739e+01
9.875000000000000097e-03,2.655852174041841636e+02,1.178537168742595620e+00,1.962553593617558434e+01
9.900000000000000813e-03,2.663333447771536839e+02,1.185186158562852476e+00,1.962204525884213879e+01
9.924999999999999795e-03,2.670814721501232043e+02,1.191853851567433731e+00,1.961857328469301365e+01
9.950000000000000511e-03,2.678295995230927247e+02,1.198540247756339161e+00,1.961512001372821601e+01
9.974999999999999492e-03,2.685777268960623019e+02,1.205245347129568767e+00,1.961168544594774232e+01
1.000000000000000021e-02,2.693258542690318222e+02,1.211969149687122771e+00,1.960826958135158904e+01
1.002499999999999919e-02,2.700739816420013426e+02,1.218711655429000951e+00,1.960487241993976326e+01
1.004999999999999991e-02,2.708221090149708630e+02,1.225472864355203306e+00,1.960149396171226144e+01
1.007500000000000062e-02,2.715702363879403833e+02,1.232252776465729838e+00,1.959813420666908357e+01
1.009999999999999960e-02,2.723183637609099037e+02,1.239051391760580767e+00,1.959479315481023320e+01
1.012500000000000032e-02,2.730664911338794809e+02,1.245868710239755872e+00,1.959147080613570324e+01
1.014999999999999930e-02,2.738146185068490013e+02,1.252704731903255153e+00,1.958816716064549723e+01
1.017500000000000002e-02,2.745627458798185216e+02,1.259559456751078610e+00,1.958488221833961873e+01
1.020000000000000073e-02,2.753108732527880420e+02,1.266432884783226465e+00,1.958161597921806063e+01
1.022499999999999971e-02,2.760590006257575624e+02,1.273325015999698495e+00,1.957836844328083004e+01
1.025000000000000043e-02,2.768071279987271396e+02,1.280235850400494924e+00,1.957513961052791984e+01
1.027499999999999941e-02,2.775552553716966599e+02,1.287165387985615306e+00,1.957192948095933716e+01
1.030000000000000013e-02,2.783033827446661803e+02,1.294113628755060086e+00,1.956873805457507842e+01
1.032500000000000084e-02,2.790515101176357007e+02,1.301080572708829042e+00,1.956556533137514364e+01
1.034999999999999983e-02,2.797996374906052210e+02,1.308066219846922396e+00,1.956241131135953282e+01
1.037500000000000054e-02,2.805477648635747983e+02,1.315070570169339703e+00,1.955927599452824595e+01
1.039999999999999952e-02,2.812958922365443186e+02,1.322093623676081409e+00,1.955615938088128303e+01
1.042500000000000024e-02,2.820440196095138390e+02,1.329135380367147512e+00,1.955306147041864406e+01
1.044999999999999922e-02,2.827921469824833594e+02,1.336195840242537569e+00,1.954998226314032905e+01
1.047499999999999994e-02,2.835402743554528797e+02,1.343275003302252024e+00,1.954692175904633800e+01
1.050000000000000065e-02,2.842884017284224569e+02,1.350372869546290655e+00,1.954387995813667445e+01
1.052499999999999963e-02,2.850365291013919773e+02,1.357489438974653684e+00,1.954085686041133130e+01
1.055000000000000035e-02,2.857846564743614977e+02,1.364624711587340666e+00,1.953785246587031565e+01
1.057499999999999933e-02,2.865327838473310180e+02,1.371778687384352047e+00,1.953486677451362397e+01
1.060000000000000005e-02,2.872809112203005384e+02,1.378951366365687825e+00,1.953189978634125268e+01
1.062500000000000076e-02,2.880290385932700588e+02,1.386142748531347557e+00,1.952895150135320890e+01
1.064999999999999974e-02,2.887771659662396360e+02,1.393352833881331687e+00,1.952602191954948907e+01
1.067500000000000046e-02,2.895252933392091563e+02,1.400581622415639993e+00,1.952311104093009320e+01
1.069999999999999944e-02,2.902734207121786767e+02,1.407829114134272697e+00,1.952021886549502128e+01
1.072500000000000016e-02,2.910215480851481971e+02,1.415095309037229354e+00,1.951734539324427331e+01
1.074999999999999914e-02,2.917696754581177174e+02,1.422380207124510409e+00,1.951449062417785285e+01
1.077499999999999986e-02,2.925178028310872378e+02,1.429683808396115641e+00,1.951165455829575279e+01
1.080000000000000057e-02,2.932659302040568150e+02,1.437006112852045270e+00,1.950883719559797669e+01
1.082499999999999955e-02,2.940140575770263354e+02,1.444347120492299075e+00,1.950603853608452809e+01
1.085000000000000027e-02,2.947621849499958557e+02,1.451706831316877055e+00,1.950325857975539989e+01
1.087499999999999925e-02,2.955103123229653761e+02,1.459085245325779212e+00,1.950049732661059920e+01
1.089999999999999997e-02,2.962584396959348965e+02,1.466482362519005767e+00,1.949775477665012247e+01
1.092500000000000068e-02,2.970065670689044168e+02,1.473898182896556497e+00,1.949503092987396613e+01
1.094999999999999966e-02,2.977546944418739940e+02,1.481332706458431403e+00,1.949232578628213730e+01
1.097500000000000038e-02,2.985028218148435144e+02,1.488785933204630485e+00,1.948963934587463243e+01
1.099999999999999936e-02,2.992509491878130348e+02,1.496257863135153965e+00,1.948697160865145150e+01
1.102500000000000008e-02,2.999990765607825551e+02,1.503748496250001621e+00,1.948432257461259454e+01
1.105000000000000079e-02,3.007472039337520755e+02,1.511257832549173674e+00,1.948169224375806508e+01
1.107499999999999978e-02,3.014916031152984601e+02,1.518785825391441691e+00,1.947908056944662647e+01
1.110000000000000049e-02,3.022322895904379720e+02,1.526332381765744151e+00,1.947648745866722564e+01
1.112499999999999947e-02,3.029692818763709852e+02,1.533897409086079078e+00,1.947391281883385616e+01
1.115000000000000019e-02,3.037025983979430634e+02,1.541480815228218670e+00,1.947135655782229335e+01
1.117499999999999917e-02,3.044322574881055061e+02,1.549082508527406699e+00,1.946881858396777432e+01
1.119999999999999989e-02,3.051582773883734490e+02,1.556702397776066782e+00,1.946629880606273133e+01
1.122500000000000060e-02,3.058806762492823168e+02,1.564340392221522436e+00,1.946379713335448258e+01
1.124999999999999958e-02,3.065994721308412068e+02,1.571996401563727996e+00,1.946131347554298330e+01
1.127500000000000030e-02,3.073146830029846228e+02,1.579670335953010873e+00,1.945884774277856266e+01
1.129999999999999928e-02,3.080263267460215957e+02,1.587362105987826011e+00,1.945639984565967495e+01
1.132500000000000000e-02,3.087344211510827563e+02,1.595071622712520121e+00,1.945396969523066488e+01
1.135000000000000071e-02,3.094389839205651356e+02,1.602798797615108350e+00,1.945155720297954716e+01
1.137499999999999969e-02,3.101400326685746904e+02,1.610543542625060498e+00,1.944916228083579668e+01
1.140000000000000041e-02,3.108375849213666129e+02,1.618305770111101216e+00,1.944678484116813166e+01
1.142499999999999939e-02,3.115316581177834792e+02,1.626085392879016656e+00,1.944442479678234292e+01
1.145000000000000011e-02,3.122222696096914660e+02,1.633882324169476652e+00,1.944208206091909830e+01
1.147500000000000082e-02,3.129094366624137820e+02,1.641696477655865127e+00,1.943975654725178259e+01
1.149999999999999981e-02,3.135931764551625065e+02,1.649527767442121373e+00,1.943744816988433399e+01
1.152500000000000052e-02,3.142735060814681560e+02,1.657376108060593323e+00,1.943515684334910176e+01
1.154999999999999950e-02,3.149504425496067483e+02,1.665241414469900372e+00,1.943288248260470752e+01
1.157500000000000022e-02,3.156240027830252757e+02,1.673123602052807746e+00,1.943062500303391005e+01
1.159999999999999920e-02,3.162942036207646197e+02,1.681022586614111081e+00,1.942838432044150920e+01
1.162499999999999992e-02,3.169610618178806476e+02,1.688938284378530774e+00,1.942616035105222494e+01
1.165000000000000063e-02,3.176245940458630912e+02,1.696870611988618549e+00,1.942395301150860831e+01
1.167499999999999961e-02,3.182848168930520956e+02,1.704819486502673564e+00,1.942176221886895604e+01
1.170000000000000033e-02,3.189417468650532896e+02,1.712784825392667631e+00,1.941958789060524637e+01
1.172499999999999931e-02,3.195954003851501852e+02,1.720766546542183084e+00,1.941742994460105720e+01
1.175000000000000003e-02,3.202457937947148139e+02,1.728764568244359978e+00,1.941528829914953036e+01
1.177500000000000074e-02,3.208929433536163174e+02,1.736778809199852613e+00,1.941316287295131815e+01
1.179999999999999973e-02,3.215368652406273213e+02,1.744809188514797382e+00,1.941105358511256185e+01
1.182500000000000044e-02,3.221775755538286035e+02,1.752855625698791053e+00,1.940896035514284890e+01
1.184999999999999942e-02,3.228150903110113177e+02,1.760918040662877493e+00,1.940688310295323049e+01
1.187500000000000014e-02,3.234494254500775696e+02,1.768996353717546155e+00,1.940482174885419653e+01
1.190000000000000085e-02,3.240805968294389459e+02,1.777090485570739231e+00,1.940277621355368609e+01
1.192499999999999984e-02,3.247086202284128262e+02,1.785200357325870124e+00,1.940074641815511214e+01
1.195000000000000055e-02,3.253335113476167635e+02,1.793325890479850138e+00,1.939873228415538620e+01
1.197499999999999953e-02,3.259552858093613850e+02,1.801467006921126934e+00,1.939673373344296081e+01
1.200000000000000025e-02,3.265739591580406227e+02,1.809623628927730987e+00,1.939475068829586135e+01
1.202499999999999923e-02,3.271895468605204087e+02,1.817795679165332245e+00,1.939278307137975688e+01
1.204999999999999995e-02,3.278020643065252671e+02,1.825983080685307680e+00,1.939083080574602747e+01
1.207500000000000066e-02,3.284115268090233712e+02,1.834185756922817045e+00,1.938889381482983509e+01
1.209999999999999964e-02,3.290179496046090435e+02,1.842403631694888855e+00,1.938697202244820161e+01
1.212500000000000036e-02,3.296213478538836057e+02,1.850636629198515903e+00,1.938506535279812226e+01
1.214999999999999934e-02,3.302217366418348661e+02,1.858884674008759674e+00,1.938317373045466496e+01
1.217500000000000006e-02,3.308191309782137637e+02,1.867147691076865401e+00,1.938129708036906607e+01
1.220000000000000077e-02,3.314135457979097623e+02,1.875425605728385348e+00,1.937943532786687939e+01
1.222499999999999976e-02,3.320049959613243118e+02,1.883718343661312522e+00,1.937758839864610394e+01
1.225000000000000047e-02,3.325934962547423765e+02,1.892025830944222164e+00,1.937575621877530807e+01
1.227499999999999945e-02,3.331790613907019178e+02,1.900347994014424335e+00,1.937393871469180695e+01
1.230000000000000017e-02,3.337617060083618412e+02,1.908684759676124942e+00,1.937213581319980449e+01
1.232499999999999915e-02,3.343414446738678407e+02,1.917036055098594760e+00,1.937034744146856724e+01
1.234999999999999987e-02,3.349182918807168789e+02,1.925401807814349553e+00,1.936857352703061963e+01
1.237500000000000058e-02,3.354922620501191091e+02,1.933781945717338635e+00,1.936681399777990364e+01
1.239999999999999956e-02,3.360633695313586600e+02,1.942176397061140758e+00,1.936506878197000248e+01
1.242500000000000028e-02,3.366316286021523183e+02,1.950585090457172432e+00,1.936333780821232864e+01
1.244999999999999926e-02,3.371970534690064483e+02,1.959007954872902024e+00,1.936162100547435472e+01
1.247499999999999998e-02,3.377596582675721493e+02,1.967444919630073397e+00,1.935991830307782280e+01
1.250000000000000069e-02,3.383194570629987084e+02,1.975895914402940434e+00,1.935822963069698588e+01
1.252499999999999968e-02,3.388764638502851767e+02,1.984360869216508227e+00,1.935655491835684927e+01
1.255000000000000039e-02,3.394306925546302409e+02,1.992839714444782917e+00,1.935489409643141911e+01
1.257499999999999937e-02,3.399821570317803321e+02,2.001332380809032419e+00,1.935324709564196510e+01
1.260000000000000009e-02,3.405308710683762001e+02,2.009838799376053142e+00,1.935161384705527965e+01
1.262500000000000080e-02,3.410768483822972712e+02,2.018358901556447815e+00,1.934999428208197259e+01
1.264999999999999979e-02,3.416201026230048114e+02,2.026892619102909965e+00,1.934838833247473033e+01
1.267500000000000050e-02,3.421606473718831580e+02,2.035439884108518172e+00,1.934679593032663192e+01
1.269999999999999948e-02,3.426984961425791880e+02,2.044000629005037872e+00,1.934521700806944722e+01
1.272500000000000020e-02,3.432336623813401957e+02,2.052574786561232933e+00,1.934365149847193877e+01
1.274999999999999918e-02,3.437661594673500076e+02,2.061162289881183884e+00,1.934209933463818487e+01
1.277499999999999990e-02,3.442960007130635063e+02,2.069763072402616366e+00,1.934056045000591340e+01
1.280000000000000061e-02,3.448231993645394482e+02,2.078377067895237129e+00,1.933903477834483198e+01
1.282499999999999959e-02,3.453477686017715200e+02,2.087004210459076248e+00,1.933752225375496536e+01
1.285000000000000031e-02,3.458697215390180304e+02,2.095644434522843991e+00,1.933602281066502826e+01
1.287499999999999929e-02,3.463890712251296122e+02,2.104297674842285915e+00,1.933453638383076623e+01
1.290000000000000001e-02,3.469058306438754471e+02,2.112963866498557053e+00,1.933306290833333208e+01
1.292500000000000072e-02,3.474200127142678980e+02,2.121642944896594773e+00,1.933160231957766584e+01
1.294999999999999971e-02,3.479316302908854937e+02,2.130334845763506735e+00,1.933015455329087473e+01
1.297500000000000042e-02,3.484406961641943212e+02,2.139039505146962394e+00,1.932871954552062732e+01
1.299999999999999940e-02,3.489472230608677705e+02,2.147756859413595176e+00,1.932729723263355481e+01
1.302500000000000012e-02,3.494512236441045161e+02,2.156486845247411299e+00,1.932588755131366653e+01
1.305000000000000084e-02,3.499527105139455330e+02,2.165229399648206599e+00,1.932449043856075832e+01
1.307499999999999982e-02,3.504516962075886113e+02,2.173984459929990898e+00,1.932310583168883866e+01
1.310000000000000053e-02,3.509481931997020752e+02,2.182751963719423483e+00,1.932173366832456551e+01
1.312499999999999951e-02,3.514422139027366256e+02,2.191531848954250794e+00,1.932037388640569020e+01
1.315000000000000023e-02,3.519337706672355353e+02,2.200324053881756559e+00,1.931902642417949068e+01
1.317499999999999921e-02,3.524228757821434783e+02,2.209128517057216357e+00,1.931769122020124740e+01
1.319999999999999993e-02,3.529095414751139401e+02,2.217945177342364627e+00,1.931636821333269083e+01
1.322500000000000064e-02,3.533937799128144661e+02,2.226773973903861670e+00,1.931505734274048436e+01
1.324999999999999963e-02,3.538756032012312289e+02,2.235614846211777973e+00,1.931375854789469670e+01
1.327500000000000034e-02,3.543550233859716059e+02,2.244467734038076312e+00,1.931247176856728842e+01
1.329999999999999932e-02,3.548320524525651081e+02,2.253332577455108510e+00,1.931119694483061622e+01
1.332500000000000004e-02,3.553067023267632862e+02,2.262209316834117523e+00,1.930993401705592305e+01
1.335000000000000075e-02,3.557789848748377040e+02,2.271097892843745303e+00,1.930868292591184598e+01
1.337499999999999974e-02,3.562489119038767171e+02,2.279998246448550425e+00,1.930744361236294537e+01
1.340000000000000045e-02,3.567164951620804345e+02,2.288910318907531938e+00,1.930621601766822337e+01
1.342499999999999943e-02,3.571817463390547118e+02,2.297834051772660757e+00,1.930500008337964957e+01
1.345000000000000015e-02,3.576446770661032133e+02,2.306769386887418172e+00,1.930379575134070080e+01
1.347500000000000087e-02,3.581052989165181657e+02,2.315716266385343225e+00,1.930260296368492234e+01
1.349999999999999985e-02,3.585636234058699188e+02,2.324674632688584541e+00,1.930142166283446059e+01
1.352500000000000056e-02,3.590196619922945160e+02,2.333644428506461477e+00,1.930025179149863135e+01
1.354999999999999954e-02,3.594734260767804130e+02,2.342625596834031931e+00,1.929909329267249873e+01
1.357500000000000026e-02,3.599249270034532628e+02,2.351618080950667711e+00,1.929794610963542922e+01
1.359999999999999924e-02,3.603741760598598489e+02,2.360621824418634773e+00,1.929681018594969188e+01
1.362499999999999996e-02,3.608211844772499148e+02,2.369636771081684579e+00,1.929568546545903729e+01
1.365000000000000067e-02,3.612659634308571981e+02,2.378662865063648102e+00,1.929457189228729774e+01
1.367499999999999966e-02,3.617085240401787587e+02,2.387700050767040505e+00,1.929346941083698397e+01
1.370000000000000037e-02,3.621488773692527730e+02,2.396748272871670249e+00,1.929237796578791020e+01
1.372499999999999935e-02,3.625870344269354746e+02,2.405807476333256645e+00,1.929129750209579441e+01
1.375000000000000007e-02,3.630230061671761064e+02,2.414877606382053621e+00,1.929022796499088699e+01
1.377500000000000079e-02,3.634568034892909054e+02,2.423958608521479707e+00,1.928916929997660645e+01
1.379999999999999977e-02,3.638884372382354968e+02,2.433050428526756459e+00,1.928812145282818236e+01
1.382500000000000048e-02,3.643179182048760936e+02,2.442153012443553539e+00,1.928708436959127326e+01
1.384999999999999946e-02,3.647452571262591619e+02,2.451266306586638244e+00,1.928605799658065223e+01
1.387500000000000018e-02,3.651704646858801198e+02,2.460390257538533465e+00,1.928504228037884616e+01
1.389999999999999916e-02,3.655935515139500467e+02,2.469524812148184090e+00,1.928403716783479283e+01
1.392499999999999988e-02,3.660145281876615968e+02,2.478669917529626066e+00,1.928304260606252996e+01
1.395000000000000059e-02,3.664334052314536621e+02,2.487825521060665679e+00,1.928205854243986295e+01
1.397499999999999958e-02,3.668501931172741592e+02,2.496991570381563275e+00,1.928108492460705747e+01
1.400000000000000029e-02,3.672649022648417940e+02,2.506168013393724969e+00,1.928012170046551432e+01
1.402499999999999927e-02,3.676775430419070290e+02,2.515354798258398805e+00,1.927916881817648331e+01
1.404999999999999999e-02,3.680881257645106643e+02,2.524551873395380674e+00,1.927822622615976300e+01
1.407500000000000070e-02,3.684966606972421914e+02,2.533759187481722908e+00,1.927729387309240039e+01
1.409999999999999969e-02,3.689031580534962131e+02,2.542976689450453076e+00,1.927637170790742616e+01
1.412500000000000040e-02,3.693076279957277848e+02,2.552204328489295015e+00,1.927545967979256503e+01
1.414999999999999938e-02,3.697100806357065608e+02,2.561442054039401395e+00,1.927455773818896745e+01
1.417500000000000010e-02,3.701105260347694639e+02,2.570689815794086730e+00,1.927366583278994838e+01
1.420000000000000082e-02,3.705089742040723308e+02,2.579947563697572388e+00,1.927278391353972964e+01
1.422499999999999980e-02,3.709054351048401941e+02,2.589215247943732923e+00,1.927191193063218577e+01
1.425000000000000051e-02,3.712999186486161989e+02,2.598492818974853069e+00,1.927104983450960063e+01
1.427499999999999949e-02,3.716924346975094409e+02,2.607780227480386959e+00,1.927019757586143101e+01
1.430000000000000021e-02,3.720829930644416095e+02,2.617077424395725771e+00,1.926935510562306675e+01
1.432499999999999919e-02,3.724716035133922674e+02,2.626384360900972492e+00,1.926852237497460862e+01
1.434999999999999991e-02,3.728582757596428792e+02,2.635700988419719781e+00,1.926769933533964974e+01
1.437500000000000062e-02,3.732430194700196466e+02,2.645027258617835830e+00,1.926688593838406405e+01
1.439999999999999961e-02,3.736258442631354342e+02,2.654363123402256885e+00,1.926608213601478070e+01
1.442500000000000032e-02,3.740067597096299892e+02,2.663708534919784210e+00,1.926528788037860096e+01
1.444999999999999930e-02,3.743857753324093665e+02,2.673063445555887263e+00,1.926450312386100094e+01
1.447500000000000002e-02,3.747629006068837612e+02,2.682427807933515318e+00,1.926372781908492371e+01
1.450000000000000074e-02,3.751381449612048300e+02,2.691801574911909967e+00,1.926296191890961396e+01
1.452499999999999972e-02,3.755115177765008525e+02,2.701184699585429616e+00,1.926220537642943142e+01
1.455000000000000043e-02,3.758830283871117217e+02,2.710577135282375760e+00,1.926145814497267139e+01
1.457499999999999941e-02,3.762526860808220022e+02,2.719978835563824138e+00,1.926072017810041714e+01
1.460000000000000013e-02,3.766205000990933058e+02,2.729389754222467435e+00,1.925999142960535693e+01
1.462500000000000085e-02,3.769864796372953037e+02,2.738809845281457545e+00,1.925927185351064352e+01
1.464999999999999983e-02,3.773506338449354303e+02,2.748239062993256709e+00,1.925856140406873607e+01
1.467500000000000054e-02,3.777129718258879052e+02,2.757677361838494434e+00,1.925786003576027028e+01
1.469999999999999953e-02,3.780735026386210507e+02,2.767124696524828842e+00,1.925716770329290028e+01
1.472500000000000024e-02,3.784322352964240963e+02,2.776581021985813802e+00,1.925648436160017951e+01
1.474999999999999922e-02,3.787891787676319950e+02,2.786046293379774053e+00,1.925580996584043802e+01
1.477499999999999994e-02,3.791443419758502387e+02,2.795520466088682543e+00,1.925514447139564211e+01
1.480000000000000066e-02,3.794977338001775138e+02,2.805003495717046214e+00,1.925448783387030005e+01
1.482499999999999964e-02,3.798493630754278456e+02,2.814495338090794885e+00,1.925384000909034654e+01
1.485000000000000035e-02,3.801992385923513780e+02,2.823995949256177251e+00,1.925320095310202362e+01
1.487499999999999933e-02,3.805473690978542436e+02,2.833505285478662650e+00,1.925257062217080417e+01
1.490000000000000005e-02,3.808937632952172976e+02,2.843023303241847710e+00,1.925194897278028705e+01
1.492500000000000077e-02,3.812384298443134867e+02,2.852549959246366562e+00,1.925133596163109928e+01
1.494999999999999975e-02,3.815813773618244227e+02,2.862085210408812141e+00,1.925073154563984090e+01
1.497500000000000046e-02,3.819226144214559895e+02,2.871629013860653945e+00,1.925013568193798008e+01
1.499999999999999944e-02,3.822621495541524155e+02,2.881181326947172217e+00,1.924954832787079440e+01
1.502500000000000016e-02,3.825999912483096637e+02,2.890742107226385915e+00,1.924896944099630147e+01
1.504999999999999914e-02,3.829361479499877419e+02,2.900311312467995339e+00,1.924839897908420738e+01
1.507499999999999986e-02,3.832706280631217055e+02,2.909888900652325638e+00,1.924783690011483372e+01
1.510000000000000057e-02,3.836034399497317509e+02,2.919474829969275209e+00,1.924728316227808023e+01
1.512499999999999956e-02,3.839345919301324557e+02,2.929069058817272087e+00,1.924673772397237315e+01
1.515000000000000027e-02,3.842640922831404851e+02,2.938671545802231666e+00,1.924620054380362788e+01
1.517499999999999925e-02,3.845919492462818425e+02,2.948282249736524641e+00,1.924567158058421512e+01
1.519999999999999997e-02,3.849181710159977570e+02,2.957901129637945381e+00,1.924515079333193057e+01
1.522500000000000069e-02,3.852427657478493757e+02,2.967528144728686978e+00,1.924463814126896821e+01
1.524999999999999967e-02,3.855657415567219459e+02,2.977163254434324280e+00,1.924413358382090422e+01
1.527500000000000038e-02,3.858871065170275187e+02,2.986806418382796480e+00,1.924363708061567024e+01
1.529999999999999936e-02,3.862068686629068566e+02,2.996457596403399926e+00,1.924314859148256929e+01
1.532500000000000008e-02,3.865250359884302043e+02,3.006116748525783144e+00,1.924266807645124899e+01
1.535000000000000080e-02,3.868416164477972643e+02,3.015783834978947642e+00,1.924219549575071042e+01
1.537499999999999978e-02,3.871566179555360918e+02,3.025458816190253586e+00,1.924173080980830974e+01
1.540000000000000049e-02,3.874700483867006824e+02,3.035141652784430821e+00,1.924127397924878480e+01
1.542499999999999948e-02,3.877819155770682187e+02,3.044832305582592991e+00,1.924082496489324257e+01
1.545000000000000019e-02,3.880922273233346687e+02,3.054530735601260538e+00,1.924038372775820349e+01
1.547499999999999917e-02,3.884009913833098722e+02,3.064236904051384602e+00,1.923995022905462449e+01
1.549999999999999989e-02,3.887082154761113770e+02,3.073950772337377124e+00,1.923952443018691483e+01
1.552500000000000061e-02,3.890139072823575361e+02,3.083672302056146286e+00,1.923910629275197692e+01
1.554999999999999959e-02,3.893180744443594676e+02,3.093401454996136835e+00,1.923869577853826485e+01
1.557500000000000030e-02,3.896207245663119352e+02,3.103138193136374401e+00,1.923829284952479668e+01
1.559999999999999928e-02,3.899218652144838870e+02,3.112882478645514706e+00,1.923789746788023436e+01
1.562500000000000000e-02,3.902215039174071194e+02,3.122634273880898537e+00,1.923750959596191379e+01
1.565000000000000072e-02,3.905196481660648260e+02,3.132393541387609837e+00,1.923712919631492113e+01
1.567500000000000143e-02,3.908163054140787835e+02,3.142160243897540006e+00,1.923675623167114779e+01
1.569999999999999868e-02,3.911114830778956275e+02,3.151934344328455762e+00,1.923639066494835959e+01
1.572499999999999939e-02,3.914051885369723323e+02,3.161715805783072319e+00,1.923603245924926952e+01
1.575000000000000011e-02,3.916974291339607248e+02,3.171504591548130580e+00,1.923568157786062471e+01
1.577500000000000083e-02,3.919882121748908048e+02,3.181300665093480085e+00,1.923533798425226848e+01
1.580000000000000154e-02,3.922775449293538941e+02,3.191103990071164631e+00,1.923500164207624863e+01
1.582499999999999879e-02,3.925654346306838534e+02,3.200914530314515005e+00,1.923467251516589727e+01
1.584999999999999951e-02,3.928518884761381855e+02,3.210732249837243035e+00,1.923435056753492134e+01
1.587500000000000022e-02,3.931369136270780018e+02,3.220557112832544089e+00,1.923403576337651799e+01
1.590000000000000094e-02,3.934205172091468512e+02,3.230389083672199568e+00,1.923372806706246863e+01
1.592500000000000165e-02,3.937027063124491519e+02,3.240228126905688288e+00,1.923342744314225072e+01
1.594999999999999890e-02,3.939834879917271451e+02,3.250074207259298298e+00,1.923313385634215678e+01
1.597499999999999962e-02,3.942628692665373933e+02,3.259927289635247138e+00,1.923284727156440255e+01
1.600000000000000033e-02,3.945408571214263702e+02,3.269787339110802105e+00,1.923256765388625311e+01
1.602500000000000105e-02,3.948174585061049129e+02,3.279654320937409384e+00,1.923229496855915599e+01
1.604999999999999830e-02,3.950926803356219921e+02,3.289528200539824088e+00,1.923202918100786718e+01
1.607499999999999901e-02,3.953665294905377436e+02,3.299408943515245163e+00,1.923177025682958430e+01
1.609999999999999973e-02,3.956390128170953062e+02,3.309296515632457414e+00,1.923151816179309037e+01
1.612500000000000044e-02,3.959101371273920336e+02,3.319190882830973965e+00,1.923127286183790474e+01
1.615000000000000116e-02,3.961799091995497406e+02,3.329092011220185388e+00,1.923103432307341265e+01
1.617499999999999841e-02,3.964483357778843811e+02,3.338999867078512374e+00,1.923080251177803390e+01
1.619999999999999912e-02,3.967154235730743039e+02,3.348914416852562415e+00,1.923057739439838087e+01
1.622499999999999984e-02,3.969811792623283395e+02,3.358835627156292247e+00,1.923035893754840586e+01
1.625000000000000056e-02,3.972456094895525780e+02,3.368763464770171190e+00,1.923014710800858040e+01
1.627500000000000127e-02,3.975087208655164090e+02,3.378697896640352027e+00,1.922994187272505684e+01
1.629999999999999852e-02,3.977705199680179931e+02,3.388638889877844118e+00,1.922974319880884408e+01
1.632499999999999923e-02,3.980310133420485386e+02,3.398586411757691383e+00,1.922955105353498695e+01
1.634999999999999995e-02,3.982902074999558977e+02,3.408540429718154297e+00,1.922936540434174546e+01
1.637500000000000067e-02,3.985481089216075929e+02,3.418500911359895866e+00,1.922918621882978485e+01
1.640000000000000138e-02,3.988047240545525938e+02,3.428467824445171175e+00,1.922901346476135487e+01
1.642499999999999863e-02,3.990600593141824675e+02,3.438441136897021355e+00,1.922884711005950109e+01
1.644999999999999934e-02,3.993141210838921893e+02,3.448420816798473343e+00,1.922868712280724779e+01
1.647500000000000006e-02,3.995669157152390767e+02,3.458406832391738739e+00,1.922853347124680923e+01
1.650000000000000078e-02,3.998184495281021782e+02,3.468399152077423331e+00,1.922838612377879031e+01
1.652500000000000149e-02,4.000687288108398434e+02,3.478397744413734838e+00,1.922824504896139786e+01
1.654999999999999874e-02,4.003177598204472361e+02,3.488402578115697761e+00,1.922811021550965549e+01
1.657499999999999946e-02,4.005655487827125967e+02,3.498413622054371341e+00,1.922798159229462556e+01
1.660000000000000017e-02,4.008121018923727661e+02,3.508430845256070185e+00,1.922785914834262044e+01
1.662500000000000089e-02,4.010574253132684248e+02,3.518454216901591991e+00,1.922774285283443874e+01
1.665000000000000160e-02,4.013015251784977977e+02,3.528483706325444835e+00,1.922763267510458718e+01
1.667499999999999885e-02,4.015444075905703585e+02,3.538519283015082451e+00,1.922752858464052039e+01
1.669999999999999957e-02,4.017860786215588860e+02,3.548560916610139504e+00,1.922743055108187349e+01
1.672500000000000028e-02,4.020265443132519181e+02,3.558608576901674425e+00,1.922733854421970179e+01
1.675000000000000100e-02,4.022658106773041027e+02,3.568662233831413566e+00,1.922725253399573830e+01
1.677500000000000172e-02,4.025038836953871737e+02,3.578721857490998470e+00,1.922717249050161925e+01
1.679999999999999896e-02,4.027407693193388241e+02,3.588787418121239803e+00,1.922709838397815574e+01
1.682499999999999968e-02,4.029764734713120902e+02,3.598858886111373501e+00,1.922703018481458415e+01
1.685000000000000039e-02,4.032110020439230311e+02,3.608936231998319144e+00,1.922696786354782716e+01
1.687500000000000111e-02,4.034443609003981237e+02,3.619019426465943656e+00,1.922691139086174772e+01
1.689999999999999836e-02,4.036765558747209752e+02,3.629108440344329001e+00,1.922686073758642777e+01
1.692499999999999907e-02,4.039075927717780701e+02,3.639203244609043875e+00,1.922681587469744002e+01
1.694999999999999979e-02,4.041374773675038341e+02,3.649303810380414959e+00,1.922677677331510537e+01
1.697500000000000051e-02,4.043662154090251306e+02,3.659410108922808380e+00,1.922674340470379306e+01
1.700000000000000122e-02,4.045938126148049037e+02,3.669522111643909401e+00,1.922671574027119235e+01
1.702499999999999847e-02,4.048202746747851393e+02,3.679639790094008323e+00,1.922669375156758420e+01
1.704999999999999918e-02,4.050456072505292013e+02,3.689763115965288165e+00,1.922667741028516275e+01
1.707499999999999990e-02,4.052698159753631444e+02,3.699892061091118123e+00,1.922666668825728920e+01
1.710000000000000062e-02,4.054929064545167989e+02,3.710026597445350127e+00,1.922666155745781325e+01
1.712500000000000133e-02,4.057148842652637768e+02,3.720166697141614964e+00,1.922666199000037679e+01
1.714999999999999858e-02,4.059357549570609081e+02,3.730312332432629496e+00,1.922666795813768559e+01
1.717499999999999930e-02,4.061555240516869389e+02,3.740463475709499441e+00,1.922667943426085202e+01
1.720000000000000001e-02,4.063741970433807182e+02,3.750620099501030591e+00,1.922669639089867744e+01
1.722500000000000073e-02,4.065917793989784172e+02,3.760782176473041805e+00,1.922671880071698425e+01
1.725000000000000144e-02,4.068082765580502951e+02,3.770949679427682444e+00,1.922674663651792315e+01
1.727499999999999869e-02,4.070236939330365544e+02,3.781122581302751140e+00,1.922677987123928744e+01
1.729999999999999941e-02,4.072380369093828563e+02,3.791300855171019890e+00,1.922681847795385224e+01
1.732500000000000012e-02,4.074513108456746977e+02,3.801484474239560818e+00,1.922686242986868876e+01
1.735000000000000084e-02,4.076635210737716193e+02,3.811673411849076043e+00,1.922691170032450003e+01
1.737500000000000155e-02,4.078746728989403891e+02,3.821867641473231991e+00,1.922696626279494936e+01
1.739999999999999880e-02,4.080847715999876186e+02,3.832067136717995925e+00,1.922702609088601022e+01
1.742499999999999952e-02,4.082938224293918097e+02,3.842271871320975141e+00,1.922709115833528415e+01
1.745000000000000023e-02,4.085018306134345494e+02,3.852481819150761488e+00,1.922716143901136832e+01
1.747500000000000095e-02,4.087088013523312497e+02,3.862696954206277677e+00,1.922723690691318055e+01
1.750000000000000167e-02,4.089147398203612056e+02,3.872917250616128015e+00,1.922731753616932693e+01
1.752499999999999891e-02,4.091196511659968564e+02,3.883142682637949594e+00,1.922740330103744100e+01
1.754999999999999963e-02,4.093235405120324799e+02,3.893373224657771470e+00,1.922749417590356202e+01
1.757500000000000034e-02,4.095264129557123738e+02,3.903608851189372064e+00,1.922759013528145644e+01
1.760000000000000106e-02,4.097282735688581852e+02,3.913849536873643231e+00,1.922769115381202454e+01
1.762499999999999831e-02,4.099291273979957282e+02,3.924095256477955207e+00,1.922779720626263256e+01
1.764999999999999902e-02,4.101289794644812901e+02,3.934345984895527781e+00,1.922790826752649807e+01
1.767499999999999974e-02,4.103278347646268003e+02,3.944601697144800134e+00,1.922802431262206824e+01
1.770000000000000046e-02,4.105256982698251704e+02,3.954862368368808223e+00,1.922814531669236970e+01
1.772500000000000117e-02,4.107225749266744401e+02,3.965127973834562169e+00,1.922827125500442236e+01
1.774999999999999842e-02,4.109184696571011273e+02,3.975398488932428531e+00,1.922840210294858210e+01
1.777499999999999913e-02,4.111133873584838057e+02,3.985673889175515239e+00,1.922853783603796529e+01
1.779999999999999985e-02,4.113073329037750909e+02,3.995954150199058752e+00,1.922867842990780574e+01
1.782500000000000057e-02,4.115003111416237402e+02,4.006239247759815214e+00,1.922882386031485780e+01
1.785000000000000128e-02,4.116923268964957856e+02,4.016529157735455158e+00,1.922897410313679245e+01
1.787499999999999853e-02,4.118833849687950988e+02,4.026823856123958656e+00,1.922912913437159332e+01
1.789999999999999925e-02,4.120734901349833876e+02,4.037123319043017133e+00,1.922928893013694562e+01
1.792499999999999996e-02,4.122626471476997381e+02,4.047427522729435623e+00,1.922945346666966060e+01
1.795000000000000068e-02,4.124508607358793029e+02,4.057736443538537685e+00,1.922962272032505737e+01
1.797500000000000139e-02,4.126381356048715929e+02,4.068050057943575659e+00,1.922979666757639094e+01
1.799999999999999864e-02,4.128244764365581432e+02,4.078368342535143576e+00,1.922997528501425535e+01
1.802499999999999936e-02,4.130098878894693826e+02,4.088691274020587407e+00,1.923015854934599389e+01
1.805000000000000007e-02,4.131943745989012768e+02,4.099018829223427751e+00,1.923034643739513072e+01
1.807500000000000079e-02,4.133779411770312322e+02,4.109350985082778074e+00,1.923053892610077753e+01
1.810000000000000150e-02,4.135605922130332601e+02,4.119687718652767394e+00,1.923073599251706511e+01
1.812499999999999875e-02,4.137423322731927442e+02,4.130029007101970073e+00,1.923093761381256073e+01
1.814999999999999947e-02,4.139231659010206386e+02,4.140374827712831163e+00,1.923114376726971742e+01
1.817500000000000018e-02,4.141030976173670410e+02,4.150725157881098859e+00,1.923135443028428071e+01
1.820000000000000090e-02,4.142821319205343116e+02,4.161079975115262286e+00,1.923156958036474151e+01
1.822500000000000162e-02,4.144602732863893380e+02,4.171439257035987502e+00,1.923178919513176055e+01
1.824999999999999886e-02,4.146375261684755174e+02,4.181802981375556172e+00,1.923201325231762837e+01
1.827499999999999958e-02,4.148138949981240557e+02,4.192171125977314006e+00,1.923224172976567914e+01
1.830000000000000029e-02,4.149893841845650400e+02,4.202543668795108545e+00,1.923247460542977194e+01
1.832500000000000101e-02,4.151639981150371455e+02,4.212920587892748259e+00,1.923271185737370459e+01
1.835000000000000173e-02,4.153377411548977989e+02,4.223301861443444771e+00,1.923295346377069848e+01
1.837499999999999897e-02,4.155106176477320332e+02,4.233687467729273735e+00,1.923319940290282304e+01
1.839999999999999969e-02,4.156826319154611156e+02,4.244077385140628600e+00,1.923344965316047350e+01
1.842500000000000041e-02,4.158537882584507770e+02,4.254471592175679717e+00,1.923370419304182022e+01
1.845000000000000112e-02,4.160240909556184761e+02,4.264870067439841428e+00,1.923396300115227930e+01
1.847499999999999837e-02,4.161935442645404919e+02,4.275272789645231164e+00,1.923422605620396197e+01
1.849999999999999908e-02,4.163621524215583918e+02,4.285679737610141871e+00,1.923449333701517006e+01
1.852499999999999980e-02,4.165299196418849306e+02,4.296090890258509098e+00,1.923476482250983466e+01
1.855000000000000052e-02,4.166968501197092110e+02,4.306506226619387867e+00,1.923504049171700814e+01
1.857500000000000123e-02,4.168629480283020143e+02,4.316925725826424198e+00,1.923532032377033829e+01
1.859999999999999848e-02,4.170282175201197106e+02,4.327349367117335532e+00,1.923560429790754611e+01
1.862499999999999920e-02,4.171926627269080541e+02,4.337777129833393808e+00,1.923589239346989999e+01
1.864999999999999991e-02,4.173562877598059799e+02,4.348208993418904100e+00,1.923618458990170765e+01
1.867500000000000063e-02,4.175190967094476377e+02,4.358644937420695697e+00,1.923648086674979396e+01
1.870000000000000134e-02,4.176810936460653920e+02,4.369084941487606955e+00,1.923678120366299993e+01
1.872499999999999859e-02,4.178422826195910034e+02,4.379528985369979033e+00,1.923708558039166761e+01
1.874999999999999931e-02,4.180026676597573214e+02,4.389977048919147862e+00,1.923739397678713203e+01
1.877500000000000002e-02,4.181622527761985566e+02,4.400429112086941430e+00,1.923770637280122386e+01
1.880000000000000074e-02,4.183210419585510067e+02,4.410885154925178853e+00,1.923802274848575422e+01
1.882500000000000145e-02,4.184790391765525328e+02,4.421345157585171215e+00,1.923834308399204573e+01
1.884999999999999870e-02,4.186362483801417511e+02,4.431809100317225081e+00,1.923866735957039253e+01
1.887499999999999942e-02,4.187926734995569973e+02,4.442276963470149553e+00,1.923899555556961261e+01
1.890000000000000013e-02,4.189483184454343245e+02,4.452748727490762448e+00,1.923932765243652199e+01
1.892500000000000085e-02,4.191031871089055585e+02,4.463224372923406236e+00,1.923966363071546226e+01
1.895000000000000157e-02,4.192572833616953289e+02,4.473703880409457767e+00,1.924000347104781028e+01
1.897499999999999881e-02,4.194106110562179879e+02,4.484187230686844217e+00,1.924034715417149144e+01
1.899999999999999953e-02,4.195631740256738453e+02,4.494674404589564354e+00,1.924069466092050718e+01
1.902500000000000024e-02,4.197149760841451780e+02,4.505165383047208039e+00,1.924104597222444824e+01
1.905000000000000096e-02,4.198660210266912145e+02,4.515660147084477494e+00,1.924140106910801151e+01
1.907500000000000168e-02,4.200163126294435187e+02,4.526158677820716569e+00,1.924175993269054530e+01
1.909999999999999892e-02,4.201658546496999520e+02,4.536660956469434680e+00,1.924212254418555901e+01
1.912499999999999964e-02,4.203146508260187488e+02,4.547166964337840511e+00,1.924248888490026133e+01
1.915000000000000036e-02,4.204627048783120813e+02,4.557676682826373948e+00,1.924285893623509125e+01
1.917500000000000107e-02,4.206100205079389980e+02,4.568190093428238896e+00,1.924323267968325268e+01
1.919999999999999832e-02,4.207566013977979651e+02,4.578707177728944089e+00,1.924361009683025259e+01
1.922499999999999903e-02,4.209024512124187822e+02,4.589227917405840351e+00,1.924399116935344622e+01
1.924999999999999975e-02,4.210475735980543845e+02,4.599752294227662297e+00,1.924437587902156110e+01
1.927500000000000047e-02,4.211919721827720764e+02,4.610280290054073582e+00,1.924476420769427065e+01
1.930000000000000118e-02,4.213356505765439124e+02,4.620811886835214821e+00,1.924515613732170749e+01
1.932499999999999843e-02,4.214786123713372490e+02,4.631347066611247953e+00,1.924555164994403711e+01
1.934999999999999915e-02,4.216208611412044434e+02,4.641885811511912152e+00,1.924595072769099602e+01
1.937499999999999986e-02,4.217624004423720976e+02,4.652428103756073519e+00,1.924635335278145476e+01
1.940000000000000058e-02,4.219032338133300755e+02,4.662973925651283658e+00,1.924675950752295961e+01
1.942500000000000129e-02,4.220433647749200645e+02,4.673523259593333812e+00,1.924716917431130625e+01
1.944999999999999854e-02,4.221827968304233991e+02,4.684076088065816990e+00,1.924758233563008503e+01
1.947499999999999926e-02,4.223215334656486561e+02,4.694632393639690982e+00,1.924799897405025462e+01
1.949999999999999997e-02,4.224595781490190234e+02,4.705192158972838712e+00,1.924841907222969795e+01
1.952500000000000069e-02,4.225969343316587583e+02,4.715755366809640137e+00,1.924884261291279586e+01
1.955000000000000140e-02,4.227336054474795333e+02,4.726321999980536148e+00,1.924926957892998658e+01
1.957499999999999865e-02,4.228695949132663827e+02,4.736892041401602249e+00,1.924969995319734650e+01
1.959999999999999937e-02,4.230049061287630821e+02,4.747465474074118674e+00,1.925013371871616030e+01
1.962500000000000008e-02,4.231395424767570148e+02,4.758042281084149394e+00,1.925057085857248751e+01
1.965000000000000080e-02,4.232735073231638694e+02,4.768622445602114901e+00,1.925101135593674684e+01
1.967500000000000152e-02,4.234068040171118810e+02,4.779205950882374765e+00,1.925145519406330408e+01
1.969999999999999876e-02,4.235394358910252208e+02,4.789792780262807526e+00,1.925190235629003155e+01
1.972499999999999948e-02,4.236714062607077267e+02,4.800382917164395025e+00,1.925235282603791731e+01
1.975000000000000019e-02,4.238027184254254962e+02,4.810976345090806738e+00,1.925280658681062107e+01
1.977500000000000091e-02,4.239333756679894805e+02,4.821573047627986774e+00,1.925326362219409759e+01
1.980000000000000163e-02,4.240633812548375658e+02,4.832173008443746198e+00,1.925372391585615262e+01
1.982499999999999887e-02,4.241927384361161444e+02,4.842776211287353583e+00,1.925418745154605560e+01
1.984999999999999959e-02,4.243214504457615703e+02,4.853382639989126446e+00,1.925465421309412406e+01
1.987500000000000031e-02,4.244495205015807073e+02,4.863992278460030683e+00,1.925512418441132567e+01
1.990000000000000102e-02,4.245769518053316460e+02,4.874605110691275556e+00,1.925559734948886614e+01
1.992499999999999827e-02,4.247037475428036259e+02,4.885221120753915791e+00,1.925607369239780198e+01
1.994999999999999898e-02,4.248299108838967300e+02,4.895840292798450122e+00,1.925655319728863191e+01
1.997499999999999970e-02,4.249554449827009535e+02,4.906462611054429601e+00,1.925703584839090610e+01
2.000000000000000042e-02,4.250803529775753873e+02,4.917088059830057034e+00,1.925752163001283179e+01
2.002500000000000113e-02,4.252046379912263774e+02,4.927716623511802396e+00,1.925801052654087187e+01
2.004999999999999838e-02,4.253283031307857414e+02,4.938348286564004930e+00,1.925850252243937177e+01
2.007499999999999910e-02,4.254513514878884166e+02,4.948983033528492115e+00,1.925899760225015456e+01
2.009999999999999981e-02,4.255737861387497105e+02,4.959620849024185318e+00,1.925949575059214069e+01
2.012500000000000053e-02,4.256956101442423233e+02,4.970261717746722319e+00,1.925999695216097507e+01
2.015000000000000124e-02,4.258168265499727454e+02,4.980905624468070059e+00,1.926050119172861841e+01
2.017499999999999849e-02,4.259374383863573712e+02,4.991552554036147171e+00,1.926100845414299201e+01
2.019999999999999921e-02,4.260574486686983846e+02,5.002202491374442062e+00,1.926151872432758339e+01
2.022499999999999992e-02,4.261768603972591904e+02,5.012855421481638096e+00,1.926203198728107324e+01
2.025000000000000064e-02,4.262956765573391067e+02,5.023511329431238792e+00,1.926254822807696954e+01
2.027500000000000135e-02,4.264139001193483978e+02,5.034170200371192117e+00,1.926306743186322024e+01
2.029999999999999860e-02,4.265315340388822847e+02,5.044832019523522781e+00,1.926358958386184383e+01
2.032499999999999932e-02,4.266485812567947846e+02,5.055496772183960097e+00,1.926411466936857764e+01
2.035000000000000003e-02,4.267650446992725506e+02,5.066164443721571153e+00,1.926464267375248696e+01
2.037500000000000075e-02,4.268809272779076878e+02,5.076835019578395780e+00,1.926517358245560629e+01
2.040000000000000147e-02,4.269962318897706268e+02,5.087508485269080616e+00,1.926570738099258762e+01
2.042499999999999871e-02,4.271109614174827698e+02,5.098184826380520285e+00,1.926624405495032022e+01
2.044999999999999943e-02,4.272251187292882264e+02,5.108864028571493243e+00,1.926678358998758966e+01
2.047500000000000014e-02,4.273387066791257212e+02,5.119546077572305620e+00,1.926732597183469764e+01
2.050000000000000086e-02,4.274517281066999317e+02,5.130230959184434170e+00,1.926787118629312445e+01
2.052500000000000158e-02,4.275641858375524293e+02,5.140918659280171887e+00,1.926841921923515599e+01
2.054999999999999882e-02,4.276760826831323925e+02,5.151609163802271851e+00,1.926897005660355333e+01
2.057499999999999954e-02,4.277874214408667513e+02,5.162302458763599944e+00,1.926952368441117613e+01
2.060000000000000026e-02,4.278982048942302754e+02,5.172998530246783133e+00,1.927008008874065581e+01
2.062500000000000097e-02,4.280084358128149802e+02,5.183697364403858643e+00,1.927063925574402603e+01
2.065000000000000169e-02,4.281181169523997028e+02,5.194398947455935556e+00,1.927120117164239943e+01
2.067499999999999893e-02,4.282272510550185416e+02,5.205103265692841319e+00,1.927176582272560168e+01
2.069999999999999965e-02,4.283358408490297506e+02,5.215810305472785124e+00,1.927233319535184108e+01
2.072500000000000037e-02,4.284438890491838947e+02,5.226520053222014184e+00,1.927290327594736397e+01
2.075000000000000108e-02,4.285513983566915499e+02,5.237232495434476220e+00,1.927347605100612427e+01
2.077499999999999833e-02,4.286583714592910610e+02,5.247947618671478409e+00,1.927405150708942116e+01
2.079999999999999905e-02,4.287648110313155598e+02,5.258665409561356086e+00,1.927462963082559355e+01
2.082499999999999976e-02,4.288707197337598132e+02,5.269385854799135238e+00,1.927521040890966830e+01
2.085000000000000048e-02,4.289761002143469568e+02,5.280108941146199442e+00,1.927579382810302988e+01
2.087500000000000119e-02,4.290809551075945478e+02,5.290834655429961231e+00,1.927637987523308638e+01
2.089999999999999844e-02,4.291852870348802185e+02,5.301562984543532586e+00,1.927696853719295333e+01
2.092499999999999916e-02,4.292890986045077852e+02,5.312293915445395420e+00,1.927755980094111266e+01
2.094999999999999987e-02,4.293923924117717092e+02,5.323027435159075615e+00,1.927815365350108934e+01
2.097500000000000059e-02,4.294951710390226935e+02,5.333763530772820616e+00,1.927875008196112816e+01
2.100000000000000130e-02,4.295974370557316888e+02,5.344502189439275242e+00,1.927934907347388105e+01
2.102499999999999855e-02,4.296991930185544675e+02,5.355243398375161945e+00,1.927995061525606246e+01
2.104999999999999927e-02,4.298004414713954020e+02,5.365987144860956626e+00,1.928055469458815452e+01
2.107499999999999998e-02,4.299011849454710728e+02,5.376733416240578656e+00,1.928116129881406948e+01
2.110000000000000070e-02,4.300014259593735915e+02,5.387482199921065806e+00,1.928177041534085490e+01
2.112500000000000142e-02,4.301011670191335838e+02,5.398233483372266051e+00,1.928238203163834896e+01
2.114999999999999866e-02,4.302004106182826035e+02,5.408987254126521371e+00,1.928299613523889988e+01
2.117499999999999938e-02,4.302991592379158874e+02,5.419743499778354234e+00,1.928361271373702834e+01
2.120000000000000009e-02,4.303974153467540873e+02,5.430502207984163832e+00,1.928423175478913265e+01
2.122500000000000081e-02,4.304951814012050022e+02,5.441263366461909001e+00,1.928485324611317608e+01
2.125000000000000153e-02,4.305924598454250827e+02,5.452026962990808912e+00,1.928547717548837070e+01
2.127499999999999877e-02,4.306892531113805376e+02,5.462792985411031310e+00,1.928610353075488959e+01
2.129999999999999949e-02,4.307855636189079860e+02,5.473561421623394097e+00,1.928673229981354709e+01
2.132500000000000021e-02,4.308813937757752228e+02,5.484332259589058012e+00,1.928736347062550749e+01
2.135000000000000092e-02,4.309767459777410750e+02,5.495105487329229099e+00,1.928799703121197240e+01
2.137500000000000164e-02,4.310716226086155984e+02,5.505881092924855835e+00,1.928863296965389651e+01
2.139999999999999888e-02,4.311660260403195366e+02,5.516659064516336031e+00,1.928927127409167142e+01
2.142499999999999960e-02,4.312599586329435510e+02,5.527439390303216626e+00,1.928991193272484850e+01
2.145000000000000032e-02,4.313534227348073955e+02,5.538222058543897042e+00,1.929055493381182629e+01
2.147500000000000103e-02,4.314464206825184078e+02,5.549007057555342293e+00,1.929120026566956625e+01
2.149999999999999828e-02,4.315389548010302292e+02,5.559794375712782788e+00,1.929184791667330146e+01
2.152499999999999900e-02,4.316310274037005570e+02,5.570584001449431000e+00,1.929249787525624527e+01
2.154999999999999971e-02,4.317226407923492957e+02,5.581375923256187477e+00,1.929315012990930001e+01
2.157500000000000043e-02,4.318137972573159118e+02,5.592170129681354851e+00,1.929380466918076209e+01
2.160000000000000114e-02,4.319044990775167889e+02,5.602966609330350067e+00,1.929446148167605202e+01
2.162499999999999839e-02,4.319947485205021280e+02,5.613765350865423720e+00,1.929512055605742304e+01
2.164999999999999911e-02,4.320845478425127340e+02,5.624566343005370506e+00,1.929578188104366276e+01
2.167499999999999982e-02,4.321738992885363473e+02,5.635369574525252112e+00,1.929644544540984086e+01
2.170000000000000054e-02,4.322628050923637488e+02,5.646175034256115666e+00,1.929711123798700001e+01
2.172500000000000125e-02,4.323512674766446935e+02,5.656982711084710402e+00,1.929777924766189301e+01
2.174999999999999850e-02,4.324392886529433326e+02,5.667792593953217661e+00,1.929844946337669498e+01
2.177499999999999922e-02,4.325268708217936933e+02,5.678604671858965780e+00,1.929912187412873692e+01
2.179999999999999993e-02,4.326140161727545888e+02,5.689418933854160976e+00,1.929979646897022860e+01
2.182500000000000065e-02,4.327007268844643022e+02,5.700235369045612011e+00,1.930047323700797790e+01
2.185000000000000137e-02,4.327870051246951562e+02,5.711053966594458409e+00,1.930115216740311723e+01
2.187499999999999861e-02,4.328728530504076275e+02,5.721874715715896009e+00,1.930183324937085132e+01
2.189999999999999933e-02,4.329582728078043488e+02,5.732697605678912289e+00,1.930251647218016231e+01
2.192500000000000004e-02,4.330432665323837114e+02,5.743522625806015469e+00,1.930320182515356464e+01
2.195000000000000076e-02,4.331278363489931849e+02,5.754349765472968059e+00,1.930388929766681017e+01
2.197500000000000148e-02,4.332119843718826928e+02,5.765179014108520406e+00,1.930457887914866077e+01
2.199999999999999872e-02,4.332957127047571362e+02,5.776010361194148679e+00,1.930527055908058287e+01
2.202499999999999944e-02,4.333790234408292577e+02,5.786843796263787532e+00,1.930596432699651999e+01
2.205000000000000016e-02,4.334619186628716534e+02,5.797679308903576079e+00,1.930666017248260147e+01
2.207500000000000087e-02,4.335444004432693532e+02,5.808516888751587004e+00,1.930735808517690799e+01
2.210000000000000159e-02,4.336264708440710933e+02,5.819356525497578758e+00,1.930805805476919801e+01
2.212499999999999883e-02,4.337081319170411007e+02,5.830198208882728217e+00,1.930876007100064129e+01
2.214999999999999955e-02,4.337893857037105931e+02,5.841041928699381103e+00,1.930946412366359155e+01
2.217500000000000027e-02,4.338702342354283701e+02,5.851887674790791749e+00,1.931017020260129868e+01
2.220000000000000098e-02,4.339506795334119715e+02,5.862735437050874410e+00,1.931087829770767428e+01
2.222500000000000170e-02,4.340307236087980414e+02,5.873585205423943911e+00,1.931158839892703938e+01
2.224999999999999895e-02,4.341103684626925769e+02,5.884436969904471404e+00,1.931230049625386513e+01
2.227499999999999966e-02,4.341896160862211786e+02,5.895290720536828566e+00,1.931301457973251701e+01
2.230000000000000038e-02,4.342684684605784469e+02,5.906146447415041578e+00,1.931373063945702739e+01
2.232500000000000109e-02,4.343469275570779473e+02,5.917004140682544211e+00,1.931444866557082563e+01
2.234999999999999834e-02,4.344249953372010964e+02,5.927863790531928245e+00,1.931516864826650348e+01
2.237499999999999906e-02,4.345026737526465013e+02,5.938725387204701889e+00,1.931589057778557361e+01
2.239999999999999977e-02,4.345799647453786179e+02,5.949588920991041086e+00,1.931661444441820663e+01
2.242500000000000049e-02,4.346568702476762383e+02,5.960454382229553261e+00,1.931734023850301440e+01
2.245000000000000120e-02,4.347333921821809781e+02,5.971321761307029519e+00,1.931806795042678715e+01
2.247499999999999845e-02,4.348095324619451389e+02,5.982191048658208388e+00,1.931879757062426251e+01
2.249999999999999917e-02,4.348852929904796838e+02,5.993062234765535123e+00,1.931952908957788395e+01
2.252499999999999988e-02,4.349606756618018153e+02,6.003935310158924565e+00,1.932026249781756988e+01
2.255000000000000060e-02,4.350356823604822125e+02,6.014810265415523105e+00,1.932099778592046491e+01
2.257500000000000132e-02,4.351103149616922678e+02,6.025687091159472430e+00,1.932173494451070894e+01
2.259999999999999856e-02,4.351845753312508691e+02,6.036565778061679488e+00,1.932247396425921337e+01
2.262499999999999928e-02,4.352584653256711249e+02,6.047446316839578451e+00,1.932321483588340882e+01
2.264999999999999999e-02,4.353319867922068056e+02,6.058328698256899791e+00,1.932395755014702488e+01
2.267500000000000071e-02,4.354051415688983298e+02,6.069212913123442910e+00,1.932470209785986270e+01
2.270000000000000143e-02,4.354779314846189209e+02,6.080098952294839876e+00,1.932544846987755705e+01
2.272499999999999867e-02,4.355503583591203096e+02,6.090986806672332499e+00,1.932619665710134527e+01
2.274999999999999939e-02,4.356224240030781516e+02,6.101876467202543175e+00,1.932694665047785065e+01
2.277500000000000011e-02,4.356941302181372180e+02,6.112767924877248404e+00,1.932769844099885148e+01
2.280000000000000082e-02,4.357654787969566428e+02,6.123661170733150527e+00,1.932845201970105009e+01
2.282500000000000154e-02,4.358364715232546587e+02,6.134556195851661009e+00,1.932920737766585617e+01
2.284999999999999878e-02,4.359071101718531054e+02,6.145452991358668626e+00,1.932996450601915939e+01
2.287499999999999950e-02,4.359773965087218812e+02,6.156351548424324527e+00,1.933072339593111266e+01
2.290000000000000022e-02,4.360473322910229967e+02,6.167251858262819297e+00,1.933148403861590126e+01
2.292500000000000093e-02,4.361169192671547989e+02,6.178153912132160031e+00,1.933224642533153670e+01
2.295000000000000165e-02,4.361861591767951722e+02,6.189057701333958050e+00,1.933301054737963298e+01
2.297499999999999890e-02,4.362550537509454784e+02,6.199963217213206867e+00,1.933377639610517562e+01
2.299999999999999961e-02,4.363236047119737577e+02,6.210870451158065464e+00,1.933454396289632982e+01
2.302500000000000033e-02,4.363918137736575318e+02,6.221779394599646018e+00,1.933531323918420597e+01
2.305000000000000104e-02,4.364596826412268911e+02,6.232690039011799854e+00,1.933608421644265718e+01
2.307499999999999829e-02,4.365272130114070706e+02,6.243602375910898949e+00,1.933685688618805187e+01
2.309999999999999901e-02,4.365944065724609118e+02,6.254516396855629878e+00,1.933763123997907840e+01
2.312499999999999972e-02,4.366612650042308132e+02,6.265432093446779760e+00,1.933840726941652477e+01
2.315000000000000044e-02,4.367277899781811357e+02,6.276349457327028425e+00,1.933918496614306903e+01
2.317500000000000115e-02,4.367939831574396976e+02,6.287268480180735253e+00,1.933996432184306968e+01
2.319999999999999840e-02,4.368598461968393849e+02,6.298189153733736667e+00,1.934074532824237025e+01
2.322499999999999912e-02,4.369253807429596463e+02,6.309111469753135637e+00,1.934152797710806126e+01
2.324999999999999983e-02,4.369905884341675346e+02,6.320035420047096508e+00,1.934231226024832040e+01
2.327500000000000055e-02,4.370554709006587473e+02,6.330960996464640722e+00,1.934309816951216021e+01
2.330000000000000127e-02,4.371200297644982697e+02,6.341888190895442534e+00,1.934388569678925762e+01
2.332499999999999851e-02,4.371842666396610753e+02,6.352816995269628286e+00,1.934467483400973720e+01
2.334999999999999923e-02,4.372481831320724268e+02,6.363747401557572125e+00,1.934546557314397930e+01
2.337499999999999994e-02,4.373117808396480086e+02,6.374679401769694387e+00,1.934625790620239627e+01
2.340000000000000066e-02,4.373750613523336597e+02,6.385612987956265307e+00,1.934705182523526190e+01
2.342500000000000138e-02,4.374380262521456757e+02,6.396548152207206073e+00,1.934784732233249827e+01
2.344999999999999862e-02,4.375006771132096901e+02,6.407484886651885425e+00,1.934864438962347322e+01
2.347499999999999934e-02,4.375630155018005780e+02,6.418423183458931369e+00,1.934944301927681565e+01
2.350000000000000006e-02,4.376250429763812804e+02,6.429363034836027779e+00,1.935024320350020943e+01
2.352500000000000077e-02,4.376867610876418553e+02,6.440304433029724329e+00,1.935104493454020158e+01
2.355000000000000149e-02,4.377481713785383590e+02,6.451247370325241981e+00,1.935184820468201394e+01
2.357499999999999873e-02,4.378092753843312153e+02,6.462191839046277586e+00,1.935265300624934426e+01
2.359999999999999945e-02,4.378700746326238118e+02,6.473137831554814703e+00,1.935345933160417786e+01
2.362500000000000017e-02,4.379305706434004151e+02,6.484085340250931750e+00,1.935426717314659228e+01
2.365000000000000088e-02,4.379907649290645963e+02,6.495034357572611050e+00,1.935507652331456541e+01
2.367500000000000160e-02,4.380506589944764642e+02,6.505984875995551420e+00,1.935588737458380137e+01
2.369999999999999885e-02,4.381102543369908631e+02,6.516936888032979880e+00,1.935669971946752810e+01
2.372499999999999956e-02,4.381695524464944924e+02,6.527890386235461584e+00,1.935751355051630540e+01
2.375000000000000028e-02,4.382285548054431388e+02,6.538845363190718629e+00,1.935832886031785804e+01
2.377500000000000099e-02,4.382872628888987947e+02,6.549801811523439987e+00,1.935914564149687322e+01
2.380000000000000171e-02,4.383456781645667206e+02,6.560759723895100315e+00,1.935996388671483004e+01
2.382499999999999896e-02,4.384038020928317678e+02,6.571719093003775214e+00,1.936078358866980054e+01
2.384999999999999967e-02,4.384616361267951561e+02,6.582679911583958265e+00,1.936160474009627919e+01
2.387500000000000039e-02,4.385191817123107967e+02,6.593642172406379842e+00,1.936242733376499814e+01
2.390000000000000110e-02,4.385764402880213311e+02,6.604605868277827696e+00,1.936325136248273893e+01
2.392499999999999835e-02,4.386334132853941128e+02,6.615570992040963993e+00,1.936407681909217260e+01
2.394999999999999907e-02,4.386901021287570188e+02,6.626537536574149456e+00,1.936490369647165366e+01
2.397499999999999978e-02,4.387465082353340904e+02,6.637505494791263949e+00,1.936573198753506375e+01
2.400000000000000050e-02,4.388026330152810033e+02,6.648474859641528845e+00,1.936656168523162336e+01
2.402500000000000122e-02,4.388584778717200834e+02,6.659445624109333828e+00,1.936739278254572483e+01
2.404999999999999846e-02,4.389140442007757201e+02,6.670417781214055708e+00,1.936822527249674408e+01
2.407499999999999918e-02,4.389693333916089841e+02,6.681391324009888777e+00,1.936905914813887364e+01
2.409999999999999989e-02,4.390243468264525291e+02,6.692366245585671614e+00,1.936989440256094852e+01
2.412500000000000061e-02,4.390790858806451524e+02,6.703342539064708561e+00,1.937073102888628284e+01
2.415000000000000133e-02,4.391335519226660153e+02,6.714320197604603635e+00,1.937156902027247440e+01
2.417499999999999857e-02,4.391877463141689759e+02,6.725299214397089109e+00,1.937240836991125548e+01
2.419999999999999929e-02,4.392416704100166953e+02,6.736279582667850541e+00,1.937324907102831162e+01
2.422500000000000001e-02,4.392953255583143459e+02,6.747261295676362458e+00,1.937409111688311825e+01
2.425000000000000072e-02,4.393487131004434900e+02,6.758244346715716944e+00,1.937493450076877011e+01
2.427500000000000144e-02,4.394018343710953332e+02,6.769228729112457543e+00,1.937577921601180719e+01
2.429999999999999868e-02,4.394546906983045460e+02,6.780214436226411401e+00,1.937662525597205487e+01
2.432499999999999940e-02,4.395072834034820062e+02,6.791201461450524057e+00,1.937747261404246402e+01
2.435000000000000012e-02,4.395596138014480516e+02,6.802189798210693361e+00,1.937832128364892981e+01
2.437500000000000083e-02,4.396116832004653929e+02,6.813179439965606932e+00,1.937917125825013898e+01
2.440000000000000155e-02,4.396634929022717415e+02,6.824170380206575182e+00,1.938002253133740282e+01
2.442499999999999880e-02,4.397150442021122672e+02,6.835162612457372333e+00,1.938087509643449735e+01
2.444999999999999951e-02,4.397663383887722262e+02,6.846156130274072993e+00,1.938172894709749272e+01
2.447500000000000023e-02,4.398173767446089073e+02,6.857150927244889616e+00,1.938258407691460405e+01
2.450000000000000094e-02,4.398681605455838621e+02,6.868146996990014408e+00,1.938344047950602445e+01
2.452500000000000166e-02,4.399186910612947941e+02,6.879144333161460345e+00,1.938429814852376865e+01
2.454999999999999891e-02,4.399689695550072202e+02,6.890142929442897746e+00,1.938515707765149898e+01
2.457499999999999962e-02,4.400189972836861330e+02,6.901142779549503281e+00,1.938601726060440100e+01
2.460000000000000034e-02,4.400687754980272643e+02,6.912143877227797439e+00,1.938687869112899165e+01
2.462500000000000105e-02,4.401183054424886336e+02,6.923146216255490870e+00,1.938774136300298068e+01
2.464999999999999830e-02,4.401675883553214135e+02,6.934149790441327177e+00,1.938860527003511436e+01
2.467499999999999902e-02,4.402166254686009665e+02,6.945154593624929262e+00,1.938947040606501204e+01
2.469999999999999973e-02,4.402654180082577682e+02,6.956160619676645673e+00,1.939033676496302405e+01
2.472500000000000045e-02,4.403139671941077609e+02,6.967167862497395170e+00,1.939120434063006826e+01
2.475000000000000117e-02,4.403622742398831633e+02,6.978176316018518399e+00,1.939207312699748798e+01
2.477499999999999841e-02,4.404103403532625975e+02,6.989185974201621576e+00,1.939294311802688497e+01
2.479999999999999913e-02,4.404581667359014432e+02,7.000196831038427270e+00,1.939381430770998804e+01
2.482499999999999984e-02,4.405057545834616803e+02,7.011208880550625189e+00,1.939468669006848245e+01
2.485000000000000056e-02,4.405531050856421302e+02,7.022222116789723856e+00,1.939556025915387494e+01
2.487500000000000128e-02,4.406002194262076159e+02,7.033236533836896065e+00,1.939643500904734452e+01
2.489999999999999852e-02,4.406470987830193167e+02,7.044252125802837661e+00,1.939731093385958260e+01
2.492499999999999924e-02,4.406937443280634170e+02,7.055268886827617436e+00,1.939818802773065443e+01
2.494999999999999996e-02,4.407401572274810633e+02,7.066286811080528807e+00,1.939906628482986406e+01
2.497500000000000067e-02,4.407863386415971263e+02,7.077305892759948591e+00,1.939994569935558033e+01
2.500000000000000139e-02,4.408322897249493622e+02,7.088326126093186907e+00,1.940082626553511247e+01
2.502499999999999863e-02,4.408780116263172886e+02,7.099347505336347730e+00,1.940170797762457155e+01
2.504999999999999935e-02,4.409235054887507772e+02,7.110370024774180564e+00,1.940259082990869999e+01
2.507500000000000007e-02,4.409687724495987595e+02,7.121393678719940112e+00,1.940347481670075425e+01
2.510000000000000078e-02,4.410138136405376486e+02,7.132418461515245944e+00,1.940435993234235568e+01
2.512500000000000150e-02,4.410586301875995332e+02,7.143444367529936834e+00,1.940524617120334128e+01
2.514999999999999875e-02,4.411032232112004294e+02,7.154471391161932203e+00,1.940613352768163224e+01
2.517499999999999946e-02,4.411475938261682472e+02,7.165499526837092681e+00,1.940702199620308832e+01
2.520000000000000018e-02,4.411917431417707007e+02,7.176528769009080655e+00,1.940791157122137278e+01
2.522500000000000089e-02,4.412356722617429909e+02,7.187559112159219055e+00,1.940880224721780678e+01
2.525000000000000161e-02,4.412793822843153180e+02,7.198590550796357235e+00,1.940969401870124145e+01
2.527499999999999886e-02,4.413228743022406206e+02,7.209623079456730643e+00,1.941058688020791223e+01
2.529999999999999957e-02,4.413661494028215202e+02,7.220656692703826707e+00,1.941148082630130034e+01
2.532500000000000029e-02,4.414092086679378326e+02,7.231691385128244498e+00,1.941237585157201551e+01
2.535000000000000100e-02,4.414520531740734555e+02,7.242727151347566839e+00,1.941327195063763256e+01
2.537500000000000172e-02,4.414946839923432549e+02,7.253763986006217301e+00,1.941416911814258128e+01
2.539999999999999897e-02,4.415371021885198957e+02,7.264801883775334090e+00,1.941506734875799367e+01
2.542499999999999968e-02,4.415793088230605008e+02,7.275840839352631484e+00,1.941596663718158666e+01
2.545000000000000040e-02,4.416213049511331405e+02,7.286880847462268385e+00,1.941686697813752005e+01
2.547500000000000112e-02,4.416630916226431509e+02,7.297921902854718645e+00,1.941776836637626502e+01
2.549999999999999836e-02,4.417046698822595658e+02,7.308964000306636066e+00,1.941867079667447626e+01
2.552499999999999908e-02,4.417460407694409810e+02,7.320007134620729161e+00,1.941957426383486762e+01
2.554999999999999979e-02,4.417872053184618153e+02,7.331051300625625267e+00,1.942047876268605933e+01
2.557500000000000051e-02,4.418281645584378339e+02,7.342096493175745309e+00,1.942138428808247497e+01
2.560000000000000123e-02,4.418689195133522389e+02,7.353142707151173241e+00,1.942229083490419939e+01
2.562499999999999847e-02,4.419094712020810221e+02,7.364189937457529034e+00,1.942319839805685078e+01
2.564999999999999919e-02,4.419498206384184869e+02,7.375238179025841667e+00,1.942410697247145634e+01
2.567499999999999991e-02,4.419899688311026011e+02,7.386287426812421231e+00,1.942501655310433151e+01
2.570000000000000062e-02,4.420299167838404060e+02,7.397337675798731915e+00,1.942592713493694134e+01
2.572500000000000134e-02,4.420696654953326856e+02,7.408388920991270332e+00,1.942683871297577269e+01
2.574999999999999858e-02,4.421092159592993198e+02,7.419441157421437616e+00,1.942775128225223824e+01
2.577499999999999930e-02,4.421485691645040106e+02,7.430494380145414191e+00,1.942866483782250953e+01
2.580000000000000002e-02,4.421877260947788955e+02,7.441548584244039866e+00,1.942957937476743169e+01
2.582500000000000073e-02,4.422266877290493312e+02,7.452603764822687715e+00,1.943049488819237425e+01
2.585000000000000145e-02,4.422654550413581092e+02,7.463659917011143285e+00,1.943141137322712453e+01
2.587499999999999870e-02,4.423040290008900683e+02,7.474717035963483802e+00,1.943232882502576331e+01
2.589999999999999941e-02,4.423424105719963109e+02,7.485775116857952938e+00,1.943324723876652627e+01
2.592500000000000013e-02,4.423806007142180192e+02,7.496834154896844460e+00,1.943416660965171516e+01
2.595000000000000084e-02,4.424186003823107285e+02,7.507894145306380551e+00,1.943508693290754508e+01
2.597500000000000156e-02,4.424564105262682006e+02,7.518955083336592793e+00,1.943600820378405558e+01
2.599999999999999881e-02,4.424940320913459004e+02,7.530016964261204038e+00,1.943693041755496154e+01
2.602499999999999952e-02,4.425314660180850410e+02,7.541079783377508505e+00,1.943785356951756071e+01
2.605000000000000024e-02,4.425687132423356047e+02,7.552143536006256319e+00,1.943877765499260590e+01
2.607500000000000095e-02,4.426057746952802745e+02,7.563208217491532714e+00,1.943970266932417701e+01
2.610000000000000167e-02,4.426426513034571713e+02,7.574273823200647904e+00,1.944062860787958869e+01
2.612499999999999892e-02,4.426793439887835007e+02,7.585340348524016285e+00,1.944155546604925178e+01
2.614999999999999963e-02,4.427158536685782906e+02,7.596407788875042755e+00,1.944248323924657385e+01
2.617500000000000035e-02,4.427521812555854694e+02,7.607476139690006356e+00,1.944341192290783482e+01
2.620000000000000107e-02,4.427883276579965468e+02,7.618545396427951033e+00,1.944434151249207332e+01
2.622499999999999831e-02,4.428242937794734644e+02,7.629615554570566616e+00,1.944527200348098717e+01
2.624999999999999903e-02,4.428600805191711629e+02,7.640686609622077796e+00,1.944620339137879128e+01
2.627499999999999974e-02,4.428956887717600353e+02,7.651758557109133996e+00,1.944713567171214308e+01
2.630000000000000046e-02,4.429311194274481522e+02,7.662831392580693013e+00,1.944806884003000036e+01
2.632500000000000118e-02,4.429663733720038294e+02,7.673905111607914442e+00,1.944900289190351828e+01
2.634999999999999842e-02,4.430014514867775119e+02,7.684979709784046875e+00,1.944993782292594275e+01
2.637499999999999914e-02,4.430363546487238864e+02,7.696055182724315102e+00,1.945087362871250747e+01
2.639999999999999986e-02,4.430710837304237657e+02,7.707131526065815308e+00,1.945181030490030594e+01
2.642500000000000057e-02,4.431056396001060875e+02,7.718208735467403159e+00,1.945274784714818850e+01
2.645000000000000129e-02,4.431400231216693442e+02,7.729286806609587224e+00,1.945368625113666639e+01
2.647499999999999853e-02,4.431742351547033536e+02,7.740365735194417063e+00,1.945462551256779449e+01
2.649999999999999925e-02,4.432082765545108032e+02,7.751445516945380199e+00,1.945556562716505411e+01
2.652499999999999997e-02,4.432421481721283385e+02,7.762526147607291982e+00,1.945650659067326060e+01
2.655000000000000068e-02,4.432758508543482776e+02,7.773607622946192564e+00,1.945744839885845678e+01
2.657500000000000140e-02,4.433093854437393588e+02,7.784689938749237648e+00,1.945839104750779569e+01
2.659999999999999865e-02,4.433427527786680571e+02,7.795773090824593687e+00,1.945933453242944822e+01
2.662499999999999936e-02,4.433759536933195591e+02,7.806857075001336632e+00,1.946027884945248587e+01
2.665000000000000008e-02,4.434089890177183975e+02,7.817941887129341794e+00,1.946122399442678841e+01
2.667500000000000079e-02,4.434418595777494261e+02,7.829027523079187034e+00,1.946216996322293014e+01
2.670000000000000151e-02,4.434745661951783404e+02,7.840113978742042633e+00,1.946311675173208044e+01
2.672499999999999876e-02,4.435071096876723118e+02,7.851201250029572698e+00,1.946406435586590788e+01
2.674999999999999947e-02,4.435394908688203373e+02,7.862289332873832137e+00,1.946501277155646292e+01
2.677500000000000019e-02,4.435717105481535896e+02,7.873378223227166295e+00,1.946596199475609268e+01
2.680000000000000090e-02,4.436037695311657671e+02,7.884467917062105258e+00,1.946691202143732724e+01
2.682500000000000162e-02,4.436356686193331029e+02,7.895558410371268820e+00,1.946786284759278729e+01
2.684999999999999887e-02,4.436674086101344869e+02,7.906649699167261680e+00,1.946881446923507397e+01
2.687499999999999958e-02,4.436989902970713047e+02,7.917741779482577513e+00,1.946976688239668718e+01
2.690000000000000030e-02,4.437304144696874459e+02,7.928834647369496835e+00,1.947072008312990121e+01
2.692500000000000102e-02,4.437616819135887454e+02,7.939928298899990189e+00,1.947167406750669016e+01
2.695000000000000173e-02,4.437927934104630481e+02,7.951022730165618668e+00,1.947262883161861424e+01
2.697499999999999898e-02,4.438237497380993091e+02,7.962117937277437996e+00,1.947358437157673094e+01
2.699999999999999969e-02,4.438545516704073748e+02,7.973213916365897269e+00,1.947454068351148493e+01
2.702500000000000041e-02,4.438851999774371393e+02,7.984310663580748368e+00,1.947549776357263340e+01
2.705000000000000113e-02,4.439156954253978711e+02,7.995408175090944702e+00,1.947645560792912534e+01
2.707499999999999837e-02,4.439460387766774261e+02,8.006506447084547062e+00,1.947741421276902329e+01
2.709999999999999909e-02,4.439762307898610629e+02,8.017605475768629475e+00,1.947837357429940042e+01
2.712499999999999981e-02,4.440062722197507696e+02,8.028705257369180615e+00,1.947933368874624804e+01
2.715000000000000052e-02,4.440361638173837946e+02,8.039805788131015873e+00,1.948029455235437624e+01
2.717500000000000124e-02,4.440659063300516323e+02,8.050907064317675221e+00,1.948125616138733207e+01
2.719999999999999848e-02,4.440955005013187247e+02,8.062009082211339717e+00,1.948221851212729305e+01
2.722499999999999920e-02,4.441249470710408218e+02,8.073111838112730254e+00,1.948318160087497830e+01
2.724999999999999992e-02,4.441542467753837400e+02,8.084215328341015194e+00,1.948414542394955973e+01
2.727500000000000063e-02,4.441834003468416086e+02,8.095319549233726875e+00,1.948510997768856612e+01
2.730000000000000135e-02,4.442124085142552303e+02,8.106424497146658581e+00,1.948607525844779431e+01
2.732499999999999860e-02,4.442412720028302715e+02,8.117530168453782835e+00,1.948704126260121683e+01
2.734999999999999931e-02,4.442699915341554515e+02,8.128636559547157248e+00,1.948800798654088595e+01
2.737500000000000003e-02,4.442985678262206193e+02,8.139743666836830371e+00,1.948897542667685556e+01
2.740000000000000074e-02,4.443270015934344883e+02,8.150851486750761765e+00,1.948994357943708167e+01
2.742500000000000146e-02,4.443552935466427130e+02,8.161960015734720741e+00,1.949091244126733713e+01
2.744999999999999871e-02,4.443834443931456804e+02,8.173069250252206430e+00,1.949188200863111575e+01
2.747499999999999942e-02,4.444114548367159614e+02,8.184179186784353632e+00,1.949285227800956122e+01
2.750000000000000014e-02,4.444393255776161027e+02,8.195289821829852883e+00,1.949382324590135696e+01
2.752500000000000085e-02,4.444670573126161344e+02,8.206401151904852753e+00,1.949479490882265154e+01
2.755000000000000157e-02,4.444946507350107936e+02,8.217513173542879912e+00,1.949576726330697340e+01
2.757499999999999882e-02,4.445221065346370892e+02,8.228625883294748533e+00,1.949674030590513851e+01
2.759999999999999953e-02,4.445494253978915253e+02,8.239739277728476807e+00,1.949771403318516150e+01
2.762500000000000025e-02,4.445766080077469837e+02,8.250853353429199899e+00,1.949868844173218108e+01
2.765000000000000097e-02,4.446036550437702317e+02,8.261968106999082906e+00,1.949966352814836057e+01
2.767500000000000168e-02,4.446305671821385204e+02,8.273083535057240923e+00,1.950063928905281330e+01
2.769999999999999893e-02,4.446573450956567513e+02,8.284199634239650223e+00,1.950161572108152086e+01
2.772499999999999964e-02,4.446839894537741316e+02,8.295316401199062994e+00,1.950259282088722657e+01
2.775000000000000036e-02,4.447105009226009429e+02,8.306433832604929179e+00,1.950357058513938924e+01
2.777500000000000108e-02,4.447368801649254237e+02,8.317551925143307656e+00,1.950454901052406242e+01
2.779999999999999832e-02,4.447631278402299131e+02,8.328670675516784527e+00,1.950552809374383756e+01
2.782499999999999904e-02,4.447892446047076191e+02,8.339790080444394960e+00,1.950650783151774448e+01
2.784999999999999976e-02,4.448152311112791608e+02,8.350910136661537919e+00,1.950748822058118037e+01
2.787500000000000047e-02,4.448410880096084270e+02,8.362030840919892682e+00,1.950846925768583162e+01
2.790000000000000119e-02,4.448668159461192317e+02,8.373152189987337124e+00,1.950945093959957433e+01
2.792499999999999843e-02,4.448924155640114009e+02,8.384274180647876662e+00,1.951043326310640680e+01
2.794999999999999915e-02,4.449178875032766882e+02,8.395396809701550112e+00,1.951141622500637851e+01
2.797499999999999987e-02,4.449432324007148623e+02,8.406520073964360407e+00,1.951239982211548352e+01
2.800000000000000058e-02,4.449684508899496791e+02,8.417643970268185782e+00,1.951338405126560360e+01
2.802500000000000130e-02,4.449935436014447419e+02,8.428768495460710497e+00,1.951436890930442303e+01
2.804999999999999855e-02,4.450185111625190757e+02,8.439893646405337790e+00,1.951535439309534681e+01
2.807499999999999926e-02,4.450433541973631009e+02,8.451019419981118830e+00,1.951634049951742256e+01
2.809999999999999998e-02,4.450680733270538667e+02,8.462145813082663892e+00,1.951732722546526588e+01
2.812500000000000069e-02,4.450926691695710247e+02,8.473272822620078415e+00,1.951831456784897512e+01
2.815000000000000141e-02,4.451171423398117781e+02,8.484400445518875955e+00,1.951930252359406737e+01
2.817499999999999866e-02,4.451414934496067985e+02,8.495528678719900029e+00,1.952029108964138970e+01
2.819999999999999937e-02,4.451657231077350048e+02,8.506657519179258387e+00,1.952128026294704455e+01
2.822500000000000009e-02,4.451898319199391381e+02,8.517786963868237748e+00,1.952227004048231862e+01
2.825000000000000080e-02,4.452138204889407689e+02,8.528917009773230973e+00,1.952326041923360478e+01
2.827500000000000152e-02,4.452376894144553603e+02,8.540047653895657120e+00,1.952425139620232741e+01
2.829999999999999877e-02,4.452614392932073315e+02,8.551178893251897506e+00,1.952524296840486429e+01
2.832499999999999948e-02,4.452850707189448372e+02,8.562310724873210432e+00,1.952623513287247192e+01
2.835000000000000020e-02,4.453085842824547740e+02,8.573443145805660137e+00,1.952722788665121811e+01
2.837500000000000092e-02,4.453319805715774464e+02,8.584576153110047514e+00,1.952822122680190020e+01
2.840000000000000163e-02,4.453552601712212891e+02,8.595709743861828400e+00,1.952921515039997757e+01
2.842499999999999888e-02,4.453784236633775322e+02,8.606843915151046076e+00,1.953020965453549351e+01
2.844999999999999959e-02,4.454014716271346970e+02,8.617978664082260210e+00,1.953120473631300413e+01
2.847500000000000031e-02,4.454244046386930336e+02,8.629113987774468697e+00,1.953220039285150733e+01
2.850000000000000103e-02,4.454472232713790731e+02,8.640249883361038385e+00,1.953319662128437173e+01
2.852499999999999827e-02,4.454699280956597818e+02,8.651386347989635794e+00,1.953419341875926563e+01
2.854999999999999899e-02,4.454925196791569419e+02,8.662523378822148956e+00,1.953519078243807527e+01
2.857499999999999971e-02,4.455149985866613633e+02,8.673660973034627020e+00,1.953618870949684805e+01
2.860000000000000042e-02,4.455373653801468663e+02,8.684799127817200315e+00,1.953718719712571783e+01
2.862500000000000114e-02,4.455596206187844928e+02,8.695937840374011074e+00,1.953818624252882330e+01
2.864999999999999838e-02,4.455817648589563191e+02,8.707077107923153036e+00,1.953918584292426175e+01
2.867499999999999910e-02,4.456037986542695535e+02,8.718216927696586183e+00,1.954018599554398961e+01
2.869999999999999982e-02,4.456257225555701780e+02,8.729357296940083444e+00,1.954118669763378335e+01
2.872500000000000053e-02,4.456475371109568755e+02,8.740498212913148990e+00,1.954218794645314361e+01
2.875000000000000125e-02,4.456692428657946721e+02,8.751639672888961385e+00,1.954318973927525249e+01
2.877499999999999850e-02,4.456908403627286361e+02,8.762781674154291878e+00,1.954419207338687769e+01
2.879999999999999921e-02,4.457123301416971799e+02,8.773924214009447553e+00,1.954519494608832986e+01
2.882499999999999993e-02,4.457337127399460428e+02,8.785067289768203835e+00,1.954619835469338085e+01
2.885000000000000064e-02,4.457549886920411950e+02,8.796210898757728103e+00,1.954720229652920338e+01
2.887500000000000136e-02,4.457761585298825366e+02,8.807355038318521068e+00,1.954820676893629283e+01
2.889999999999999861e-02,4.457972227827171992e+02,8.818499705804347499e+00,1.954921176926841397e+01
2.892499999999999932e-02,4.458181819771525625e+02,8.829644898582170498e+00,1.955021729489253346e+01
2.895000000000000004e-02,4.458390366371695563e+02,8.840790614032085770e+00,1.955122334318874167e+01
2.897500000000000075e-02,4.458597872841357912e+02,8.851936849547254127e+00,1.955222991155020651e+01
2.900000000000000147e-02,4.458804344368185184e+02,8.863083602533841088e+00,1.955323699738309173e+01
2.902499999999999872e-02,4.459009786113976475e+02,8.874230870410945826e+00,1.955424459810648941e+01
2.904999999999999943e-02,4.459214203214785925e+02,8.885378650610540774e+00,1.955525271115238084e+01
2.907500000000000015e-02,4.459417600781051760e+02,8.896526940577407672e+00,1.955626133396554422e+01
2.910000000000000087e-02,4.459619983897723046e+02,8.907675737769071844e+00,1.955727046400350488e+01
2.912500000000000158e-02,4.459821357624389293e+02,8.918825039655740028e+00,1.955828009873646778e+01
2.914999999999999883e-02,4.460021726995403810e+02,8.929974843720232869e+00,1.955929023564725355e+01
2.917499999999999954e-02,4.460221097020011598e+02,8.941125147457928080e+00,1.956030087223124880e+01
2.920000000000000026e-02,4.460419472682472701e+02,8.952275948376698267e+00,1.956131200599631370e+01
2.922500000000000098e-02,4.460616858942190106e+02,8.963427243996839877e+00,1.956232363446275002e+01
2.925000000000000169e-02,4.460813260733829679e+02,8.974579031851019906e+00,1.956333575516322654e+01
2.927499999999999894e-02,4.461008682967446930e+02,8.985731309484210172e+00,1.956434836564271151e+01
2.929999999999999966e-02,4.461203130528608085e+02,8.996884074453630475e+00,1.956536146345842653e+01
2.932500000000000037e-02,4.461396608278511735e+02,9.008037324328677542e+00,1.956637504617977186e+01
2.935000000000000109e-02,4.461589121054112184e+02,9.019191056690878838e+00,1.956738911138826609e+01
2.937499999999999833e-02,4.461780673668238251e+02,9.030345269133814412e+00,1.956840365667749992e+01
2.939999999999999905e-02,4.461971270909716054e+02,9.041499959263076036e+00,1.956941867965305804e+01
2.942499999999999977e-02,4.462160917543486107e+02,9.052655124696190825e+00,1.957043417793246931e+01
2.945000000000000048e-02,4.462349618310723827e+02,9.063810763062571496e+00,1.957145014914514292e+01
2.947500000000000120e-02,4.462537377928958904e+02,9.074966872003454199e+00,1.957246659093232211e+01
2.949999999999999845e-02,4.462724201092191265e+02,9.086123449171838118e+00,1.957348350094700251e+01
2.952499999999999916e-02,4.462910092471009875e+02,9.097280492232428628e+00,1.957450087685388951e+01
2.954999999999999988e-02,4.463095056712708697e+02,9.108437998861580454e+00,1.957551871632933427e+01
2.957500000000000059e-02,4.463279098441403221e+02,9.119595966747231941e+00,1.957653701706128402e+01
2.960000000000000131e-02,4.463462222258146426e+02,9.130754393588860651e+00,1.957755577674920744e+01
2.962499999999999856e-02,4.463644432741043602e+02,9.141913277097412305e+00,1.957857499310405558e+01
2.964999999999999927e-02,4.463825734445366038e+02,9.153072614995251044e+00,1.957959466384819081e+01
2.967499999999999999e-02,4.464006131903665278e+02,9.164232405016100813e+00,1.958061478671533706e+01
2.970000000000000070e-02,4.464185629625887941e+02,9.175392644904990291e+00,1.958163535945051947e+01
2.972500000000000142e-02,4.464364232099486571e+02,9.186553332418190720e+00,1.958265637981001817e+01
2.974999999999999867e-02,4.464541943789531047e+02,9.197714465323167943e+00,1.958367784556129010e+01
2.977499999999999938e-02,4.464718769138824541e+02,9.208876041398522005e+00,1.958469975448294065e+01
2.980000000000000010e-02,4.464894712568008686e+02,9.220038058433930317e+00,1.958572210436464189e+01
2.982500000000000082e-02,4.465069778475678959e+02,9.231200514230094356e+00,1.958674489300710420e+01
2.985000000000000153e-02,4.465243971238492122e+02,9.242363406598688158e+00,1.958776811822199093e+01
2.987499999999999878e-02,4.465417295211275928e+02,9.253526733362296142e+00,1.958879177783189718e+01
2.989999999999999949e-02,4.465589754727139393e+02,9.264690492354363371e+00,1.958981586967026089e+01
2.992500000000000021e-02,4.465761354097579101e+02,9.275854681419144043e+00,1.959084039158133805e+01
2.995000000000000093e-02,4.465932097612588336e+02,9.287019298411639312e+00,1.959186534142012803e+01
2.997500000000000164e-02,4.466101989540763384e+02,9.298184341197552882e+00,1.959289071705233454e+01
2.999999999999999889e-02,4.466271034129412101e+02,9.309349807653228837e+00,1.959391651635430875e+01
3.002499999999999961e-02,4.466439235604657370e+02,9.320515695665605449e+00,1.959494273721298185e+01
3.005000000000000032e-02,4.466606598171545102e+02,9.331682003132161896e+00,1.959596937752583301e+01
3.007500000000000104e-02,4.466773126014147692e+02,9.342848727960859634e+00,1.959699643520082546e+01
3.009999999999999828e-02,4.466938823295670886e+02,9.354015868070097994e+00,1.959802390815636031e+01
3.012499999999999900e-02,4.467103694158554390e+02,9.365183421388657337e+00,1.959905179432121614e+01
3.014999999999999972e-02,4.467267742724578738e+02,9.376351385855643983e+00,1.960008009163449927e+01
3.017500000000000043e-02,4.467430973094967044e+02,9.387519759420451138e+00,1.960110879804560113e+01
3.020000000000000115e-02,4.467593389350486177e+02,9.398688540042691386e+00,1.960213791151413787e+01
3.022499999999999840e-02,4.467754995551551360e+02,9.409857725692157615e+00,1.960316743000990058e+01
3.024999999999999911e-02,4.467915795738326779e+02,9.421027314348771498e+00,1.960419735151280918e+01
3.027499999999999983e-02,4.468075793930824489e+02,9.432197304002521321e+00,1.960522767401285549e+01
3.030000000000000054e-02,4.468234994129007873e+02,9.443367692653430012e+00,1.960625839551005711e+01
3.032500000000000126e-02,4.468393400312890549e+02,9.454538478311489413e+00,1.960728951401441478e+01
3.034999999999999851e-02,4.468551016442634705e+02,9.465709658996615872e+00,1.960832102754583772e+01
3.037499999999999922e-02,4.468707846458652284e+02,9.476881232738607608e+00,1.960935293413412239e+01
3.039999999999999994e-02,4.468863894281702187e+02,9.488053197577082543e+00,1.961038523181889559e+01
3.042500000000000066e-02,4.469019163812987472e+02,9.499225551561440994e+00,1.961141791864954698e+01
3.045000000000000137e-02,4.469173658934254263e+02,9.510398292750807059e+00,1.961245099268521130e+01
3.047499999999999862e-02,4.469327383507889522e+02,9.521571419213989529e+00,1.961348445199468671e+01
3.049999999999999933e-02,4.469480341377015407e+02,9.532744929029426828e+00,1.961451829465642049e+01
3.052500000000000005e-02,4.469632536365585906e+02,9.543918820285140825e+00,1.961555251875843098e+01
3.055000000000000077e-02,4.469783972278484612e+02,9.555093091078692424e+00,1.961658712239827906e+01
3.057500000000000148e-02,4.469934652901616232e+02,9.566267739517126500e+00,1.961762210368300785e+01
3.059999999999999873e-02,4.470084582002005504e+02,9.577442763716931040e+00,1.961865746072911065e+01
3.062499999999999944e-02,4.470233763327886436e+02,9.588618161803990958e+00,1.961969319166246351e+01
3.065000000000000016e-02,4.470382200608800076e+02,9.599793931913533029e+00,1.962072929461830384e+01
3.067500000000000088e-02,4.470529897555687171e+02,9.610970072190090363e+00,1.962176576774115588e+01
3.070000000000000159e-02,4.470676857860978544e+02,9.622146580787445558e+00,1.962280260918480579e+01
3.072499999999999884e-02,4.470823085198688887e+02,9.633323455868589846e+00,1.962383981711224479e+01
3.074999999999999956e-02,4.470968583224510553e+02,9.644500695605678686e+00,1.962487738969563011e+01
3.077500000000000027e-02,4.471113355575900528e+02,9.655678298179983798e+00,1.962591532511623171e+01
3.080000000000000099e-02,4.471257405872175354e+02,9.666856261781846982e+00,1.962695362156438961e+01
3.082500000000000170e-02,4.471400737714600950e+02,9.678034584610633928e+00,1.962799227723947482e+01
3.084999999999999895e-02,4.471543354686479574e+02,9.689213264874695142e+00,1.962903129034982896e+01
3.087499999999999967e-02,4.471685260353243621e+02,9.700392300791312650e+00,1.963007065911274296e+01
3.090000000000000038e-02,4.471826458262542019e+02,9.711571690586662697e+00,1.963111038175438949e+01
3.092500000000000110e-02,4.471966951944329480e+02,9.722751432495769564e+00,1.963215045650979107e+01
3.094999999999999835e-02,4.472106744910956309e+02,9.733931524762455822e+00,1.963319088162277382e+01
3.097499999999999906e-02,4.472245840657253098e+02,9.745111965639306817e+00,1.963423165534592130e+01
3.099999999999999978e-02,4.472384242660621112e+02,9.756292753387624472e+00,1.963527277594053189e+01
3.102500000000000049e-02,4.472521954381116984e+02,9.767473886277375783e+00,1.963631424167657968e+01
3.105000000000000121e-02,4.472658979261541958e+02,9.778655362587162614e+00,1.963735605083266478e+01
3.107499999999999846e-02,4.472795320727524881e+02,9.789837180604171962e+00,1.963839820169596706e+01
3.109999999999999917e-02,4.472930982187609175e+02,9.801019338624129773e+00,1.963944069256222136e+01
3.112499999999999989e-02,4.473065967033338666e+02,9.812201834951265411e+00,1.964048352173565348e+01
3.115000000000000061e-02,4.473200278639341150e+02,9.823384667898263700e+00,1.964152668752894826e+01
3.117500000000000132e-02,4.473333920363414222e+02,9.834567835786227619e+00,1.964257018826320689e+01
3.119999999999999857e-02,4.473466895546607702e+02,9.845751336944630339e+00,1.964361402226790787e+01
3.122499999999999928e-02,4.473599207513307761e+02,9.856935169711279698e+00,1.964465818788085016e+01
3.125000000000000000e-02,4.473730859571321048e+02,9.868119332432273794e+00,1.964570268344814252e+01
3.127499999999999725e-02,4.473861855011955981e+02,9.879303823461956569e+00,1.964674750732411823e+01
3.130000000000000143e-02,4.473992197110105167e+02,9.890488641162882288e+00,1.964779265787134221e+01
3.132499999999999868e-02,4.474121889124327254e+02,9.901673783905771131e+00,1.964883813346052577e+01
3.135000000000000286e-02,4.474250934296929927e+02,9.912859250069468331e+00,1.964988393247051945e+01
3.137500000000000011e-02,4.474379335854049486e+02,9.924045038040908651e+00,1.965093005328825626e+01
3.139999999999999736e-02,4.474507097005730998e+02,9.935231146215068421e+00,1.965197649430870896e+01
3.142500000000000154e-02,4.474634220946010146e+02,9.946417572994928236e+00,1.965302325393486527e+01
3.144999999999999879e-02,4.474760710852992247e+02,9.957604316791437427e+00,1.965407033057767094e+01
3.147500000000000298e-02,4.474886569888931263e+02,9.968791376023467876e+00,1.965511772265599788e+01
3.150000000000000022e-02,4.475011801200309947e+02,9.979978749117778491e+00,1.965616542859660498e+01
3.152499999999999747e-02,4.475136407917917154e+02,9.991166434508976124e+00,1.965721344683409555e+01
3.155000000000000165e-02,4.475260393156927421e+02,1.000235443063947116e+01,1.965826177581088530e+01
3.157499999999999890e-02,4.475383760016978272e+02,1.001354273595944555e+01,1.965931041397715617e+01
3.160000000000000309e-02,4.475506511582248095e+02,1.002473134892681017e+01,1.966035935979081728e+01
3.162500000000000033e-02,4.475628650921531744e+02,1.003592026800716752e+01,1.966140861171747289e+01
3.164999999999999758e-02,4.475750181088319550e+02,1.004710949167377443e+01,1.966245816823037273e+01
3.167500000000000177e-02,4.475871105120871221e+02,1.005829901840749763e+01,1.966350802781039420e+01
3.169999999999999901e-02,4.475991426042294847e+02,1.006948884669678712e+01,1.966455818894597840e+01
3.172500000000000320e-02,4.476111146860619669e+02,1.008067897503762467e+01,1.966560865013311243e+01
3.175000000000000044e-02,4.476230270568871674e+02,1.009186940193349891e+01,1.966665940987527961e+01
3.177499999999999769e-02,4.476348800145149767e+02,1.010306012589535918e+01,1.966771046668343814e+01
3.180000000000000188e-02,4.476466738552700235e+02,1.011425114544158355e+01,1.966876181907595722e+01
3.182499999999999912e-02,4.476584088739988943e+02,1.012544245909793972e+01,1.966981346557860988e+01
3.185000000000000331e-02,4.476700853640776927e+02,1.013663406539754597e+01,1.967086540472451262e+01
3.187500000000000056e-02,4.476817036174192594e+02,1.014782596288083738e+01,1.967191763505410051e+01
3.189999999999999780e-02,4.476932639244805614e+02,1.015901815009553033e+01,1.967297015511508818e+01
3.192500000000000199e-02,4.477047665742698541e+02,1.017021062559658517e+01,1.967402296346243773e+01
3.194999999999999923e-02,4.477162118543539577e+02,1.018140338794616362e+01,1.967507605865831266e+01
3.197500000000000342e-02,4.477276000508655329e+02,1.019259643571360563e+01,1.967612943927204938e+01
3.200000000000000067e-02,4.477389314485100158e+02,1.020378976747538324e+01,1.967718310388012526e+01
3.202499999999999791e-02,4.477502063305730076e+02,1.021498338181506860e+01,1.967823705106610532e+01
3.205000000000000210e-02,4.477614249789270389e+02,1.022617727732329840e+01,1.967929127942063161e+01
3.207499999999999934e-02,4.477725876740390163e+02,1.023737145259773840e+01,1.968034578754136632e+01
3.209999999999999659e-02,4.477836946949768731e+02,1.024856590624304964e+01,1.968140057403297405e+01
3.212500000000000078e-02,4.477947463194166744e+02,1.025976063687085116e+01,1.968245563750706850e+01
3.214999999999999802e-02,4.478057428236496662e+02,1.027095564309968623e+01,1.968351097658220183e+01
3.217500000000000221e-02,4.478166844825889257e+02,1.028215092355498861e+01,1.968456658988380070e+01
3.219999999999999946e-02,4.478275715697765804e+02,1.029334647686905058e+01,1.968562247604415916e+01
3.222499999999999670e-02,4.478384043573904023e+02,1.030454230168098206e+01,1.968667863370238535e+01
3.225000000000000089e-02,4.478491831162505719e+02,1.031573839663668046e+01,1.968773506150438024e+01
3.227499999999999813e-02,4.478599081158266131e+02,1.032693476038880043e+01,1.968879175810279492e+01
3.230000000000000232e-02,4.478705796242441579e+02,1.033813139159671302e+01,1.968984872215700221e+01
3.232499999999999957e-02,4.478811979082913695e+02,1.034932828892647727e+01,1.969090595233306118e+01
3.234999999999999681e-02,4.478917632334259906e+02,1.036052545105080469e+01,1.969196344730368509e+01
3.237500000000000100e-02,4.479022758637816537e+02,1.037172287664902548e+01,1.969302120574820236e+01
3.239999999999999825e-02,4.479127360621747016e+02,1.038292056440706013e+01,1.969407922635253172e+01
3.242500000000000243e-02,4.479231440901106112e+02,1.039411851301738032e+01,1.969513750780915018e+01
3.244999999999999968e-02,4.479335002077906438e+02,1.040531672117898054e+01,1.969619604881704333e+01
3.247499999999999692e-02,4.479438046741182120e+02,1.041651518759734252e+01,1.969725484808170179e+01
3.250000000000000111e-02,4.479540577467055869e+02,1.042771391098440681e+01,1.969831390431506080e+01
3.252499999999999836e-02,4.479642596818801508e+02,1.043891289005853373e+01,1.969937321623548598e+01
3.255000000000000254e-02,4.479744107346907072e+02,1.045011212354448027e+01,1.970043278256772723e+01
3.257499999999999979e-02,4.479845111589141311e+02,1.046131161017336275e+01,1.970149260204290798e+01
3.259999999999999704e-02,4.479945612070616221e+02,1.047251134868262668e+01,1.970255267339846483e+01
3.262500000000000122e-02,4.480045611303847863e+02,1.048371133781600939e+01,1.970361299537814403e+01
3.264999999999999847e-02,4.480145111788824011e+02,1.049491157632352234e+01,1.970467356673195169e+01
3.267500000000000265e-02,4.480244116013060420e+02,1.050611206296140310e+01,1.970573438621612894e+01
3.269999999999999990e-02,4.480342626451668480e+02,1.051731279649209938e+01,1.970679545259311993e+01
3.272499999999999715e-02,4.480440645567414322e+02,1.052851377568422642e+01,1.970785676463154346e+01
3.275000000000000133e-02,4.480538175810781354e+02,1.053971499931254385e+01,1.970891832110615738e+01
3.277499999999999858e-02,4.480635219620029375e+02,1.055091646615791845e+01,1.970998012079782669e+01
3.280000000000000276e-02,4.480731779421259944e+02,1.056211817500730454e+01,1.971104216249350927e+01
3.282500000000000001e-02,4.480827857628473225e+02,1.057332012465369786e+01,1.971210444498619907e+01
3.284999999999999726e-02,4.480923456643628242e+02,1.058452231389611953e+01,1.971316696707491545e+01
3.287500000000000144e-02,4.481018578856705972e+02,1.059572474153958055e+01,1.971422972756467473e+01
3.289999999999999869e-02,4.481113226645767327e+02,1.060692740639504983e+01,1.971529272526643695e+01
3.292500000000000288e-02,4.481207402377011135e+02,1.061813030727942930e+01,1.971635595899711291e+01
3.295000000000000012e-02,4.481301108404835531e+02,1.062933344301551664e+01,1.971741942757949673e+01
3.297499999999999737e-02,4.481394347071896505e+02,1.064053681243198568e+01,1.971848312984226226e+01
3.300000000000000155e-02,4.481487120709165310e+02,1.065174041436335095e+01,1.971954706461992402e+01
3.302499999999999880e-02,4.481579431635988158e+02,1.066294424764993920e+01,1.972061123075280520e+01
3.305000000000000299e-02,4.481671282160142482e+02,1.067414831113786278e+01,1.972167562708702349e+01
3.307500000000000023e-02,4.481762674577896632e+02,1.068535260367898587e+01,1.972274025247444484e+01
3.309999999999999748e-02,4.481853611174065577e+02,1.069655712413090143e+01,1.972380510577265511e+01
3.312500000000000167e-02,4.481944094222069452e+02,1.070776187135689916e+01,1.972487018584494933e+01
3.314999999999999891e-02,4.482034125983988133e+02,1.071896684422594070e+01,1.972593549156028558e+01
3.317500000000000310e-02,4.482123708710620917e+02,1.073017204161262406e+01,1.972700102179326365e+01
3.320000000000000034e-02,4.482212844641540528e+02,1.074137746239716407e+01,1.972806677542410014e+01
3.322499999999999759e-02,4.482301536005150524e+02,1.075258310546535867e+01,1.972913275133859301e+01
3.325000000000000178e-02,4.482389785018738735e+02,1.076378896970856403e+01,1.973019894842809308e+01
3.327499999999999902e-02,4.482477593888535239e+02,1.077499505402366609e+01,1.973126536558948985e+01
3.330000000000000321e-02,4.482564964809766934e+02,1.078620135731305041e+01,1.973233200172517243e+01
3.332500000000000046e-02,4.482651899966710971e+02,1.079740787848457906e+01,1.973339885574299402e+01
3.334999999999999770e-02,4.482738401532750459e+02,1.080861461645155863e+01,1.973446592655627185e+01
3.337500000000000189e-02,4.482824471670430171e+02,1.081982157013271895e+01,1.973553321308372688e+01
3.339999999999999913e-02,4.482910112531506570e+02,1.083102873845218106e+01,1.973660071424948370e+01
3.342500000000000332e-02,4.482995326257006923e+02,1.084223612033943063e+01,1.973766842898302798e+01
3.345000000000000057e-02,4.483080114977278186e+02,1.085344371472929481e+01,1.973873635621918865e+01
3.347499999999999781e-02,4.483164480812042711e+02,1.086465152056191208e+01,1.973980449489810240e+01
3.350000000000000200e-02,4.483248425870451115e+02,1.087585953678270911e+01,1.974087284396519593e+01
3.352499999999999925e-02,4.483331952251133998e+02,1.088706776234236706e+01,1.974194140237115036e+01
3.355000000000000343e-02,4.483415062042254817e+02,1.089827619619680732e+01,1.974301016907188355e+01
3.357500000000000068e-02,4.483497757321563881e+02,1.090948483730715246e+01,1.974407914302852518e+01
3.359999999999999792e-02,4.483580040156446103e+02,1.092069368463971024e+01,1.974514832320738122e+01
3.362500000000000211e-02,4.483661912603977839e+02,1.093190273716594518e+01,1.974621770857990910e+01
3.364999999999999936e-02,4.483743376710973507e+02,1.094311199386244660e+01,1.974728729812270700e+01
3.367499999999999660e-02,4.483824434514040718e+02,1.095432145371091437e+01,1.974835709081747126e+01
3.370000000000000079e-02,4.483905088039628026e+02,1.096553111569811989e+01,1.974942708565097149e+01
3.372499999999999803e-02,4.483985339304078934e+02,1.097674097881589539e+01,1.975049728161504348e+01
3.375000000000000222e-02,4.484065190313678499e+02,1.098795104206109485e+01,1.975156767770653943e+01
3.377499999999999947e-02,4.484144643064706202e+02,1.099916130443558160e+01,1.975263827292732088e+01
3.379999999999999671e-02,4.484223699543484258e+02,1.101037176494619096e+01,1.975370906628422674e+01
3.382500000000000090e-02,4.484302361726430490e+02,1.102158242260471965e+01,1.975478005678904836e+01
3.384999999999999815e-02,4.484380631580101522e+02,1.103279327642788310e+01,1.975585124345850829e+01
3.387500000000000233e-02,4.484458511061249624e+02,1.104400432543731014e+01,1.975692262531423182e+01
3.389999999999999958e-02,4.484536002116864779e+02,1.105521556865950217e+01,1.975799420138271856e+01
3.392499999999999682e-02,4.484613106684227546e+02,1.106642700512582067e+01,1.975906597069533532e+01
3.395000000000000101e-02,4.484689826690956238e+02,1.107763863387245529e+01,1.976013793228826643e+01
3.397499999999999826e-02,4.484766164055055242e+02,1.108885045394040603e+01,1.976121008520251365e+01
3.400000000000000244e-02,4.484842120684962197e+02,1.110006246437545308e+01,1.976228242848385364e+01
3.402499999999999969e-02,4.484917698479596879e+02,1.111127466422813548e+01,1.976335496118283430e+01
3.404999999999999694e-02,4.484992899328408953e+02,1.112248705255372982e+01,1.976442768235472158e+01
3.407500000000000112e-02,4.485067725111422305e+02,1.113369962841222360e+01,1.976550059105951007e+01
3.409999999999999837e-02,4.485142177699285639e+02,1.114491239086829033e+01,1.976657368636187684e+01
3.412500000000000255e-02,4.485216258953318516e+02,1.115612533899127534e+01,1.976764696733115656e+01
3.414999999999999980e-02,4.485289970725555122e+02,1.116733847185515671e+01,1.976872043304133086e+01
3.417499999999999705e-02,4.485363314858794297e+02,1.117855178853853637e+01,1.976979408257101056e+01
3.420000000000000123e-02,4.485436293186642160e+02,1.118976528812461346e+01,1.977086791500337881e+01
3.422499999999999848e-02,4.485508907533562137e+02,1.120097896970115237e+01,1.977194192942621598e+01
3.425000000000000266e-02,4.485581159714915316e+02,1.121219283236047559e+01,1.977301612493183569e+01
3.427499999999999991e-02,4.485653051537011038e+02,1.122340687519942826e+01,1.977409050061708484e+01
3.429999999999999716e-02,4.485724584797148395e+02,1.123462109731936032e+01,1.977516505558331161e+01
3.432500000000000134e-02,4.485795761283661705e+02,1.124583549782610348e+01,1.977623978893635126e+01
3.434999999999999859e-02,4.485866582775968254e+02,1.125705007582994988e+01,1.977731469978649059e+01
3.437500000000000278e-02,4.485937051044607529e+02,1.126826483044563076e+01,1.977838978724846797e+01
3.440000000000000002e-02,4.486007167851291229e+02,1.127947976079228809e+01,1.977946505044142356e+01
3.442499999999999727e-02,4.486076934948943062e+02,1.129069486599346206e+01,1.978054048848889224e+01
3.445000000000000145e-02,4.486146354081743084e+02,1.130191014517706272e+01,1.978161610051878938e+01
3.447499999999999870e-02,4.486215426985173735e+02,1.131312559747534685e+01,1.978269188566336823e+01
3.450000000000000289e-02,4.486284155386061343e+02,1.132434122202490379e+01,1.978376784305921987e+01
3.452500000000000013e-02,4.486352541002619887e+02,1.133555701796662341e+01,1.978484397184723775e+01
3.454999999999999738e-02,4.486420585544492496e+02,1.134677298444568727e+01,1.978592027117259633e+01
3.457500000000000157e-02,4.486488290712796925e+02,1.135798912061153487e+01,1.978699674018474042e+01
3.459999999999999881e-02,4.486555658200165908e+02,1.136920542561785119e+01,1.978807337803734967e+01
3.462500000000000300e-02,4.486622689690789798e+02,1.138042189862254006e+01,1.978915018388833502e+01
3.465000000000000024e-02,4.486689386860459194e+02,1.139163853878770460e+01,1.979022715689979606e+01
3.467499999999999749e-02,4.486755751376607009e+02,1.140285534527963129e+01,1.979130429623801746e+01
3.470000000000000168e-02,4.486821784898349961e+02,1.141407231726875970e+01,1.979238160107344058e+01
3.472499999999999892e-02,4.486887489076528936e+02,1.142528945392967010e+01,1.979345907058064924e+01
3.475000000000000311e-02,4.486952865553752190e+02,1.143650675444105858e+01,1.979453670393833065e+01
3.477500000000000036e-02,4.487017915964435133e+02,1.144772421798571571e+01,1.979561450032928605e+01
3.479999999999999760e-02,4.487082641934841263e+02,1.145894184375051417e+01,1.979669245894038099e+01
3.482500000000000179e-02,4.487147045083123089e+02,1.147015963092637314e+01,1.979777057896253467e+01
3.484999999999999903e-02,4.487211127019363062e+02,1.148137757870825304e+01,1.979884885959070928e+01
3.487500000000000322e-02,4.487274889345612792e+02,1.149259568629512707e+01,1.979992730002388157e+01
3.490000000000000047e-02,4.487338333655932843e+02,1.150381395288996700e+01,1.980100589946501799e+01
3.492499999999999771e-02,4.487401461536435932e+02,1.151503237769971655e+01,1.980208465712106047e+01
3.495000000000000190e-02,4.487464274565321034e+02,1.152625095993527360e+01,1.980316357220291579e+01
3.497499999999999915e-02,4.487526774312917723e+02,1.153746969881147599e+01,1.980424264392541289e+01
3.500000000000000333e-02,4.487588962341722549e+02,1.154868859354707311e+01,1.980532187150730650e+01
3.502500000000000058e-02,4.487650840206439966e+02,1.155990764336471344e+01,1.980830402805197821e+01
3.504999999999999782e-02,4.487712409454019848e+02,1.157112684749092502e+01,1.981132745662158001e+01
3.507500000000000201e-02,4.487773671623696146e+02,1.158234620515608526e+01,1.981439214774474777e+01
3.509999999999999926e-02,4.487834628247026103e+02,1.159356571559442095e+01,1.981749809195396850e+01
3.512500000000000344e-02,4.487895280847929484e+02,1.160478537804396915e+01,1.982064527978553059e+01
3.515000000000000069e-02,4.487955630942723246e+02,1.161600519174657187e+01,1.982383370177953452e+01
3.517499999999999793e-02,4.488015680040164170e+02,1.162722515594785122e+01,1.982706334847986085e+01
3.520000000000000212e-02,4.488075429641481833e+02,1.163844526989719341e+01,1.983033421043414890e+01
3.522499999999999937e-02,4.488134881240419531e+02,1.164966553284772388e+01,1.983364627819378256e+01
3.524999999999999661e-02,4.488194036323270666e+02,1.166088594405629841e+01,1.983699954231387608e+01
3.527500000000000080e-02,4.488252896368915117e+02,1.167210650278347650e+01,1.984039399335324205e+01
3.529999999999999805e-02,4.488311462848857332e+02,1.168332720829350535e+01,1.984382962187438793e+01
3.532500000000000223e-02,4.488369737227262135e+02,1.169454805985430390e+01,1.984730641844348753e+01
3.534999999999999948e-02,4.488427720960991678e+02,1.170576905673743795e+01,1.985082437363036334e+01
3.537499999999999672e-02,4.488485415499643523e+02,1.171699019821811305e+01,1.985438347800847581e+01
3.540000000000000091e-02,4.488542822285583043e+02,1.172821148357514254e+01,1.985798372215489849e+01
3.542499999999999816e-02,4.488599942753983214e+02,1.173943291209094220e+01,1.986162509665030385e+01
3.545000000000000234e-02,4.488656778332858721e+02,1.175065448305150539e+01,1.986530759207893837e+01
3.547499999999999959e-02,4.488713330443101768e+02,1.176187619574638354e+01,1.986903119902861192e+01
3.549999999999999684e-02,4.488769600498518457e+02,1.177309804946867544e+01,1.987279590809067997e+01
3.552500000000000102e-02,4.488825589905862898e+02,1.178432004351500240e+01,1.987660170986002228e+01
3.554999999999999827e-02,4.488881300064873585e+02,1.179554217718549758e+01,1.988044859493502514e+01
3.557500000000000245e-02,4.488936732368306366e+02,1.180676444978378115e+01,1.988433655391757071e+01
3.559999999999999970e-02,4.488991888201973097e+02,1.181798686061694781e+01,1.988826557741300149e+01
3.562499999999999695e-02,4.489046768944771202e+02,1.182920940899554907e+01,1.989223565603013455e+01
3.565000000000000113e-02,4.489101375968722891e+02,1.184043209423357190e+01,1.989624678038121175e+01
3.567499999999999838e-02,4.489155710639006429e+02,1.185165491564843165e+01,1.990029894108189978e+01
3.570000000000000256e-02,4.489209774313991375e+02,1.186287787256093829e+01,1.990439212875127239e+01
3.572499999999999981e-02,4.489263568345272120e+02,1.187410096429529816e+01,1.990852633401178551e+01
3.574999999999999706e-02,4.489317094077703132e+02,1.188532419017908204e+01,1.991270154748927368e+01
3.577500000000000124e-02,4.489370352849429082e+02,1.189654754954321980e+01,1.991691775981291457e+01
3.579999999999999849e-02,4.489423345991923497e+02,1.190777104172197198e+01,1.992117496161523604e+01
3.582500000000000268e-02,4.489476074830017183e+02,1.191899466605292623e+01,1.992547314353207355e+01
3.584999999999999992e-02,4.489528540681933464e+02,1.193021842187696713e+01,1.992981229620257722e+01
3.587499999999999717e-02,4.489580744859321726e+02,1.194144230853827260e+01,1.993419241026917277e+01
3.590000000000000135e-02,4.489632688667288676e+02,1.195266632538428908e+01,1.993861347637756509e+01
3.592499999999999860e-02,4.489684373404433018e+02,1.196389047176571729e+01,1.994307548517671691e+01
3.595000000000000279e-02,4.489735800362875580e+02,1.197511474703649625e+01,1.994757842731881681e+01
3.597500000000000003e-02,4.489786970828292283e+02,1.198633915055378729e+01,1.995212229345928989e+01
3.599999999999999728e-02,4.489837886079948248e+02,1.199756368167795983e+01,1.995670707425675516e+01
3.602500000000000147e-02,4.489888547390727354e+02,1.200878833977257010e+01,1.996133276037303261e+01
3.604999999999999871e-02,4.489938956027164636e+02,1.202001312420435220e+01,1.996599934247310770e+01
3.607500000000000290e-02,4.489989113249478692e+02,1.203123803434319505e+01,1.997070681122512781e+01
3.610000000000000014e-02,4.490039020311602940e+02,1.204246306956213175e+01,1.997545515730038446e+01
3.612499999999999739e-02,4.490088678461216887e+02,1.205368822923732530e+01,1.998024437137329201e+01
3.615000000000000158e-02,4.490138088939775685e+02,1.206491351274804558e+01,1.998507444412138412e+01
3.617499999999999882e-02,4.490187252982544805e+02,1.207613891947666218e+01,1.998994536622528173e+01
3.620000000000000301e-02,4.490236171818627895e+02,1.208736444880861960e+01,1.999485712836868601e+01
3.622500000000000026e-02,4.490284846670997467e+02,1.209859010013243541e+01,1.999980972123837475e+01
3.624999999999999750e-02,4.490333278756529012e+02,1.210981587283967009e+01,2.000480313552416334e+01
3.627500000000000169e-02,4.490381469286025435e+02,1.212104176632492170e+01,2.000983736191890827e+01
3.629999999999999893e-02,4.490429419464253442e+02,1.213226777998580808e+01,2.001491239111847875e+01
3.632500000000000312e-02,4.490477130489970250e+02,1.214349391322294913e+01,2.002002821382175668e+01
3.635000000000000037e-02,4.490524603555953149e+02,1.215472016543995792e+01,2.002518482073061179e+01
3.637499999999999761e-02,4.490571839849031903e+02,1.216594653604341758e+01,2.003038220254988033e+01
3.640000000000000180e-02,4.490618840550116033e+02,1.217717302444287597e+01,2.003562034998736863e+01
3.642499999999999905e-02,4.490665606834225514e+02,1.218839963005082083e+01,2.004089925375382109e+01
3.645000000000000323e-02,4.490712139870519763e+02,1.219962635228267445e+01,2.004621890456291311e+01
3.647500000000000048e-02,4.490758440822327202e+02,1.221085319055677054e+01,2.005157929313124399e+01
3.649999999999999772e-02,4.490804510847174242e+02,1.222208014429434719e+01,2.005698041017829780e+01
3.652500000000000191e-02,4.490850351096813711e+02,1.223330721291952727e+01,2.006242224642646477e+01
3.654999999999999916e-02,4.490895962717254406e+02,1.224453439585930603e+01,2.006790479260098792e+01
3.657500000000000334e-02,4.490941346848788953e+02,1.225576169254353864e+01,2.007342803942998444e+01
3.660000000000000059e-02,4.490986504626023361e+02,1.226698910240492246e+01,2.007899197764440657e+01
3.662499999999999784e-02,4.491031437177904309e+02,1.227821662487898280e+01,2.008459659797803099e+01
3.665000000000000202e-02,4.491076145627747565e+02,1.228944425940406049e+01,2.009024189116746584e+01
3.667499999999999927e-02,4.491120631093266979e+02,1.230067200542130124e+01,2.009592784795210818e+01
3.670000000000000345e-02,4.491164894686601770e+02,1.231189986237463252e+01,2.010165445907414039e+01
3.672500000000000070e-02,4.491208937514343233e+02,1.232312782971076182e+01,2.010742171527853017e+01
3.674999999999999795e-02,4.491252760677565448e+02,1.233435590687915173e+01,2.011322960731299148e+01
3.677500000000000213e-02,4.491296365271849140e+02,1.234558409333200935e+01,2.011907812592799516e+01
3.679999999999999938e-02,4.491339752387311250e+02,1.235681238852427910e+01,2.012496726187673346e+01
3.682499999999999662e-02,4.491382923108632212e+02,1.236804079191361794e+01,2.013089700591513065e+01
3.685000000000000081e-02,4.491425878515082672e+02,1.237926930296039352e+01,2.013686734880180040e+01
3.687499999999999806e-02,4.491468619680549637e+02,1.239049792112765935e+01,2.014287828129806357e+01
3.690000000000000224e-02,4.491511147673564324e+02,1.240172664588115126e+01,2.014892979416790553e+01
3.692499999999999949e-02,4.491553463557328882e+02,1.241295547668926957e+01,2.015502187817798330e+01
3.694999999999999674e-02,4.491595568389743107e+02,1.242418441302306320e+01,2.016115452409760422e+01
3.697500000000000092e-02,4.491637463223429449e+02,1.243541345435621892e+01,2.016732772269871177e+01
3.699999999999999817e-02,4.491679149105760871e+02,1.244664260016505430e+01,2.017354146475587839e+01
3.702500000000000235e-02,4.491720627078886423e+02,1.245787184992849106e+01,2.017979574104628782e+01
3.704999999999999960e-02,4.491761898179758532e+02,1.246910120312805503e+01,2.018609054234971723e+01
3.707499999999999685e-02,4.491802963440156304e+02,1.248033065924785667e+01,2.019242585944853374e+01
3.710000000000000103e-02,4.491843823886713380e+02,1.249156021777457681e+01,2.019880168312767665e+01
3.712499999999999828e-02,4.491884480540942945e+02,1.250278987819746312e+01,2.020521800417465030e+01
3.715000000000000246e-02,4.491924934419263309e+02,1.251401964000830169e+01,2.021167481337949923e+01
3.717499999999999971e-02,4.491965186533024053e+02,1.252524950270142234e+01,2.021817210153480460e+01
3.719999999999999696e-02,4.492005237888529905e+02,1.253647946577366845e+01,2.022470985943567356e+01
3.722500000000000114e-02,4.492045089487066889e+02,1.254770952872440049e+01,2.023128807787971795e+01
3.724999999999999839e-02,4.492084742324926765e+02,1.255893969105547114e+01,2.023790674766704711e+01
3.727500000000000258e-02,4.492124197393432610e+02,1.257016995227121825e+01,2.024456585960025734e+01
3.729999999999999982e-02,4.492163455678963828e+02,1.258140031187845231e+01,2.025126540448441759e+01
3.732499999999999707e-02,4.492202518162978890e+02,1.259263076938644410e+01,2.025800537312705529e+01
3.735000000000000125e-02,4.492241385822042048e+02,1.260386132430691219e+01,2.026478575633813861e+01
3.737499999999999850e-02,4.492280059627846640e+02,1.261509197615401057e+01,2.027160654493008352e+01
3.740000000000000269e-02,4.492318540547240673e+02,1.262632272444431436e+01,2.027846772971772538e+01
3.742499999999999993e-02,4.492356829542248420e+02,1.263755356869680924e+01,2.028536930151830120e+01
3.744999999999999718e-02,4.492394927570096570e+02,1.264878450843288604e+01,2.029231125115145673e+01
3.747500000000000137e-02,4.492432835583238102e+02,1.266001554317631417e+01,2.029929356943922514e+01
3.749999999999999861e-02,4.492470554529375590e+02,1.267124667245324687e+01,2.030631624720600925e+01
3.752500000000000280e-02,4.492508085351483942e+02,1.268247789579219287e+01,2.031337927527858156e+01
3.755000000000000004e-02,4.492545428987836544e+02,1.269370921272401631e+01,2.032048264448605579e+01
3.757499999999999729e-02,4.492582586372025730e+02,1.270494062278192082e+01,2.032762634565989757e+01
3.760000000000000148e-02,4.492619558432988356e+02,1.271617212550144060e+01,2.033481036963389599e+01
3.762499999999999872e-02,4.492656346095027402e+02,1.272740372042042090e+01,2.034203470724414942e+01
3.765000000000000291e-02,4.492692950277836417e+02,1.273863540707901620e+01,2.034929934932907614e+01
3.767500000000000016e-02,4.492729371896522252e+02,1.274986718501967253e+01,2.035660428672937527e+01
3.769999999999999740e-02,4.492765611861626667e+02,1.276109905378712028e+01,2.036394951028803035e+01
3.772500000000000159e-02,4.492801671079151333e+02,1.277233101292835826e+01,2.037133501085029863e+01
3.774999999999999883e-02,4.492837550450578306e+02,1.278356306199264480e+01,2.037876077926370044e+01
3.777500000000000302e-02,4.492873250872893891e+02,1.279479520053148711e+01,2.038622680637799434e+01
3.780000000000000027e-02,4.492908773238610252e+02,1.280602742809862882e+01,2.039373308304518417e+01
3.782499999999999751e-02,4.492944118435788710e+02,1.281725974425003933e+01,2.040127960011949071e+01
3.785000000000000170e-02,4.492979287348060211e+02,1.282849214854390318e+01,2.040886634845735870e+01
3.787499999999999895e-02,4.493014280854650337e+02,1.283972464054060936e+01,2.041649331891743202e+01
3.790000000000000313e-02,4.493049099830398632e+02,1.285095721980273531e+01,2.042416050236055014e+01
3.792500000000000038e-02,4.493083745145780199e+02,1.286218988589504342e+01,2.043186788964972678e+01
3.794999999999999762e-02,4.493118217666930718e+02,1.287342263838446854e+01,2.043961547165015347e+01
3.797500000000000181e-02,4.493152518255664631e+02,1.288465547684010204e+01,2.044740323922918179e+01
3.799999999999999906e-02,4.493186647769498450e+02,1.289588840083318466e+01,2.045523118325630563e+01
3.802500000000000324e-02,4.493220607061672354e+02,1.290712140993709767e+01,2.046309929460316468e+01
3.805000000000000049e-02,4.493254396981169521e+02,1.291835450372734861e+01,2.047100756414352318e+01
3.807499999999999774e-02,4.493288018372739998e+02,1.292958768178156426e+01,2.047895598275326279e+01
3.810000000000000192e-02,4.493321472076921168e+02,1.294082094367947278e+01,2.048694454131036835e+01
3.812499999999999917e-02,4.493354758930055937e+02,1.295205428900290556e+01,2.049497323069493149e+01
3.815000000000000335e-02,4.493387879764318313e+02,1.296328771733577412e+01,2.050304204178911860e+01
3.817500000000000060e-02,4.493420835407730465e+02,1.297452122826406828e+01,2.051115096547717442e+01
3.819999999999999785e-02,4.493453626684185451e+02,1.298575482137584203e+01,2.051929999264541138e+01
3.822500000000000203e-02,4.493486254413467123e+02,1.299698849626120101e+01,2.052748911418219180e+01
3.824999999999999928e-02,4.493518719411270013e+02,1.300822225251229902e+01,2.053571832097792438e+01
3.827500000000000346e-02,4.493551022489220372e+02,1.301945608972332380e+01,2.054398760392505707e+01
3.830000000000000071e-02,4.493583164454897769e+02,1.303069000749048456e+01,2.055229695391805222e+01
3.832499999999999796e-02,4.493615146111852710e+02,1.304192400541200847e+01,2.056064636185339367e+01
3.835000000000000214e-02,4.493646968259627670e+02,1.305315808308811931e+01,2.056903581862956543e+01
3.837499999999999939e-02,4.493678631693778698e+02,1.306439224012104461e+01,2.057746531514704813e+01
3.839999999999999664e-02,4.493710137205893034e+02,1.307562647611498718e+01,2.058593484230830484e+01
3.842500000000000082e-02,4.493741485583610142e+02,1.308686079067612873e+01,2.059444439101777036e+01
3.844999999999999807e-02,4.493772677610641040e+02,1.309809518341261381e+01,2.060299395218184415e+01
3.847500000000000225e-02,4.493803714066788757e+02,1.310932965393453919e+01,2.061158351670888678e+01
3.849999999999999950e-02,4.493834595727964825e+02,1.312056420185395211e+01,2.062021307550919502e+01
3.852499999999999675e-02,4.493865323366213715e+02,1.313179882678482713e+01,2.062888261949500546e+01
3.855000000000000093e-02,4.493895897749727055e+02,1.314303352834306970e+01,2.063759213958047667e+01
3.857499999999999818e-02,4.493926319642866360e+02,1.315426830614650022e+01,2.064634162668168571e+01
3.860000000000000236e-02,4.493956589806181228e+02,1.316550315981484331e+01,2.065513107171661744e+01
3.862499999999999961e-02,4.493986708996426387e+02,1.317673808896972076e+01,2.066396046560514677e+01
3.864999999999999686e-02,4.494016677966583302e+02,1.318797309323464262e+01,2.067282979926904218e+01
3.867500000000000104e-02,4.494046497465878360e+02,1.319920817223499476e+01,2.068173906363194803e+01
3.869999999999999829e-02,4.494076168239799927e+02,1.321044332559803358e+01,2.069068824961937025e+01
3.872500000000000248e-02,4.494105691030119374e+02,1.322167855295287353e+01,2.069967734815868710e+01
3.874999999999999972e-02,4.494135066574908137e+02,1.323291385393048003e+01,2.070870635017912065e+01
3.877499999999999697e-02,4.494164295608555335e+02,1.324414922816365703e+01,2.071777524661172620e+01
3.880000000000000115e-02,4.494193378861789370e+02,1.325538467528703990e+01,2.072688402838939936e+01
3.882499999999999840e-02,4.494222317061692706e+02,1.326662019493708833e+01,2.073603268644685471e+01
3.885000000000000259e-02,4.494251110931722337e+02,1.327785578675207212e+01,2.074522121172062228e+01
3.887499999999999983e-02,4.494279761191725697e+02,1.328909145037207118e+01,2.075444959514903331e+01
3.889999999999999708e-02,4.494308268557961128e+02,1.330032718543895420e+01,2.076371782767221674e+01
3.892500000000000127e-02,4.494336633743114362e+02,1.331156299159637690e+01,2.077302590023208850e+01
3.894999999999999851e-02,4.494364857456316145e+02,1.332279886848977668e+01,2.078237380377233379e+01
3.897500000000000270e-02,4.494392940403161560e+02,1.333403481576635308e+01,2.079176152923841769e+01
3.899999999999999994e-02,4.494420883285724813e+02,1.334527083307507134e+01,2.080118906757755326e+01
3.902499999999999719e-02,4.494448686802580255e+02,1.335650692006664464e+01,2.081065640973871922e+01
3.905000000000000138e-02,4.494476351648816603e+02,1.336774307639352521e+01,2.082016354667261737e+01
3.907499999999999862e-02,4.494503878516056830e+02,1.337897930170990612e+01,2.082971046933170101e+01
3.910000000000000281e-02,4.494531268092474079e+02,1.339021559567169639e+01,2.083929716867013582e+01
3.912500000000000006e-02,4.494558521062808722e+02,1.340145195793652988e+01,2.084892363564381057e+01
3.914999999999999730e-02,4.494585638108387116e+02,1.341268838816374043e+01,2.085858986121031933e+01
3.917500000000000149e-02,4.494612619907135809e+02,1.342392488601436540e+01,2.086829583632895080e+01
3.919999999999999873e-02,4.494639467133602579e+02,1.343516145115113325e+01,2.087804155196069544e+01
3.922500000000000292e-02,4.494666180458968370e+02,1.344639808323844932e+01,2.088782699906821350e+01
3.925000000000000017e-02,4.494692760551068318e+02,1.345763478194239937e+01,2.089765216861584207e+01
3.927499999999999741e-02,4.494719208074405401e+02,1.346887154693073185e+01,2.090751705156959517e+01
3.930000000000000160e-02,4.494745523690169762e+02,1.348010837787284899e+01,2.091742163889712458e+01
3.932499999999999885e-02,4.494771708056252919e+02,1.349134527443980680e+01,2.092736592156774833e+01
3.935000000000000303e-02,4.494797761827265390e+02,1.350258223630430088e+01,2.093734989055241513e+01
3.937500000000000028e-02,4.494823685654553174e+02,1.351381926314065751e+01,2.094737353682370795e+01
3.939999999999999752e-02,4.494849480186212531e+02,1.352505635462482836e+01,2.095743685135583689e+01
3.942500000000000171e-02,4.494875146067108744e+02,1.353629351043437978e+01,2.096753982512462500e+01
3.944999999999999896e-02,4.494900683938889756e+02,1.354753073024848931e+01,2.097768244910750823e+01
3.947500000000000314e-02,4.494926094440003794e+02,1.355876801374793139e+01,2.098786471428351064e+01
3.950000000000000039e-02,4.494951378205715287e+02,1.357000536061507567e+01,2.099808661163326562e+01
3.952499999999999764e-02,4.494976535868119072e+02,1.358124277053387452e+01,2.100834813213898045e+01
3.955000000000000182e-02,4.495001568056158021e+02,1.359248024318985593e+01,2.101864926678443624e+01
3.957499999999999907e-02,4.495026475395638386e+02,1.360371777827011464e+01,2.102899000655498796e+01
3.960000000000000325e-02,4.495051258509244576e+02,1.361495537546331214e+01,2.103937034243755377e+01
3.962500000000000050e-02,4.495075918016556216e+02,1.362619303445965535e+01,2.104979026542059728e+01
3.964999999999999775e-02,4.495100454534061782e+02,1.363743075495090373e+01,2.106024976649413105e+01
3.967500000000000193e-02,4.495124868675175662e+02,1.364866853663034618e+01,2.107074883664970599e+01
3.969999999999999918e-02,4.495149161050252928e+02,1.365990637919280815e+01,2.108128746688040067e+01
3.972500000000000336e-02,4.495173332266604120e+02,1.367114428233463208e+01,2.109186564818081777e+01
3.975000000000000061e-02,4.495197382928511161e+02,1.368238224575367923e+01,2.110248337154706988e+01
3.977499999999999786e-02,4.495221313637240996e+02,1.369362026914931363e+01,2.111314062797677948e+01
3.980000000000000204e-02,4.495245124991063221e+02,1.370485835222240212e+01,2.112383740846907543e+01
3.982499999999999929e-02,4.495268817585263150e+02,1.371609649467530190e+01,2.113457370402456448e+01
3.984999999999999654e-02,4.495292392012156029e+02,1.372733469621185520e+01,2.114534950564534554e+01
3.987500000000000072e-02,4.495315848861104655e+02,1.373857295653738220e+01,2.115616480433500257e+01
3.989999999999999797e-02,4.495339188718530750e+02,1.374981127535866854e+01,2.116701959109857256e+01
3.992500000000000215e-02,4.495362412167932575e+02,1.376104965238396716e+01,2.117791385694256334e+01
3.994999999999999940e-02,4.495385519789896875e+02,1.377228808732298582e+01,2.118884759287494290e+01
3.997499999999999665e-02,4.495408512162115926e+02,1.378352657988687646e+01,2.119982078990512164e+01
4.000000000000000083e-02,4.495431389859400610e+02,1.379476512978823344e+01,2.121083343904394880e+01
4.009999999999999676e-02,4.495521765295358705e+02,1.383971989707025507e+01,2.125578820632596688e+01
4.019999999999999962e-02,4.495610351177783741e+02,1.388467555912904139e+01,2.130074386838475675e+01
4.030000000000000249e-02,4.495697182942211043e+02,1.392963209824682913e+01,2.134570040750254094e+01
4.039999999999999841e-02,4.495782295322503614e+02,1.397458949705668196e+01,2.139065780631239733e+01
4.050000000000000128e-02,4.495865722364748081e+02,1.401954773853555913e+01,2.143561604779127450e+01
4.059999999999999720e-02,4.495947497440874372e+02,1.406450680599749603e+01,2.148057511525320962e+01
4.070000000000000007e-02,4.496027653262002559e+02,1.410946668308693219e+01,2.152553499234264578e+01
4.080000000000000293e-02,4.496106221891530481e+02,1.415442735377216898e+01,2.157049566302788079e+01
4.089999999999999886e-02,4.496183234757957052e+02,1.419938880233895517e+01,2.161545711159466876e+01
4.100000000000000172e-02,4.496258722667456027e+02,1.424435101338420573e+01,2.166041932263992109e+01
4.109999999999999765e-02,4.496332715816197947e+02,1.428931397180983431e+01,2.170538228106554968e+01
4.120000000000000051e-02,4.496405243802428231e+02,1.433427766281672078e+01,2.175034597207243436e+01
4.130000000000000338e-02,4.496476335638308797e+02,1.437924207189877990e+01,2.179531038115449348e+01
4.139999999999999930e-02,4.496546019761521507e+02,1.442420718483717401e+01,2.184027549409288582e+01
4.150000000000000216e-02,4.496614324046645947e+02,1.446917298769461091e+01,2.188524129695032627e+01
4.159999999999999809e-02,4.496681275816305288e+02,1.451413946680978206e+01,2.193020777606549387e+01
4.170000000000000095e-02,4.496746901852101246e+02,1.455910660879188256e+01,2.197517491804759615e+01
4.179999999999999688e-02,4.496811228405322822e+02,1.460407440051527317e+01,2.202014270977098676e+01
4.189999999999999974e-02,4.496874281207449258e+02,1.464904282911420985e+01,2.206511113836992166e+01
4.200000000000000261e-02,4.496936085480441534e+02,1.469401188197771368e+01,2.211008019123342550e+01
4.209999999999999853e-02,4.496996665946833218e+02,1.473898154674451710e+01,2.215504985600023247e+01
4.220000000000000140e-02,4.497056046839618944e+02,1.478395181129812386e+01,2.220002012055383744e+01
4.229999999999999732e-02,4.497114251911947349e+02,1.482892266376195956e+01,2.224499097301767492e+01
4.240000000000000019e-02,4.497171304446623026e+02,1.487389409249462169e+01,2.228996240175033705e+01
4.250000000000000305e-02,4.497227227265420879e+02,1.491886608608522380e+01,2.233493439534093739e+01
4.259999999999999898e-02,4.497282042738214614e+02,1.496383863334882669e+01,2.237990694260454205e+01
4.270000000000000184e-02,4.497335772791923318e+02,1.500881172332197266e+01,2.242488003257768625e+01
4.279999999999999777e-02,4.497388438919285250e+02,1.505378534525829082e+01,2.246985365451400440e+01
4.290000000000000063e-02,4.497440062187453691e+02,1.509875948862420714e+01,2.251482779787992072e+01
4.299999999999999656e-02,4.497490663246423992e+02,1.514373414309472210e+01,2.255980245235043569e+01
4.309999999999999942e-02,4.497540262337295189e+02,1.518870929854928598e+01,2.260477760780500134e+01
4.320000000000000229e-02,4.497588879300363942e+02,1.523368494506775228e+01,2.264975325432346409e+01
4.329999999999999821e-02,4.497636533583063851e+02,1.527866107292640230e+01,2.269472938218211411e+01
4.340000000000000108e-02,4.490505868301763712e+02,1.532360166609219654e+01,2.273966997534791190e+01
4.349999999999999700e-02,4.460803907963886559e+02,1.536835771994415367e+01,2.278442602919986726e+01
4.359999999999999987e-02,4.431101947626009405e+02,1.541281675419273078e+01,2.282888506344844259e+01
4.370000000000000273e-02,4.401399987288132252e+02,1.545697876883792965e+01,2.287304707809364146e+01
4.379999999999999866e-02,4.371698026950255098e+02,1.550084376387974849e+01,2.291691207313546386e+01
4.390000000000000152e-02,4.341996066612377945e+02,1.554441173931819087e+01,2.296048004857390268e+01
4.399999999999999745e-02,4.312294106274500791e+02,1.558768269515325322e+01,2.300375100440896503e+01
4.410000000000000031e-02,4.282592145936623638e+02,1.563065663138493555e+01,2.304672494064065091e+01
4.420000000000000318e-02,4.252890185598745916e+02,1.567333354801324141e+01,2.308940185726895322e+01
4.429999999999999910e-02,4.223188225260868762e+02,1.571571344503816725e+01,2.313178175429387906e+01
4.440000000000000197e-02,4.193486264922991609e+02,1.575779632245971307e+01,2.317386463171542843e+01
4.449999999999999789e-02,4.163784304585114455e+02,1.579958218027788241e+01,2.321565048953359423e+01
4.460000000000000075e-02,4.134082344247237302e+02,1.584107101849267174e+01,2.325713932774838710e+01
4.469999999999999668e-02,4.104380383909360148e+02,1.588226283710408282e+01,2.329833114635979641e+01
4.479999999999999954e-02,4.074678423571482995e+02,1.592315763611211565e+01,2.333922594536782924e+01
4.490000000000000241e-02,4.044976463233605841e+02,1.596375541551676847e+01,2.337982372477248205e+01
4.499999999999999833e-02,4.015274502895728688e+02,1.600405617531804126e+01,2.342012448457375484e+01
4.510000000000000120e-02,3.985572542557851534e+02,1.604405991551593758e+01,2.346012822477165116e+01
4.519999999999999712e-02,3.955870582219974381e+02,1.608376663611045387e+01,2.349983494536616746e+01
4.529999999999999999e-02,3.926168621882097227e+02,1.612317633710159370e+01,2.353924464635730729e+01
4.540000000000000285e-02,3.896466661544220074e+02,1.616228901848935351e+01,2.357835732774506710e+01
4.549999999999999878e-02,3.866764701206342920e+02,1.620110468027373329e+01,2.361717298952944688e+01
4.560000000000000164e-02,3.837062740868465767e+02,1.623962332245473661e+01,2.365569163171045020e+01
4.569999999999999757e-02,3.807360780530588613e+02,1.627784494503235990e+01,2.369391325428807349e+01
4.580000000000000043e-02,3.777658820192711460e+02,1.631576954800660317e+01,2.373183785726231676e+01
4.590000000000000330e-02,3.747956859854834875e+02,1.635339713137746998e+01,2.376946544063318356e+01
4.599999999999999922e-02,3.718254899516957721e+02,1.639072769514495675e+01,2.380679600440067034e+01
4.610000000000000209e-02,3.688552939179080568e+02,1.642776123930906351e+01,2.384382954856477710e+01
4.619999999999999801e-02,3.658850978841203414e+02,1.646449776386979380e+01,2.388056607312550739e+01
4.630000000000000088e-02,3.629149018503326261e+02,1.650093726882714407e+01,2.391700557808285765e+01
4.639999999999999680e-02,3.599447058165449107e+02,1.653707975418111431e+01,2.395314806343682790e+01
4.649999999999999967e-02,3.569745097827571954e+02,1.657292521993170809e+01,2.398899352918742167e+01
4.660000000000000253e-02,3.540043137489694800e+02,1.660847366607892184e+01,2.402454197533463542e+01
4.669999999999999846e-02,3.510341177151817647e+02,1.664372509262275912e+01,2.405979340187847271e+01
4.680000000000000132e-02,3.480639216813941061e+02,1.667867949956321638e+01,2.409474780881892997e+01
4.689999999999999725e-02,3.450937256476063908e+02,1.671333688690029362e+01,2.412940519615600721e+01
4.700000000000000011e-02,3.421235296138186754e+02,1.674769725463399084e+01,2.416376556388970442e+01
4.710000000000000298e-02,3.391533335800309601e+02,1.678176060276431159e+01,2.419782891202002517e+01
4.719999999999999890e-02,3.361831375462433016e+02,1.681552693129125231e+01,2.423159524054696590e+01
4.730000000000000177e-02,3.332129415124555862e+02,1.684899624021481657e+01,2.426506454947053015e+01
4.739999999999999769e-02,3.302427454786679277e+02,1.688216852953500080e+01,2.429823683879071439e+01
4.750000000000000056e-02,3.272725494448802124e+02,1.691504379925180501e+01,2.433111210850751860e+01
4.760000000000000342e-02,3.243023534110924970e+02,1.694762204936523275e+01,2.436369035862094634e+01
4.769999999999999934e-02,3.213321573773047817e+02,1.697990327987528048e+01,2.439597158913099406e+01
4.780000000000000221e-02,3.183619613435170663e+02,1.701188749078194817e+01,2.442795580003766176e+01
4.789999999999999813e-02,3.153917653097294078e+02,1.704357468208523940e+01,2.445964299134095299e+01
4.800000000000000100e-02,3.124215692759416925e+02,1.707496485378515061e+01,2.449103316304086420e+01
4.809999999999999692e-02,3.094513732421539771e+02,1.710605800588168535e+01,2.452212631513739893e+01
4.819999999999999979e-02,3.064811772083662618e+02,1.713685413837483651e+01,2.455292244763055010e+01
4.830000000000000265e-02,3.035109811745786033e+02,1.716735325126461120e+01,2.458342156052032479e+01
4.839999999999999858e-02,3.005407851407908879e+02,1.719755534455100943e+01,2.461362365380672301e+01
4.850000000000000144e-02,2.975705891070031726e+02,1.722746041823402763e+01,2.464352872748974121e+01
4.859999999999999737e-02,2.946003930732154572e+02,1.725706847231366581e+01,2.467313678156937939e+01
4.870000000000000023e-02,2.916301970394277419e+02,1.728637950678992397e+01,2.470244781604563755e+01
4.880000000000000310e-02,2.886600010056400265e+02,1.731539352166280565e+01,2.473146183091851924e+01
4.889999999999999902e-02,2.856898049718523112e+02,1.734411051693231087e+01,2.476017882618802446e+01
4.900000000000000189e-02,2.827196089380646526e+02,1.737253049259843252e+01,2.478859880185414610e+01
4.909999999999999781e-02,2.797494129042769373e+02,1.740065344866117769e+01,2.481672175791689128e+01
4.920000000000000068e-02,2.767792168704892219e+02,1.742847938512054284e+01,2.484454769437625643e+01
4.929999999999999660e-02,2.738090208367015066e+02,1.745600830197653153e+01,2.487207661123224511e+01
4.939999999999999947e-02,2.708388248029137912e+02,1.748324019922914019e+01,2.489930850848485377e+01
4.950000000000000233e-02,2.678686287691260759e+02,1.751017507687836883e+01,2.492624338613408241e+01
4.959999999999999826e-02,2.648984327353383605e+02,1.753681293492422100e+01,2.495288124417993458e+01
4.970000000000000112e-02,2.619282367015507020e+02,1.756315377336669314e+01,2.497922208262240673e+01
4.979999999999999705e-02,2.589580406677629867e+02,1.758919759220578882e+01,2.500526590146150241e+01
4.989999999999999991e-02,2.559878446339752429e+02,1.761494439144150093e+01,2.503101270069721451e+01
5.000000000000000278e-02,2.530176486001875276e+02,1.764039417107383656e+01,2.505646248032955015e+01
5.009999999999999870e-02,2.500474525663998122e+02,1.766554693110279572e+01,2.508161524035850931e+01
5.020000000000000157e-02,2.470772565326120969e+02,1.769040267152837487e+01,2.510647098078408845e+01
5.029999999999999749e-02,2.441070604988243815e+02,1.771496139235057399e+01,2.513102970160628757e+01
5.040000000000000036e-02,2.411368644650366662e+02,1.773922309356939309e+01,2.515529140282510667e+01
5.050000000000000322e-02,2.381666684312489508e+02,1.776318777518483571e+01,2.517925608444054930e+01
5.059999999999999915e-02,2.351964723974612355e+02,1.778685543719689832e+01,2.520292374645261191e+01
5.070000000000000201e-02,2.322262763636735485e+02,1.781022607960558446e+01,2.522629438886129805e+01
5.079999999999999793e-02,2.292560803298858332e+02,1.783329970241089057e+01,2.524936801166660416e+01
5.090000000000000080e-02,2.262858842960981178e+02,1.785607630561281667e+01,2.527214461486853025e+01
5.099999999999999672e-02,2.233156882623104309e+02,1.787855588921136629e+01,2.529462419846707988e+01
5.109999999999999959e-02,2.203454922285227155e+02,1.790073845320653589e+01,2.531680676246224948e+01
5.120000000000000245e-02,2.173752961947350002e+02,1.792262399759832547e+01,2.533869230685403906e+01
5.129999999999999838e-02,2.144051001609472848e+02,1.794421252238673858e+01,2.536028083164245217e+01
5.140000000000000124e-02,2.114349041271595695e+02,1.796550402757177167e+01,2.538157233682748526e+01
5.149999999999999717e-02,2.084647080933718541e+02,1.798649851315342474e+01,2.540256682240913833e+01
5.160000000000000003e-02,2.054945120595841672e+02,1.800719597913170134e+01,2.542326428838741492e+01
5.170000000000000290e-02,2.025243160257964519e+02,1.802759642550659791e+01,2.544366473476231150e+01
5.179999999999999882e-02,1.995541199920087649e+02,1.804769985227811802e+01,2.546376816153383160e+01
5.190000000000000169e-02,1.965839239582210496e+02,1.806750625944625455e+01,2.548357456870196813e+01
5.199999999999999761e-02,1.936137279244333342e+02,1.808701564701101816e+01,2.550308395626673175e+01
5.210000000000000048e-02,1.906435318906456189e+02,1.810622801497239820e+01,2.552229632422811179e+01
5.220000000000000334e-02,1.876733358568579320e+02,1.812514336333040177e+01,2.554121167258611536e+01
5.229999999999999927e-02,1.847031398230702450e+02,1.814376169208502532e+01,2.555983000134073890e+01
5.240000000000000213e-02,1.817329437892825581e+02,1.816208300123627239e+01,2.557815131049198598e+01
5.249999999999999806e-02,1.787627477554948712e+02,1.818010729078413945e+01,2.559617560003985304e+01
5.260000000000000092e-02,1.757925517217072127e+02,1.819783456072862649e+01,2.561390286998434007e+01
5.269999999999999685e-02,1.728223556879195257e+02,1.821526481106973705e+01,2.563133312032545064e+01
5.279999999999999971e-02,1.698521596541318388e+02,1.823239804180746759e+01,2.564846635106318118e+01
5.290000000000000258e-02,1.668819636203441803e+02,1.824923425294181811e+01,2.566530256219753170e+01
5.299999999999999850e-02,1.639117675865565218e+02,1.826577344447279216e+01,2.568184175372850575e+01
5.310000000000000137e-02,1.609415715527688633e+02,1.828201561640038619e+01,2.569808392565609978e+01
5.319999999999999729e-02,1.579713755189811764e+02,1.829796076872460020e+01,2.571402907798031379e+01
5.330000000000000016e-02,1.550011794851935178e+02,1.831360890144543774e+01,2.572967721070115132e+01
5.340000000000000302e-02,1.520309834514058878e+02,1.832896001456289525e+01,2.574502832381860884e+01
5.349999999999999895e-02,1.490607874176182293e+02,1.834401410807697275e+01,2.576008241733268633e+01
5.360000000000000181e-02,1.460905913838305707e+02,1.835877118198767377e+01,2.577483949124338736e+01
5.369999999999999774e-02,1.431203953500429122e+02,1.837323123629499477e+01,2.578929954555070836e+01
5.380000000000000060e-02,1.401501993162552537e+02,1.838739427099893931e+01,2.580346258025465289e+01
5.390000000000000346e-02,1.371800032824675952e+02,1.840126028609950382e+01,2.581732859535521740e+01
5.399999999999999939e-02,1.342098072486799367e+02,1.841482928159668830e+01,2.583089759085240189e+01
5.410000000000000225e-02,1.312396112148922782e+02,1.842810125749049277e+01,2.584416956674620636e+01
5.419999999999999818e-02,1.282694151811046197e+02,1.844107621378092077e+01,2.585714452303663435e+01
5.430000000000000104e-02,1.252992191473169612e+02,1.845375415046797229e+01,2.586982245972368588e+01
5.439999999999999697e-02,1.223290231135293027e+02,1.846613506755164025e+01,2.588220337680735383e+01
5.449999999999999983e-02,1.193588270797416300e+02,1.847821896503193173e+01,2.589428727428764532e+01
5.460000000000000270e-02,1.163886310459539573e+02,1.849000584290884674e+01,2.590607415216456033e+01
5.469999999999999862e-02,1.134184350121662845e+02,1.850149570118237818e+01,2.591756401043809177e+01
5.480000000000000149e-02,1.104482389783785692e+02,1.851268853985253315e+01,2.592875684910824674e+01
5.489999999999999741e-02,1.074780429445908396e+02,1.852358435891931165e+01,2.593965266817502524e+01
5.500000000000000028e-02,1.045078469108031243e+02,1.853418315838270658e+01,2.595025146763842017e+01
5.510000000000000314e-02,1.015376508770154231e+02,1.854448493824272859e+01,2.596055324749844218e+01
5.519999999999999907e-02,9.856745484322770778e+01,1.855448969849936702e+01,2.597055800775508061e+01
5.530000000000000193e-02,9.559725880944002085e+01,1.856419743915262899e+01,2.598026574840834257e+01
5.539999999999999786e-02,9.262706277565234814e+01,1.857360816020251093e+01,2.598967646945822452e+01
5.550000000000000072e-02,8.965686674186468963e+01,1.858272186164901285e+01,2.599879017090472644e+01
5.559999999999999665e-02,8.668667070807697428e+01,1.859153854349213830e+01,2.600760685274785189e+01
5.569999999999999951e-02,8.371647467428927314e+01,1.860005820573188728e+01,2.601612651498760087e+01
5.580000000000000238e-02,8.074627864050158621e+01,1.860828084836825269e+01,2.602434915762396628e+01
5.589999999999999830e-02,7.777608260671389928e+01,1.861620647140124163e+01,2.603227478065695522e+01
5.600000000000000117e-02,7.480588657292624077e+01,1.862383507483085054e+01,2.603990338408656413e+01
5.609999999999999709e-02,7.183569053913856806e+01,1.863116665865708299e+01,2.604723496791279658e+01
5.619999999999999996e-02,6.886549450535090955e+01,1.863820122287993541e+01,2.605426953213564900e+01
5.630000000000000282e-02,6.589529847156327946e+01,1.864493876749940782e+01,2.606100707675512140e+01
5.639999999999999875e-02,6.292510243777560675e+01,1.865137929251550375e+01,2.606744760177121734e+01
5.650000000000000161e-02,5.995490640398795534e+01,1.865752279792821966e+01,2.607359110718393325e+01
5.659999999999999754e-02,5.698471037020029684e+01,1.866336928373755555e+01,2.607943759299326913e+01
5.670000000000000040e-02,5.401451433641263122e+01,1.866891874994351497e+01,2.608498705919922855e+01
5.680000000000000326e-02,5.104431830262495851e+01,1.867417119654609436e+01,2.609023950580180795e+01
5.689999999999999919e-02,4.807412226883725737e+01,1.867912662354529729e+01,2.609519493280101088e+01
5.700000000000000205e-02,4.510392623504959175e+01,1.868378503094111664e+01,2.609985334019683023e+01
5.709999999999999798e-02,4.213373020126193325e+01,1.868814641873356308e+01,2.610421472798927667e+01
5.720000000000000084e-02,3.916353416747426053e+01,1.869221078692262594e+01,2.610827909617833953e+01
5.729999999999999677e-02,3.619333813368657360e+01,1.869597813550831233e+01,2.611204644476402592e+01
5.739999999999999963e-02,3.322314209989895772e+01,1.869944846449061870e+01,2.611551677374633229e+01
5.750000000000000250e-02,3.025294606611129922e+01,1.870262177386954860e+01,2.611869008312526219e+01
5.759999999999999842e-02,2.728275003232356966e+01,1.870549806364509848e+01,2.612156637290081207e+01
5.770000000000000129e-02,2.431255399853584009e+01,1.870807733381726834e+01,2.612414564307298193e+01
5.779999999999999721e-02,2.134235796474818159e+01,1.871035958438606173e+01,2.612642789364177531e+01
5.790000000000000008e-02,1.837216193096041650e+01,1.871234481535147509e+01,2.612841312460718868e+01
5.800000000000000294e-02,1.540196589717278819e+01,1.871403302671350843e+01,2.613010133596922202e+01
5.809999999999999887e-02,1.243176986338527001e+01,1.871542421847216531e+01,2.613149252772787889e+01
5.820000000000000173e-02,9.461573829597801577e+00,1.871651839062744216e+01,2.613258669988315575e+01
5.829999999999999766e-02,6.491377795810262974e+00,1.871731554317933899e+01,2.613338385243505257e+01
5.840000000000000052e-02,3.521181762022695949e+00,1.871781567612785935e+01,2.613388398538357293e+01
5.850000000000000339e-02,5.509857282353577412e-01,1.871801878947299969e+01,2.613408709872871327e+01
5.859999999999999931e-02,-5.473247179594613598e-01,1.871801878947299258e+01,2.613408709872870617e+01
5.870000000000000218e-02,-1.078259515827144188e+00,1.871793742177275988e+01,2.613400573102847346e+01
5.879999999999999810e-02,1.891936517961886111e+00,1.871797860065224128e+01,2.613404690990795132e+01
5.890000000000000097e-02,-1.078259515824742998e+00,1.871801878947297482e+01,2.613408709872868840e+01
5.899999999999999689e-02,-2.332656734557528200e+00,1.871784803459564728e+01,2.613391634385136086e+01
5.909999999999999976e-02,6.375392992312125529e-01,1.871776377375325140e+01,2.613383208300896499e+01
5.920000000000000262e-02,-2.332656734555601297e+00,1.871767852285211475e+01,2.613374683210782834e+01
5.929999999999999855e-02,6.375392992329034225e-01,1.871759426200971888e+01,2.613366257126543246e+01
5.940000000000000141e-02,3.607735333021635515e+00,1.871780702077070302e+01,2.613387533002641661e+01
5.949999999999999734e-02,6.375392992347342913e-01,1.871801878947294639e+01,2.613408709872865998e+01
5.960000000000000020e-02,-2.332656734552188915e+00,1.871793353857180620e+01,2.613400184782751978e+01
5.970000000000000306e-02,-2.394770146258488275e+00,1.871769715687560165e+01,2.613376546613131524e+01
5.979999999999999899e-02,5.754258875299549381e-01,1.871760668469203637e+01,2.613367499394774995e+01
5.990000000000000185e-02,3.545621921318408809e+00,1.871781323211185111e+01,2.613388154136756469e+01
5.999999999999999778e-02,5.754258875312149302e-01,1.871801878947292153e+01,2.613408709872863511e+01
6.010000000000000064e-02,-2.394770146255975174e+00,1.871792732723061192e+01,2.613399563648632551e+01
6.019999999999999657e-02,5.754258875322201261e-01,1.871783685504704664e+01,2.613390516430276023e+01
6.029999999999999943e-02,-5.746591693322891103e-01,1.871783670170339420e+01,2.613390501095910778e+01
6.040000000000000230e-02,2.395536864455892534e+00,1.871792824061752114e+01,2.613399654987323473e+01
6.049999999999999822e-02,-5.746591693315683536e-01,1.871801878947290732e+01,2.613408709872862090e+01
6.060000000000000109e-02,-3.446213485758490513e+00,1.871781726725095396e+01,2.613388557650666755e+01
6.069999999999999701e-02,-4.760174519705624441e-01,1.871762165073344164e+01,2.613368995998915523e+01
6.079999999999999988e-02,4.950326722873017449e-01,1.871762276333506492e+01,2.613369107259077850e+01
6.090000000000000274e-02,3.465228706075234033e+00,1.871782127143335472e+01,2.613388958068906831e+01
6.099999999999999867e-02,4.950326722877465557e-01,1.871801878947290021e+01,2.613408709872861380e+01
6.110000000000000153e-02,-2.475163361499731263e+00,1.871791928790906923e+01,2.613398759716478281e+01
6.119999999999999746e-02,4.950326722881422947e-01,1.871782077640397901e+01,2.613388908565969260e+01
6.130000000000000032e-02,-2.475163361499402637e+00,1.871772127484014803e+01,2.613378958409586161e+01
6.140000000000000319e-02,4.950326722883256481e-01,1.871762276333505781e+01,2.613369107259077140e+01
6.149999999999999911e-02,3.465228706076178167e+00,1.871782127143335117e+01,2.613388958068906476e+01
6.160000000000000198e-02,4.950326722887513076e-01,1.871801878947289666e+01,2.613408709872861024e+01
6.169999999999999790e-02,-1.408451074748687137e+00,1.871797280130759589e+01,2.613404111056330947e+01
6.180000000000000077e-02,-4.378647108536116939e+00,1.871768295136905991e+01,2.613375126062477349e+01
6.189999999999999669e-02,-1.408451074748116705e+00,1.871739409148926825e+01,2.613346240074498184e+01
6.199999999999999956e-02,1.561744959039724767e+00,1.871740225121285661e+01,2.613347056046857020e+01
6.210000000000000242e-02,4.531940992827688142e+00,1.871770743053982144e+01,2.613377573979553503e+01
6.219999999999999835e-02,1.561744959040013647e+00,1.871801161980804196e+01,2.613407992906375554e+01
6.230000000000000121e-02,-1.408451074748142684e+00,1.871801878947288600e+01,2.613408709872859959e+01
6.239999999999999714e-02,1.399092658072037088e+00,1.871801878947288600e+01,2.613408709872859959e+01
6.250000000000000000e-02,-1.571103375716099926e+00,1.871800969390763214e+01,2.613407800316334573e+01
6.260000000000000286e-02,1.399092658071166895e+00,1.871800158840112260e+01,2.613406989765683619e+01
6.270000000000000573e-02,-1.307231666226073674e+00,1.871800573039966764e+01,2.613407403965538123e+01
6.279999999999999472e-02,-4.277427700014189149e+00,1.871772600240198159e+01,2.613379431165769518e+01
6.289999999999999758e-02,-1.307231666227058664e+00,1.871744726446304341e+01,2.613351557371875700e+01
6.300000000000000044e-02,1.662964367560187728e+00,1.871746554612748170e+01,2.613353385538319529e+01
6.310000000000000331e-02,4.124597923872963534e+00,1.871775533451157614e+01,2.613382364376728972e+01
6.320000000000000617e-02,1.154401890084847837e+00,1.871801878947290376e+01,2.613408709872861735e+01
6.329999999999999516e-02,-1.815794143703265640e+00,1.871798522483085137e+01,2.613405353408656495e+01
6.339999999999999802e-02,1.154401890084024496e+00,1.871795265024754329e+01,2.613402095950325688e+01
6.350000000000000089e-02,-1.815794143703993502e+00,1.871791908560548734e+01,2.613398739486120093e+01
6.360000000000000375e-02,1.154401890083113003e+00,1.871788651102217926e+01,2.613395482027789285e+01
6.370000000000000662e-02,1.490048310643911522e+00,1.871801878947291442e+01,2.613408709872862801e+01
6.379999999999999560e-02,-1.480147723144361604e+00,1.871801878947291442e+01,2.613408709872862801e+01
6.389999999999999847e-02,-2.759551492843865361e+00,1.871780659127957591e+01,2.613387490053528950e+01
6.400000000000000133e-02,2.106445409432782523e-01,1.871767964096135373e+01,2.613374795021706731e+01
6.410000000000000420e-02,3.180840574730458670e+00,1.871784971024650801e+01,2.613391801950222160e+01
6.419999999999999318e-02,2.106445409420359682e-01,1.871801878947292153e+01,2.613408709872863511e+01
6.429999999999999605e-02,-2.759551492846378462e+00,1.871789084909595502e+01,2.613395915835166861e+01
6.439999999999999891e-02,-2.212105514175237708e+00,1.871764235748599248e+01,2.613371066674170606e+01
6.450000000000000178e-02,7.580905196117746492e-01,1.871757015176563499e+01,2.613363846102134858e+01
6.460000000000000464e-02,3.728286553399044134e+00,1.871779496564865752e+01,2.613386327490437111e+01
6.469999999999999363e-02,7.580905196107090571e-01,1.871801878947293574e+01,2.613408709872864932e+01
6.479999999999999649e-02,-2.212105514177599819e+00,1.871794559369383393e+01,2.613401390294954751e+01
6.489999999999999936e-02,7.580905196094990250e-01,1.871787338797347999e+01,2.613394169722919358e+01
6.500000000000000222e-02,-7.570804123432729460e-01,1.871787318595203686e+01,2.613394149520775045e+01
6.510000000000000508e-02,2.213115621443858760e+00,1.871794648274186557e+01,2.613401479199757915e+01
6.519999999999999407e-02,-7.570804123439182076e-01,1.871801878947294639e+01,2.613408709872865998e+01
6.529999999999999694e-02,-3.727276446131679855e+00,1.871779407660065075e+01,2.613386238585636434e+01
6.539999999999999980e-02,-2.104821913238637876e+00,1.871750274208996956e+01,2.613357105134568314e+01
6.550000000000000266e-02,8.653741205489963173e-01,1.871744126472970748e+01,2.613350957398542107e+01
6.560000000000000553e-02,3.835570154336637838e+00,1.871767680697282188e+01,2.613374511622853547e+01
6.569999999999999452e-02,1.996768589035210484e+00,1.871796811744510691e+01,2.613403642670082050e+01
6.579999999999999738e-02,-9.734274447525537166e-01,1.871801878947294995e+01,2.613408709872866353e+01
6.590000000000000024e-02,-3.943623478540322580e+00,1.871777244189741296e+01,2.613384075115312655e+01
6.600000000000000311e-02,-6.913819512328076122e+00,1.871722907471849595e+01,2.613329738397420954e+01
6.610000000000000597e-02,-9.884015546115834994e+00,1.871638868793620247e+01,2.613245699719191606e+01
6.619999999999999496e-02,-1.285421157990359831e+01,1.871525128155052897e+01,2.613131959080624256e+01
6.629999999999999782e-02,-1.582440761369134563e+01,1.871381685556147900e+01,2.612988516481719259e+01
6.640000000000000069e-02,-1.879460364747910006e+01,1.871208540996904546e+01,2.612815371922475904e+01
6.650000000000000355e-02,-2.176479968126685804e+01,1.871005694477323900e+01,2.612612525402895258e+01
6.660000000000000642e-02,-2.473499571505461958e+01,1.870773145997404896e+01,2.612379976922976255e+01
6.669999999999999540e-02,-2.770519174884238822e+01,1.870510895557148245e+01,2.612117726482719604e+01
6.679999999999999827e-02,-3.067538778263013910e+01,1.870218943156553593e+01,2.611825774082124951e+01
6.690000000000000113e-02,-3.364558381641789708e+01,1.869897288795621293e+01,2.611504119721192652e+01
6.700000000000000400e-02,-3.661577985020566217e+01,1.869545932474350991e+01,2.611152763399922350e+01
6.710000000000000686e-02,-3.958597588399340594e+01,1.869164874192742687e+01,2.610771705118314046e+01
6.719999999999999585e-02,-4.255617191778115682e+01,1.868754113950796736e+01,2.610360944876368094e+01
6.729999999999999871e-02,-4.552636795156891480e+01,1.868313651748512783e+01,2.609920482674084141e+01
6.740000000000000158e-02,-4.849656398535667989e+01,1.867843487585890827e+01,2.609450318511462186e+01
6.750000000000000444e-02,-5.146676001914442367e+01,1.867343621462931225e+01,2.608950452388502583e+01
6.759999999999999343e-02,-5.443695605293217454e+01,1.866814053379633620e+01,2.608420884305204979e+01
6.769999999999999629e-02,-5.740715208671991121e+01,1.866254783335998013e+01,2.607861614261569372e+01
6.779999999999999916e-02,-6.037734812050765498e+01,1.865665811332024759e+01,2.607272642257596118e+01
6.790000000000000202e-02,-6.334754415429539876e+01,1.865047137367713503e+01,2.606653968293284862e+01
6.800000000000000488e-02,-6.631774018808314963e+01,1.864398761443064245e+01,2.606005592368635604e+01
6.809999999999999387e-02,-6.928793622187089341e+01,1.863720683558077340e+01,2.605327514483648699e+01
6.819999999999999674e-02,-7.225813225565863718e+01,1.863012903712752433e+01,2.604619734638323791e+01
6.829999999999999960e-02,-7.522832828944638095e+01,1.862275421907089878e+01,2.603882252832661237e+01
6.840000000000000246e-02,-7.819852432323413893e+01,1.861508238141088967e+01,2.603115069066660325e+01
6.850000000000000533e-02,-8.116872035702186849e+01,1.860711352414750763e+01,2.602318183340322122e+01
6.859999999999999432e-02,-8.413891639080961227e+01,1.859884764728074202e+01,2.601491595653645561e+01
6.869999999999999718e-02,-8.710911242459735604e+01,1.859028475081059995e+01,2.600635306006631353e+01
6.880000000000000004e-02,-9.007930845838509981e+01,1.858142483473707784e+01,2.599749314399279143e+01
6.890000000000000291e-02,-9.304950449217282937e+01,1.857226789906017927e+01,2.598833620831589286e+01
6.900000000000000577e-02,-9.601970052596055893e+01,1.856281394377990068e+01,2.597888225303561427e+01
6.909999999999999476e-02,-9.898989655974828850e+01,1.855306296889624207e+01,2.596913127815195566e+01
6.919999999999999762e-02,-1.019600925935360038e+02,1.854301497440920699e+01,2.595908328366492057e+01
6.930000000000000049e-02,-1.049302886273237192e+02,1.853266996031879188e+01,2.594873826957450547e+01
6.940000000000000335e-02,-1.079004846611114488e+02,1.852202792662499675e+01,2.593809623588071034e+01
6.950000000000000622e-02,-1.108706806948991783e+02,1.851108887332782516e+01,2.592715718258353874e+01
6.959999999999999520e-02,-1.138408767286869221e+02,1.849985280042727354e+01,2.591592110968298712e+01
6.969999999999999807e-02,-1.168110727624746374e+02,1.848831970792334189e+01,2.590438801717905548e+01
6.980000000000000093e-02,-1.197812687962623528e+02,1.847648959581603378e+01,2.589255790507174737e+01
6.990000000000000380e-02,-1.227514648300500539e+02,1.846436246410534565e+01,2.588043077336105924e+01
7.000000000000000666e-02,-1.257216608638377835e+02,1.845193831279128105e+01,2.586800662204699464e+01
7.009999999999999565e-02,-1.286918568976255131e+02,1.843921714187383643e+01,2.585485798967123117e+01
7.019999999999999851e-02,-1.316620529314132284e+02,1.842619895135301178e+01,2.584220705939456764e+01
7.030000000000000138e-02,-1.346322489652009438e+02,1.841288374122880711e+01,2.583005382281540818e+01
7.040000000000000424e-02,-1.376024449989886591e+02,1.839927151150122597e+01,2.581839827153215339e+01
7.049999999999999323e-02,-1.405726410327763460e+02,1.838536226217026481e+01,2.580724039714321449e+01
7.059999999999999609e-02,-1.435428370665640614e+02,1.837115599323592718e+01,2.579658019124698853e+01
7.069999999999999896e-02,-1.465130331003517767e+02,1.835665270469820953e+01,2.578641764544188320e+01
7.080000000000000182e-02,-1.494832291341394921e+02,1.834185239655711186e+01,2.577675275132629906e+01
7.090000000000000469e-02,-1.524534251679271790e+02,1.832675506881263772e+01,2.576758550049864027e+01
7.099999999999999367e-02,-1.554236212017148944e+02,1.831136072146478355e+01,2.575891588455731451e+01
7.109999999999999654e-02,-1.583938172355025813e+02,1.829566935451354937e+01,2.575074389510071882e+01
7.119999999999999940e-02,-1.613640132692902682e+02,1.827968096795893871e+01,2.574306952372726087e+01
7.130000000000000226e-02,-1.643342093030779836e+02,1.826339556180094803e+01,2.573589276203534482e+01
7.140000000000000513e-02,-1.673044053368656989e+02,1.824681313603957733e+01,2.572921360162337479e+01
7.149999999999999412e-02,-1.702746013706534143e+02,1.822993369067483016e+01,2.572303203408975136e+01
7.159999999999999698e-02,-1.732447974044411012e+02,1.821275722570670297e+01,2.571734805103287869e+01
7.169999999999999984e-02,-1.762149934382288166e+02,1.819528374113519575e+01,2.571216164405116444e+01
7.180000000000000271e-02,-1.791851894720165035e+02,1.817751323696031207e+01,2.570747280474300922e+01
7.190000000000000557e-02,-1.821553855058042188e+02,1.815944571318204837e+01,2.570328152470681715e+01
7.199999999999999456e-02,-1.851255815395919342e+02,1.814108116980040819e+01,2.569958779554098882e+01
7.209999999999999742e-02,-1.880957775733796211e+02,1.812241960681538799e+01,2.569639160884393547e+01
7.220000000000000029e-02,-1.910659736071673080e+02,1.810346102422698777e+01,2.569369295621405413e+01
7.230000000000000315e-02,-1.940361696409550234e+02,1.808420542203521109e+01,2.569149182924974895e+01
7.240000000000000602e-02,-1.970063656747427387e+02,1.806465280024005082e+01,2.568978821954942759e+01
7.249999999999999500e-02,-1.999765617085304257e+02,1.804480315884151764e+01,2.568858211871149066e+01
7.259999999999999787e-02,-2.029467577423181126e+02,1.802465649783960089e+01,2.568787351833434585e+01
7.270000000000000073e-02,-2.059169537761057711e+02,1.800421281723430766e+01,2.568766241001639017e+01
7.280000000000000360e-02,-2.088871498098934580e+02,1.798347211702563797e+01,2.568794878535603132e+01
7.290000000000000646e-02,-2.118573458436811734e+02,1.796243439721358470e+01,2.568873263595167344e+01
7.299999999999999545e-02,-2.148275418774688319e+02,1.794109965779815496e+01,2.569001395340172067e+01
7.309999999999999831e-02,-2.177977379112564904e+02,1.791946789877934876e+01,2.569179272930457358e+01
7.320000000000000118e-02,-2.207679339450441489e+02,1.789753912015716253e+01,2.569406895525863987e+01
7.330000000000000404e-02,-2.237381299788318074e+02,1.787531332193159628e+01,2.569684262286231657e+01
7.340000000000000691e-02,-2.267083260126194659e+02,1.785279050410265000e+01,2.570011372371401492e+01
7.349999999999999589e-02,-2.296785220464071244e+02,1.782997066667032726e+01,2.570388224941213551e+01
7.359999999999999876e-02,-2.326487180801947545e+02,1.780685380963462450e+01,2.570814819155508246e+01
7.370000000000000162e-02,-2.356189141139824130e+02,1.778343993299554526e+01,2.571291154174125992e+01
7.380000000000000449e-02,-2.385891101477700431e+02,1.775972903675308245e+01,2.571817229156906848e+01
7.389999999999999347e-02,-2.415593061815576732e+02,1.773572112090724673e+01,2.572393043263691581e+01
7.399999999999999634e-02,-2.445295022153453033e+02,1.771141618545802743e+01,2.573018595654320251e+01
7.409999999999999920e-02,-2.474996982491329334e+02,1.768681423040543166e+01,2.573693885488633271e+01
7.420000000000000207e-02,-2.504698942829205635e+02,1.766191525574945587e+01,2.574418911926471409e+01
7.430000000000000493e-02,-2.534400903167082220e+02,1.763671926149010361e+01,2.575193674127674726e+01
7.439999999999999392e-02,-2.564102863504958805e+02,1.761122624762737132e+01,2.576018171252083278e+01
7.449999999999999678e-02,-2.593804823842835390e+02,1.758543621416125902e+01,2.576892402459538189e+01
7.459999999999999964e-02,-2.623506784180712543e+02,1.755934916109177024e+01,2.577816366909879164e+01
7.470000000000000251e-02,-2.653208744518589128e+02,1.753296508841890144e+01,2.578790063762946616e+01
7.480000000000000537e-02,-2.682910704856465713e+02,1.750628399614265618e+01,2.579813492178581313e+01
7.489999999999999436e-02,-2.712612665194342298e+02,1.747930588426302734e+01,2.580886651316623315e+01
7.499999999999999722e-02,-2.742314625532219452e+02,1.745203075278002203e+01,2.582009540336913389e+01
7.510000000000000009e-02,-2.772016585870096037e+02,1.742445860169364025e+01,2.583237527943568779e+01
7.520000000000000295e-02,-2.801718546207973191e+02,1.739658943100387845e+01,2.584435813589886521e+01
7.530000000000000582e-02,-2.831420506545850344e+02,1.736842324071073662e+01,2.585604397275866262e+01
7.539999999999999480e-02,-2.861122466883727498e+02,1.733996003081421478e+01,2.586743279001508000e+01
7.549999999999999767e-02,-2.890824427221605220e+02,1.731119980131431646e+01,2.587852458766812092e+01
7.560000000000000053e-02,-2.920526387559482373e+02,1.728214255221103812e+01,2.588931936571778536e+01
7.570000000000000340e-02,-2.950228347897359527e+02,1.725278828350438332e+01,2.589981712416406623e+01
7.580000000000000626e-02,-2.979930308235236112e+02,1.722313699519434849e+01,2.591001786300697063e+01
7.589999999999999525e-02,-3.009632268573113265e+02,1.719318868728093364e+01,2.591992158224649501e+01
7.599999999999999811e-02,-3.039143437810196815e+02,1.716294431689947686e+01,2.592952923901797746e+01
7.610000000000000098e-02,-3.068070246744117640e+02,1.713240776636643758e+01,2.593884471563787741e+01
7.620000000000000384e-02,-3.096424266484144141e+02,1.710158482123645030e+01,2.594787379766082935e+01
7.630000000000000671e-02,-3.124216839016232257e+02,1.707048115250249509e+01,2.595662215607981338e+01
7.639999999999999569e-02,-3.151459081739966450e+02,1.703910231886436222e+01,2.596509534959461973e+01
7.649999999999999856e-02,-3.178161891915671617e+02,1.700745376895221384e+01,2.597329882683541058e+01
7.660000000000000142e-02,-3.204335951023459756e+02,1.697554084350610637e+01,2.598123792854224234e+01
7.670000000000000429e-02,-3.229991729035966159e+02,1.694336877751236159e+01,2.598891788970143679e+01
7.679999999999999327e-02,-3.255139488606477585e+02,1.691094270229761776e+01,2.599634384163963219e+01
7.689999999999999614e-02,-3.279789289174130431e+02,1.687826764758144193e+01,2.600352081407639560e+01
7.699999999999999900e-02,-3.303950990987819978e+02,1.684534854348828858e+01,2.601045373713618147e+01
7.710000000000000187e-02,-3.327634259050431069e+02,1.681219022251959316e+01,2.601714744332042528e+01
7.720000000000000473e-02,-3.350848566984971626e+02,1.677879742148686404e+01,2.602360666944063539e+01
7.729999999999999372e-02,-3.373603200824142050e+02,1.674517478340644772e+01,2.602983605851315829e+01
7.739999999999999658e-02,-3.395907262724878706e+02,1.671132685935681650e+01,2.603584016161646630e+01
7.749999999999999944e-02,-3.417769674609331787e+02,1.667725811029904293e+01,2.604162343971163196e+01
7.760000000000000231e-02,-3.439199181733758905e+02,1.664297290886125680e+01,2.604719026542678506e+01
7.770000000000000517e-02,-3.460204356186739574e+02,1.660847554108774915e+01,2.605254492480621309e+01
7.779999999999999416e-02,-3.480793600318128824e+02,1.657377020815344082e+01,2.605769161902484754e+01
7.789999999999999702e-02,-3.500975150100105111e+02,1.653886102804442970e+01,2.606263446606877565e+01
7.799999999999999989e-02,-3.520757078421672759e+02,1.650375203720521355e+01,2.606737750238249873e+01
7.810000000000000275e-02,-3.540147298317922377e+02,1.646844719215333797e+01,2.607192468448356237e+01
7.820000000000000562e-02,-3.559153566135352662e+02,1.643295037106205569e+01,2.607627989054521578e+01
7.829999999999999460e-02,-3.577783484634510387e+02,1.639726537531163331e+01,2.608044692194773617e+01
7.839999999999999747e-02,-3.596044506031198011e+02,1.636139593100997658e+01,2.608442950479901867e+01
7.850000000000000033e-02,-3.613943934977457957e+02,1.632534569048310757e+01,2.608823129142508535e+01
7.860000000000000320e-02,-3.631488931483530109e+02,1.628911823373614354e+01,2.609185586183106054e+01
7.870000000000000606e-02,-3.648686513781953522e+02,1.625271706988535314e+01,2.609530672513321292e+01
7.879999999999999505e-02,-3.665543561134952029e+02,1.621614563856185498e+01,2.609858732096265044e+01
7.889999999999999791e-02,-3.682066816586230402e+02,1.617940731128749476e+01,2.610170102084122945e+01
7.900000000000000078e-02,-3.698262889658281551e+02,1.614250539282351937e+01,2.610465112953019329e+01
7.910000000000000364e-02,-3.714138258996285913e+02,1.610544312249252030e+01,2.610744088635213700e+01
7.920000000000000651e-02,-3.729699274959652371e+02,1.606822367547420427e+01,2.611007346648676020e+01
7.929999999999999549e-02,-3.744952162162249465e+02,1.603085016407550256e+01,2.611255198224099772e+01
7.939999999999999836e-02,-3.759903021962332446e+02,1.599332563897554493e+01,2.611487948429397576e+01
7.950000000000000122e-02,-3.774557834903169464e+02,1.595565309044596347e+01,2.611705896291733353e+01
7.960000000000000409e-02,-3.788922463105336647e+02,1.591783544954704688e+01,2.611909334917135794e+01
7.969999999999999307e-02,-3.803002652611645544e+02,1.587987558930019993e+01,2.612098551607745023e+01
7.979999999999999594e-02,-3.816804035685636904e+02,1.584177632583719664e+01,2.612273827976738616e+01
7.989999999999999880e-02,-3.830332133064562186e+02,1.580354041952665867e+01,2.612435440060978920e+01
8.000000000000000167e-02,-3.843592356167748676e+02,1.576517057607825301e+01,2.612583658431432099e+01
8.010000000000000453e-02,-3.856590009261244063e+02,1.572666944762499952e+01,2.612718748301400851e+01
8.019999999999999352e-02,-3.869330291579589698e+02,1.568803963378417343e+01,2.612840969632611987e+01
8.029999999999999638e-02,-3.881818299405585435e+02,1.564928368269717041e+01,2.612950577239205785e+01
8.039999999999999925e-02,-3.894059028108870848e+02,1.561040409204881385e+01,2.613047820889663697e+01
8.050000000000000211e-02,-3.906057374144139089e+02,1.557140331006644729e+01,2.613132945406721319e+01
8.060000000000000497e-02,-3.917818137009784323e+02,1.553228373649927008e+01,2.613206190765297521e+01
8.069999999999999396e-02,-3.929346021167765457e+02,1.549304772357826110e+01,2.613267792188490191e+01
8.079999999999999682e-02,-3.940645637925452434e+02,1.545369757695710433e+01,2.613317980241668437e+01
8.089999999999999969e-02,-3.951721507280211654e+02,1.541423555663448397e+01,2.613356980924700323e+01
8.100000000000000255e-02,-3.962578059727466098e+02,1.537466387785811150e+01,2.613385015762357000e+01
8.110000000000000542e-02,-3.973219638032949774e+02,1.533498471201085245e+01,2.613402301892925195e+01
8.119999999999999440e-02,-3.983650498969875002e+02,1.529520018747931509e+01,2.613409052155065382e+01
8.129999999999999727e-02,-3.993874815021696350e+02,1.525531239050522636e+01,2.613405475172950432e+01
8.140000000000000013e-02,-3.976471720196090587e+02,1.521546094787878367e+01,2.613405533625600086e+01
8.150000000000000300e-02,-3.986838185591670367e+02,1.517564422557657444e+01,2.613409064110673086e+01
8.160000000000000586e-02,-3.983570167910757505e+02,1.513579223827565912e+01,2.613409068095875654e+01
8.169999999999999485e-02,-3.993796074624124230e+02,1.509590523663234229e+01,2.613405570646837717e+01
8.179999999999999771e-02,-3.998203832118634864e+02,1.505594516363649404e+01,2.613394766062546637e+01
8.190000000000000058e-02,-3.968501871780756005e+02,1.501611213014636981e+01,2.613396665428828314e+01
8.200000000000000344e-02,-3.979026150748503028e+02,1.497637431463024349e+01,2.613408086592509605e+01
8.210000000000000631e-02,-3.989342035030198872e+02,1.493653230177109137e+01,2.613409088021888138e+01
8.219999999999999529e-02,-3.999453651117103163e+02,1.489658815481454290e+01,2.613399876041527392e+01
8.229999999999999816e-02,-4.009365043790474488e+02,1.485654389615122817e+01,2.613380652890489841e+01
8.240000000000000102e-02,-3.988758897072987679e+02,1.481655361988040021e+01,2.613366827978700968e+01
8.250000000000000389e-02,-3.959056936735107683e+02,1.477681503574073218e+01,2.613378172280027911e+01
8.260000000000000675e-02,-3.969768237947290004e+02,1.473717073134682387e+01,2.613398944555931180e+01
8.269999999999999574e-02,-3.980267441184860218e+02,1.469742037796560830e+01,2.613409111933103546e+01
8.279999999999999860e-02,-3.990097253176272716e+02,1.465756839066469475e+01,2.613409115918306114e+01
8.290000000000000147e-02,-3.999948495830079196e+02,1.461761799773337955e+01,2.613399279340468340e+01
8.300000000000000433e-02,-3.970246535492201474e+02,1.457776751760614076e+01,2.613399434043038383e+01
8.309999999999999332e-02,-3.980736267803828241e+02,1.453801242876195410e+01,2.613409127873913818e+01
8.319999999999999618e-02,-3.991018289499028242e+02,1.449815348460955455e+01,2.613408436173967786e+01
8.329999999999999905e-02,-4.001096713523573953e+02,1.445819274162182744e+01,2.613397564590488997e+01
8.340000000000000191e-02,-3.994822170365940224e+02,1.441821325177740221e+01,2.613384818321340219e+01
8.350000000000000477e-02,-3.965120210028065344e+02,1.437841403490480374e+01,2.613390099349374296e+01
8.359999999999999376e-02,-3.975711450384943646e+02,1.433870970008324264e+01,2.613404868582512108e+01
8.369999999999999662e-02,-3.986092970131428501e+02,1.429890050495648524e+01,2.613409151785130291e+01
8.379999999999999949e-02,-3.989084782744484414e+02,1.425902456632889503e+01,2.613406760637665371e+01
8.390000000000000235e-02,-3.999201492767940636e+02,1.421908296634062374e+01,2.613397803354131810e+01
8.400000000000000522e-02,-3.969499532430066324e+02,1.417923995624400568e+01,2.613398705059763927e+01
8.409999999999999420e-02,-3.980004056393367478e+02,1.413949226322565522e+01,2.613409138473222981e+01
8.419999999999999707e-02,-3.990300576845914406e+02,1.409964056845192992e+01,2.613409171711144197e+01
8.429999999999999993e-02,-4.000393212533176666e+02,1.405968693129556080e+01,2.613399010710801207e+01
8.440000000000000280e-02,-4.010286000643999387e+02,1.401963337035097190e+01,2.613378857331636596e+01
8.450000000000000566e-02,-3.988192066911160509e+02,1.397964134824296956e+01,2.613364857836130284e+01
8.459999999999999465e-02,-3.958490106573285061e+02,1.393990843240491984e+01,2.613376768967619057e+01
8.469999999999999751e-02,-3.969212631774681768e+02,1.390026974000561744e+01,2.613398102442982918e+01
8.480000000000000038e-02,-3.979722836751588488e+02,1.386052488749407097e+01,2.613408819907122194e+01
8.490000000000000324e-02,-3.989889304952209841e+02,1.382067665734554573e+01,2.613409199607563238e+01
8.500000000000000611e-02,-3.999990084368599241e+02,1.378072709205374125e+01,2.613399445793676890e+01
8.509999999999999509e-02,-3.970288124030724930e+02,1.374087619604111588e+01,2.613399558907708098e+01
8.519999999999999796e-02,-3.980777032834113811e+02,1.370112069544281042e+01,2.613409211563171652e+01
8.530000000000000082e-02,-3.989591047494845952e+02,1.366126870814190042e+01,2.613409215548374576e+01
8.540000000000000369e-02,-3.988688025356930211e+02,1.362137732782790955e+01,2.613405280232269590e+01
8.550000000000000655e-02,-3.998812591703035650e+02,1.358143965600096337e+01,2.613396715764868716e+01
8.559999999999999554e-02,-3.969110631365164750e+02,1.354160053491499482e+01,2.613398006371565785e+01
8.569999999999999840e-02,-3.979622856085503599e+02,1.350185669227516350e+01,2.613408824822876397e+01
8.580000000000000127e-02,-3.989926924809881825e+02,1.346200877163735221e+01,2.613409235474389192e+01
8.590000000000000413e-02,-3.987470499670419031e+02,1.342212182545509691e+01,2.613405743571457762e+01
8.599999999999999312e-02,-3.997619174640400388e+02,1.338219620794008868e+01,2.613398384535250685e+01
8.609999999999999598e-02,-3.970342016328436330e+02,1.334235685660151738e+01,2.613399652116687832e+01
8.619999999999999885e-02,-3.980829857992832217e+02,1.330260082243371578e+01,2.613409251415201240e+01
8.630000000000000171e-02,-3.991110026478124269e+02,1.326274095167636169e+01,2.613408467054759754e+01
8.640000000000000457e-02,-4.001186633988777430e+02,1.322277930043168936e+01,2.613397504645586622e+01
8.649999999999999356e-02,-4.011063711302152797e+02,1.318271788408837608e+01,2.613376565726549217e+01
8.659999999999999643e-02,-3.981361750964281327e+02,1.314275625180641605e+01,2.613365605213646958e+01
8.669999999999999929e-02,-3.959989479149033968e+02,1.310304985185800497e+01,2.613380167934099774e+01
8.680000000000000215e-02,-3.970682314784223195e+02,1.306339631467560025e+01,2.613400016931153402e+01
8.690000000000000502e-02,-3.981163418087722903e+02,1.302363691132734935e+01,2.613409279311622058e+01
8.699999999999999400e-02,-3.991436981640603676e+02,1.298377373810379076e+01,2.613408164704560122e+01
8.709999999999999687e-02,-3.999231635861793279e+02,1.294382026510623973e+01,2.613398020120099119e+01
8.719999999999999973e-02,-3.969529675523921810e+02,1.290397695357868457e+01,2.613398891682637526e+01
8.730000000000000260e-02,-3.980033602613974040e+02,1.286422896212370937e+01,2.613409295252433751e+01
8.740000000000000546e-02,-3.990329538012153989e+02,1.282437697482279937e+01,2.613409299237636674e+01
8.749999999999999445e-02,-3.988604264611331018e+02,1.278448233456404814e+01,2.613405037927055474e+01
8.759999999999999731e-02,-3.998730489531324110e+02,1.274454549202404507e+01,2.613396556388348912e+01
8.770000000000000018e-02,-3.969028529193450936e+02,1.270470719195979292e+01,2.613397929097217798e+01
8.780000000000000304e-02,-3.979542379645714050e+02,1.266496416218592458e+01,2.613408828835124709e+01
8.790000000000000591e-02,-3.989848041910368011e+02,1.262511703831825116e+01,2.613409319163651645e+01
8.799999999999999489e-02,-3.999949638389729216e+02,1.258516788155793087e+01,2.613399606202913361e+01
8.809999999999999776e-02,-3.995785949373976678e+02,1.254518927301346665e+01,2.613386948063761039e+01
8.820000000000000062e-02,-3.966083989036102366e+02,1.250538041835078928e+01,2.613391265312786871e+01
8.830000000000000349e-02,-3.976656145289982760e+02,1.246566654147772901e+01,2.613405080340774944e+01
8.840000000000000635e-02,-3.987018958824027663e+02,1.242584799324475142e+01,2.613408428232771286e+01
8.849999999999999534e-02,-3.981574934197233802e+02,1.238600511451278408e+01,2.613409343074868474e+01
8.859999999999999820e-02,-3.988798447766648678e+02,1.234615312721187408e+01,2.613409347060071397e+01
8.870000000000000107e-02,-3.998920827602544819e+02,1.230621436212982189e+01,2.613400673267160101e+01
8.880000000000000393e-02,-4.008842770888397240e+02,1.226617537877274877e+01,2.613381977646746535e+01
8.890000000000000679e-02,-4.018568246533814659e+02,1.222603816159545786e+01,2.613353458644311189e+01
8.899999999999999578e-02,-4.028101144858730436e+02,1.218580465575791472e+01,2.613315310775850975e+01
8.909999999999999865e-02,-4.037445279149580415e+02,1.214547676790334130e+01,2.613267724705687556e+01
8.920000000000000151e-02,-4.046604387184672191e+02,1.210505636692088594e+01,2.613210887322735942e+01
8.930000000000000437e-02,-4.055582132729342106e+02,1.206454528469322085e+01,2.613144981815263534e+01
8.939999999999999336e-02,-4.064382107001513873e+02,1.202394531682930712e+01,2.613070187744165906e+01
8.949999999999999623e-02,-4.073007830108229541e+02,1.198325822338266455e+01,2.612986681114795573e+01
8.959999999999999909e-02,-4.081462752453743974e+02,1.194248572955542187e+01,2.612894634447365050e+01
8.970000000000000195e-02,-4.089750256119728533e+02,1.190162952638841354e+01,2.612794216845958317e+01
8.980000000000000482e-02,-4.097873656218151268e+02,1.186069127143762536e+01,2.612685594066173422e+01
8.989999999999999380e-02,-4.105836202217365667e+02,1.181967258943723387e+01,2.612568928581428196e+01
8.999999999999999667e-02,-4.113641079241939451e+02,1.177857507294952022e+01,2.612444379647950754e+01
9.009999999999999953e-02,-4.121291409346749219e+02,1.173740028300192506e+01,2.612312103368484983e+01
9.020000000000000240e-02,-4.128790252765842297e+02,1.169614974971147170e+01,2.612172252754733748e+01
9.030000000000000526e-02,-4.136140609136572834e+02,1.165482497289683650e+01,2.612024977788563973e+01
9.039999999999999425e-02,-4.143345418699494189e+02,1.161342742267829742e+01,2.611870425482004165e+01
9.049999999999999711e-02,-4.150407563474498147e+02,1.157195854006579872e+01,2.611708739936048218e+01
9.059999999999999998e-02,-4.157329868413656868e+02,1.153041973753537874e+01,2.611540062398299966e+01
9.070000000000000284e-02,-4.164115102531245043e+02,1.148881239959417222e+01,2.611364531319473414e+01
9.080000000000000571e-02,-4.170765980011380520e+02,1.144713788333424098e+01,2.611182282408774213e+01
9.089999999999999469e-02,-4.177285161293735314e+02,1.140539751897541798e+01,2.610993448688185836e+01
9.099999999999999756e-02,-4.183675254137745583e+02,1.136359261039742385e+01,2.610798160545680346e+01
9.110000000000000042e-02,-4.189938814665752034e+02,1.132172443566142661e+01,2.610596545787374367e+01
9.120000000000000329e-02,-4.196078348385480012e+02,1.127979424752128956e+01,2.610388729688654763e+01
9.130000000000000615e-02,-4.202096311192279359e+02,1.123780327392469047e+01,2.610174835044288599e+01
9.139999999999999514e-02,-4.207995110351513404e+02,1.119575271850430731e+01,2.609954982217544384e+01
9.149999999999999800e-02,-4.213777105461497854e+02,1.115364376105929978e+01,2.609729289188337376e+01
9.160000000000000087e-02,-4.219444609397370982e+02,1.111147755802723580e+01,2.609497871600424901e+01
9.170000000000000373e-02,-4.224999889236274271e+02,1.106925524294668683e+01,2.609260842807664105e+01
9.180000000000000659e-02,-4.230445167164215263e+02,1.102697792691065715e+01,2.609018313919354881e+01
9.189999999999999558e-02,-4.235782621364969600e+02,1.098464669901103541e+01,2.608770393844686453e+01
9.199999999999999845e-02,-4.241014386891384333e+02,1.094226262677424266e+01,2.608517189336301456e+01
9.210000000000000131e-02,-4.246142556519428126e+02,1.089982675658826494e+01,2.608258805032997429e+01
9.220000000000000417e-02,-4.251169181585328829e+02,1.085734011412121447e+01,2.607995343501586305e+01
9.229999999999999316e-02,-4.256096272806134948e+02,1.081480370473161834e+01,2.607726905277920437e+01
9.239999999999999603e-02,-4.260925801084030695e+02,1.077221851387056617e+01,2.607453588907109321e+01
9.249999999999999889e-02,-4.265659698294721238e+02,1.072958550747591033e+01,2.607175490982937660e+01
9.260000000000000175e-02,-4.270299858060211022e+02,1.068690563235865554e+01,2.606892706186506103e+01
9.270000000000000462e-02,-4.274848136506275296e+02,1.064417981658168699e+01,2.606605327324103172e+01
9.279999999999999361e-02,-4.279306353004937478e+02,1.060140896983101833e+01,2.606313445364330406e+01
9.289999999999999647e-02,-4.283676290902239998e+02,1.055859398377966940e+01,2.606017149474489258e+01
9.299999999999999933e-02,-4.287959698231609309e+02,1.051573573244435522e+01,2.605716527056251763e+01
9.310000000000000220e-02,-4.292158288413089053e+02,1.047283507253509427e+01,2.605411663780619591e+01
9.320000000000000506e-02,-4.296273740938734704e+02,1.042989284379791748e+01,2.605102643622195657e+01
9.329999999999999405e-02,-4.300307702044428879e+02,1.038690986935076488e+01,2.604789548892774320e+01
9.339999999999999691e-02,-4.304261785368402116e+02,1.034388695601275110e+01,2.604472460274266865e+01
9.349999999999999978e-02,-4.308137572596704672e+02,1.030082489462690276e+01,2.604151456850976132e+01
9.360000000000000264e-02,-4.311936614095906180e+02,1.025772446037650276e+01,2.603826616141230232e+01
9.370000000000000551e-02,-4.315660429533260753e+02,1.021458641309518001e+01,2.603498014128391702e+01
9.379999999999999449e-02,-4.319310508484595061e+02,1.017141149757084762e+01,2.603165725291252386e+01
9.389999999999999736e-02,-4.322888311030157524e+02,1.012820044384362816e+01,2.602829822633824364e+01
9.400000000000000022e-02,-4.326395268338671372e+02,1.008495396749788675e+01,2.602490377714543968e+01
9.410000000000000309e-02,-4.329832783239820628e+02,1.004167276994846070e+01,2.602147460674895285e+01
9.420000000000000595e-02,-4.333202230785398683e+02,9.998357538721249327e+00,2.601801140267468071e+01
9.429999999999999494e-02,-4.336504958799351357e+02,9.955008947728225976e+00,2.601451483883459659e+01
9.439999999999999780e-02,-4.339742288416920815e+02,9.911627657537010805e+00,2.601098557579632242e+01
9.450000000000000067e-02,-4.342915514613119399e+02,9.868214315635109202e+00,2.600742426104735827e+01
9.460000000000000353e-02,-4.346025906720734611e+02,9.824769556688917049e+00,2.600383152925410712e+01
9.470000000000000639e-02,-4.349074708938083518e+02,9.781294002797592313e+00,2.600020800251571984e+01
9.479999999999999538e-02,-4.352063140826703602e+02,9.737788263741901318e+00,2.599655429061296985e+01
9.489999999999999825e-02,-4.354992397799196624e+02,9.694252937228148070e+00,2.599287099125215406e+01
9.500000000000000111e-02,-4.357863651597408534e+02,9.650688609127254125e+00,2.598915869030420112e+01
9.510000000000000397e-02,-4.360678050761142686e+02,9.607095853709122224e+00,2.598541796203900844e+01
9.520000000000000684e-02,-4.363436721087591081e+02,9.563475233872345882e+00,2.598164936935517133e+01
9.529999999999999583e-02,-4.366140766081666129e+02,9.519827301369383932e+00,2.597785346400514683e+01
9.539999999999999869e-02,-4.368791267397420484e+02,9.476152597027260427e+00,2.597403078681596256e+01
9.550000000000000155e-02,-4.371389285270720393e+02,9.432451650963910694e+00,2.597018186790555205e+01
9.560000000000000442e-02,-4.373935858943356720e+02,9.388724982800228602e+00,2.596630722689480919e+01
9.569999999999999341e-02,-4.376432007078752235e+02,9.344973101867926957e+00,2.596240737311544677e+01
9.579999999999999627e-02,-4.378878728169444230e+02,9.301196507413273196e+00,2.595848280581373047e+01
9.589999999999999913e-02,-4.381277000936492527e+02,9.257395688796796307e+00,2.595453401435019458e+01
9.600000000000000200e-02,-4.383627784720980571e+02,9.213571125689041352e+00,2.595056147839537886e+01
9.610000000000000486e-02,-4.385932019867767053e+02,9.169723288262433769e+00,2.594656566812171050e+01
9.619999999999999385e-02,-4.388190628101633592e+02,9.125852637379367138e+00,2.594254704439158488e+01
9.629999999999999671e-02,-4.390404512895989910e+02,9.081959624776544615e+00,2.593850605894170158e+01
9.639999999999999958e-02,-4.392574559834271213e+02,9.038044693245685934e+00,2.593444315456378035e+01
9.650000000000000244e-02,-4.394701636964188651e+02,8.994108276810644398e+00,2.593035876528167805e+01
9.660000000000000531e-02,-4.396786595144954504e+02,8.950150800901027992e+00,2.592625331652499909e+01
9.669999999999999429e-02,-4.398830268387641240e+02,8.906172682522370820e+00,2.592212722529928470e+01
9.679999999999999716e-02,-4.400833474188794980e+02,8.862174330422947222e+00,2.591798090035279856e+01
9.690000000000000002e-02,-4.402797013857446586e+02,8.818156145257272982e+00,2.591381474234006532e+01
9.700000000000000289e-02,-4.404721672835644313e+02,8.774118519746371803e+00,2.590962914398210160e+01
9.710000000000000575e-02,-4.406608221012641593e+02,8.730061838834870969e+00,2.590542449022353821e+01
9.719999999999999474e-02,-4.408457413032863315e+02,8.685986479844981289e+00,2.590120115838659132e+01
9.729999999999999760e-02,-4.410269988597774500e+02,8.641892812627437692e+00,2.589695951832198517e+01
9.740000000000000047e-02,-4.412046672761767923e+02,8.597781199709434219e+00,2.589269993255691915e+01
9.750000000000000333e-02,-4.413788176222200264e+02,8.553651996439649352e+00,2.588842275644007529e+01
9.760000000000000620e-02,-4.415495195603674574e+02,8.509505551130388312e+00,2.588412833828375170e+01
9.769999999999999518e-02,-4.417168413736704906e+02,8.465342205196902725e+00,2.587981701950320712e+01
9.779999999999999805e-02,-4.418808499930854055e+02,8.421162293293976475e+00,2.587548913475322010e+01
9.790000000000000091e-02,-4.420416110242467767e+02,8.376966143449784852e+00,2.587114501206196593e+01
9.800000000000000377e-02,-4.421991887737105458e+02,8.332754077197103371e+00,2.586678497296222545e+01
9.810000000000000664e-02,-4.423536462746776579e+02,8.288526409701939102e+00,2.586240933262000041e+01
9.819999999999999563e-02,-4.425050453122078693e+02,8.244283449889589832e+00,2.585801839996058860e+01
9.829999999999999849e-02,-4.426534464479348685e+02,8.200025500568225212e+00,2.585361247779216498e+01
9.840000000000000135e-02,-4.427989090442916904e+02,8.155752858550009421e+00,2.584919186292688664e+01
9.850000000000000422e-02,-4.429414912882564295e+02,8.111465814769832861e+00,2.584475684629964931e+01
9.859999999999999321e-02,-4.430812502146278007e+02,8.067164654401688395e+00,2.584030771308444585e+01
9.869999999999999607e-02,-4.432182417288397573e+02,8.022849656972748988e+00,2.583584474280844390e+01
9.879999999999999893e-02,-4.433525206293246015e+02,7.978521096475173380e+00,2.583136820946380752e+01
9.890000000000000180e-02,-4.434841406294329431e+02,7.934179241475714406e+00,2.582687838161728777e+01
9.900000000000000466e-02,-4.436131543789197735e+02,7.889824355223148622e+00,2.582237552251766388e+01
9.909999999999999365e-02,-4.437396134850050657e+02,7.845456695753575183e+00,2.581785989020102789e+01
9.919999999999999651e-02,-4.438635685330174852e+02,7.801076515993637273e+00,2.581333173759403010e+01
9.929999999999999938e-02,-4.439850691066288846e+02,7.756684063861694511e+00,2.580879131261502479e+01
9.940000000000000224e-02,-4.441041638076887921e+02,7.712279582366994291e+00,2.580423885827326558e+01
9.950000000000000511e-02,-4.442209002756655991e+02,7.667863309706878461e+00,2.579967461276608631e+01
9.959999999999999409e-02,-4.443353252067029757e+02,7.623435479362065337e+00,2.579509880957421331e+01
9.969999999999999696e-02,-4.413651291729152604e+02,7.579150951672455783e+00,2.579066630903754387e+01
9.979999999999999982e-02,-4.383949331391276019e+02,7.535163443586226251e+00,2.578653082810425445e+01
9.990000000000000269e-02,-4.354247371053398865e+02,7.491472955103374964e+00,2.578269236677434151e+01
1.000000000000000056e-01,-4.324545410715522280e+02,7.448079486223902812e+00,2.577915092504780858e+01
1.000999999999999945e-01,-4.294843450377645127e+02,7.404983036947808905e+00,2.577590650292465213e+01
1.001999999999999974e-01,-4.265141490039768541e+02,7.362183607275094133e+00,2.577295910040487925e+01
1.003000000000000003e-01,-4.235439529701891388e+02,7.319681197205757606e+00,2.577030871748847929e+01
1.004000000000000031e-01,-4.205737569364014234e+02,7.277475806739800213e+00,2.576795535417546290e+01
1.005000000000000060e-01,-4.176035609026137649e+02,7.235567435877221065e+00,2.576589901046582298e+01
1.005999999999999950e-01,-4.146333648688260496e+02,7.193956084618021940e+00,2.576413968635956309e+01
1.006999999999999978e-01,-4.116631688350383342e+02,7.152641752962200172e+00,2.576267738185667966e+01
1.008000000000000007e-01,-4.086929728012506189e+02,7.111624440909758427e+00,2.576151209695717625e+01
1.009000000000000036e-01,-4.057227767674629604e+02,7.070904148460694927e+00,2.576064383166105287e+01
1.010000000000000064e-01,-4.027525807336752450e+02,7.030480875615009673e+00,2.576007258596830596e+01
1.010999999999999954e-01,-3.997823846998875297e+02,6.990354622372703552e+00,2.575979835987893907e+01
1.011999999999999983e-01,-3.968121886660998712e+02,6.950525388733776566e+00,2.575982115339295220e+01
1.013000000000000012e-01,-3.938419926323121558e+02,6.910993174698227826e+00,2.576014096651034180e+01
1.014000000000000040e-01,-3.908717965985244405e+02,6.871757980266058219e+00,2.576075779923111142e+01
1.015000000000000069e-01,-3.879016005647367251e+02,6.832819805437267746e+00,2.576167165155526106e+01
1.015999999999999959e-01,-3.849314045309490098e+02,6.794178650211855519e+00,2.576288252348278718e+01
1.016999999999999987e-01,-3.819612084971612944e+02,6.755834514589821538e+00,2.576439041501369331e+01
1.018000000000000016e-01,-3.789910124633736359e+02,6.717787398571166690e+00,2.576619532614797947e+01
1.019000000000000045e-01,-3.760208164295859206e+02,6.680037302155890977e+00,2.576829725688564210e+01
1.019999999999999934e-01,-3.730506203957982621e+02,6.642584225343994397e+00,2.577069620722668475e+01
1.020999999999999963e-01,-3.700804243620105467e+02,6.605428168135476064e+00,2.577339217717110387e+01
1.021999999999999992e-01,-3.671102283282228882e+02,6.568569130530335975e+00,2.577638516671890301e+01
1.023000000000000020e-01,-3.641400322944351728e+02,6.532007112528575909e+00,2.577967517587008217e+01
1.024000000000000049e-01,-3.611698362606474575e+02,6.495742114130193201e+00,2.578326220462463780e+01
1.024999999999999939e-01,-3.581996402268597990e+02,6.459774135335190515e+00,2.578714625298257701e+01
1.025999999999999968e-01,-3.552294441930720836e+02,6.424103176143566074e+00,2.579132732094388913e+01
1.026999999999999996e-01,-3.522592481592843683e+02,6.388729236555319879e+00,2.579580540850858483e+01
1.028000000000000025e-01,-3.492890521254966529e+02,6.353652316570452818e+00,2.580058051567665700e+01
1.029000000000000054e-01,-3.463188560917089944e+02,6.318872416188964891e+00,2.580565264244810564e+01
1.029999999999999943e-01,-3.433486600579212791e+02,6.284389535410855210e+00,2.581102178882293785e+01
1.030999999999999972e-01,-3.403784640241335637e+02,6.250203674236124662e+00,2.581668795480114653e+01
1.032000000000000001e-01,-3.374082679903458484e+02,6.216314832664773249e+00,2.582265114038273168e+01
1.033000000000000029e-01,-3.344380719565581330e+02,6.182723010696800081e+00,2.582891134556769686e+01
1.034000000000000058e-01,-3.314678759227704745e+02,6.149428208332206047e+00,2.583546857035604205e+01
1.034999999999999948e-01,-3.284976798889827592e+02,6.116430425570990259e+00,2.584232281474776727e+01
1.035999999999999976e-01,-3.255274838551950438e+02,6.083729662413153605e+00,2.584947407874286895e+01
1.037000000000000005e-01,-3.225572878214073285e+02,6.051325918858695196e+00,2.585692236234135066e+01
1.038000000000000034e-01,-3.195870917876196131e+02,6.019219194907615922e+00,2.586466766554321239e+01
1.039000000000000062e-01,-3.166168957538318978e+02,5.987409490559915781e+00,2.587270998834845059e+01
1.039999999999999952e-01,-3.136466997200441824e+02,5.955896805815593886e+00,2.588104933075706526e+01
1.040999999999999981e-01,-3.106765036862565239e+02,5.924681140674651125e+00,2.588968569276906351e+01
1.042000000000000010e-01,-3.077063076524688086e+02,5.893762495137086610e+00,2.589861907438443822e+01
1.043000000000000038e-01,-3.047361116186810932e+02,5.863140869202901229e+00,2.590784947560319296e+01
1.044000000000000067e-01,-3.017659155848933779e+02,5.832816262872094981e+00,2.591737689642532416e+01
1.044999999999999957e-01,-2.987957195511056625e+02,5.802788676144666979e+00,2.592720133685083539e+01
1.045999999999999985e-01,-2.958255235173179472e+02,5.773058109020618112e+00,2.593732279687972664e+01
1.047000000000000014e-01,-2.928553274835302318e+02,5.743624561499947490e+00,2.594774127651199436e+01
1.048000000000000043e-01,-2.898851314497425165e+02,5.714488033582656001e+00,2.595845677574764210e+01
1.048999999999999932e-01,-2.869149354159548011e+02,5.685648525268743647e+00,2.596946929458666986e+01
1.049999999999999961e-01,-2.839447393821671426e+02,5.657106036558209539e+00,2.598077883302907409e+01
1.050999999999999990e-01,-2.809745433483794272e+02,5.628860567451053676e+00,2.599293656323821011e+01
1.052000000000000018e-01,-2.780043473145917119e+02,5.600912117947277835e+00,2.600459195366708798e+01
1.053000000000000047e-01,-2.750341512808039965e+02,5.573260688046880240e+00,2.601574499591410827e+01
1.053999999999999937e-01,-2.720639552470162812e+02,5.545906277749860891e+00,2.602639568157767513e+01
1.054999999999999966e-01,-2.690937592132285658e+02,5.518848887056220676e+00,2.603654400225619625e+01
1.055999999999999994e-01,-2.661235631794408505e+02,5.492088515965959594e+00,2.604618994954807221e+01
1.057000000000000023e-01,-2.631533671456531351e+02,5.465625164479076759e+00,2.605533351505170359e+01
1.058000000000000052e-01,-2.601831711118654198e+02,5.439458832595573057e+00,2.606397469036550163e+01
1.058999999999999941e-01,-2.572129750780776476e+02,5.413589520315448489e+00,2.607211346708786337e+01
1.059999999999999970e-01,-2.542427790442899607e+02,5.388017227638702167e+00,2.607974983681719294e+01
1.060999999999999999e-01,-2.512725830105022169e+02,5.362741954565334090e+00,2.608688379115190159e+01
1.062000000000000027e-01,-2.483023869767145015e+02,5.337763701095346036e+00,2.609351532169038279e+01
1.063000000000000056e-01,-2.453321909429267862e+02,5.313082467228735339e+00,2.609964442003104779e+01
1.063999999999999946e-01,-2.423619949091390424e+02,5.288698252965504665e+00,2.610527107777229361e+01
1.064999999999999974e-01,-2.393917988753512702e+02,5.264611058305652236e+00,2.611039528651253150e+01
1.066000000000000003e-01,-2.364216028415634980e+02,5.240820883249178941e+00,2.611501703785016204e+01
1.067000000000000032e-01,-2.334514068077757543e+02,5.217327727796083892e+00,2.611913632338358582e+01
1.068000000000000060e-01,-2.304812107739879821e+02,5.194131591946367976e+00,2.612275313471121052e+01
1.068999999999999950e-01,-2.275110147402002383e+02,5.171232475700030307e+00,2.612586746343143673e+01
1.069999999999999979e-01,-2.245408187064124945e+02,5.148630379057071771e+00,2.612847930114266859e+01
1.071000000000000008e-01,-2.215706226726247792e+02,5.126325302017492369e+00,2.613058863944331378e+01
1.072000000000000036e-01,-2.186004266388370354e+02,5.104317244581291213e+00,2.613219546993177289e+01
1.073000000000000065e-01,-2.156302306050492632e+02,5.082606206748469191e+00,2.613329978420645006e+01
1.073999999999999955e-01,-2.126600345712615194e+02,5.061192188519025414e+00,2.613390157386574941e+01
1.074999999999999983e-01,-2.096898385374738041e+02,5.040075189892960772e+00,2.613400083050807154e+01
1.076000000000000012e-01,-2.067196425036860603e+02,5.019255210870275263e+00,2.613359754573182414e+01
1.077000000000000041e-01,-2.037494464698983165e+02,4.998732251450968000e+00,2.613269171113540779e+01
1.078000000000000069e-01,-2.007792504361105728e+02,4.978506311635038983e+00,2.613128331831723017e+01
1.078999999999999959e-01,-1.978090544023228290e+02,4.958577391422489988e+00,2.612937235887569187e+01
1.079999999999999988e-01,-1.948388583685351136e+02,4.938945490813319239e+00,2.612695882440919704e+01
1.081000000000000016e-01,-1.918686623347473699e+02,4.919610609807526735e+00,2.612404270651614979e+01
1.082000000000000045e-01,-1.888984663009596261e+02,4.900572748405114254e+00,2.612062399679495428e+01
1.082999999999999935e-01,-1.859282702671719107e+02,4.881831906606079130e+00,2.611670268684401464e+01
1.083999999999999964e-01,-1.829580742333841670e+02,4.863388084410424028e+00,2.611227876826173144e+01
1.084999999999999992e-01,-1.799878781995964516e+02,4.845241281818147172e+00,2.610735223264650884e+01
1.086000000000000021e-01,-1.770176821658087079e+02,4.827391498829248562e+00,2.610192307159675451e+01
1.087000000000000050e-01,-1.740474861320209641e+02,4.809838735443729085e+00,2.609599127671087260e+01
1.087999999999999939e-01,-1.710772900982332487e+02,4.792582991661588743e+00,2.608955683958726013e+01
1.088999999999999968e-01,-1.681070940644455050e+02,4.775624267482826646e+00,2.608261975182432479e+01
1.089999999999999997e-01,-1.651368980306577896e+02,4.758962562907443683e+00,2.607518000502047428e+01
1.091000000000000025e-01,-1.621667019968700458e+02,4.742597877935439854e+00,2.606723759077410563e+01
1.092000000000000054e-01,-1.591965059630823305e+02,4.726530212566814271e+00,2.605879250068362296e+01
1.092999999999999944e-01,-1.562263099292945867e+02,4.710759566801566933e+00,2.604984472634743398e+01
1.093999999999999972e-01,-1.532561138955068714e+02,4.695285940639699618e+00,2.604039425936393926e+01
1.095000000000000001e-01,-1.502859178617191560e+02,4.680109334081209660e+00,2.603044109133154649e+01
1.096000000000000030e-01,-1.473157218279314122e+02,4.665229747126099724e+00,2.601998521384865626e+01
1.097000000000000058e-01,-1.443455257941436969e+02,4.650647179774368034e+00,2.600902661851366915e+01
1.097999999999999948e-01,-1.413753297603559531e+02,4.636361632026015478e+00,2.599756529692499640e+01
1.098999999999999977e-01,-1.384051337265682378e+02,4.622373103881041168e+00,2.598560124068103505e+01
1.100000000000000006e-01,-1.354349376927805224e+02,4.608681595339445991e+00,2.597313444138019278e+01
1.101000000000000034e-01,-1.324647416589927786e+02,4.595287106401229060e+00,2.595973995244197852e+01
1.102000000000000063e-01,-1.294945456252050349e+02,4.582189637066391263e+00,2.594664248310714072e+01
1.102999999999999953e-01,-1.265243495914173195e+02,4.569389187334932600e+00,2.593384203337567939e+01
1.103999999999999981e-01,-1.235541535576296042e+02,4.556885757206852183e+00,2.592133860324760164e+01
1.105000000000000010e-01,-1.205839575238418888e+02,4.544679346682150900e+00,2.590913219272289680e+01
1.106000000000000039e-01,-1.176137614900541735e+02,4.532769955760827862e+00,2.589722280180157554e+01
1.107000000000000067e-01,-1.146435654562664439e+02,4.521157584442883959e+00,2.588561043048363075e+01
1.107999999999999957e-01,-1.116733694224787143e+02,4.509842232728319189e+00,2.587429507876906598e+01
1.108999999999999986e-01,-1.087031733886909990e+02,4.498823900617132665e+00,2.586327674665788123e+01
1.110000000000000014e-01,-1.057329773549032836e+02,4.488102588109325275e+00,2.585255543415007295e+01
1.111000000000000043e-01,-1.027627813211155541e+02,4.477678295204896131e+00,2.584213114124564470e+01
1.111999999999999933e-01,-9.979258528732782452e+01,4.467551021903846120e+00,2.583200386794459291e+01
1.112999999999999962e-01,-9.682238925354010917e+01,4.457720768206174355e+00,2.582217361424692115e+01
1.113999999999999990e-01,-9.385219321975237960e+01,4.448187534111882613e+00,2.581264038015262940e+01
1.115000000000000019e-01,-9.088199718596465004e+01,4.438951319620968228e+00,2.580340416566171768e+01
1.116000000000000048e-01,-8.791180115217693469e+01,4.430012124733433865e+00,2.579446497077418243e+01
1.116999999999999937e-01,-8.494160511838921934e+01,4.421369949449277748e+00,2.578582279549002365e+01
1.117999999999999966e-01,-8.197140908460150399e+01,4.413024793768499876e+00,2.577747763980924844e+01
1.118999999999999995e-01,-7.900121305081378864e+01,4.404976657691101138e+00,2.576942950373184971e+01
1.120000000000000023e-01,-7.603101701702607329e+01,4.397225541217081535e+00,2.576167838725782744e+01
1.121000000000000052e-01,-7.306082098323834373e+01,4.389771444346440177e+00,2.575422429038718874e+01
1.121999999999999942e-01,-7.009062494945061417e+01,4.382614367079177953e+00,2.574706721311992652e+01
1.122999999999999970e-01,-6.712042891566291303e+01,4.375754309415293974e+00,2.574020715545604077e+01
1.123999999999999999e-01,-6.415023288187518347e+01,4.369191271354790018e+00,2.573364411739553859e+01
1.125000000000000028e-01,-6.118003684808746812e+01,4.362925252897663420e+00,2.572737809893841288e+01
1.126000000000000056e-01,-5.820984081429975276e+01,4.356956254043915955e+00,2.572140910008466363e+01
1.126999999999999946e-01,-5.523964478051203741e+01,4.351284274793547624e+00,2.571573712083429442e+01
1.127999999999999975e-01,-5.226944874672432206e+01,4.345909315146558427e+00,2.571036216118730522e+01
1.129000000000000004e-01,-4.929925271293661382e+01,4.340831375102947476e+00,2.570528422114369604e+01
1.130000000000000032e-01,-4.632905667914889847e+01,4.336050454662714770e+00,2.570050330070346334e+01
1.131000000000000061e-01,-4.335886064536118312e+01,4.331566553825862087e+00,2.569601939986661066e+01
1.131999999999999951e-01,-4.038866461157345356e+01,4.327379672592386761e+00,2.569183251863313444e+01
1.132999999999999979e-01,-3.741846857778574531e+01,4.323489810962291457e+00,2.568794265700303825e+01
1.134000000000000008e-01,-3.444827254399802996e+01,4.319896968935574399e+00,2.568434981497632208e+01
1.135000000000000037e-01,-3.147807651021031106e+01,4.316601146512235587e+00,2.568105399255298238e+01
1.136000000000000065e-01,-2.850788047642260281e+01,4.313602343692275909e+00,2.567805518973302270e+01
1.136999999999999955e-01,-2.553768444263489101e+01,4.310900560475695364e+00,2.567535340651644304e+01
1.137999999999999984e-01,-2.256748840884717211e+01,4.308495796862493954e+00,2.567294864290323986e+01
1.139000000000000012e-01,-1.959729237505946742e+01,4.306388052852669901e+00,2.567084089889341669e+01
1.140000000000000041e-01,-1.662709634127175917e+01,4.304577328446225870e+00,2.566903017448697355e+01
1.140999999999999931e-01,-1.365690030748404205e+01,4.303063623643160085e+00,2.566751646968390688e+01
1.141999999999999960e-01,-1.068670427369634091e+01,4.301846938443473434e+00,2.566629978448422023e+01
1.142999999999999988e-01,-7.716508239908633549e+00,4.300927272847165028e+00,2.566538011888791360e+01
1.144000000000000017e-01,-4.746312206120919974e+00,4.300304626854235757e+00,2.566475747289498344e+01
1.145000000000000046e-01,-1.776116172333201515e+00,4.299979000464684731e+00,2.566443184650543330e+01
1.145999999999999935e-01,1.194079861454523162e+00,4.299950393678513727e+00,2.566440323971925963e+01
1.146999999999999964e-01,4.164275895242233183e+00,4.300218806495720081e+00,2.566467165253646954e+01
1.147999999999999993e-01,7.134471929029949422e+00,4.300784238916305569e+00,2.566523708495705236e+01
1.149000000000000021e-01,1.010466796281767010e+01,4.301646690940270190e+00,2.566609953698101876e+01
1.150000000000000050e-01,1.307486399660537835e+01,4.302806162567613946e+00,2.566725900860836163e+01
1.150999999999999940e-01,1.604506003039309192e+01,4.304262653798335947e+00,2.566871549983908452e+01
1.151999999999999968e-01,1.901525606418078951e+01,4.306016164632436194e+00,2.567046901067318387e+01
1.152999999999999997e-01,2.198545209796849420e+01,4.308066695069916463e+00,2.567251954111066325e+01
1.154000000000000026e-01,2.495564813175620600e+01,4.310414245110774090e+00,2.567486709115152266e+01
1.155000000000000054e-01,2.792584416554392135e+01,4.313058814755011738e+00,2.567751166079575853e+01
1.155999999999999944e-01,3.089604019933164381e+01,4.316000404002627633e+00,2.568045325004337442e+01
1.156999999999999973e-01,3.386623623311935205e+01,4.319239012853621773e+00,2.568369185889437034e+01
1.158000000000000002e-01,3.683643226690706740e+01,4.322774641307995935e+00,2.568722748734874273e+01
1.159000000000000030e-01,3.980662830069478275e+01,4.326607289365747455e+00,2.569106013540649514e+01
1.160000000000000059e-01,4.277682433448249100e+01,4.330736957026878997e+00,2.569518980306762757e+01
1.160999999999999949e-01,4.574702036827019924e+01,4.335163644291388785e+00,2.569961649033213646e+01
1.161999999999999977e-01,4.871721640205791459e+01,4.339887351159276818e+00,2.570434019720002539e+01
1.163000000000000006e-01,5.168741243584561573e+01,4.344908077630543985e+00,2.570936092367129078e+01
1.164000000000000035e-01,5.465760846963332398e+01,4.350225823705190287e+00,2.571467866974593974e+01
1.165000000000000063e-01,5.762780450342103933e+01,4.355840589383214834e+00,2.572029343542396163e+01
1.165999999999999953e-01,6.059800053720876178e+01,4.361752374664618515e+00,2.572620522070536708e+01
1.166999999999999982e-01,6.356819657099646292e+01,4.367961179549401329e+00,2.573241402559014901e+01
1.168000000000000010e-01,6.653839260478417827e+01,4.374467004037562390e+00,2.573891985007831096e+01
1.169000000000000039e-01,6.950858863857189363e+01,4.381269848129102584e+00,2.574572269416984938e+01
1.170000000000000068e-01,7.247878467235959477e+01,4.388369711824021024e+00,2.575282255786476782e+01
1.170999999999999958e-01,7.544898070614731012e+01,4.395766595122318598e+00,2.576021944116306628e+01
1.171999999999999986e-01,7.841917673993502547e+01,4.403460498023994418e+00,2.576791334406474121e+01
1.173000000000000015e-01,8.138937277372272661e+01,4.411451420529049372e+00,2.577590426656979616e+01
1.174000000000000044e-01,8.435956880751042775e+01,4.419739362637483460e+00,2.578419220867823114e+01
1.174999999999999933e-01,8.732976484129814310e+01,4.428324324349295793e+00,2.579277717039004258e+01
1.175999999999999962e-01,9.029996087508583003e+01,4.437206305664487260e+00,2.580165915170523405e+01
1.176999999999999991e-01,9.327015690887354538e+01,4.446385306583056973e+00,2.581083815262380554e+01
1.178000000000000019e-01,9.624035294266124652e+01,4.455861327105005820e+00,2.582031417314575350e+01
1.179000000000000048e-01,9.921054897644896187e+01,4.465634367230333801e+00,2.583008721327108148e+01
1.179999999999999938e-01,1.021807450102366914e+02,4.475704426959040028e+00,2.584015727299978948e+01
1.180999999999999966e-01,1.051509410440243926e+02,4.486071506291125388e+00,2.585052435233187396e+01
1.181999999999999995e-01,1.081211370778121079e+02,4.496735605226588994e+00,2.586118845126733845e+01
1.183000000000000024e-01,1.110913331115998091e+02,4.507696723765431734e+00,2.587214956980617941e+01
1.184000000000000052e-01,1.140615291453875102e+02,4.518954861907653608e+00,2.588340770794840040e+01
1.184999999999999942e-01,1.170317251791752255e+02,4.530510019653253728e+00,2.589496286569400141e+01
1.185999999999999971e-01,1.162504911089048534e+02,4.542174000262847677e+00,2.590662684630359536e+01
1.187000000000000000e-01,1.132802950751171522e+02,4.553650044542676412e+00,2.591810289058342320e+01
1.188000000000000028e-01,1.103100990413294653e+02,4.564829069219126900e+00,2.592928191525987458e+01
1.189000000000000057e-01,1.073399030075417784e+02,4.575711074292198255e+00,2.594016392033294593e+01
1.189999999999999947e-01,1.043697069737540772e+02,4.586296059761890476e+00,2.595074890580263727e+01
1.190999999999999975e-01,1.013995109399663761e+02,4.596584025628204451e+00,2.596103687166895213e+01
1.192000000000000004e-01,9.842931490617867496e+01,4.606574971891140180e+00,2.597102781793188697e+01
1.193000000000000033e-01,9.545911887239097382e+01,4.616268898550695887e+00,2.598072174459144534e+01
1.194000000000000061e-01,9.248892283860327268e+01,4.625665805606873349e+00,2.599011865164762014e+01
1.194999999999999951e-01,8.951872680481557154e+01,4.634765693059672564e+00,2.599921853910042202e+01
1.195999999999999980e-01,8.654853077102788461e+01,4.643568560909092646e+00,2.600802140694984033e+01
1.197000000000000008e-01,8.357833473724018347e+01,4.652074409155133594e+00,2.601652725519588216e+01
1.198000000000000037e-01,8.060813870345248233e+01,4.660283237797796296e+00,2.602473608383854398e+01
1.199000000000000066e-01,7.763794266966478119e+01,4.668195046837079865e+00,2.603264789287782932e+01
1.199999999999999956e-01,7.466774663587709426e+01,4.675809836272985187e+00,2.604026268231373464e+01
1.200999999999999984e-01,7.169755060208940733e+01,4.683127606105511376e+00,2.604758045214625994e+01
1.202000000000000013e-01,6.872735456830172041e+01,4.690148356334658430e+00,2.605460120237540522e+01
1.203000000000000042e-01,6.575715853451401927e+01,4.696872086960427239e+00,2.606132493300117403e+01
1.203999999999999931e-01,6.278696250072631813e+01,4.703298797982817803e+00,2.606775164402356637e+01
1.204999999999999960e-01,5.981676646693863120e+01,4.709428489401828344e+00,2.607388133544257514e+01
1.205999999999999989e-01,5.684657043315093716e+01,4.715261161217460639e+00,2.607971400725820743e+01
1.207000000000000017e-01,5.387637439936324313e+01,4.720796813429714689e+00,2.608524965947046326e+01
1.208000000000000046e-01,5.090617836557555620e+01,4.726035446038589605e+00,2.609048829207933551e+01
1.208999999999999936e-01,4.793598233178786217e+01,4.730977059044085387e+00,2.609542990508483484e+01
1.209999999999999964e-01,4.496578629800016813e+01,4.735621652446202923e+00,2.610007449848695060e+01
1.210999999999999993e-01,4.199559026421248120e+01,4.739969226244941325e+00,2.610442207228568989e+01
1.212000000000000022e-01,3.902539423042480848e+01,4.744019780440300593e+00,2.610847262648104916e+01
1.213000000000000050e-01,3.605519819663711445e+01,4.747773315032281616e+00,2.611222616107302841e+01
1.213999999999999940e-01,3.308500216284941331e+01,4.751229830020884393e+00,2.611568267606163118e+01
1.214999999999999969e-01,3.011480612906170151e+01,4.754389325406108036e+00,2.611884217144685394e+01
1.215999999999999998e-01,2.714461009527400748e+01,4.757251801187952545e+00,2.612170464722870022e+01
1.217000000000000026e-01,2.417441406148632765e+01,4.759817257366417920e+00,2.612427010340716649e+01
1.218000000000000055e-01,2.120421802769865849e+01,4.762085693941505049e+00,2.612653853998225273e+01
1.218999999999999945e-01,1.823402199391098577e+01,4.764057110913213933e+00,2.612850995695396250e+01
1.219999999999999973e-01,1.526382596012330417e+01,4.765731508281543682e+00,2.613018435432229225e+01
1.221000000000000002e-01,1.229362992633559770e+01,4.767108886046494298e+00,2.613156173208724198e+01
1.222000000000000031e-01,9.323433892547903667e+00,4.768189244208066668e+00,2.613264209024881524e+01
1.223000000000000059e-01,6.353237858760206080e+00,4.768972582766259904e+00,2.613342542880700847e+01
1.223999999999999949e-01,3.383041824972520928e+00,4.769458901721074007e+00,2.613391174776182169e+01
1.224999999999999978e-01,4.128457911849681694e-01,4.769648201072509863e+00,2.613410104711325843e+01
1.226000000000000006e-01,-2.557350242602593138e+00,4.769540480820566586e+00,2.613399332686131515e+01
1.227000000000000035e-01,-3.176389572143893503e+00,4.769253690657295763e+00,2.613370653669804256e+01
1.228000000000000064e-01,-2.061935383560561941e-01,4.769085056531142897e+00,2.613353790257189146e+01
1.228999999999999954e-01,2.764002495431764572e+00,4.769213442008369164e+00,2.613366628804911684e+01
1.229999999999999982e-01,2.970196033782398271e+00,4.769500186300190236e+00,2.613395303234093703e+01
1.231000000000000011e-01,-5.191638330075978604e-12,4.769648201072507199e+00,2.613410104711325488e+01
1.232000000000000040e-01,-2.970196033792749990e+00,4.769499196241445027e+00,2.613395204228219271e+01
1.233000000000000068e-01,-4.895775760722690518e-12,4.769351181469127177e+00,2.613380402750987486e+01
1.233999999999999958e-01,2.970196033782901868e+00,4.769500186300188460e+00,2.613395303234093703e+01
1.234999999999999987e-01,-4.757286697764140428e-12,4.769648201072504534e+00,2.613410104711325133e+01
1.236000000000000015e-01,-2.970196033792423140e+00,4.769499196241443251e+00,2.613395204228218915e+01
1.237000000000000044e-01,-2.121972508839192972e+00,4.769244729183956366e+00,2.613369757522470493e+01
1.237999999999999934e-01,8.482235249485510220e-01,4.769181536764134144e+00,2.613363438280488182e+01
1.238999999999999962e-01,3.818419558736300345e+00,4.769415363947690167e+00,2.613386820998843874e+01
1.239999999999999991e-01,8.482235249485935435e-01,4.769648201072502758e+00,2.613410104711325133e+01
1.241000000000000020e-01,-2.121972508839099270e+00,4.769584018593935326e+00,2.613403686463468389e+01
1.242000000000000048e-01,-4.280946777162426997e+00,4.769263512802989879e+00,2.613371635884373845e+01
1.242999999999999938e-01,-1.310750743374737848e+00,4.768984422956335401e+00,2.613343726899708130e+01
1.243999999999999967e-01,1.659445290412957519e+00,4.769002352713059167e+00,2.613345519875380774e+01
1.244999999999999996e-01,4.629641324200698627e+00,4.769317302073162068e+00,2.613377014811391064e+01
1.246000000000000024e-01,1.659445290412984164e+00,4.769631261374520648e+00,2.613408410741526922e+01
1.247000000000000053e-01,-1.310750743374676563e+00,4.769648201072500093e+00,2.613410104711324777e+01
1.247999999999999943e-01,-2.669840856566171983e+00,4.769448944978994298e+00,2.613390179101974198e+01
1.248999999999999971e-01,3.003551772215715121e-01,4.769330965724399185e+00,2.613378381176514864e+01
1.250000000000000000e-01,3.270551211009300463e+00,4.769510006073183206e+00,2.613396285211393177e+01
1.250999999999999890e-01,3.003551772216730975e-01,4.769688056363222017e+00,2.613410235484644417e+01
1.252000000000000057e-01,-1.273310223946110487e+00,4.769639146335067359e+00,2.613402535946885763e+01
1.252999999999999947e-01,1.696885809841651938e+00,4.769660820143734270e+00,2.613402941011251102e+01
1.254000000000000115e-01,-1.273310223946022113e+00,4.769681503893657748e+00,2.613404293285817914e+01
1.255000000000000004e-01,1.696885809841738313e+00,4.769703177702324659e+00,2.613406790779967537e+01
1.255999999999999894e-01,-1.273310223945937292e+00,4.769723861452247249e+00,2.613410235479584642e+01
1.257000000000000062e-01,-4.243506257733599796e+00,4.769447525598790705e+00,2.613385024427838843e+01
1.257999999999999952e-01,-2.227079034389377377e+00,4.769124332403148259e+00,2.613356173848482911e+01
1.259000000000000119e-01,7.431169993983308686e-01,4.769050629330770619e+00,2.613353318485694743e+01
1.260000000000000009e-01,3.713313033186064427e+00,4.769273945861772113e+00,2.613381211285119221e+01
1.260999999999999899e-01,7.431169993983626210e-01,4.769496272334029285e+00,2.613410051278176738e+01
1.262000000000000066e-01,-2.227079034389384926e+00,4.769421579202907324e+00,2.613410235508037616e+01
1.262999999999999956e-01,-9.521420066112675773e-01,4.769262830638945516e+00,2.613403060389388699e+01
1.264000000000000123e-01,-3.922338040399022230e+00,4.769018611607222624e+00,2.613388384416371224e+01
1.265000000000000013e-01,-9.521420066113608360e-01,4.768775382634244053e+00,2.613374853639268380e+01
1.265999999999999903e-01,2.018054027176287679e+00,4.768829173264644616e+00,2.613392071010177631e+01
1.267000000000000071e-01,-9.521420066112405989e-01,4.768881973836300858e+00,2.613410235560519013e+01
1.267999999999999960e-01,-1.831060779929324367e+00,4.768742667211488317e+00,2.613410235574153972e+01
1.269000000000000128e-01,-4.747737502345269256e+00,4.768413241187828611e+00,2.613392269828477410e+01
1.270000000000000018e-01,-1.777541468557463755e+00,4.768087472268654814e+00,2.613375715971455904e+01
1.270999999999999908e-01,1.192654565230364838e+00,4.768058722952861039e+00,2.613389910250612402e+01
1.272000000000000075e-01,-7.441975677359216057e-01,4.768080822996198620e+00,2.613410235639154777e+01
1.272999999999999965e-01,-3.714393601523505062e+00,4.767857398408363423e+00,2.613407054735685975e+01
1.274000000000000132e-01,-6.684589635311076528e+00,4.767336954217149980e+00,2.613375218040618719e+01
1.275000000000000022e-01,-3.714393601523295452e+00,4.766817500084679970e+00,2.613344526517798272e+01
1.275999999999999912e-01,-7.441975677355691099e-01,4.766595065555589095e+00,2.613344583119321385e+01
1.277000000000000079e-01,2.225998466052162783e+00,4.766669650629877353e+00,2.613375387842821240e+01
1.277999999999999969e-01,-7.441975677355214813e-01,4.766743245645421290e+00,2.613407139719718941e+01
1.279000000000000137e-01,-3.714393601523073407e+00,4.766519821057586093e+00,2.613410235793183745e+01
1.280000000000000027e-01,-5.646221110841091573e+00,4.766051468352863196e+00,2.613389885209498331e+01
1.280999999999999917e-01,-2.676025077053250545e+00,4.765635851072840268e+00,2.613375854320454650e+01
1.282000000000000084e-01,2.941709567345737186e-01,4.765517253396196473e+00,2.613392571541553266e+01
1.282999999999999974e-01,-2.676025077052960111e+00,4.765397665660808357e+00,2.613410235904215995e+01
1.283999999999999864e-01,-5.646221110840483171e+00,4.764981058322041996e+00,2.613399244451611736e+01
1.285000000000000031e-01,-5.654915062893672406e+00,4.764416000064372270e+00,2.613374454049822049e+01
1.285999999999999921e-01,-2.684719029105799848e+00,4.763999513389144624e+00,2.613365566946613683e+01
1.287000000000000088e-01,2.854770046820158669e-01,4.763880046317295225e+00,2.613387427941714236e+01
1.287999999999999978e-01,-2.684719029105447685e+00,4.763759589186702392e+00,2.613410236066544101e+01
1.288999999999999868e-01,-5.654915062892901467e+00,4.763342112452730426e+00,2.613404388364273601e+01
1.290000000000000036e-01,-6.398076618616970634e+00,4.762739339009221418e+00,2.613381057121919326e+01
1.290999999999999925e-01,-3.427880584829033239e+00,4.762248536178421254e+00,2.613369969069339760e+01
1.292000000000000093e-01,-4.576845510410546547e-01,4.762054752950999337e+00,2.613389629103235023e+01
1.292999999999999983e-01,-3.427880584828437271e+00,4.761859979664833986e+00,2.613410236255025509e+01
1.293999999999999873e-01,-6.398076618615832878e+00,4.761368186775289502e+00,2.613402187567881185e+01
1.295000000000000040e-01,-8.830041951837959147e+00,4.760606375521913236e+00,2.613368183163390057e+01
1.295999999999999930e-01,-5.859845918049962243e+00,4.759872376157791685e+00,2.613338006064493868e+01
1.297000000000000097e-01,-2.889649884262004420e+00,4.759435396397047491e+00,2.613338577040238420e+01
1.297999999999999987e-01,8.054614952595369470e-02,4.759295436239683319e+00,2.613369896088256539e+01
1.298999999999999877e-01,-2.889649884261508372e+00,4.759154486023573938e+00,2.613402162239969329e+01
1.300000000000000044e-01,-5.859845918049040314e+00,4.758716516204086311e+00,2.613405772538546401e+01
1.300999999999999934e-01,-3.749266990394791055e+00,4.758236412319473807e+00,2.613410105852501530e+01
1.302000000000000102e-01,-6.719463024182337207e+00,4.757712480789373366e+00,2.613410056401908221e+01
1.302999999999999992e-01,-3.749266990394491295e+00,4.757189539318016358e+00,2.613410105957188989e+01
1.303999999999999881e-01,-6.719463024182044109e+00,4.756665607787915029e+00,2.613410056506595325e+01
1.305000000000000049e-01,-9.689659057969585376e+00,4.755844656654435454e+00,2.613380305095663658e+01
1.305999999999999939e-01,-6.719463024181674626e+00,4.755024695579700200e+00,2.613350652690606779e+01
1.307000000000000106e-01,-3.749266990393762988e+00,4.754501754108343192e+00,2.613350702245887547e+01
1.307999999999999996e-01,-7.790709566057897328e-01,4.754275832240365318e+00,2.613380453761505962e+01
1.308999999999999886e-01,-3.749266990393256727e+00,4.754048920313644011e+00,2.613410106271250299e+01
1.310000000000000053e-01,-6.719463024180734934e+00,4.753524988783542682e+00,2.613410056820656635e+01
1.310999999999999943e-01,-4.078738739284291981e+00,4.752985518813149568e+00,2.613408453526033881e+01
1.312000000000000111e-01,-7.048934773071788840e+00,4.752428640108159463e+00,2.613405109357951517e+01
1.313000000000000000e-01,-4.078738739283835457e+00,4.751872751461913680e+00,2.613401864195743229e+01
1.313999999999999890e-01,-4.739332334990703721e+00,4.751431737810001721e+00,2.613410106532968413e+01
1.315000000000000058e-01,-7.709528368778152618e+00,4.750808799745440680e+00,2.613400156428928867e+01
1.315999999999999948e-01,-4.739332334990211670e+00,4.750186851739624849e+00,2.613390305330763752e+01
1.317000000000000115e-01,-7.709528368777670337e+00,4.749563913675064697e+00,2.613380355226724205e+01
1.318000000000000005e-01,-4.739332334989738271e+00,4.748941965669247978e+00,2.613370504128559091e+01
1.318999999999999895e-01,-1.769136301201844841e+00,4.748617037266810392e+00,2.613390354990731623e+01
1.320000000000000062e-01,-4.739332334989232010e+00,4.748291118805628486e+00,2.613410106847030079e+01
1.320999999999999952e-01,-7.709528368776631169e+00,4.747668180741068333e+00,2.613400156742990532e+01
1.322000000000000119e-01,-7.568157781285906438e+00,4.746904319995173260e+00,2.613376114370817405e+01
1.323000000000000009e-01,-4.597961747497910423e+00,4.746296509048105960e+00,2.613367676978527143e+01
1.323999999999999899e-01,-1.627765713710053408e+00,4.745985717704417794e+00,2.613388941546574529e+01
1.325000000000000067e-01,-4.597961747497555152e+00,4.745673936301985307e+00,2.613410107108747837e+01
1.325999999999999956e-01,-7.568157781285066221e+00,4.745065135296173686e+00,2.613401570710583144e+01
1.327000000000000124e-01,-7.628649051871001951e+00,4.744305284872704753e+00,2.613377929370652808e+01
1.328000000000000014e-01,-4.658453018083123176e+00,4.743691424798579526e+00,2.613368887065656665e+01
1.328999999999999904e-01,-1.688256984295281260e+00,4.743374584327832544e+00,2.613389546720998524e+01
1.330000000000000071e-01,-4.658453018082897579e+00,4.743056753798341241e+00,2.613410107370465951e+01
1.330999999999999961e-01,-7.628649051870520559e+00,4.742441903665471692e+00,2.613400966059595376e+01
1.332000000000000128e-01,-7.602765352269654109e+00,4.741680337259185585e+00,2.613377153121383145e+01
1.333000000000000018e-01,-4.632569318481881027e+00,4.741069065555020501e+00,2.613368369653383283e+01
1.333999999999999908e-01,-1.662373284694162567e+00,4.740754813454233663e+00,2.613389288145721068e+01
1.335000000000000075e-01,-4.632569318481820630e+00,4.740439571294702503e+00,2.613410107632184420e+01
1.335999999999999965e-01,-7.602765352269485355e+00,4.739827309531793098e+00,2.613401225158309771e+01
1.337000000000000133e-01,-9.250976511159596072e+00,4.738984347738592895e+00,2.613369272681406130e+01
1.338000000000000023e-01,-6.280780477371864734e+00,4.738208254918538920e+00,2.613344007101817112e+01
1.338999999999999913e-01,-3.310584443584166703e+00,4.737729181701863190e+00,2.613348443482566097e+01
1.340000000000000080e-01,-7.741206628637845588e-01,4.737525369187685520e+00,2.613380405933564887e+01
1.340999999999999970e-01,-3.744316696651489362e+00,4.737298952290338150e+00,2.613410107946246441e+01
1.342000000000000137e-01,-6.714512730439200716e+00,4.736775515789610758e+00,2.613410107998590348e+01
1.343000000000000027e-01,-7.993916500127044245e+00,4.736039881095543080e+00,2.613388888231600049e+01
1.343999999999999917e-01,-5.023720466339362645e+00,4.735389494276591726e+00,2.613376193252121382e+01
1.345000000000000084e-01,-2.053524432551634860e+00,4.735036127061019506e+00,2.613393200232980718e+01
1.345999999999999974e-01,-5.023720466339263169e+00,4.734681769786702077e+00,2.613410108207965266e+01
1.346999999999999864e-01,-7.993916500126879932e+00,4.734030392909007290e+00,2.613397314222612167e+01
1.348000000000000032e-01,-7.514206550510340143e+00,4.733255066707600101e+00,2.613372125304887916e+01
1.348999999999999921e-01,-4.544010516722553739e+00,4.732652650883610868e+00,2.613364227424905550e+01
1.350000000000000089e-01,-1.573814482934861703e+00,4.732347254662999880e+00,2.613386031505260831e+01
1.350999999999999979e-01,-4.544010516722604365e+00,4.732040868383645460e+00,2.613407736579742036e+01
1.351999999999999869e-01,-5.447330463094708364e+00,4.731541150782333283e+00,2.613410108522027286e+01
1.353000000000000036e-01,-8.417526496882434373e+00,4.730847412904962468e+00,2.613393078436706674e+01
1.353999999999999926e-01,-5.447330463094725239e+00,4.730154665086335974e+00,2.613376147357260493e+01
1.355000000000000093e-01,-2.477134429307049857e+00,4.729758936871087727e+00,2.613388918238151959e+01
1.355999999999999983e-01,-3.749266990383475662e+00,4.729447404779423714e+00,2.613410108731402204e+01
1.356999999999999873e-01,-6.719463024171187016e+00,4.728923473249323273e+00,2.613410059280808539e+01
1.358000000000000040e-01,-9.689659057958863286e+00,4.728102522115844586e+00,2.613380307869877228e+01
1.358999999999999930e-01,-6.719463024171126619e+00,4.727282561041110220e+00,2.613350655464819994e+01
1.360000000000000098e-01,-3.749266990383363751e+00,4.726759619569754989e+00,2.613350705020101117e+01
1.360999999999999988e-01,-7.790709565955963312e-01,4.726533697701778003e+00,2.613380456535719887e+01
1.361999999999999877e-01,-3.749266990383443687e+00,4.726306785775056696e+00,2.613410109045464225e+01
1.363000000000000045e-01,-6.719463024171412613e+00,4.725782854244957143e+00,2.613410059594870560e+01
1.363999999999999935e-01,-3.749266990383961495e+00,4.725259912773601023e+00,2.613410109150151683e+01
1.365000000000000102e-01,-6.719463024171919763e+00,4.724735981243501470e+00,2.613410059699558019e+01
1.365999999999999992e-01,-3.749266990384458875e+00,4.724213039772146239e+00,2.613410109254838787e+01
1.366999999999999882e-01,-6.714253489574086409e+00,4.723689369587026121e+00,2.613410085938743421e+01
1.368000000000000049e-01,-9.684449523362022916e+00,4.722868939407006472e+00,2.613380386623158103e+01
1.368999999999999939e-01,-6.722438484185871310e+00,4.722049088671845141e+00,2.613350745252058260e+01
1.370000000000000107e-01,-3.752242450398411311e+00,4.721525849654487850e+00,2.613350765052738822e+01
1.370999999999999996e-01,-7.820464166109398763e-01,4.721299630240509693e+00,2.613380486813757742e+01
1.371999999999999886e-01,-3.752242450398859397e+00,4.721072420767787214e+00,2.613410109568901873e+01
1.373000000000000054e-01,-6.722438484186780805e+00,4.720548191691685602e+00,2.613410030363708003e+01
1.373999999999999944e-01,-3.752242450399302154e+00,4.720024952674328311e+00,2.613410050164388920e+01
1.375000000000000111e-01,-6.714512730447323996e+00,4.719501121206864269e+00,2.613410010720058807e+01
1.376000000000000001e-01,-3.744316696659854227e+00,4.718978674764880310e+00,2.613410109778277146e+01
1.376999999999999891e-01,-6.714512730447776079e+00,4.718455238264152918e+00,2.613410109830620698e+01
1.378000000000000058e-01,-9.684708764235699263e+00,4.717634782160047280e+00,2.613380407922626603e+01
1.378999999999999948e-01,-6.714512730448221944e+00,4.716815316114685075e+00,2.613350805020506940e+01
1.380000000000000115e-01,-6.392310739077266213e+00,4.716160028641182222e+00,2.613337619975573034e+01
1.381000000000000005e-01,-3.422114705289778236e+00,4.715669802398336330e+00,2.613340941053704825e+01
1.381999999999999895e-01,-4.519186715022599499e-01,4.715476595758868683e+00,2.613373964092174617e+01
1.383000000000000063e-01,-3.422114705290133507e+00,4.715282399060656715e+00,2.613406888124769978e+01
1.383999999999999952e-01,-6.392310739077950110e+00,4.714791182759066501e+00,2.613410110197027336e+01
1.385000000000000120e-01,-8.261382568849654717e+00,4.714058186583775623e+00,2.613389154281914628e+01
1.386000000000000010e-01,-5.291186535062078811e+00,4.713381053157951861e+00,2.613373784641748898e+01
1.386999999999999900e-01,-2.320990501274495799e+00,4.713000939335507233e+00,2.613388116961920815e+01
1.388000000000000067e-01,-3.744316696647356224e+00,4.712697436756159597e+00,2.613410110406402609e+01
1.388999999999999957e-01,-6.714512730435188814e+00,4.712174000255433981e+00,2.613410110458746516e+01
1.390000000000000124e-01,-7.993916500124715441e+00,4.711438365561365416e+00,2.613388890691755861e+01
1.391000000000000014e-01,-5.023720466337139534e+00,4.710787978742414950e+00,2.613376195712277195e+01
1.391999999999999904e-01,-2.053524432549535206e+00,4.710434611526842730e+00,2.613393202693136530e+01
1.393000000000000071e-01,-5.023720466337205259e+00,4.710080254252526188e+00,2.613410110668121433e+01
1.393999999999999961e-01,-7.993916500124882418e+00,4.709428877374830513e+00,2.613397316682768334e+01
1.395000000000000129e-01,-7.446470521497175810e+00,4.708656949264137914e+00,2.613372467574115632e+01
1.396000000000000019e-01,-4.476274487709432037e+00,4.708061307043049482e+00,2.613365247054423079e+01
1.396999999999999909e-01,-1.506078453921702920e+00,4.707762684425340183e+00,2.613387728495068529e+01
1.398000000000000076e-01,-4.476274487709329897e+00,4.707463071748886563e+00,2.613410110929839902e+01
1.398999999999999966e-01,-7.446470521496984851e+00,4.706866439469053809e+00,2.613402791404272918e+01
1.400000000000000133e-01,-9.329037096652720962e+00,4.706027350329142322e+00,2.613371226192698416e+01
1.401000000000000023e-01,-6.358841062864965643e+00,4.705243451450538572e+00,2.613345180007254243e+01
1.401999999999999913e-01,-3.388645029077186344e+00,4.704756572175313956e+00,2.613348835782148427e+01
1.403000000000000080e-01,-7.741206628863376293e-01,4.704548869641871356e+00,2.613380409231220725e+01
1.403999999999999970e-01,-3.744316696673952283e+00,4.704322452744521321e+00,2.613410111243901923e+01
1.405000000000000138e-01,-6.714512730461555279e+00,4.703799016243792153e+00,2.613410111296245475e+01
1.406000000000000028e-01,-7.993916500131550862e+00,4.703063381549722699e+00,2.613388891529255176e+01
1.406999999999999917e-01,-5.023720466343779556e+00,4.702412994730771345e+00,2.613376196549776509e+01
1.408000000000000085e-01,-2.053524432556043777e+00,4.702059627515198237e+00,2.613393203530635489e+01
1.408999999999999975e-01,-5.023720466343763569e+00,4.701705270240880807e+00,2.613410111505620392e+01
1.409999999999999865e-01,-7.993916500131469149e+00,4.701053893363185132e+00,2.613397317520267293e+01
1.411000000000000032e-01,-7.446470521486285854e+00,4.700281965252492533e+00,2.613372468411614591e+01
1.411999999999999922e-01,-4.476274487698579385e+00,4.699686323031404989e+00,2.613365247891922039e+01
1.413000000000000089e-01,-1.506078453910887349e+00,4.699387700413696578e+00,2.613387729332567844e+01
1.413999999999999979e-01,-4.476274487698570503e+00,4.699088087737244734e+00,2.613410111767338861e+01
1.414999999999999869e-01,-7.446470521486239669e+00,4.698491455457412869e+00,2.613402792241772232e+01
1.416000000000000036e-01,-4.476274487698514548e+00,4.697895813236326212e+00,2.613395571722080035e+01
1.416999999999999926e-01,-6.553858496521660193e+00,4.697343960325421897e+00,2.613392730133406161e+01
1.418000000000000094e-01,-3.583662462733906651e+00,4.696837579306831323e+00,2.613394435733963661e+01
1.418999999999999984e-01,-3.749266990382303266e+00,4.696470905233605109e+00,2.613410112029057331e+01
1.419999999999999873e-01,-6.719463024169958665e+00,4.695946973703504668e+00,2.613410062578463666e+01
1.421000000000000041e-01,-9.689659057957600297e+00,4.695126022570026869e+00,2.613380311167532355e+01
1.421999999999999931e-01,-6.719463024169808563e+00,4.694306061495292504e+00,2.613350658762475476e+01
1.423000000000000098e-01,-3.749266990382012832e+00,4.693783120023936384e+00,2.613350708317756244e+01
1.423999999999999988e-01,-7.790709565941733583e-01,4.693557198155960286e+00,2.613380459833375369e+01
1.424999999999999878e-01,-3.749266990381692644e+00,4.693330286229238979e+00,2.613410112343119707e+01
1.426000000000000045e-01,-6.719463024179557209e+00,4.692806354699139426e+00,2.613410062892526042e+01
1.426999999999999935e-01,-3.749266990391687315e+00,4.692283413227782418e+00,2.613410112447806810e+01
1.428000000000000103e-01,-6.719463024179235688e+00,4.691759481697681977e+00,2.613410062997213146e+01
1.428999999999999992e-01,-3.749266990391272980e+00,4.691236540226325857e+00,2.613410112552493914e+01
1.429999999999999882e-01,-6.719463024178710775e+00,4.690712608696224528e+00,2.613410063101900604e+01
1.431000000000000050e-01,-9.689659057966160560e+00,4.689891657562745841e+00,2.613380311690968938e+01
1.431999999999999940e-01,-6.719463024182693367e+00,4.689071696488010588e+00,2.613350659285912059e+01
1.433000000000000107e-01,-3.749266990394761301e+00,4.688548755016653580e+00,2.613350708841192827e+01
1.433999999999999997e-01,-7.790709566068473313e-01,4.688322833148675706e+00,2.613380460356811241e+01
1.434999999999999887e-01,-3.749266990394293675e+00,4.688095921221953510e+00,2.613410112866555579e+01
1.436000000000000054e-01,-6.719463024181751010e+00,4.687571989691852181e+00,2.613410063415961915e+01
1.436999999999999944e-01,-4.078738739285288517e+00,4.687032519721459067e+00,2.613408460121339161e+01
1.438000000000000111e-01,-7.048934773072765836e+00,4.686475641016468963e+00,2.613405115953256441e+01
1.439000000000000001e-01,-4.078738739284792025e+00,4.685919752370223179e+00,2.613401870791048509e+01
1.439999999999999891e-01,-4.739332334991641638e+00,4.685478738718311220e+00,2.613410113128273693e+01
1.441000000000000059e-01,-7.709528368779071883e+00,4.684855800653750180e+00,2.613400163024234146e+01
1.441999999999999948e-01,-4.739332334991112283e+00,4.684233852647933460e+00,2.613390311926069032e+01
1.443000000000000116e-01,-7.709528368778553187e+00,4.683610914583373308e+00,2.613380361822029130e+01
1.444000000000000006e-01,-4.739332334990604245e+00,4.682988966577556589e+00,2.613370510723864015e+01
1.444999999999999896e-01,-1.769136301202693717e+00,4.682664038175119003e+00,2.613390361586036903e+01
1.446000000000000063e-01,-4.739332334990064233e+00,4.682338119713937985e+00,2.613410113442335003e+01
1.446999999999999953e-01,-7.709528368777446516e+00,4.681715181649376945e+00,2.613400163338295457e+01
1.448000000000000120e-01,-8.451802360912372691e+00,4.680906991401385220e+00,2.613371688015912753e+01
1.449000000000000010e-01,-5.481606327124366906e+00,4.680210815996355578e+00,2.613354414177826257e+01
1.449999999999999900e-01,-2.511410293336302502e+00,4.679811660194705070e+00,2.613366842300077764e+01
1.451000000000000068e-01,-2.264168973507015181e+00,4.679572922437974292e+00,2.613395312226820977e+01
1.451999999999999957e-01,-5.234365007294359273e+00,4.679197500709562085e+00,2.613410113756396314e+01
1.453000000000000125e-01,-8.204561041081715800e+00,4.678525059377771633e+00,2.613395213325633648e+01
1.454000000000000015e-01,-5.234365007293684258e+00,4.677853608104724614e+00,2.613380411900745415e+01
1.454999999999999905e-01,-2.264168973505633176e+00,4.677479176435056729e+00,2.613395312436195184e+01
1.456000000000000072e-01,-5.234365007292866245e+00,4.677103754706644523e+00,2.613410113965770520e+01
1.456999999999999962e-01,-6.536302981550157654e+00,4.676515004318987145e+00,2.613403582629421251e+01
1.458000000000000129e-01,-9.506499015337420033e+00,4.675712369189770179e+00,2.613375662818916112e+01
1.459000000000000019e-01,-6.536302981549353852e+00,4.674910724119298422e+00,2.613347842014285050e+01
1.459999999999999909e-01,-3.566106947761289891e+00,4.674406098652204911e+00,2.613349723169992345e+01
1.461000000000000076e-01,-7.741206628818587676e-01,4.674189552599617770e+00,2.613380412267149921e+01
1.461999999999999966e-01,-3.744316696669205857e+00,4.673963135702268623e+00,2.613410114279831475e+01
1.463000000000000134e-01,-6.714512730456565492e+00,4.673439699201539455e+00,2.613410114332175027e+01
1.464000000000000024e-01,-3.854943317151079185e+00,4.672911702990884208e+00,2.613409658413526060e+01
1.464999999999999913e-01,-6.825139350938461469e+00,4.672377203828108172e+00,2.613408552199664925e+01
1.466000000000000081e-01,-3.854943317150434812e+00,4.671843694724075569e+00,2.613407544991678222e+01
1.466999999999999971e-01,-6.593722017429445081e+00,4.671320804997272980e+00,2.613407599721414343e+01
1.468000000000000138e-01,-3.623525983641418868e+00,4.670810437626591316e+00,2.613408906686762734e+01
1.469000000000000028e-01,-6.593722017428794047e+00,4.670299080197165331e+00,2.613410114646236693e+01
1.469999999999999918e-01,-9.563918051216163008e+00,4.669490703164361101e+00,2.613381620645372649e+01
1.471000000000000085e-01,-6.593722017428042648e+00,4.668683316190301191e+00,2.613353225650383038e+01
1.471999999999999975e-01,-3.623525983639865888e+00,4.668172948819620416e+00,2.613354532615731429e+01
1.472999999999999865e-01,-1.075297984625525061e+00,4.667938432323041731e+00,2.613383424668490207e+01
1.474000000000000032e-01,-4.045494018412779447e+00,4.667681897693517712e+00,2.613410114907954096e+01
1.474999999999999922e-01,-7.015690052200048932e+00,4.667128343460615447e+00,2.613407103187080338e+01
1.476000000000000090e-01,-4.045494018411990744e+00,4.666575779286456616e+00,2.613404190472081012e+01
1.476999999999999980e-01,-5.234365007280177728e+00,4.666111588191328430e+00,2.613410115064984396e+01
1.477999999999999869e-01,-5.234365007291362559e+00,4.665588151690599261e+00,2.613410115117327948e+01
1.479000000000000037e-01,-8.204561041078719086e+00,4.664915710358808809e+00,2.613395214686565637e+01
1.479999999999999927e-01,-5.234365007290747052e+00,4.664244259085762678e+00,2.613380413261677404e+01
1.481000000000000094e-01,-2.264168973502754145e+00,4.663869827416094793e+00,2.613395313797127173e+01
1.481999999999999984e-01,-5.234365007290064042e+00,4.663494405687683475e+00,2.613410115326702510e+01
1.482999999999999874e-01,-8.204561041077367278e+00,4.662821964355893023e+00,2.613395214895939844e+01
1.484000000000000041e-01,-5.234365007289262905e+00,4.662150513082846892e+00,2.613380413471051611e+01
1.484999999999999931e-01,-7.356337516133717003e+00,4.661520624296948689e+00,2.613369768294878170e+01
1.486000000000000099e-01,-4.386141482345625953e+00,4.660933995376396410e+00,2.613363449105239411e+01
1.486999999999999988e-01,-1.415945448557536457e+00,4.660644386059223265e+00,2.613386831875938654e+01
1.487999999999999878e-01,-4.386141482344889653e+00,4.660353786683305799e+00,2.613410115640763465e+01
1.489000000000000046e-01,-6.076952532964336129e+00,4.659830350182577519e+00,2.613410115693107016e+01
1.489999999999999936e-01,-4.397376032655089695e+00,4.659306913681847462e+00,2.613410115745450568e+01
1.491000000000000103e-01,-6.928012781679422361e+00,4.658740222471150716e+00,2.613405790326797273e+01
1.491999999999999993e-01,-3.957816747891376163e+00,4.658196426024044712e+00,2.613403754384503230e+01
1.492999999999999883e-01,-5.234365007293099836e+00,4.657736604179659956e+00,2.613410115902481223e+01
1.494000000000000050e-01,-8.204561041080481232e+00,4.657064162847869504e+00,2.613395215471718558e+01
1.494999999999999940e-01,-5.234365007292474559e+00,4.656392711574822485e+00,2.613380414046830325e+01
1.496000000000000107e-01,-2.264168973504447457e+00,4.656018279905155488e+00,2.613395314582280093e+01
1.496999999999999997e-01,-5.234365007291723160e+00,4.655642858176743282e+00,2.613410116111855430e+01
1.497999999999999887e-01,-6.553963396538111219e+00,4.655053221824952736e+00,2.613403496179092755e+01
1.499000000000000055e-01,-3.583767362749992635e+00,4.654546830316360406e+00,2.613405200730650080e+01
1.499999999999999944e-01,-6.553963396537277220e+00,4.654039448749024643e+00,2.613406806276332617e+01
1.501000000000000112e-01,-3.583767362748981444e+00,4.653533057240432314e+00,2.613408510827889941e+01
1.502000000000000002e-01,-6.553963396535993802e+00,4.653025675673095662e+00,2.613410116373572833e+01
1.502999999999999892e-01,-4.676385629921976594e+00,4.652464471149314384e+00,2.613406339623611174e+01
1.504000000000000059e-01,-7.646581663709008936e+00,4.651847827755260845e+00,2.613397018986622200e+01
1.504999999999999949e-01,-4.676385629920678966e+00,4.651232174419951626e+00,2.613387797355507658e+01
1.506000000000000116e-01,-7.646581663707795684e+00,4.650615531025898086e+00,2.613378476718519039e+01
1.507000000000000006e-01,-4.676385629919549203e+00,4.649999877690588868e+00,2.613369255087404497e+01
1.507999999999999896e-01,-1.706189596131287400e+00,4.649681243958657895e+00,2.613389735416627957e+01
1.509000000000000064e-01,-4.676385629918313747e+00,4.649361620167983489e+00,2.613410116739976985e+01
1.509999999999999953e-01,-7.646581663705358523e+00,4.648744976773929949e+00,2.613400796102988011e+01
1.511000000000000121e-01,-7.595092140396308089e+00,4.647982901665255184e+00,2.613376932294536914e+01
1.512000000000000011e-01,-4.624896106607971902e+00,4.647372397282277134e+00,2.613368225558655666e+01
1.512999999999999901e-01,-1.654700072819662138e+00,4.647058912502678218e+00,2.613389220783112066e+01
1.514000000000000068e-01,-4.624896106606720458e+00,4.646744437664334093e+00,2.613410117001694388e+01
1.514999999999999958e-01,-7.595092140393797209e+00,4.646132943222612610e+00,2.613401311259938353e+01
1.516000000000000125e-01,-7.663599509726840786e+00,4.645369997222287495e+00,2.613377360362322577e+01
1.517000000000000015e-01,-4.693403475938533909e+00,4.644752642102376150e+00,2.613367968552747911e+01
1.517999999999999905e-01,-1.723207442150292312e+00,4.644432306585843939e+00,2.613388278703510892e+01
1.519000000000000072e-01,-4.693403475937516056e+00,4.644110981010567407e+00,2.613408489848399796e+01
1.519999999999999962e-01,-5.447330463110326981e+00,4.643603818659954641e+00,2.613410117315754988e+01
1.521000000000000130e-01,-8.417526496897570709e+00,4.642910080782582050e+00,2.613393087230434375e+01
1.522000000000000020e-01,-5.447330463109446796e+00,4.642217332963953780e+00,2.613376156150987839e+01
1.522999999999999909e-01,-2.477134429321325992e+00,4.641821604748704644e+00,2.613388927031879305e+01
1.524000000000000077e-01,-3.749266990385176523e+00,4.641510072657039743e+00,2.613410117525129550e+01
1.524999999999999967e-01,-6.719463024172481980e+00,4.640986141126939302e+00,2.613410068074535886e+01
1.526000000000000134e-01,-9.689659057974058243e+00,4.640165189993459727e+00,2.613380316663604219e+01
1.527000000000000024e-01,-6.719463024185984068e+00,4.639345228918724473e+00,2.613350664258547340e+01
1.527999999999999914e-01,-3.749266990397931654e+00,4.638822287447366577e+00,2.613350713813828108e+01
1.529000000000000081e-01,-7.790709566098801275e-01,4.638596365579388703e+00,2.613380465329446523e+01
1.529999999999999971e-01,-3.749266990397230881e+00,4.638369453652666508e+00,2.613410117839190860e+01
1.531000000000000139e-01,-6.719463024184594957e+00,4.637845522122565178e+00,2.613410068388597196e+01
1.532000000000000028e-01,-3.749266990396550092e+00,4.637322580651208170e+00,2.613410117943877964e+01
1.532999999999999918e-01,-6.719463024183946587e+00,4.636798649121106841e+00,2.613410068493284300e+01
1.534000000000000086e-01,-3.749266990395895061e+00,4.636275707649749833e+00,2.613410118048565067e+01
1.534999999999999976e-01,-6.719463024183226274e+00,4.635751776119649392e+00,2.613410068597971403e+01
1.535999999999999865e-01,-9.689659057970569478e+00,4.634930824986168929e+00,2.613380317187039736e+01
1.537000000000000033e-01,-6.719463024170585719e+00,4.634110863911434564e+00,2.613350664781982857e+01
1.537999999999999923e-01,-3.749266990382520870e+00,4.633587922440078444e+00,2.613350714337263625e+01
1.539000000000000090e-01,-7.790709565945370674e-01,4.633362000572102346e+00,2.613380465852882750e+01
1.539999999999999980e-01,-3.749266990381954212e+00,4.633135088645381039e+00,2.613410118362627088e+01
1.540999999999999870e-01,-6.719463024169402665e+00,4.632611157115281486e+00,2.613410068912033424e+01
1.542000000000000037e-01,-8.207657037253245136e+00,4.631864553081528335e+00,2.613387752211074755e+01
1.542999999999999927e-01,-5.237461003465305076e+00,4.631192792208864262e+00,2.613372919826224816e+01
1.544000000000000095e-01,-2.267264969677385000e+00,4.630818050939579322e+00,2.613387789401712524e+01
1.544999999999999984e-01,-5.237461003464864540e+00,4.630442319611550062e+00,2.613402559971326156e+01
1.545999999999999874e-01,-3.744316696673175127e+00,4.629993479582268812e+00,2.613410019670814322e+01
1.547000000000000042e-01,-6.714512730460658219e+00,4.629470043081539643e+00,2.613410019723158229e+01
1.547999999999999932e-01,-3.744316696672751021e+00,4.628947596639555684e+00,2.613410118781376212e+01
1.549000000000000099e-01,-6.714512730460243439e+00,4.628424160138826515e+00,2.613410118833719764e+01
1.549999999999999989e-01,-9.684708764247844215e+00,4.627603704034719101e+00,2.613380416925725314e+01
1.550999999999999879e-01,-6.906956636420883200e+00,4.626774583720287382e+00,2.613349848596698521e+01
1.552000000000000046e-01,-3.936760602633090134e+00,4.626232892887706782e+00,2.613348023215857197e+01
1.552999999999999936e-01,-6.906956636420674478e+00,4.625690211996381862e+00,2.613346098829141084e+01
1.554000000000000103e-01,-3.936760602632845885e+00,4.625148521163801263e+00,2.613344273448299404e+01
1.554999999999999993e-01,-9.665645688450138495e-01,4.624903849934599798e+00,2.613372150027795726e+01
1.555999999999999883e-01,-3.936760602632579875e+00,4.624658188646653123e+00,2.613399927601417616e+01
1.557000000000000051e-01,-6.906956636420114926e+00,4.624115507755329091e+00,2.613398003214701504e+01
1.557999999999999940e-01,-3.936760602632277894e+00,4.623573816922748492e+00,2.613396177833859824e+01
1.559000000000000108e-01,-3.744316696681643020e+00,4.623189795131553481e+00,2.613410119357157058e+01
1.559999999999999998e-01,-6.714512730468998214e+00,4.622666358630823424e+00,2.613410119409500609e+01
1.560999999999999888e-01,-4.496758042132496414e+00,4.622106164715511056e+00,2.613406443720385752e+01
1.562000000000000055e-01,-5.234365007284562665e+00,4.621619485629365087e+00,2.613410119514187357e+01
1.562999999999999945e-01,-8.204561041071938732e+00,4.620947044297575523e+00,2.613395219083425047e+01
1.564000000000000112e-01,-5.234365007283966698e+00,4.620275593024529392e+00,2.613380417658536814e+01
1.565000000000000002e-01,-2.264168973495994219e+00,4.619901161354862396e+00,2.613395318193986583e+01
1.565999999999999892e-01,-5.234365007283480864e+00,4.619525739626451966e+00,2.613410119723561920e+01
1.567000000000000060e-01,-5.234365007234190514e+00,4.619002303125725462e+00,2.613410119775905827e+01
1.567999999999999949e-01,-5.234365007268407588e+00,4.618478866625000734e+00,2.613410119828249734e+01
1.569000000000000117e-01,-8.204561041056123827e+00,4.617806425293212058e+00,2.613395219397487423e+01
1.570000000000000007e-01,-5.234365007268465320e+00,4.617134974020167704e+00,2.613380417972599545e+01
1.570999999999999897e-01,-2.264168973480779279e+00,4.616760542350502483e+00,2.613395318508049314e+01
1.572000000000000064e-01,-5.234365007268369396e+00,4.616385120622092941e+00,2.613410120037625006e+01
1.572999999999999954e-01,-8.204561041055967507e+00,4.615712679290305154e+00,2.613395219606862696e+01
1.574000000000000121e-01,-5.234365007268173997e+00,4.615041228017260799e+00,2.613380418181974818e+01
1.575000000000000011e-01,-5.234365007283996007e+00,4.614517791516533407e+00,2.613380418234318370e+01
1.575999999999999901e-01,-2.264168973496180737e+00,4.614143359846866410e+00,2.613395318769768139e+01
1.577000000000000068e-01,-5.234365007283644289e+00,4.613767938118455092e+00,2.613410120299343475e+01
1.577999999999999958e-01,-8.204561041071118055e+00,4.613095496786665528e+00,2.613395219868580810e+01
1.579000000000000126e-01,-7.356337516109503483e+00,4.612317593228451251e+00,2.613369773215175940e+01
1.580000000000000016e-01,-4.386141482321578522e+00,4.611730964307901637e+00,2.613363454025537536e+01
1.580999999999999905e-01,-1.415945448533732387e+00,4.611441354990731156e+00,2.613386836796236778e+01
1.582000000000000073e-01,-4.386141482321423091e+00,4.611150755614816354e+00,2.613410120561061944e+01
1.582999999999999963e-01,-7.356337516109119790e+00,4.610563136635522419e+00,2.613403702365549108e+01
1.584000000000000130e-01,-7.719285139618841107e+00,4.609809295011868535e+00,2.613380661905599922e+01
1.585000000000000020e-01,-4.749089105831128421e+00,4.609186371328968690e+00,2.613370713239726584e+01
1.585999999999999910e-01,-1.778893072043528312e+00,4.608860467249447090e+00,2.613390466534190892e+01
1.587000000000000077e-01,-4.749089105831539648e+00,4.608533573111181170e+00,2.613410120822780769e+01
1.587999999999999967e-01,-7.719285139619550762e+00,4.607909659369536115e+00,2.613400073151032643e+01
1.589000000000000135e-01,-9.538060467431195733e+00,4.607046488961983322e+00,2.613366099812693832e+01
1.590000000000000024e-01,-6.567864433643792133e+00,4.606241687746301494e+00,2.613337963393542296e+01
1.590999999999999914e-01,-3.597668399856416954e+00,4.605733906133998801e+00,2.613339528934728406e+01
1.592000000000000082e-01,-6.274723660690092464e-01,4.605523144125074353e+00,2.613370796436252519e+01
1.592999999999999972e-01,-3.597668399856951638e+00,4.605311392057406472e+00,2.613401964931901844e+01
1.593999999999999861e-01,-5.234365007258409364e+00,4.604869517606100970e+00,2.613410121189187763e+01
1.595000000000000029e-01,-8.204561041046343206e+00,4.604197076274314071e+00,2.613395220758425808e+01
1.595999999999999919e-01,-5.234365007258878322e+00,4.603525625001270605e+00,2.613380419333537930e+01
1.597000000000000086e-01,-2.264168973471381907e+00,4.603151193331606272e+00,2.613395319868987698e+01
1.597999999999999976e-01,-5.234365007259178526e+00,4.602775771603197619e+00,2.613410121398563390e+01
1.598999999999999866e-01,-8.204561041046959602e+00,4.602103330271409831e+00,2.613395220967801080e+01
1.600000000000000033e-01,-7.356337516100633245e+00,4.601325426713198219e+00,2.613369774314396210e+01
1.600999999999999923e-01,-4.386141482313138162e+00,4.600738797792649493e+00,2.613363455124758161e+01
1.602000000000000091e-01,-1.415945448525672168e+00,4.600449188475479900e+00,2.613386837895457404e+01
1.602999999999999980e-01,-4.386141482313656859e+00,4.600158589099565098e+00,2.613410121660282570e+01
1.603999999999999870e-01,-7.356337516101641327e+00,4.599570970120272939e+00,2.613403703464769734e+01
1.605000000000000038e-01,-7.719285139609091573e+00,4.598817128496619944e+00,2.613380663004820903e+01
1.605999999999999928e-01,-4.749089105821646228e+00,4.598194204813720098e+00,2.613370714338947565e+01
1.607000000000000095e-01,-1.778893072034269274e+00,4.597868300734199387e+00,2.613390467633411873e+01
1.607999999999999985e-01,-4.749089105822083212e+00,4.597541406595934355e+00,2.613410121922001750e+01
1.608999999999999875e-01,-6.648285210076152474e+00,4.596971221349566150e+00,2.613405447099781398e+01
1.610000000000000042e-01,-9.618481243863948649e+00,4.596157387997497068e+00,2.613376407466990869e+01
1.610999999999999932e-01,-6.648285210076347873e+00,4.595344544704171419e+00,2.613347466840074773e+01
1.612000000000000099e-01,-3.678089176288739548e+00,4.594828721014225792e+00,2.613348228173496679e+01
1.612999999999999989e-01,-7.078931425011034673e-01,4.594609916927658411e+00,2.613378691467256587e+01
1.613999999999999879e-01,-3.678089176288861673e+00,4.594390122782346708e+00,2.613409055755141708e+01
1.615000000000000047e-01,-6.648285210076525509e+00,4.593873309033656760e+00,2.613409718082689182e+01
1.615999999999999936e-01,-3.749266990384926945e+00,4.593353914590115217e+00,2.613410122340751585e+01
1.617000000000000104e-01,-6.719463024172608989e+00,4.592829983060015664e+00,2.613410072890157920e+01
1.617999999999999994e-01,-3.749266990384777731e+00,4.592307041588659544e+00,2.613410122445439043e+01
1.618999999999999884e-01,-6.719463024172344312e+00,4.591783110058559991e+00,2.613410072994845379e+01
1.620000000000000051e-01,-9.689659057959920219e+00,4.590962158925081305e+00,2.613380321583914068e+01
1.620999999999999941e-01,-6.719463024172101839e+00,4.590142197850346939e+00,2.613350669178856833e+01
1.622000000000000108e-01,-3.749266990390041965e+00,4.589619256378990819e+00,2.613350718734137956e+01
1.622999999999999998e-01,-7.790709566022218091e-01,4.589393334511012945e+00,2.613380470249756371e+01
1.623999999999999888e-01,-3.749266990389819032e+00,4.589166422584291638e+00,2.613410122759500709e+01
1.625000000000000056e-01,-6.719463024177404264e+00,4.588642491054191197e+00,2.613410073308907400e+01
1.625999999999999945e-01,-3.749266990389577003e+00,4.588119549582834189e+00,2.613410122864188168e+01
1.627000000000000113e-01,-6.719463024177167121e+00,4.587595618052733748e+00,2.613410073413594503e+01
1.628000000000000003e-01,-3.749266990389245713e+00,4.587072676581377628e+00,2.613410122968875271e+01
1.628999999999999893e-01,-6.709595328825897376e+00,4.586549240080650236e+00,2.613410123021219178e+01
1.630000000000000060e-01,-9.679791362613382688e+00,4.585729275716706077e+00,2.613380470287241053e+01
1.630999999999999950e-01,-6.709595328825476379e+00,4.584910301411506239e+00,2.613350916559137715e+01
1.632000000000000117e-01,-6.395039796897601825e+00,4.584255122080792333e+00,2.613337742328482705e+01
1.633000000000000007e-01,-3.424843763109711503e+00,4.583764622932164023e+00,2.613341036116036165e+01
1.633999999999999897e-01,-4.546477293218184612e-01,4.583571143386914848e+00,2.613374031863927627e+01
1.635000000000000064e-01,-3.424843763109384209e+00,4.583376673782921351e+00,2.613406928605945012e+01
1.635999999999999954e-01,-6.395039796897076911e+00,4.582885184575548720e+00,2.613410123387624040e+01
1.637000000000000122e-01,-8.039381711720842816e+00,4.582163189444958817e+00,2.613390267576981429e+01
1.638000000000000012e-01,-5.069185677933145229e+00,4.581508256104847909e+00,2.613377117945386985e+01
1.638999999999999901e-01,-2.098989644145362821e+00,4.581150342368116135e+00,2.613393670274130187e+01
1.640000000000000069e-01,-5.069185677933035983e+00,4.580791438572640040e+00,2.613410123596999313e+01
1.640999999999999959e-01,-8.039381711720716694e+00,4.580135515173785699e+00,2.613396874959530081e+01
1.642000000000000126e-01,-5.069185677932981804e+00,4.579480581833674790e+00,2.613383725327935636e+01
1.643000000000000016e-01,-5.399324245713772008e+00,4.578957101314764522e+00,2.613383720978460900e+01
1.643999999999999906e-01,-2.429128211926035785e+00,4.578566173721255517e+00,2.613396971921526557e+01
1.645000000000000073e-01,-5.399324245713835069e+00,4.578174256069001302e+00,2.613410123858717427e+01
1.645999999999999963e-01,-8.369520279501637461e+00,4.577485318813367954e+00,2.613393573835570649e+01
1.647000000000000131e-01,-7.285752862637454363e+00,4.576702735782959941e+00,2.613367659234946316e+01
1.648000000000000020e-01,-4.315556828849843818e+00,4.576123165327757647e+00,2.613362045891842556e+01
1.648999999999999910e-01,-1.345360795062205295e+00,4.575840614475933599e+00,2.613386134509076797e+01
1.650000000000000078e-01,-4.315556828849842930e+00,4.575557073565366117e+00,2.613410124120436251e+01
1.650999999999999968e-01,-7.285752862637487226e+00,4.574976513051419502e+00,2.613404411771458058e+01
1.652000000000000135e-01,-9.667975640761081735e+00,4.574128429591767464e+00,2.613371947127909323e+01
1.653000000000000025e-01,-6.697779606973339739e+00,4.573310636858752609e+00,2.613342511557024395e+01
1.653999999999999915e-01,-3.727583573185592858e+00,4.572789863729116888e+00,2.613342777946477113e+01
1.655000000000000082e-01,-7.573875393978802828e-01,4.572566110202859413e+00,2.613372746296267835e+01
1.655999999999999972e-01,-3.727583573185504040e+00,4.572341366617858505e+00,2.613402615640184479e+01
1.656999999999999862e-01,-5.234365007278102055e+00,4.571893018060269931e+00,2.613410124486841823e+01
1.658000000000000029e-01,-8.204561041065721483e+00,4.571220576728481255e+00,2.613395224056079513e+01
1.658999999999999919e-01,-5.234365007278007020e+00,4.570549125455436013e+00,2.613380422631191635e+01
1.660000000000000087e-01,-2.264168973490365389e+00,4.570174693785769904e+00,2.613395323166641404e+01
1.660999999999999976e-01,-5.234365007278098503e+00,4.569799272057359474e+00,2.613410124696216741e+01
1.661999999999999866e-01,-8.204561041065817406e+00,4.569126830725569910e+00,2.613395224265454431e+01
1.663000000000000034e-01,-7.356337516107589458e+00,4.568348927167356521e+00,2.613369777612049205e+01
1.663999999999999924e-01,-4.386141482319896312e+00,4.567762298246806907e+00,2.613363458422410801e+01
1.665000000000000091e-01,-1.415945448532217599e+00,4.567472688929636426e+00,2.613386841193110399e+01
1.665999999999999981e-01,-4.386141482319894536e+00,4.567182089553721624e+00,2.613410124957935210e+01
1.666999999999999871e-01,-7.356337516107577024e+00,4.566594470574428577e+00,2.613403706762422374e+01
1.668000000000000038e-01,-7.719285139626592240e+00,4.565840628950773805e+00,2.613380666302473543e+01
1.668999999999999928e-01,-4.749089105838860014e+00,4.565217705267873072e+00,2.613370717636599849e+01
1.670000000000000095e-01,-1.778893072051142443e+00,4.564891801188350584e+00,2.613390470931064158e+01
1.670999999999999985e-01,-4.749089105838800506e+00,4.564564907050083775e+00,2.613410125219653679e+01
1.671999999999999875e-01,-7.719285139626445691e+00,4.563940993308438721e+00,2.613400077547905909e+01
1.673000000000000043e-01,-9.416466005396042505e+00,4.563083922889595634e+00,2.613366714208438069e+01
1.673999999999999932e-01,-6.446269971608281857e+00,4.562291281120117503e+00,2.613339793733906546e+01
1.675000000000000100e-01,-3.476073937820556292e+00,4.561795658954018506e+00,2.613342575219713027e+01
1.675999999999999990e-01,-5.058779040328246213e-01,4.561597056391297755e+00,2.613375058665857509e+01
1.676999999999999880e-01,-3.476073937820469251e+00,4.561397463769832683e+00,2.613407443106127559e+01
1.678000000000000047e-01,-6.446269971608061589e+00,4.560900851544989365e+00,2.613410125586059607e+01
1.678999999999999937e-01,-8.032090982258283773e+00,4.560176669195556087e+00,2.613390051053532659e+01
1.680000000000000104e-01,-5.061894948470479605e+00,4.559522464928392083e+00,2.613376974329232638e+01
1.680999999999999994e-01,-2.091698914682650123e+00,4.559165280264606324e+00,2.613393599565270620e+01
1.681999999999999884e-01,-5.061894948470179401e+00,4.558807105542076243e+00,2.613410125795434169e+01
1.683000000000000052e-01,-8.032090982257699352e+00,4.558151911216167917e+00,2.613396950065259716e+01
1.683999999999999941e-01,-5.061894948469845446e+00,4.557497706949003913e+00,2.613383873340959695e+01
1.685000000000000109e-01,-5.406605260757391562e+00,4.556974224487206904e+00,2.613383868797196641e+01
1.685999999999999999e-01,-2.436409226969544761e+00,4.556582568792192589e+00,2.613397046930111500e+01
1.686999999999999889e-01,-5.406605260757056719e+00,4.556189923038433953e+00,2.613410126057152283e+01
1.688000000000000056e-01,-8.376801294544558019e+00,4.555500257681297072e+00,2.613393503223855063e+01
1.688999999999999946e-01,-5.406605260756667697e+00,4.554811582382903623e+00,2.613376979396432276e+01
1.690000000000000113e-01,-5.062354252949579525e+00,4.554288191782004169e+00,2.613376984038758621e+01
1.691000000000000003e-01,-2.092158219161709187e+00,4.553930961187770521e+00,2.613393604681751725e+01
1.691999999999999893e-01,-5.062354252949118560e+00,4.553572740534792551e+00,2.613410126318870397e+01
1.693000000000000060e-01,-7.680269490921618925e+00,4.552935173031301908e+00,2.613398713270937890e+01
1.693999999999999950e-01,-4.710073457133628239e+00,4.552316150913271464e+00,2.613389154761551225e+01
1.695000000000000118e-01,-7.680269490921059372e+00,4.551696138736496700e+00,2.613379497246290128e+01
1.696000000000000008e-01,-4.710073457133120201e+00,4.551077116618465368e+00,2.613369938736903464e+01
1.696999999999999897e-01,-1.739877423345238761e+00,4.550755114103814059e+00,2.613390082187854802e+01
1.698000000000000065e-01,-4.710073457132894603e+00,4.550432121530417540e+00,2.613410126632931707e+01
1.698999999999999955e-01,-7.680269490920577979e+00,4.549812109353642775e+00,2.613400469117670610e+01
1.700000000000000122e-01,-7.916983293168198266e+00,4.549032207262401428e+00,2.613374822610963122e+01
1.701000000000000012e-01,-4.946787259380473145e+00,4.548389513764146130e+00,2.613366786569777389e+01
1.701999999999999902e-01,-1.976591225592723822e+00,4.548043839869269078e+00,2.613387404961641991e+01
1.703000000000000069e-01,-4.946787259380410084e+00,4.547697175915648593e+00,2.613406876817978031e+01
1.703999999999999959e-01,-5.047182761374834570e+00,4.547197460682139258e+00,2.613409996014303616e+01
1.705000000000000127e-01,-8.017378795162539262e+00,4.546543737574939570e+00,2.613396666888872488e+01
1.706000000000000016e-01,-5.047182761374827464e+00,4.545891004526485091e+00,2.613382389232561209e+01
1.706999999999999906e-01,-2.076986727587169401e+00,4.545535291081408857e+00,2.613396765997465820e+01
1.708000000000000074e-01,-5.047182761374945592e+00,4.545178587577589191e+00,2.613409996215007780e+01
1.708999999999999964e-01,-8.017378795162727556e+00,4.544524864470389502e+00,2.613392476928356700e+01
1.710000000000000131e-01,-6.496054908508725134e+00,4.543799446337497550e+00,2.613366740592914184e+01
1.711000000000000021e-01,-3.525858874721089720e+00,4.543298845677707476e+00,2.613362438456193004e+01
1.711999999999999911e-01,-5.556628409334465335e-01,4.543095264621297424e+00,2.613386790728854336e+01
1.713000000000000078e-01,-3.525858874721415681e+00,4.542890693506142163e+00,2.613409996442318572e+01
1.713999999999999968e-01,-6.496054908509405479e+00,4.542389102787608657e+00,2.613402452639755680e+01
1.715000000000000135e-01,-8.118317859327104813e+00,4.541658113773860528e+00,2.613370921449615381e+01
1.716000000000000025e-01,-5.148121825539679897e+00,4.540995286818989563e+00,2.613345158904939680e+01
1.716999999999999915e-01,-2.177925791752302498e+00,4.540629479467496843e+00,2.613348050757812402e+01
1.718000000000000083e-01,7.922702420351072083e-01,4.540560691719383257e+00,2.613379597005866373e+01
1.718999999999999972e-01,-2.177925791752932216e+00,4.540490913912525350e+00,2.613409996680522340e+01
1.719999999999999862e-01,-5.148121825540950880e+00,4.540124116502288310e+00,2.613409646824950627e+01
1.721000000000000030e-01,-6.078400592926675117e+00,4.539562635335937735e+00,2.613388781021510354e+01
1.721999999999999920e-01,-3.108204559139278178e+00,4.539103800107706199e+00,2.613377132237258493e+01
1.723000000000000087e-01,-1.380085253518688326e-01,4.538941984482853798e+00,2.613394137836354147e+01
1.723999999999999977e-01,-3.108204559140086864e+00,4.538779178799257075e+00,2.613409996850217709e+01
1.724999999999999867e-01,-6.078400592928280943e+00,4.538319353512282106e+00,2.613395106322019146e+01
1.726000000000000034e-01,-4.932426466019765421e+00,4.537769003153749203e+00,2.613370115702574026e+01
1.726999999999999924e-01,-1.962230432232525024e+00,4.537424765338208488e+00,2.613364688750970544e+01
1.728000000000000091e-01,1.007965601554671187e+00,4.537377547126046906e+00,2.613387916170880132e+01
1.728999999999999981e-01,-1.962230432233557531e+00,4.537329338855140115e+00,2.613409996993723894e+01
1.729999999999999871e-01,-4.932426466021781586e+00,4.536984110980855966e+00,2.613401328262671441e+01
1.731000000000000039e-01,-4.674854823985789665e+00,4.536503789844675616e+00,2.613378102609504694e+01
1.731999999999999929e-01,-1.704658790198588347e+00,4.536185309193339066e+00,2.613370013406530390e+01
1.733000000000000096e-01,1.265537243588589433e+00,4.536163848145380761e+00,2.613390578563235422e+01
1.733999999999999986e-01,-1.704658790199617968e+00,4.536141397038678136e+00,2.613409997111040184e+01
1.734999999999999876e-01,-4.674854823987722341e+00,4.535821926328596376e+00,2.613398666093114997e+01
1.736000000000000043e-01,-4.981225714793525050e+00,4.535339071240182207e+00,2.613369949029597805e+01
1.736999999999999933e-01,-2.011029681006209824e+00,4.534989953499764859e+00,2.613353558090754092e+01
1.738000000000000100e-01,9.591663527810991852e-01,4.534937855362725756e+00,2.613365821499755626e+01
1.738999999999999990e-01,1.497852821461339135e+00,4.535060796101917369e+00,2.613394541181520481e+01
1.739999999999999880e-01,-1.472343212326724604e+00,4.535061576553001572e+00,2.613409997217248559e+01
1.741000000000000048e-01,-4.442539246114767693e+00,4.534765337400707530e+00,2.613394703673045782e+01
1.741999999999999937e-01,-1.472343212327408057e+00,4.534470088307157809e+00,2.613378461512757056e+01
1.743000000000000105e-01,-9.750104273682923539e-01,4.534347803513417929e+00,2.613378468158122914e+01
1.743999999999999995e-01,1.995185606419057844e+00,4.534399307301742788e+00,2.613394806035001849e+01
1.744999999999999885e-01,-9.750104273689806922e-01,4.534449821031323324e+00,2.613409997276945873e+01
1.746000000000000052e-01,-3.945206461157018563e+00,4.534203315157524727e+00,2.613394438927124952e+01
1.746999999999999942e-01,-9.750104273696539314e-01,4.533957799342470452e+00,2.613377931949384347e+01
1.748000000000000109e-01,-3.945206461157678479e+00,4.533711293468671855e+00,2.613360278329608377e+01
1.748999999999999999e-01,-9.750104273703206204e-01,4.533465777653617579e+00,2.613341676077179798e+01
1.749999999999999889e-01,1.995185606417049673e+00,4.533517281441941549e+00,2.613351728144194297e+01
1.751000000000000056e-01,4.219174045208667678e+00,4.533828370086792070e+00,2.613382837008679260e+01
1.751999999999999946e-01,1.248978011420657008e+00,4.534101282660251364e+00,2.613410128266025012e+01
1.753000000000000114e-01,-1.240679209312214981e+00,4.534101282660253140e+00,2.613410128266025367e+01
1.754000000000000004e-01,-4.210875243100228538e+00,4.533828209908260298e+00,2.613382820990825905e+01
1.754999999999999893e-01,-7.181071276888221000e+00,4.533258117552888322e+00,2.613325811755288797e+01
1.756000000000000061e-01,-1.015126731067621435e+01,4.532391005594138100e+00,2.613239100559413686e+01
1.756999999999999951e-01,-1.312146334446420859e+01,4.531226874032008745e+00,2.613122687403200928e+01
1.758000000000000118e-01,-1.609165937825218151e+01,4.529765722866501143e+00,2.612976572286650168e+01
1.759000000000000008e-01,-1.906185541204015621e+01,4.528007552097614408e+00,2.612800755209761405e+01
1.759999999999999898e-01,-2.203205144582813091e+01,4.525952361725348538e+00,2.612595236172534996e+01
1.761000000000000065e-01,-2.500224747961608784e+01,4.523600151749704423e+00,2.612360015174970584e+01
1.761999999999999955e-01,-2.797244351340404123e+01,4.520950922170681174e+00,2.612095092217068171e+01
1.763000000000000123e-01,-3.094263954719200171e+01,4.518004672988279680e+00,2.611800467298828110e+01
1.764000000000000012e-01,-3.391283558097995865e+01,4.514761404202499051e+00,2.611476140420250047e+01
1.764999999999999902e-01,-3.688303161476789427e+01,4.511221115813339289e+00,2.611122111581333982e+01
1.766000000000000070e-01,-3.985322764855583699e+01,4.507383807820801280e+00,2.610738380782080270e+01
1.766999999999999960e-01,-4.282342368234377972e+01,4.503249480224884138e+00,2.610324948022488556e+01
1.768000000000000127e-01,-4.579361971613170113e+01,4.498818133025587862e+00,2.609881813302558839e+01
1.769000000000000017e-01,-4.876381574991962964e+01,4.494089766222913340e+00,2.609408976622291476e+01
1.769999999999999907e-01,-5.173401178370755105e+01,4.489064379816859685e+00,2.608906437981686111e+01
1.771000000000000074e-01,-5.470420781749545824e+01,4.483741973807427783e+00,2.608374197380742743e+01
1.771999999999999964e-01,-5.767440385128337255e+01,4.478122548194616748e+00,2.607812254819461728e+01
1.773000000000000131e-01,-6.064459988507127974e+01,4.472206102978426578e+00,2.607220610297842711e+01
1.774000000000000021e-01,-6.361479591885919405e+01,4.465992638158858163e+00,2.606599263815885692e+01
1.774999999999999911e-01,-6.658499195264708703e+01,4.459482153735910615e+00,2.605948215373591026e+01
1.776000000000000079e-01,-6.955518798643498712e+01,4.452674649709584820e+00,2.605267464970958358e+01
1.776999999999999968e-01,-7.252538402022288722e+01,4.445570126079879891e+00,2.604557012607988042e+01
1.778000000000000136e-01,-7.549558005401075889e+01,4.438168582846795829e+00,2.603816858284679725e+01
1.779000000000000026e-01,-7.846577608779864477e+01,4.430470020010333521e+00,2.603047002001033405e+01
1.779999999999999916e-01,-8.143597212158653065e+01,4.422474437570492078e+00,2.602247443757049084e+01
1.781000000000000083e-01,-8.440616815537440232e+01,4.414181835527271502e+00,2.601418183552727115e+01
1.781999999999999973e-01,-8.737636418916227399e+01,4.405592213880672681e+00,2.600559221388067144e+01
1.782999999999999863e-01,-9.034656022295014566e+01,4.396705572630694725e+00,2.599670557263069526e+01
1.784000000000000030e-01,-9.331675625673800312e+01,4.387521911777338524e+00,2.598752191177733906e+01
1.784999999999999920e-01,-9.628695229052586058e+01,4.378041231320603188e+00,2.597804123132060283e+01
1.786000000000000087e-01,-9.925714832431371804e+01,4.368263531260488719e+00,2.596826353126049014e+01
1.786999999999999977e-01,-1.022273443581015897e+02,4.358188811596996004e+00,2.595818881159699743e+01
1.787999999999999867e-01,-1.051975403918894330e+02,4.347817072330124155e+00,2.594781707233012469e+01
1.789000000000000035e-01,-1.081677364256772904e+02,4.337148313459874061e+00,2.593714831345987548e+01
1.789999999999999925e-01,-1.111379324594651337e+02,4.326182534986244832e+00,2.592618253498624625e+01
1.791000000000000092e-01,-1.141081284932529769e+02,4.314919736909236470e+00,2.591491973690923700e+01
1.791999999999999982e-01,-1.170783245270408202e+02,4.303359919228849861e+00,2.590335991922885128e+01
1.792999999999999872e-01,-1.200485205608286634e+02,4.291503081945084119e+00,2.589150308194508554e+01
1.794000000000000039e-01,-1.230187165946164924e+02,4.279349225057940131e+00,2.587934922505793978e+01
1.794999999999999929e-01,-1.259889126284043215e+02,4.266898348567417010e+00,2.586689834856741754e+01
1.796000000000000096e-01,-1.289591086621921363e+02,4.254150452473514754e+00,2.585415045247351529e+01
1.796999999999999986e-01,-1.319293046959799938e+02,4.241105536776234253e+00,2.584110553677623301e+01
1.797999999999999876e-01,-1.348995007297677944e+02,4.227763601475574617e+00,2.582776360147557426e+01
1.799000000000000044e-01,-1.378696967635556234e+02,4.214124646571536736e+00,2.581412464657153549e+01
1.799999999999999933e-01,-1.408398927973434525e+02,4.200188672064119721e+00,2.580018867206412025e+01
1.801000000000000101e-01,-1.438100888311313668e+02,4.185955677953323573e+00,2.578595567795332499e+01
1.801999999999999991e-01,-1.467802848649192811e+02,4.171425664239149178e+00,2.577142566423914971e+01
1.802999999999999881e-01,-1.497504808987071954e+02,4.156598630921595650e+00,2.575659863092159441e+01
1.804000000000000048e-01,-1.527206769324951097e+02,4.141474578000662987e+00,2.574147457800066263e+01
1.804999999999999938e-01,-1.556908729662829955e+02,4.126053505476352079e+00,2.572605350547635084e+01
1.806000000000000105e-01,-1.586610690000709099e+02,4.110335413348662037e+00,2.571033541334866257e+01
1.806999999999999995e-01,-1.616312650338587957e+02,4.094320301617593749e+00,2.569432030161759428e+01
1.807999999999999885e-01,-1.646014610676466816e+02,4.078008170283146328e+00,2.567800817028314597e+01
1.809000000000000052e-01,-1.675716571014345675e+02,4.061399019345320660e+00,2.566139901934532119e+01
1.809999999999999942e-01,-1.705418531352224534e+02,4.044492848804114971e+00,2.564449284880411639e+01
1.811000000000000110e-01,-1.735120491690103393e+02,4.027289658659531923e+00,2.562728965865953157e+01
1.812000000000000000e-01,-1.764822452027982251e+02,4.009789448911568854e+00,2.560978944891157028e+01
1.812999999999999889e-01,-1.794524412365860826e+02,3.991992219560227539e+00,2.559199221956022896e+01
1.814000000000000057e-01,-1.824226372703739401e+02,3.973897970605507535e+00,2.557389797060550762e+01
1.814999999999999947e-01,-1.853928333041618259e+02,3.955506702047408840e+00,2.555550670204740982e+01
1.816000000000000114e-01,-1.883630293379496834e+02,3.936818413885931012e+00,2.553681841388593199e+01
1.817000000000000004e-01,-1.913332253717375409e+02,3.917833106121074493e+00,2.551783310612107414e+01
1.817999999999999894e-01,-1.943034214055253983e+02,3.898550778752839285e+00,2.549855077875283982e+01
1.819000000000000061e-01,-1.972736174393132558e+02,3.878971431781225387e+00,2.547897143178122548e+01
1.819999999999999951e-01,-2.002438134731011132e+02,3.859095065206232356e+00,2.545909506520623111e+01
1.821000000000000119e-01,-2.032140095068889423e+02,3.838921679027860634e+00,2.543892167902786028e+01
1.822000000000000008e-01,-2.061842055406767997e+02,3.818451273246110222e+00,2.541845127324610942e+01
1.822999999999999898e-01,-2.091544015744646572e+02,3.797683847860981121e+00,2.539768384786098210e+01
1.824000000000000066e-01,-2.121245976082524862e+02,3.776619402872473330e+00,2.537661940287247475e+01
1.824999999999999956e-01,-2.150947936420403153e+02,3.755257938280586405e+00,2.535525793828058738e+01
1.826000000000000123e-01,-2.180649896758281443e+02,3.733599454085320790e+00,2.533359945408531999e+01
1.827000000000000013e-01,-2.210351857096159733e+02,3.711643950286676485e+00,2.531164395028667613e+01
1.827999999999999903e-01,-2.240053817434038024e+02,3.689391426884653491e+00,2.528939142688465225e+01
1.829000000000000070e-01,-2.269755777771916314e+02,3.666841883879251807e+00,2.526684188387925190e+01
1.829999999999999960e-01,-2.299457738109794604e+02,3.643995321270470988e+00,2.524399532127047152e+01
1.831000000000000127e-01,-2.329159698447672611e+02,3.620851739058311480e+00,2.522085173905831113e+01
1.832000000000000017e-01,-2.358861658785550901e+02,3.597411137242773282e+00,2.519741113724277426e+01
1.832999999999999907e-01,-2.388563619123429191e+02,3.573673515823856395e+00,2.517367351582385737e+01
1.834000000000000075e-01,-2.418265579461307198e+02,3.549638874801560373e+00,2.514963887480156046e+01
1.834999999999999964e-01,-2.447967539799185204e+02,3.525307214175885662e+00,2.512530721417588708e+01
1.836000000000000132e-01,-2.477669500137063494e+02,3.500678533946832705e+00,2.510067853394683368e+01
1.837000000000000022e-01,-2.507371460474941500e+02,3.475752834114400169e+00,2.507575283411440026e+01
1.837999999999999912e-01,-2.537073420812819506e+02,3.450530114678589388e+00,2.505053011467859037e+01
1.839000000000000079e-01,-2.566775381150697513e+02,3.425010375639399918e+00,2.502501037563940045e+01
1.839999999999999969e-01,-2.596477341488575803e+02,3.399193616996831313e+00,2.499919361699683051e+01
1.841000000000000136e-01,-2.626179301826453525e+02,3.373079838750884019e+00,2.497307983875088411e+01
1.842000000000000026e-01,-2.655881262164331247e+02,3.346669040901558034e+00,2.494666904090155768e+01
1.842999999999999916e-01,-2.685583222502209537e+02,3.319961223448853360e+00,2.491996122344885478e+01
1.844000000000000083e-01,-2.715285182840087259e+02,3.292956386392769552e+00,2.489295638639276831e+01
1.844999999999999973e-01,-2.744987143177964981e+02,3.265654529733307054e+00,2.486565452973330892e+01
1.845999999999999863e-01,-2.774689103515843271e+02,3.238055653470465867e+00,2.483805565347046596e+01
1.847000000000000031e-01,-2.804391063853720993e+02,3.210159757604245989e+00,2.481015975760424652e+01
1.847999999999999921e-01,-2.834093024191598715e+02,3.181966842134647422e+00,2.478196684213464707e+01
1.849000000000000088e-01,-2.863794984529476437e+02,3.153476907061669721e+00,2.475347690706167114e+01
1.849999999999999978e-01,-2.893496944867354728e+02,3.124689952385313774e+00,2.472468995238531519e+01
1.850999999999999868e-01,-2.923198905205232450e+02,3.095605978105578693e+00,2.469560597810557923e+01
1.852000000000000035e-01,-2.952900865543110172e+02,3.066224984222464922e+00,2.466622498422246323e+01
1.852999999999999925e-01,-2.982602825880987893e+02,3.036546970735972018e+00,2.463654697073597077e+01
1.854000000000000092e-01,-3.012304786218865615e+02,3.006571937646100867e+00,2.460657193764610184e+01
1.854999999999999982e-01,-3.041763036060953027e+02,2.976301107567143944e+00,2.457630110756714359e+01
1.855999999999999872e-01,-3.070637973474106275e+02,2.945738621273720437e+00,2.454573862127372053e+01
1.857000000000000040e-01,-3.098941148818294664e+02,2.914890253945813914e+00,2.451489025394581489e+01
1.857999999999999929e-01,-3.126683883741036993e+02,2.883761666407184343e+00,2.448376166640718310e+01
1.859000000000000097e-01,-3.153877275706209389e+02,2.852358407389770090e+00,2.445235840738977018e+01
1.859999999999999987e-01,-3.180532202433182078e+02,2.820685915753256001e+00,2.442068591575325698e+01
1.860999999999999877e-01,-3.206659326248049524e+02,2.788749522660689539e+00,2.438874952266068874e+01
1.862000000000000044e-01,-3.232269098348704119e+02,2.756554453711016262e+00,2.435655445371101635e+01
1.862999999999999934e-01,-3.257371762985454211e+02,2.724105831029390412e+00,2.432410583102938872e+01
1.864000000000000101e-01,-3.281977361558861048e+02,2.691408675316093291e+00,2.429140867531609160e+01
1.864999999999999991e-01,-3.306095736636432321e+02,2.658467907854878742e+00,2.425846790785487883e+01
1.865999999999999881e-01,-3.329736535889783227e+02,2.625288352481553567e+00,2.422528835248155232e+01
1.867000000000000048e-01,-3.352909215953828834e+02,2.591874737513575777e+00,2.419187473751357587e+01
1.867999999999999938e-01,-3.375623046209568088e+02,2.558231697641444757e+00,2.415823169764144396e+01
1.869000000000000106e-01,-3.397887112491958419e+02,2.524363775782639596e+00,2.412436377578264057e+01
1.869999999999999996e-01,-3.419710320724371400e+02,2.490275424898845458e+00,2.409027542489884510e+01
1.870999999999999885e-01,-3.441101400481079509e+02,2.455971009777198955e+00,2.405597100977719904e+01
1.872000000000000053e-01,-3.462068908479203628e+02,2.421454808776260847e+00,2.402145480877626227e+01
1.872999999999999943e-01,-3.482621232001513931e+02,2.386731015537415512e+00,2.398673101553741560e+01
1.874000000000000110e-01,-3.502766592251454085e+02,2.351803740662384623e+00,2.395180374066238471e+01
1.875000000000000000e-01,-3.522513047641731418e+02,2.316677013357522963e+00,2.391667701335752128e+01
1.875999999999999890e-01,-3.541868497017792379e+02,2.281354783045552725e+00,2.388135478304555193e+01
1.877000000000000057e-01,-3.560840682817463403e+02,2.245840920945387786e+00,2.384584092094538832e+01
1.877999999999999947e-01,-3.579437194168030487e+02,2.210139221620671002e+00,2.381013922162066976e+01
1.879000000000000115e-01,-3.593937200883071910e+02,2.174272107980248059e+00,2.377427210798024859e+01
1.880000000000000004e-01,-3.564235240545197030e+02,2.138481740802478548e+00,2.373848174080247730e+01
1.880999999999999894e-01,-3.534533280207321582e+02,2.102988393228088171e+00,2.370298839322808959e+01
1.882000000000000062e-01,-3.504831319869446133e+02,2.067792065257076484e+00,2.366779206525707480e+01
1.882999999999999952e-01,-3.475129359531570685e+02,2.032892756889443486e+00,2.363289275688944358e+01
1.884000000000000119e-01,-3.445427399193695237e+02,1.998290468125189401e+00,2.359829046812518882e+01
1.885000000000000009e-01,-3.415725438855819789e+02,1.963985198964313783e+00,2.356398519896431409e+01
1.885999999999999899e-01,-3.386023478517944909e+02,1.929976949406817077e+00,2.352997694940681583e+01
1.887000000000000066e-01,-3.356321518180068892e+02,1.896265719452699283e+00,2.349626571945269760e+01
1.887999999999999956e-01,-3.326619557842193444e+02,1.862851509101959957e+00,2.346285150910195938e+01
1.889000000000000123e-01,-3.296917597504317996e+02,1.829734318354599543e+00,2.342973431835460119e+01
1.890000000000000013e-01,-3.267215637166442548e+02,1.796914147210617818e+00,2.339691414721061946e+01
1.890999999999999903e-01,-3.237513676828567100e+02,1.764390995670015005e+00,2.336439099567001421e+01
1.892000000000000071e-01,-3.207811716490691651e+02,1.732164863732790661e+00,2.333216486373278897e+01
1.892999999999999960e-01,-3.178109756152815635e+02,1.700235751398945228e+00,2.330023575139894376e+01
1.894000000000000128e-01,-3.148407795814940187e+02,1.668603658668478706e+00,2.326860365866847857e+01
1.895000000000000018e-01,-3.118705835477064738e+02,1.637268585541390653e+00,2.323726858554138985e+01
1.895999999999999908e-01,-3.089003875139188722e+02,1.606230532017681512e+00,2.320623053201768116e+01
1.897000000000000075e-01,-3.059301914801313274e+02,1.575489498097351060e+00,2.317548949809735248e+01
1.897999999999999965e-01,-3.029599954463437257e+02,1.545045483780399520e+00,2.314504548378040028e+01
1.899000000000000132e-01,-2.999897994125561809e+02,1.514898489066826670e+00,2.311489848906682809e+01
1.900000000000000022e-01,-2.970196033787685792e+02,1.485048513956632510e+00,2.308504851395663238e+01
1.900999999999999912e-01,-2.940494073449808639e+02,1.455495558449817262e+00,2.305549555844981668e+01
1.902000000000000079e-01,-2.910792113111932053e+02,1.426239622546380481e+00,2.302623962254638101e+01
1.902999999999999969e-01,-2.881090152774055468e+02,1.397280706246322834e+00,2.299728070624632181e+01
1.904000000000000137e-01,-2.851388192436178315e+02,1.368618809549643656e+00,2.296861880954964263e+01
1.905000000000000027e-01,-2.821686232098301730e+02,1.340253932456343389e+00,2.294025393245634348e+01
1.905999999999999917e-01,-2.791984271760424576e+02,1.312186074966421812e+00,2.291218607496642079e+01
1.907000000000000084e-01,-2.762282311422547991e+02,1.284415237079879146e+00,2.288441523707987812e+01
1.907999999999999974e-01,-2.732580351084671406e+02,1.256941418796715171e+00,2.285694141879671548e+01
1.908999999999999864e-01,-2.702878390746794253e+02,1.229764620116929885e+00,2.282976462011692931e+01
1.910000000000000031e-01,-2.673176430408917668e+02,1.202884841040523511e+00,2.280288484104052316e+01
1.910999999999999921e-01,-2.643474470071041083e+02,1.176302081567495827e+00,2.277630208156749703e+01
1.912000000000000088e-01,-2.613772509733163929e+02,1.150016341697846833e+00,2.275001634169784737e+01
1.912999999999999978e-01,-2.584070549395287344e+02,1.124027621431576751e+00,2.272402762143157773e+01
1.913999999999999868e-01,-2.554368589057410475e+02,1.098335920768685359e+00,2.269833592076868456e+01
1.915000000000000036e-01,-2.524666628719533605e+02,1.072941239709172656e+00,2.267294123970917141e+01
1.915999999999999925e-01,-2.494964668381656736e+02,1.047843578253038865e+00,2.264784357825303829e+01
1.917000000000000093e-01,-2.465262708043780151e+02,1.023042936400283764e+00,2.262304293640028519e+01
1.917999999999999983e-01,-2.435560747705903282e+02,9.985393141509074644e-01,2.259853931415090855e+01
1.918999999999999873e-01,-2.405858787368026412e+02,9.743327115049099652e-01,2.257433271150490839e+01
1.920000000000000040e-01,-2.376156827030149543e+02,9.504231284622912668e-01,2.255042312846229180e+01
1.920999999999999930e-01,-2.346454866692272958e+02,9.268105650230512582e-01,2.252681056502305168e+01
1.922000000000000097e-01,-2.316752906354396089e+02,9.034950211871899395e-01,2.250349502118719158e+01
1.922999999999999987e-01,-2.287050946016518935e+02,8.804764969547075326e-01,2.248047649695470795e+01
1.923999999999999877e-01,-2.257348985678642350e+02,8.577549923256038156e-01,2.245775499232560435e+01
1.925000000000000044e-01,-2.227647025340765481e+02,8.353305072998788994e-01,2.243533050729987721e+01
1.925999999999999934e-01,-2.197945065002888612e+02,8.132030418775327840e-01,2.241320304187753365e+01
1.927000000000000102e-01,-2.168243104665011742e+02,7.913725960585653585e-01,2.239137259605856656e+01
1.927999999999999992e-01,-2.138541144327134873e+02,7.698391698429767338e-01,2.236983916984297593e+01
1.928999999999999881e-01,-2.108839183989258004e+02,7.486027632307669100e-01,2.234860276323076533e+01
1.930000000000000049e-01,-2.079137223651381134e+02,7.276633762219357759e-01,2.232766337622193475e+01
1.930999999999999939e-01,-2.049435263313504265e+02,7.070210088164834428e-01,2.230702100881648420e+01
1.932000000000000106e-01,-2.019733302975627396e+02,6.866756610144099104e-01,2.228667566101441011e+01
1.932999999999999996e-01,-1.990031342637750527e+02,6.666273328157151790e-01,2.226662733281571604e+01
1.933999999999999886e-01,-1.960329382299873657e+02,6.468760242203991373e-01,2.224687602422039845e+01
1.935000000000000053e-01,-1.930627421961997072e+02,6.274217352284618965e-01,2.222742173522846088e+01
1.935999999999999943e-01,-1.900925461624119919e+02,6.082644658399034565e-01,2.220826446583990332e+01
1.937000000000000111e-01,-1.871223501286243334e+02,5.894042160547237064e-01,2.218940421605472224e+01
1.938000000000000000e-01,-1.841521540948366464e+02,5.708409858729227571e-01,2.217084098587292118e+01
1.938999999999999890e-01,-1.811819580610489311e+02,5.525747752945006086e-01,2.215257477529450014e+01
1.940000000000000058e-01,-1.782117620272612726e+02,5.346055843194572610e-01,2.213460558431945557e+01
1.940999999999999948e-01,-1.752415659934735856e+02,5.169334129477926032e-01,2.211693341294779103e+01
1.942000000000000115e-01,-1.722713699596858987e+02,4.995582611795067463e-01,2.209955826117950650e+01
1.943000000000000005e-01,-1.693011739258982118e+02,4.824801290145996346e-01,2.208248012901459845e+01
1.943999999999999895e-01,-1.663309778921105249e+02,4.656990164530713239e-01,2.206569901645307041e+01
1.945000000000000062e-01,-1.633607818583228379e+02,4.492149234949217584e-01,2.204921492349492240e+01
1.945999999999999952e-01,-1.603905858245351510e+02,4.330278501401509383e-01,2.203302785014015086e+01
1.947000000000000119e-01,-1.574203897907474641e+02,4.171377963887589191e-01,2.201713779638875934e+01
1.948000000000000009e-01,-1.544501937569597771e+02,4.015447622407457007e-01,2.200154476224074429e+01
1.948999999999999899e-01,-1.514799977231720902e+02,3.862487476961112276e-01,2.198624874769611282e+01
1.950000000000000067e-01,-1.485098016893844033e+02,3.712497527548554999e-01,2.197124975275485426e+01
1.950999999999999956e-01,-1.455396056555967164e+02,3.565477774169785730e-01,2.195654777741697927e+01
1.952000000000000124e-01,-1.425694096218090294e+02,3.421428216824803914e-01,2.194214282168248076e+01
1.953000000000000014e-01,-1.395992135880213425e+02,3.280348855513609552e-01,2.192803488555136227e+01
1.953999999999999904e-01,-1.366290175542336556e+02,3.142239690236203198e-01,2.191422396902362024e+01
1.955000000000000071e-01,-1.336588215204459686e+02,3.007100720992584852e-01,2.190071007209925824e+01
1.955999999999999961e-01,-1.306886254866582817e+02,2.874931947782753405e-01,2.188749319477827626e+01
1.957000000000000128e-01,-1.277184294528705806e+02,2.745733370606710522e-01,2.187457333706067075e+01
1.958000000000000018e-01,-1.247482334190828936e+02,2.619504989464454536e-01,2.186195049894644526e+01
1.958999999999999908e-01,-1.217780373852952209e+02,2.496246804355986837e-01,2.184962468043559980e+01
1.960000000000000075e-01,-1.188078413515075340e+02,2.375958815281306591e-01,2.183759588152813080e+01
1.960999999999999965e-01,-1.158376453177198329e+02,2.258641022240413798e-01,2.182586410222404183e+01
1.962000000000000133e-01,-1.128674492839321601e+02,2.144293425233309014e-01,2.181442934252332932e+01
1.963000000000000023e-01,-1.098972532501444590e+02,2.032916024259991961e-01,2.180329160242600040e+01
1.963999999999999913e-01,-1.069270572163567721e+02,1.924508819320462361e-01,2.179245088193204793e+01
1.965000000000000080e-01,-1.039568611825690851e+02,1.819071810414720491e-01,2.178190718104147194e+01
1.965999999999999970e-01,-1.009866651487814124e+02,1.716604997542766353e-01,2.177166049975427597e+01
1.967000000000000137e-01,-9.801646911499372550e+01,1.617108380704599946e-01,2.176171083807046003e+01
1.968000000000000027e-01,-9.504627308120602436e+01,1.520581959900221269e-01,2.175205819599002055e+01
1.968999999999999917e-01,-9.207607704741833743e+01,1.427025735129630046e-01,2.174270257351296465e+01
1.970000000000000084e-01,-8.910588101363065050e+01,1.336439706392826832e-01,2.173364397063928166e+01
1.970999999999999974e-01,-8.613568497984296357e+01,1.248823873689811070e-01,2.172488238736898225e+01
1.971999999999999864e-01,-8.316548894605527664e+01,1.164178237020583040e-01,2.171641782370205931e+01
1.973000000000000032e-01,-8.019529291226758971e+01,1.082502796385142740e-01,2.170825027963851284e+01
1.973999999999999921e-01,-7.722509687847990278e+01,1.003797551783490033e-01,2.170037975517834994e+01
1.975000000000000089e-01,-7.425490084469221586e+01,9.280625032156251952e-02,2.169280625032156351e+01
1.975999999999999979e-01,-7.128470481090454314e+01,8.552976506815478108e-02,2.168552976506815355e+01
1.976999999999999869e-01,-6.831450877711684200e+01,7.855029941812582961e-02,2.167855029941812717e+01
1.978000000000000036e-01,-6.534431274332916928e+01,7.186785337147563735e-02,2.167186785337147725e+01
1.978999999999999926e-01,-6.237411670954148235e+01,6.548242692820421818e-02,2.166548242692820381e+01
1.980000000000000093e-01,-5.940392067575379542e+01,5.939402008831156515e-02,2.165939402008831038e+01
1.980999999999999983e-01,-5.643372464196609428e+01,5.360263285179768522e-02,2.165360263285179698e+01
1.981999999999999873e-01,-5.346352860817841446e+01,4.810826521866257144e-02,2.164810826521866360e+01
1.983000000000000040e-01,-5.049333257439072753e+01,4.291091718890622381e-02,2.164291091718890669e+01
1.983999999999999930e-01,-4.752313654060302639e+01,3.801058876252864926e-02,2.163801058876252981e+01
1.985000000000000098e-01,-4.455294050681534657e+01,3.340727993952984087e-02,2.163340727993952939e+01
1.985999999999999988e-01,-4.158274447302765964e+01,2.910099071990980210e-02,2.162910099071990899e+01
1.986999999999999877e-01,-3.861254843923996560e+01,2.509172110366853295e-02,2.162509172110366862e+01
1.988000000000000045e-01,-3.564235240545228578e+01,2.137947109080602995e-02,2.162137947109080471e+01
1.988999999999999935e-01,-3.267215637166459885e+01,1.796424068132230004e-02,2.161796424068132083e+01
1.990000000000000102e-01,-2.970196033787690837e+01,1.484602987521733454e-02,2.161484602987521697e+01
1.990999999999999992e-01,-2.673176430408920723e+01,1.202483867249114040e-02,2.161202483867248958e+01
1.991999999999999882e-01,-2.376156827030152385e+01,9.500667073143715877e-03,2.160950066707314221e+01
1.993000000000000049e-01,-2.079137223651383337e+01,7.273515077175059240e-03,2.160727351507717486e+01
1.993999999999999939e-01,-1.782117620272613578e+01,5.343382684585173091e-03,2.160534338268458399e+01
1.995000000000000107e-01,-1.485098016893845063e+01,3.710269895374055261e-03,2.160371026989537313e+01
1.995999999999999996e-01,-1.188078413515076193e+01,2.374176709541706183e-03,2.160237417670954230e+01
1.996999999999999886e-01,-8.910588101363066116e+00,1.335103127088126292e-03,2.160133510312708793e+01
1.998000000000000054e-01,-5.940392067575382740e+00,5.930491480133154780e-04,2.160059304914801359e+01
1.998999999999999944e-01,-2.970196033787694478e+00,1.480147723172731730e-04,2.160014801477231572e+01
2.000000000000000111e-01,-1.127280715339342122e-38,3.795038540038399336e-39,2.160000000000000142e+01
