case,window,row_type,branch_or_pair,grid_energy_J,loss_energy_J,load_energy_J,battery_energy_J,bridge_energy_J,change_W_J,change_B_J,change_filter_energy_J,net_after_copper_J,stored_change_J,physical_identity_residual_J,absolute_net_grid_energy_J,positive_grid_energy_J,absolute_integral_grid_energy_J,cycle_mean_signed_integral_J,max_abs_incremental_cP_W
nominal_h1,pre_onset,absolute_branch,F,0.0,0.0,0.0,0.0,0.0,0.0,0.0,0.0,0.0,0.0,0.0,,,,,
nominal_h1,pre_onset,absolute_branch,L,0.0,0.0,0.0,0.0,0.0,0.0,0.0,0.0,0.0,0.0,0.0,,,,,
nominal_h1,pre_onset,absolute_branch,S,0.0,0.0,0.0,0.0,0.0,0.0,0.0,0.0,0.0,0.0,0.0,,,,,
nominal_h1,pre_onset,paired_increment,S-L,0.0,0.0,0.0,0.0,0.0,0.0,0.0,0.0,0.0,0.0,0.0,0.0,0.0,0.0,0.0,0.0
nominal_h1,pre_onset,paired_increment,L-F,0.0,0.0,0.0,0.0,0.0,0.0,0.0,0.0,0.0,0.0,0.0,0.0,0.0,0.0,0.0,0.0
nominal_h1,pre_onset,paired_increment,S-F,0.0,0.0,0.0,0.0,0.0,0.0,0.0,0.0,0.0,0.0,0.0,0.0,0.0,0.0,0.0,0.0
nominal_h1,service,absolute_branch,F,130898.50733425708,899.9502601953117,130000.00000028097,0.0,129998.56036948833,-1.439630787128408,0.0,-0.0007514146927576348,129998.55707406177,-1.4403822018211656,0.002544017377658747,,,,,
nominal_h1,service,absolute_branch,L,130964.20424338573,965.6268461007935,130000.0000002723,0.0,129998.58071129594,-1.4192889783698774,0.0,-0.0007623625619430641,129998.57739728493,-1.4200513409318205,0.002551646437495947,,,,,
nominal_h1,service,absolute_branch,S,131033.422266805,1034.6325275707047,130000.00000027969,-1.5364517279083653e-05,129998.79331797455,-1.2066976650057768,1.5366749721579254e-05,-0.001027717436926423,129998.7897392343,-1.2077100156929816,0.0025510296982247382,,,,,
nominal_h1,service,paired_increment,S-L,69.21802341927832,69.00568146991122,7.392372936010361e-09,-1.5364517279083653e-05,0.21260667860042304,0.21259131336410064,1.5366749721579254e-05,-0.00026535487498335897,0.21234194937278517,0.21234132523883886,-6.167392712086439e-07,69.21802341927832,14248.728421427426,28428.23881943563,69.21802341921783,0.0
nominal_h1,service,paired_increment,L-F,65.69690912864462,65.67658590548183,-8.672941476106644e-09,0.0,0.02034180761256721,0.020341808758530533,0.0,-1.0947869185429226e-05,0.020323223157902248,0.020330860889345104,7.6290598371997476e-06,65.69690912864462,10678.56781269548,21291.438716264853,65.69690912610913,0.0
nominal_h1,service,paired_increment,S-F,134.91493254792294,134.68226737539305,-1.280568540096283e-09,-1.5364517279083653e-05,0.23294848621299025,0.23293312212263118,1.5366749721579254e-05,-0.0002763027441687882,0.23266517253068741,0.23267218612818397,7.012320565991104e-06,134.91493254792294,3635.8879369845927,7136.860941423858,134.91493254532773,0.0
nominal_h1,recovery,absolute_branch,F,327251.38064801146,2249.9459928545384,325000.0000034292,0.0,325001.4396291001,1.4396284458962327,0.0,0.0007539491103898399,325001.4346551569,1.4403823950066226,0.005730667267926037,,,,,
nominal_h1,recovery,absolute_branch,L,327251.36003431317,2249.945709354591,325000.00000337197,0.0,325001.4192879281,1.419287293789239,0.0,0.0007648929425556616,325001.4143249586,1.4200521867317946,0.005730600154493004,,,,,
nominal_h1,recovery,absolute_branch,S,327251.14474265074,2249.942748820804,325000.0000034462,1.6086006536298234e-05,325001.2066915288,1.206706922621379,-1.5217643522191793e-05,0.0010301662089773345,325001.2019938299,1.207721871186834,0.005731487472075969,,,,,
nominal_h1,recovery,paired_increment,S-L,-0.21529166243271902,-0.0029605337872453674,7.421476766467094e-08,1.6086006536298234e-05,-0.2125963993021287,-0.21258037116786,-1.5217643522191793e-05,0.0002652732664216728,-0.21233112865593284,-0.2123303155449605,8.873175829648972e-07,0.21529166243271902,0.04235219294653507,0.29999605399331863,-0.21529166810024847,21.716170978230338
nominal_h1,recovery,paired_increment,L-F,-0.020613698288798332,-0.00028349994727250305,-5.721813067793846e-08,0.0,-0.02034117199946195,-0.02034115210699383,0.0,1.0943832165821732e-05,-0.020330198341980577,-0.02033020827482801,-6.711343303322792e-08,0.020613698288798332,0.003141367167420685,0.026896440252289246,-0.02061370591744787,2.077046101972911
nominal_h1,recovery,paired_increment,S-F,-0.23590536072151735,-0.0032440337345178705,1.6996636986732483e-08,1.6086006536298234e-05,-0.23293757130159065,-0.23292152327485383,-1.5217643522191793e-05,0.00027621709858749455,-0.23266132699791342,-0.23266052381978852,8.202041499316692e-07,0.23590536072151735,0.04536063154827571,0.3266266371142478,-0.23590537401769637,23.79321708020325
nominal_h1,post_deadline,absolute_branch,F,130899.96779763413,899.9703407048423,130000.0000002489,0.0,130000.00000274653,2.494976797606796e-06,0.0,-2.5354052866077836e-06,129999.9974569293,-4.042848900098761e-08,0.0025432791735511273,,,,,
nominal_h1,post_deadline,absolute_branch,L,130899.96779699728,899.970340696168,130000.00000027544,0.0,130000.0000021194,1.8682294466998428e-06,0.0,-2.531794905280549e-06,129999.99745630112,-6.63565458580706e-07,0.002543310751207173,,,,,
nominal_h1,post_deadline,absolute_branch,S,130899.96778546809,899.9703405385499,130000.00000028766,5.964247975511725e-07,129999.99999071227,-8.947492460720241e-06,0.0,-2.453399275736956e-06,129999.99744492954,-1.1400891736457197e-05,0.0025439572345931083,,,,,
nominal_h1,post_deadline,paired_increment,S-L,-1.152919139713049e-05,-1.5761816030135378e-07,1.2223608791828156e-08,5.964247975511725e-07,-1.1407129932194948e-05,-1.0815721907420084e-05,0.0,7.83956295435928e-08,-1.1371579603292048e-05,-1.0737326277876491e-05,6.464833859354258e-07,1.152919139713049e-05,0.0,1.1493296083062915e-05,-1.1493296083062915e-05,0.00043033816642434886
nominal_h1,post_deadline,paired_increment,L-F,-6.368500180542469e-07,-8.674305718159303e-09,2.6542693376541138e-08,0.0,-6.271293386816978e-07,-6.267473509069532e-07,0.0,3.6103813272347907e-09,-6.281770765781403e-07,-6.231369695797184e-07,3.157765604555607e-08,6.368500180542469e-07,1.3934448361393605e-09,6.332982447929715e-07,-6.305113551206927e-07,4.07142505309821e-05
nominal_h1,post_deadline,paired_increment,S-F,-1.2166041415184736e-05,-1.6629246601951309e-07,3.876630216836929e-08,5.964247975511725e-07,-1.2034259270876646e-05,-1.1442469258327037e-05,0.0,8.20060108708276e-08,-1.1999756679870188e-05,-1.136046324745621e-05,6.780610419809818e-07,1.2166041415184736e-05,0.0,1.2123807438183611e-05,-1.2123807438183611e-05,0.00047105241695533095
nominal_h1,declared_onset_total,absolute_branch,F,589049.8557799027,4049.8665937546925,585000.000003959,0.0,585000.0000013349,1.5374462236650288e-07,0.0,-9.876544027065393e-10,584999.9891861479,1.5275696796379634e-07,0.010817963862791657,,,,,
nominal_h1,declared_onset_total,absolute_branch,L,589115.5320746962,4115.542896151553,585000.0000039197,0.0,585000.0000013434,1.8364880816079676e-07,0.0,-1.4142926829663338e-09,584999.9891785446,1.8223451547783043e-07,0.010825557284988463,,,,,
nominal_h1,declared_onset_total,absolute_branch,S,589184.5347949238,4184.545616930059,585000.0000040135,1.3179140547657532e-06,585000.0000002156,3.1012314138934016e-07,1.4910619938746095e-07,-4.627224825526355e-09,584999.9891779938,4.5460211595127475e-07,0.010826474288478494,,,,,
nominal_h1,declared_onset_total,paired_increment,S-L,69.00272022769786,69.00272077850605,9.383074939250946e-08,1.3179140547657532e-06,-1.1278316378593445e-06,1.264743332285434e-07,1.4910619938746095e-07,-3.212932142560021e-09,-5.507608875632286e-07,2.7236760047344433e-07,9.170034900307655e-07,69.00272022769786,14248.770773620372,28428.538826982924,69.0027202578215,21.716170978230338
nominal_h1,declared_onset_total,paired_increment,L-F,65.67629479349125,65.67630239686014,-3.934837877750397e-08,0.0,8.498318493366241e-09,2.990418579429388e-08,0.0,-4.2663828025979456e-10,-7.603317499160767e-06,2.9477547514034086e-08,7.593422196805477e-06,65.67629479349125,10678.570954064042,21291.465613338398,65.67629478968033,2.077046101972911
nominal_h1,declared_onset_total,paired_increment,S-F,134.67901502118912,134.67902317536618,5.448237061500549e-08,1.3179140547657532e-06,-1.1193333193659782e-06,1.5637851902283728e-07,1.4910619938746095e-07,-3.6395704228198156e-09,-8.154078386723995e-06,3.018451479874784e-07,8.510425686836243e-06,134.67901502118912,3635.933297616141,7137.187580184779,134.67901504750256,23.79321708020325
nominal_h1,checkpoint_total,absolute_branch,F,589049.8557799027,4049.8665937546925,585000.000003959,0.0,585000.0000013349,1.5374462236650288e-07,0.0,-9.876544027065393e-10,584999.9891861479,1.5275696796379634e-07,0.010817963862791657,,,,,
nominal_h1,checkpoint_total,absolute_branch,L,589115.5320746962,4115.542896151553,585000.0000039197,0.0,585000.0000013434,1.8364880816079676e-07,0.0,-1.4142926829663338e-09,584999.9891785446,1.8223451547783043e-07,0.010825557284988463,,,,,
nominal_h1,checkpoint_total,absolute_branch,S,589184.5347949238,4184.545616930059,585000.0000040135,1.3179140547657532e-06,585000.0000002156,3.1012314138934016e-07,1.4910619938746095e-07,-4.627224825526355e-09,584999.9891779938,4.5460211595127475e-07,0.010826474288478494,,,,,
nominal_h1,checkpoint_total,paired_increment,S-L,69.00272022769786,69.00272077850605,9.383074939250946e-08,1.3179140547657532e-06,-1.1278316378593445e-06,1.264743332285434e-07,1.4910619938746095e-07,-3.212932142560021e-09,-5.507608875632286e-07,2.7236760047344433e-07,9.170034900307655e-07,69.00272022769786,14248.770773620372,28428.538826982924,69.0027202578215,21.716170978230338
nominal_h1,checkpoint_total,paired_increment,L-F,65.67629479349125,65.67630239686014,-3.934837877750397e-08,0.0,8.498318493366241e-09,2.990418579429388e-08,0.0,-4.2663828025979456e-10,-7.603317499160767e-06,2.9477547514034086e-08,7.593422196805477e-06,65.67629479349125,10678.570954064042,21291.465613338398,65.67629478968033,2.077046101972911
nominal_h1,checkpoint_total,paired_increment,S-F,134.67901502118912,134.67902317536618,5.448237061500549e-08,1.3179140547657532e-06,-1.1193333193659782e-06,1.5637851902283728e-07,1.4910619938746095e-07,-3.6395704228198156e-09,-8.154078386723995e-06,3.018451479874784e-07,8.510425686836243e-06,134.67901502118912,3635.933297616141,7137.187580184779,134.67901504750256,23.79321708020325
nominal_h05,pre_onset,absolute_branch,F,0.0,0.0,0.0,0.0,0.0,0.0,0.0,0.0,0.0,0.0,0.0,,,,,
nominal_h05,pre_onset,absolute_branch,L,0.0,0.0,0.0,0.0,0.0,0.0,0.0,0.0,0.0,0.0,0.0,,,,,
nominal_h05,pre_onset,absolute_branch,S,0.0,0.0,0.0,0.0,0.0,0.0,0.0,0.0,0.0,0.0,0.0,,,,,
nominal_h05,pre_onset,paired_increment,S-L,0.0,0.0,0.0,0.0,0.0,0.0,0.0,0.0,0.0,0.0,0.0,0.0,0.0,0.0,0.0,0.0
nominal_h05,pre_onset,paired_increment,L-F,0.0,0.0,0.0,0.0,0.0,0.0,0.0,0.0,0.0,0.0,0.0,0.0,0.0,0.0,0.0,0.0
nominal_h05,pre_onset,paired_increment,S-F,0.0,0.0,0.0,0.0,0.0,0.0,0.0,0.0,0.0,0.0,0.0,0.0,0.0,0.0,0.0,0.0
nominal_h05,service,absolute_branch,F,130898.50940480079,899.9504572215035,130000.00000027935,0.0,129998.56034529234,-1.439654985373636,0.0,-0.0007514349376833707,129998.55894757928,-1.4404064203113194,0.0006462797609856352,,,,,
nominal_h05,service,absolute_branch,L,130964.20631746169,965.6270431865597,130000.00000027707,0.0,129998.58068393289,-1.419316342788079,0.0,-0.0007623827243321557,129998.57927427514,-1.4200787255124112,0.0006472764216596261,,,,,
nominal_h05,service,absolute_branch,S,131033.424364167,1034.6327448824975,130000.00000026452,-4.3890717513348785e-06,129998.79329530198,-1.206709365487768,4.389818059280515e-06,-0.0010277524231412372,129998.7916192845,-1.20773272809285,0.0006482519384007901,,,,,
nominal_h05,service,paired_increment,S-L,69.21804670531128,69.00570169593777,-1.2543750926852226e-08,-4.3890717513348785e-06,0.21261136909015477,0.21260697730031097,4.389818059280515e-06,-0.00026536969880908146,0.2123450093640713,0.21234599741956117,9.755167411640286e-07,69.21804670531128,14248.728446464913,28428.238846222266,69.21804670756094,0.0
nominal_h05,service,paired_increment,L-F,65.69691266090376,65.67658596505623,-2.2846506908535957e-09,0.0,0.020338640548288822,0.020338642585556954,0.0,-1.094778664878504e-05,0.020326695856056176,0.02032769479890817,9.966606739908457e-07,65.69691266090376,10678.56783294562,21291.438753236434,65.69691265480387,0.0
nominal_h05,service,paired_increment,S-F,134.91495936621504,134.682287660994,-1.4828401617705822e-08,-4.3890717513348785e-06,0.2329500096384436,0.23294561988586793,4.389818059280515e-06,-0.0002763174854578665,0.23267170522012748,0.23267369221846934,1.9721774151548743e-06,134.91495936621504,3635.8879453023255,7136.860931242285,134.91495936236575,0.0
nominal_h05,recovery,absolute_branch,F,327251.385348265,2249.9464368776007,324999.9999959706,0.0,325001.439655375,1.4396546859316004,0.0,0.0007519203853973977,325001.4389113874,1.4404066063169978,0.00149118946865201,,,,,
nominal_h05,recovery,absolute_branch,L,327251.36473780585,2249.946153421542,324999.9999959541,0.0,325001.4193173864,1.4193166992190527,0.0,0.0007628646855266652,325001.4185843843,1.4200795639045793,0.0014911337057128549,,,,,
nominal_h05,recovery,absolute_branch,S,327251.14943999716,2249.9431928042004,324999.9999960512,6.309746722564136e-06,325001.2067149578,1.206720519636292,-4.093701136298478e-06,0.0010281514556140792,325001.206247193,1.2077445773907698,0.0014934355858713388,,,,,
nominal_h05,recovery,paired_increment,S-L,-0.2152978086960502,-0.0029606173416141246,9.709037840366364e-08,6.309746722564136e-06,-0.2126024286262691,-0.21259617958276067,-4.093701136298478e-06,0.00026528677008741397,-0.21233719133306295,-0.21233498651380955,2.301880158483982e-06,0.2152978086960502,0.04235288807955803,0.30000352188883206,-0.21529774572971597,21.71664824929576
nominal_h05,recovery,paired_increment,L-F,-0.02061045914888382,-0.0002834560586961743,-1.6472768038511276e-08,0.0,-0.02033798862248659,-0.020337986712547718,0.0,1.0944300129267504e-05,-0.020327003090642393,-0.02032704241241845,-5.5762939155101776e-08,0.02061045914888382,0.0031408969180425628,0.026892296448117196,-0.02061050261203207,2.076722644535039
nominal_h05,recovery,paired_increment,S-F,-0.23590826784493402,-0.003244073400310299,8.061761036515236e-08,6.309746722564136e-06,-0.2329404172487557,-0.2329341662953084,-4.093701136298478e-06,0.0002762310702166815,-0.23266419442370534,-0.232662028926228,2.2461172193288803e-06,0.23590826784493402,0.04536086923435796,0.32662998681046396,-0.23590824834174806,23.793370893830797
nominal_h05,post_deadline,absolute_branch,F,130899.96989218902,899.9705382810293,130000.00000015053,0.0,130000.00000063941,3.3360993256792426e-07,0.0,-4.853498012380442e-07,129999.99935390799,-1.517398686701199e-07,0.0006460908043663949,,,,,
nominal_h05,post_deadline,absolute_branch,L,130899.96989155322,899.9705382721863,130000.0000001617,0.0,130000.00000001182,-2.956585376523435e-07,0.0,-4.821545473987499e-07,129999.99935328103,-7.778130850510934e-07,0.000646102853352204,,,,,
nominal_h05,post_deadline,absolute_branch,S,130899.96987940057,899.9705381067224,130000.00000040396,1.18446769193161e-06,129999.9999879952,-1.1113283107988536e-05,0.0,-4.04126069497579e-07,129999.99934129385,-1.1517409177486115e-05,0.0006475927075371146,,,,,
nominal_h05,post_deadline,paired_increment,S-L,-1.2152653653174639e-05,-1.6546391634619795e-07,2.4226028472185135e-07,1.18446769193161e-06,-1.2016622349619865e-05,-1.0817624570336193e-05,0.0,7.802847790117085e-08,-1.198718382511288e-05,-1.0739596092435022e-05,1.489854184910655e-06,1.2152653653174639e-05,0.0,1.2086254451423913e-05,-1.2086254451423913e-05,0.00042745293310275656
nominal_h05,post_deadline,paired_increment,L-F,-6.358022801578045e-07,-8.843016985338181e-09,1.1175870895385742e-08,0.0,-6.275949999690056e-07,-6.292684702202678e-07,0.0,3.1952538392943097e-09,-6.269547156989574e-07,-6.260732163809735e-07,1.2048985809087753e-08,6.358022801578045e-07,1.4870893210173574e-09,6.37824879959228e-07,-6.348507013171931e-07,4.075161074013067e-05
nominal_h05,post_deadline,paired_increment,S-F,-1.2788455933332443e-05,-1.7430693333153613e-07,2.534361556172371e-07,1.18446769193161e-06,-1.2644217349588871e-05,-1.144689304055646e-05,0.0,8.122373174046515e-08,-1.2614138540811837e-05,-1.1365669308815995e-05,1.5019031707197428e-06,1.2788455933332443e-05,0.0,1.2721105152741106e-05,-1.2721105152741106e-05,0.00046820454384288723
nominal_h05,declared_onset_total,absolute_branch,F,589049.8646452548,4049.867432380134,584999.9999964004,0.0,585000.0000013068,3.416789695620537e-08,0.0,9.79127889877418e-11,584999.9972128747,3.426580974519311e-08,0.002783559961244464,,,,,
nominal_h05,declared_onset_total,absolute_branch,L,589115.5409468208,4115.543734880288,584999.9999963929,0.0,585000.0000013311,6.077243597246706e-08,0.0,-1.9335288925503846e-10,584999.9972119405,6.057908308321203e-08,0.002784512937068939,,,,,
nominal_h05,declared_onset_total,absolute_branch,S,589184.5436835648,4184.5464757934205,584999.9999967196,3.1051426631608672e-06,584999.9999982549,4.086541594006121e-08,2.9611692298203707e-07,-5.093596655569854e-09,584999.9972077713,3.318887422665284e-07,0.002789280260913074,,,,,
nominal_h05,declared_onset_total,paired_increment,S-L,69.00273674400523,69.00274091313258,3.26777808368206e-07,3.1051426631608672e-06,-3.0761584639549255e-06,-1.9907020032405853e-08,2.9611692298203707e-07,-4.900243766314816e-09,-4.1691819205880165e-06,2.713096591833164e-07,4.767323844134808e-06,69.00273674400523,14248.770799352991,28428.538861830402,69.00273687557677,21.71664824929576
nominal_h05,declared_onset_total,paired_increment,L-F,65.6763015659526,65.67630250015418,-7.566995918750763e-09,0.0,2.4330802261829376e-08,2.6604539016261697e-08,0.0,-2.9126567824278027e-10,-9.342329576611519e-07,2.6313273338018917e-08,9.529758244752884e-07,65.6763015659526,10678.570973844026,21291.465646170705,65.67630151734114,2.076722644535039
nominal_h05,declared_onset_total,paired_increment,S-F,134.67903830995783,134.67904341328676,3.1921081244945526e-07,3.1051426631608672e-06,-3.051827661693096e-06,6.6975189838558435e-09,2.9611692298203707e-07,-5.191509444557596e-09,-5.103414878249168e-06,2.976229325213353e-07,5.720299668610096e-06,134.67903830995783,3635.9333061715597,7137.1875739502,134.6790383929188,23.793370893830797
nominal_h05,checkpoint_total,absolute_branch,F,589049.8646452548,4049.867432380134,584999.9999964004,0.0,585000.0000013068,3.416789695620537e-08,0.0,9.79127889877418e-11,584999.9972128747,3.426580974519311e-08,0.002783559961244464,,,,,
nominal_h05,checkpoint_total,absolute_branch,L,589115.5409468208,4115.543734880288,584999.9999963929,0.0,585000.0000013311,6.077243597246706e-08,0.0,-1.9335288925503846e-10,584999.9972119405,6.057908308321203e-08,0.002784512937068939,,,,,
nominal_h05,checkpoint_total,absolute_branch,S,589184.5436835648,4184.5464757934205,584999.9999967196,3.1051426631608672e-06,584999.9999982549,4.086541594006121e-08,2.9611692298203707e-07,-5.093596655569854e-09,584999.9972077713,3.318887422665284e-07,0.002789280260913074,,,,,
nominal_h05,checkpoint_total,paired_increment,S-L,69.00273674400523,69.00274091313258,3.26777808368206e-07,3.1051426631608672e-06,-3.0761584639549255e-06,-1.9907020032405853e-08,2.9611692298203707e-07,-4.900243766314816e-09,-4.1691819205880165e-06,2.713096591833164e-07,4.767323844134808e-06,69.00273674400523,14248.770799352991,28428.538861830402,69.00273687557677,21.71664824929576
nominal_h05,checkpoint_total,paired_increment,L-F,65.6763015659526,65.67630250015418,-7.566995918750763e-09,0.0,2.4330802261829376e-08,2.6604539016261697e-08,0.0,-2.9126567824278027e-10,-9.342329576611519e-07,2.6313273338018917e-08,9.529758244752884e-07,65.6763015659526,10678.570973844026,21291.465646170705,65.67630151734114,2.076722644535039
nominal_h05,checkpoint_total,paired_increment,S-F,134.67903830995783,134.67904341328676,3.1921081244945526e-07,3.1051426631608672e-06,-3.051827661693096e-06,6.6975189838558435e-09,2.9611692298203707e-07,-5.191509444557596e-09,-5.103414878249168e-06,2.976229325213353e-07,5.720299668610096e-06,134.67903830995783,3635.9333061715597,7137.1875739502,134.6790383929188,23.793370893830797
tau4_r25_o37_h1,pre_onset,absolute_branch,F,24.236235771245212,0.16674557827613207,24.049999999897775,0.0,28.493524173486694,4.443524173602782,0.0,-4.424033967399822,24.06949019296908,0.019490206202959826,1.3131653986420133e-08,,,,,
tau4_r25_o37_h1,pre_onset,absolute_branch,L,24.28185561244041,0.16737298146756494,24.049999999897768,0.0,27.92788983216731,3.877889832256187,0.0,-3.813407202045198,24.114482630972844,0.0644826302109891,-8.64087468244179e-10,,,,,
tau4_r25_o37_h1,pre_onset,absolute_branch,S,24.164961296381108,0.165767762492662,24.04999999989778,0.0,29.345554847758695,5.295554847874882,0.0,-5.346361293992743,23.999193533888445,-0.05080644611786056,1.9891473357347422e-08,,,,,
tau4_r25_o37_h1,pre_onset,paired_increment,S-L,-0.11689431605930167,-0.0016052189749029278,1.0658141036401503e-14,0.0,1.4176650155913855,1.4176650156186952,0.0,-1.5329540919475448,-0.11528909708439983,-0.11528907632884966,2.07555608255916e-08,0.11689431605930167,0.0,0.1487974204737283,-0.1487974204737283,0.0
tau4_r25_o37_h1,pre_onset,paired_increment,L-F,0.04561984119519735,0.0006274031914328682,-7.105427357601002e-15,0.0,-0.5656343413193845,-0.5656343413465947,0.0,0.610626765354624,0.044992438003763624,0.044992424008029275,-1.3995741454664312e-08,0.04561984119519735,0.11255298836875813,0.11255298836875813,0.11255298836875813,0.0
tau4_r25_o37_h1,pre_onset,paired_increment,S-F,-0.07127447486410432,-0.0009778157834700596,3.552713678800501e-15,0.0,0.852030674272001,0.8520306742721004,0.0,-0.9223273265929208,-0.0702966590806362,-0.07029665232082039,6.759819370927289e-09,0.07127447486410432,0.0,0.03624443210497016,-0.03624443210497016,0.0
tau4_r25_o37_h1,service,absolute_branch,F,130898.50726381496,899.9502591178938,130000.00000027347,0.0,129998.55987615706,-1.4401241207015119,0.0,-0.0003307024587968499,129998.55700469707,-1.4404548231603087,0.0025407532521057874,,,,,
tau4_r25_o37_h1,service,absolute_branch,L,130964.14739785566,965.5991971911245,130000.00000027387,0.0,129999.16167037378,-0.8383299008455651,0.0,-0.6109193562889175,129998.54820066453,-1.4492492571344826,0.002550352204707451,,,,,
tau4_r25_o37_h1,service,absolute_branch,S,131033.47816861524,1034.5704763921851,130000.00000026204,-958.3366229284672,129997.74362539883,-960.5929978042004,958.336622927869,1.1666392040220614,129998.90769222306,-1.089735672309331,0.0025723666622070596,,,,,
tau4_r25_o37_h1,service,paired_increment,S-L,69.33077075958136,68.97127920106061,-1.183070708066225e-08,-958.3366229284672,-1.4180449749546824,-959.7546679033549,958.336622927869,1.777558560310979,0.3594915585272247,0.3595135848251516,2.2014457499608397e-05,69.33077075958136,14248.264155671866,28427.16025851036,69.36805283337108,0.0
tau4_r25_o37_h1,service,paired_increment,L-F,65.64013404070283,65.64893807323074,3.92901711165905e-10,0.0,0.601794216723647,0.6017942198559467,0.0,-0.6105886538301206,-0.008804032535408624,-0.008794433974173899,9.598952601663768e-06,65.64013404070283,10678.474755995077,21291.376311273998,65.57320071615419,0.0
tau4_r25_o37_h1,service,paired_increment,S-F,134.9709048002842,134.62021727429135,-1.1437805369496346e-08,-958.3366229284672,-0.8162507582310354,-959.1528736834989,958.336622927869,1.1669699064808583,0.3506875259918161,0.3507191508509777,3.1613410101272166e-05,134.9709048002842,3635.3938819315254,7135.846510313526,134.94125354952456,0.0
tau4_r25_o37_h1,recovery,absolute_branch,F,327251.38072141865,2249.9459938421605,325000.00000348006,0.0,325001.4401268631,1.4401262000683346,0.0,0.0003286207006567565,325001.4347275765,1.4404548207689913,0.0057307243114337325,,,,,
tau4_r25_o37_h1,recovery,absolute_branch,L,327251.34401889483,2249.9454891484365,325000.0000034444,0.0,325001.4039671094,1.4039664560295932,0.0,0.0002905093288916305,325001.3985297464,1.4042569653584849,0.005730663368012756,,,,,
tau4_r25_o37_h1,recovery,absolute_branch,S,327251.0944833843,2249.9404551474518,325000.00000349054,958.311490177656,325001.4040975242,959.7155870267234,-958.3114901803274,-0.24430601425871146,325001.1540282368,1.1597908321372756,0.00576608587289229,,,,,
tau4_r25_o37_h1,recovery,paired_increment,S-L,-0.24953551054932177,-0.005034000984778686,4.6158675104379654e-08,958.311490177656,0.00013041478814557195,958.3116205706938,-958.3114901803274,-0.2445965235876031,-0.24450150958728045,-0.24446613322120925,3.5422504879534245e-05,0.24953551054932177,0.13456169541717491,0.5240377043320059,-0.25491431349765603,25.516793308765045
tau4_r25_o37_h1,recovery,paired_increment,L-F,-0.03670252382289618,-0.0005046937239967519,-3.568129613995552e-08,0.0,-0.036159753683023155,-0.03615974403874134,0.0,-3.811137176512602e-05,-0.03619783010799438,-0.03619785541050646,-6.094342097640038e-08,0.03670252382289618,0.005047814772088589,0.04679799835791037,-0.03670236881373318,3.698464158042043
tau4_r25_o37_h1,recovery,paired_increment,S-F,-0.28623803437221795,-0.005538694708775438,1.0477378964424133e-08,958.311490177656,-0.03602933889487758,958.275460826655,-958.3114901803274,-0.2446346349593682,-0.28069933969527483,-0.2806639886317157,3.5361561458557844e-05,0.28623803437221795,0.1368496942244515,0.5653160707602921,-0.29161668231138915,29.209226953809775
tau4_r25_o37_h1,post_deadline,absolute_branch,F,130899.9677974935,899.9703407033944,130000.00000024139,0.0,130000.00000254676,2.293752913828939e-06,0.0,-2.478176185150005e-06,129999.99745679011,-1.8442327132106584e-07,0.002543266862630844,,,,,
tau4_r25_o37_h1,post_deadline,absolute_branch,L,130899.96779737069,899.9703407016987,130000.00000024971,0.0,130000.00000243238,2.177686837967485e-06,0.0,-2.478586850429565e-06,129999.99745666899,-3.0090001246207976e-07,0.0025432798138353974,,,,,
tau4_r25_o37_h1,post_deadline,absolute_branch,S,130899.96803321294,899.9703439077971,130000.00000029604,0.0248210209458196,130000.0002429338,0.02506365867520799,-0.024821021084790118,-1.0279565174187155e-05,129999.99768930514,0.0002323580252436841,0.002543348935432732,,,,,
tau4_r25_o37_h1,post_deadline,paired_increment,S-L,0.00023584224982187152,3.2060984267445747e-06,4.6333298087120056e-08,0.0248210209458196,0.0002405014238320291,0.025061480988370022,-0.024821021084790118,-7.80097832375759e-06,0.00023263614275492728,0.00023265892525614618,6.912159733474255e-08,0.00023584224982187152,0.00023572814329702056,0.00023572814329702056,0.00023572814329702056,0.013587931065551118
tau4_r25_o37_h1,post_deadline,paired_increment,L-F,-1.2281816452741623e-07,-1.6957528714556247e-09,8.32369551062584e-09,0.0,-1.1437805369496346e-07,-1.1606607586145401e-07,0.0,-4.106652795599075e-10,-1.211155904456973e-07,-1.1647674114101392e-07,1.2951204553246498e-08,1.2281816452741623e-07,5.181834567338178e-09,1.2916280841454965e-07,-1.1879913927987332e-07,2.4027104124968446e-05
tau4_r25_o37_h1,post_deadline,paired_increment,S-F,0.0002357194316573441,3.204402673873119e-06,5.4656993597745895e-08,0.0248210209458196,0.00024038704577833414,0.02506136492229416,-0.024821021084790118,-7.80138898903715e-06,0.00023251502716448158,0.00023254244851500516,8.207280188798904e-08,0.0002357194316573441,0.0002356093441577407,0.0002356093441577407,0.0002356093441577407,0.01356390396142615
tau4_r25_o37_h1,declared_onset_total,absolute_branch,F,589049.8557827271,4049.8665936634484,585000.0000039949,0.0,585000.0000055669,4.373119736555964e-06,0.0,-4.5599343252433755e-06,584999.9891890637,-1.8681458868741174e-07,0.010814744397066534,,,,,
tau4_r25_o37_h1,declared_onset_total,absolute_branch,L,589115.4592141212,4115.51502704126,585000.0000039679,0.0,585000.5656399155,0.5656387328708661,0.0,-0.6106313255468763,584999.9441870799,-0.04499259267601019,0.010824295342899859,,,,,
tau4_r25_o37_h1,declared_onset_total,absolute_branch,S,589184.5406852125,4184.481275447434,585000.0000040486,-0.0003117298654056339,584999.1479658568,-0.8523471188018448,0.0003117264568572864,0.9223229101981758,585000.0594097651,0.07028751785318832,0.010881801368668675,,,,,
tau4_r25_o37_h1,declared_onset_total,paired_increment,S-L,69.08147109125275,68.9662484061746,8.067581802606583e-08,-0.0003117298654056339,-1.417674058699049,-1.4179858516727109,0.0003117264568572864,1.532954235745052,0.11522268515545875,0.11528011052919851,5.750602576881647e-05,69.08147109125275,14248.398953095424,28427.68453194285,69.11337424801671,25.516793308765045
tau4_r25_o37_h1,declared_onset_total,paired_increment,L-F,65.60343139409088,65.64843337781122,-2.7008354663848877e-08,0.0,0.5656343486625701,0.5656343597511295,0.0,-0.610626765612551,-0.04500198375899345,-0.0449924058614215,9.550945833325386e-06,65.60343139409088,10678.479803815033,21291.423109401512,65.53649822854135,3.698464158042043
tau4_r25_o37_h1,declared_onset_total,paired_increment,S-F,134.68490248534363,134.61468178398582,5.366746336221695e-08,-0.0003117298654056339,-0.8520397100364789,-0.8523514919215813,0.0003117264568572864,0.922327470132501,0.0702207013964653,0.070287704667777,6.705697160214186e-05,134.68490248534363,3635.5309672350945,7136.412061993631,134.6498724765573,29.209226953809775
tau4_r25_o37_h1,checkpoint_total,absolute_branch,F,589074.0920184983,4050.0333392417247,585024.0500039948,0.0,585028.4935297404,4.4435285467225185,0.0,-4.424038527334147,585024.0586792566,0.019490019388371138,0.010814757668413222,,,,,
tau4_r25_o37_h1,checkpoint_total,absolute_branch,L,589139.7410697336,4115.682400022727,585024.0500039678,0.0,585028.4935297477,4.443528565127053,0.0,-4.424038527592074,585024.0586697109,0.01949003753497891,0.010824294527992606,,,,,
tau4_r25_o37_h1,checkpoint_total,absolute_branch,S,589208.7056465088,4184.647043209927,585024.0500040485,-0.0003117298654056339,585028.4935207046,4.443207729073038,0.0003117264568572864,-4.424038383794567,585024.058603299,0.01948107173532776,0.010881821275688708,,,,,
tau4_r25_o37_h1,checkpoint_total,paired_increment,S-L,68.96457677520812,68.96464318719973,8.067581802606583e-08,-0.0003117298654056339,-9.043142199516296e-06,-0.00032083605401567183,0.0003117264568572864,1.437975072349218e-07,-6.641191430389881e-05,-8.965799651150519e-06,5.7526747696101665e-05,68.96457677520812,14248.398953095424,28427.833329363322,68.96457682754298,25.516793308765045
tau4_r25_o37_h1,checkpoint_total,paired_increment,L-F,65.64905123529024,65.64906078100239,-2.7008354663848877e-08,0.0,7.334165275096893e-09,1.8404534785076976e-08,0.0,-2.5792701308091637e-10,-9.545707143843174e-06,1.814660777199606e-08,9.536859579384327e-06,65.64905123529024,10678.592356803401,21291.53566238988,65.6490512169101,3.698464158042043
tau4_r25_o37_h1,checkpoint_total,paired_increment,S-F,134.61362801049836,134.61370396820212,5.366746336221695e-08,-0.0003117298654056339,-9.0358080342412e-06,-0.00032081764948088676,0.0003117264568572864,1.4353958022184088e-07,-7.595762144774199e-05,-8.947653043378523e-06,6.706360727548599e-05,134.61362801049836,3635.5309672350945,7136.4483064257365,134.61362804445233,29.209226953809775
tau4_r25_o37_h05,pre_onset,absolute_branch,F,24.236236018867068,0.16674559937399075,24.049999999897807,0.0,28.4935244802277,4.443524480317137,0.0,-4.4240340587980995,24.06949041949308,0.01949042151903768,1.923766035361041e-09,,,,,
tau4_r25_o37_h05,pre_onset,absolute_branch,L,24.28185585305061,0.1673730052206894,24.049999999897803,0.0,27.92789013809712,3.877890138195653,0.0,-3.813407290114867,24.114482847829922,0.06448284808078597,1.4866685660308576e-10,,,,,
tau4_r25_o37_h05,pre_onset,absolute_branch,S,24.16496154774851,0.16576778231704709,24.049999999897757,0.0,29.345555122005482,5.295555122102087,0.0,-5.3463613528904546,23.999193765431464,-0.05080623078836766,3.6779255196961458e-09,,,,,
tau4_r25_o37_h05,pre_onset,paired_increment,S-L,-0.11689430530210032,-0.0016052229036423171,-4.618527782440651e-14,0.0,1.417664983908363,1.417664983906434,0.0,-1.5329540627755875,-0.11528908239845848,-0.11528907886915363,3.52925866309306e-09,0.11689430530210032,0.0,0.14879731848599664,-0.14879731848599664,0.0
tau4_r25_o37_h05,pre_onset,paired_increment,L-F,0.04561983418354387,0.0006274058466986532,-3.552713678800501e-15,0.0,-0.5656343421305792,-0.5656343421214842,0.0,0.6106267686832325,0.044992428336843915,0.04499242656174829,-1.775099178757955e-09,0.04561983418354387,0.11255298041386123,0.11255298041386123,0.11255298041386123,0.0
tau4_r25_o37_h05,pre_onset,paired_increment,S-F,-0.07127447111855645,-0.000977817056943664,-4.973799150320701e-14,0.0,0.8520306417777839,0.8520306417849497,0.0,-0.922327294092355,-0.07029665406161456,-0.07029665230740534,1.754159484335105e-09,0.07127447111855645,0.0,0.03624433807213541,-0.03624433807213541,0.0
tau4_r25_o37_h05,service,absolute_branch,F,130898.50933323824,899.9504562462464,130000.00000028266,0.0,129998.55985318388,-1.4401470902121218,0.0,-0.0003307143097970311,129998.55887699199,-1.4404778045219189,0.0006454861431848258,,,,,
tau4_r25_o37_h05,service,absolute_branch,L,130964.14947142088,965.5993943810049,130000.00000027369,0.0,129999.1616431788,-0.8383570929145208,0.0,-0.6109193708369958,129998.55007703988,-1.4492764637515165,0.0006467700586654246,,,,,
tau4_r25_o37_h05,service,absolute_branch,S,131033.48027640893,1034.5706836289082,130000.00000026592,-958.3366097159158,129997.74360601866,-960.5930039722589,958.3366097135004,1.1666391345815441,129998.90959278002,-1.0897551241769747,0.0006523617194034159,,,,,
tau4_r25_o37_h05,service,paired_increment,S-L,69.33080498804338,68.97128924790331,-7.770722731947899e-09,-958.3366097159158,-1.4180371601396473,-959.7546468793444,958.3366097135004,1.7775585054185399,0.3595157401432516,0.3595213395745418,5.591660737991333e-06,69.33080498804338,14248.264187706052,28427.16028843294,69.36808697916433,0.0
tau4_r25_o37_h05,service,paired_increment,L-F,65.64013818264357,65.64893813475851,-8.96397978067398e-09,0.0,0.6017899949220009,0.6017899972976011,0.0,-0.6105886565271987,-0.008799952105619013,-0.00879865922959766,1.2839154805988073e-06,65.64013818264357,10678.474776108615,21291.376347364218,65.57320485300873,0.0
tau4_r25_o37_h05,service,paired_increment,S-F,134.97094317068695,134.62022738266182,-1.673470251262188e-08,-958.3366097159158,-0.8162471652176464,-959.1528568820468,958.3366097135004,1.1669698488913411,0.3507157880376326,0.35072268034494414,6.87557621859014e-06,134.97094317068695,3635.393897778393,7135.846503724612,134.9412918321728,0.0
tau4_r25_o37_h05,recovery,absolute_branch,F,327251.3854203205,2249.946437846722,324999.9999959909,0.0,325001.44015172514,1.440151050381246,0.0,0.0003266295503578931,325001.4389824738,1.440477679931604,0.0014911970356479287,,,,,
tau4_r25_o37_h05,recovery,absolute_branch,L,327251.34872203355,2249.9459332118868,324999.9999961349,0.0,325001.40399620385,1.4039955287407793,0.0,0.00028851726955281265,325001.40278882167,1.404284046010332,0.0014913592603988945,,,,,
tau4_r25_o37_h05,recovery,absolute_branch,S,327251.0992046431,2249.9408957023843,324999.9999960002,958.311476964868,325001.40411883796,959.7155951083405,-958.3114769660606,-0.24430798028245704,325001.1583089407,1.1598101619974557,0.0014972214703448117,,,,,
tau4_r25_o37_h05,recovery,paired_increment,S-L,-0.24951739044627175,-0.0050375095024719485,-1.3469252735376358e-07,958.311476964868,0.00012263411190360785,958.3115995795997,-958.3114769660606,-0.24459649755200985,-0.2444798809592612,-0.2444738840128764,5.8622099459171295e-06,0.24951739044627175,0.13457090446804876,0.5240380422420616,-0.254896233305964,25.517577188074938
tau4_r25_o37_h05,recovery,paired_increment,L-F,-0.03669828694546595,-0.0005046348351243068,1.4400575309991837e-07,0.0,-0.036155521287582815,-0.03615552164046676,0.0,-3.8112280805080445e-05,-0.03619365213671699,-0.03619363392127184,1.6222475096583366e-07,0.03669828694546595,0.005047194667585585,0.04679247940216451,-0.036698090066993344,3.6980328971076233
tau4_r25_o37_h05,recovery,paired_increment,S-F,-0.2862156773917377,-0.005542144337596255,9.313225746154785e-09,958.311476964868,-0.03603288717567921,958.2754440579592,-958.3114769660606,-0.24463460983281493,-0.2806735330959782,-0.28066751793414824,6.024434696882963e-06,0.2862156773917377,0.1368585150102935,0.5653113533935443,-0.29159432337295726,29.209574051217714
tau4_r25_o37_h05,post_deadline,absolute_branch,F,130899.96989215154,899.9705382806765,130000.00000015093,0.0,130000.00000059872,2.9264992917887866e-07,0.0,-4.7405214331774914e-07,129999.99935387087,-1.8140221413887048e-07,0.0006460986624006182,,,,,
tau4_r25_o37_h05,post_deadline,absolute_branch,L,130899.96989203594,899.9705382790685,130000.0000001599,0.0,130000.00000047468,1.7729325918480754e-07,0.0,-4.7402249947481323e-07,129999.99935375687,-2.967292402900057e-07,0.0006461063021561131,,,,,
tau4_r25_o37_h05,post_deadline,absolute_branch,S,130899.9701278634,899.9705414852365,130000.00000005413,0.024821020432367516,130000.00024091254,0.02506165637532831,-0.024821020328090526,-8.275357544107464e-06,129999.99958637817,0.00023236068969367807,0.0006460366566898301,,,,,
tau4_r25_o37_h05,post_deadline,paired_increment,S-L,0.0002358274650759995,3.2061680030892603e-06,-1.0576331987977028e-07,0.024821020432367516,0.0002404378610663116,0.025061479082069127,-0.024821020328090526,-7.801335044632651e-06,0.00023262129980139434,0.00023265741893396807,-6.964546628296375e-08,0.0002358274650759995,0.00023572581009555257,0.00023572581009555257,0.00023572581009555257,0.013588558842720033
tau4_r25_o37_h05,post_deadline,paired_increment,L-F,-1.1560041457414627e-07,-1.6079866327345371e-09,8.96397978067398e-09,0.0,-1.2404052540659904e-07,-1.1535666999407113e-07,0.0,2.964384293591138e-11,-1.1399970389902592e-07,-1.1532702615113521e-07,7.639755494892597e-09,1.1560041457414627e-07,6.7441025748846926e-09,1.2965004972647916e-07,-1.1616184457670974e-07,2.4052582219269425e-05
tau4_r25_o37_h05,post_deadline,paired_increment,S-F,0.00023571186466142535,3.2045600164565258e-06,-9.67993400990963e-08,0.024821020432367516,0.000240313820540905,0.025061363725399133,-0.024821020328090526,-7.801305400789715e-06,0.00023250730009749532,0.00023254209190781694,-6.200571078807116e-08,0.00023571186466142535,0.00023560964825097594,0.00023560964825097594,0.00023560964825097594,0.013564506260500764
tau4_r25_o37_h05,declared_onset_total,absolute_branch,F,589049.8646457103,4049.867432373645,584999.9999964244,0.0,585000.0000055077,4.252819053363055e-06,0.0,-4.558811582455746e-06,584999.9972133366,-3.0599252909269126e-07,0.0027827818412333727,,,,,
tau4_r25_o37_h05,declared_onset_total,absolute_branch,L,589115.4680854904,4115.51586587196,584999.9999965684,0.0,585000.5656398573,0.5656386131195177,0.0,-0.6106313275899424,584999.9522196185,-0.044992714470424744,0.0027842355193570256,,,,,
tau4_r25_o37_h05,declared_onset_total,absolute_branch,S,589184.5496089155,4184.4821208165295,584999.9999963202,-0.00031173061542385887,584999.1479657692,-0.8523472075430618,0.00031172711169347167,0.922322878941543,585000.067488099,0.07028739851017463,0.0027956197736784816,,,,,
tau4_r25_o37_h05,declared_onset_total,paired_increment,S-L,69.08152342506219,68.9662549445693,-2.48197466135025e-07,-0.00031173061542385887,-1.4176740881521255,-1.4179858206625795,0.00031172711169347167,1.5329542065314854,0.1152684804983437,0.11528011298059937,1.1384254321455956e-05,69.08152342506219,14248.398994336334,28427.68456220099,69.11342647166849,25.517577188074938
tau4_r25_o37_h05,declared_onset_total,paired_increment,L-F,65.60343978006858,65.64843349831517,1.4400575309991837e-07,0.0,0.5656343495938927,0.5656343603004643,0.0,-0.61062676877836,-0.04499371815472841,-0.04499240847789565,1.453678123652935e-06,65.60343978006858,10678.479823310026,21291.42313997327,65.53650664677988,3.6980328971076233
tau4_r25_o37_h05,declared_onset_total,paired_increment,S-F,134.68496320513077,134.61468844288447,-1.0419171303510666e-07,-0.00031173061542385887,-0.8520397385582328,-0.8523514603621152,0.00031172711169347167,0.9223274377531254,0.0702747623436153,0.07028770450270372,1.283793244510889e-05,134.68496320513077,3635.530991903052,7136.4120506876525,134.6499331184481,29.209574051217714
tau4_r25_o37_h05,checkpoint_total,absolute_branch,F,589074.1008817292,4050.034177973019,585024.0499964243,0.0,585028.493529988,4.443528733136191,0.0,-4.424038617609682,585024.0667037561,0.01949011552650859,0.0027827838202938437,,,,,
tau4_r25_o37_h05,checkpoint_total,absolute_branch,L,589139.7499413434,4115.683238877181,585024.0499965684,0.0,585028.4935299954,4.443528751315171,0.0,-4.424038617704809,585024.0667024662,0.019490133610361227,0.0027842357521876693,,,,,
tau4_r25_o37_h05,checkpoint_total,absolute_branch,S,589208.7145704632,4184.647888598846,585024.0499963202,-0.00031173061542385887,585028.4935208912,4.443207914559025,0.00031172711169347167,-4.424038473948912,585024.0666818643,0.01948116772180697,0.002795623615384102,,,,,
tau4_r25_o37_h05,checkpoint_total,paired_increment,S-L,68.96462911972776,68.96464972166541,-2.48197466135025e-07,-0.00031173061542385887,-9.104260243475437e-06,-0.0003208367561455816,0.00031172711169347167,1.4375589785231568e-07,-2.0601903088390827e-05,-8.965888554257617e-06,1.138786319643259e-05,68.96462911972776,14248.398994336334,28427.833359519474,68.96462915318249,25.517577188074938
tau4_r25_o37_h05,checkpoint_total,paired_increment,L-F,65.64905961428303,65.64906090416207,1.4400575309991837e-07,0.0,7.450580596923828e-09,1.817898009903729e-08,0.0,-9.512746146356221e-11,-1.2898817658424377e-06,1.8083852637573727e-08,1.451931893825531e-06,65.64905961428303,10678.592376290439,21291.535692953683,65.64905962719378,3.6980328971076233
tau4_r25_o37_h05,checkpoint_total,paired_increment,S-F,134.6136887340108,134.61371062582748,-1.0419171303510666e-07,-0.00031173061542385887,-9.096809662878513e-06,-0.00032081857716548257,0.00031172711169347167,1.4366077039085212e-07,-2.1891784854233265e-05,-8.947804701620043e-06,1.2839795090258121e-05,134.6136887340108,3635.530991903052,7136.448295025725,134.61368878037598,29.209574051217714
tau4_r25_o73_h1,pre_onset,absolute_branch,F,47.87182555723889,0.32974629749533213,47.449999999993345,0.0,45.8800228410811,-1.569977158884285,0.0,1.66205752690405,47.54207925974356,0.09208036801976505,1.1082695507980134e-06,,,,,
tau4_r25_o73_h1,pre_onset,absolute_branch,L,47.87182555723889,0.32974629749533213,47.449999999993345,0.0,45.8800228410811,-1.569977158884285,0.0,1.66205752690405,47.54207925974356,0.09208036801976505,1.1082695507980134e-06,,,,,
tau4_r25_o73_h1,pre_onset,absolute_branch,S,47.87182555723889,0.32974629749533213,47.449999999993345,0.0,45.8800228410811,-1.569977158884285,0.0,1.66205752690405,47.54207925974356,0.09208036801976505,1.1082695507980134e-06,,,,,
tau4_r25_o73_h1,pre_onset,paired_increment,S-L,0.0,0.0,0.0,0.0,0.0,0.0,0.0,0.0,0.0,0.0,0.0,0.0,0.0,0.0,0.0,0.0
tau4_r25_o73_h1,pre_onset,paired_increment,L-F,0.0,0.0,0.0,0.0,0.0,0.0,0.0,0.0,0.0,0.0,0.0,0.0,3.846448578405585e-08,3.846448578405585e-08,3.846448578405585e-08,0.0
tau4_r25_o73_h1,pre_onset,paired_increment,S-F,0.0,0.0,0.0,0.0,0.0,0.0,0.0,0.0,0.0,0.0,0.0,0.0,3.846448578405585e-08,3.846448578405585e-08,3.846448578405585e-08,0.0
tau4_r25_o73_h1,service,absolute_branch,F,130898.50720045282,899.9502582538792,130000.00000027429,0.0,129998.56018503071,-1.43981524663468,0.0,-0.0007014494296129214,129998.55694219893,-1.440516696064293,0.002541379290050827,,,,,
tau4_r25_o73_h1,service,absolute_branch,L,130964.20937878247,965.6440821736527,130000.00000028394,0.0,129998.56860177281,-1.4313985017652158,0.0,-0.0007561772032147474,129998.56529660882,-1.4321546789684305,0.00254899614083115,,,,,
tau4_r25_o73_h1,service,absolute_branch,S,131033.3986652645,1034.6598885180617,130000.00000026694,-958.3366216340443,129998.78550261103,-959.551119298143,958.3366216350623,-0.04415443412560194,129998.73877674644,-1.2586520972062942,0.002571423290646635,,,,,
tau4_r25_o73_h1,service,paired_increment,S-L,69.18928648202564,69.01580634440904,-1.6996636986732483e-08,-958.3366216340443,0.2169008382188622,-958.1197207963778,958.3366216350623,-0.04339825692238719,0.17348013761511538,0.1735025817621363,2.242714981548488e-05,69.18928648202564,14249.488552476021,28429.778912339865,69.19819261217364,0.0
tau4_r25_o73_h1,service,paired_increment,L-F,65.70217832965136,65.69382391977354,9.647919796407223e-09,0.0,0.008416742100962438,0.00841674486946431,0.0,-5.47277736018259e-05,0.008354409888852388,0.008362017095862484,7.616850780323148e-06,65.70217832965136,10680.002465906986,21294.302753603297,65.70217821067001,0.0
tau4_r25_o73_h1,service,paired_increment,S-F,134.891464811677,134.70963026418258,-7.34871719032526e-09,-958.3366216340443,0.22531758031982463,-958.1113040515083,958.3366216350623,-0.043452984695989016,0.18183454750396777,0.18186459885799877,3.004400059580803e-05,134.891464811677,3635.5313931490255,7136.162415475208,134.90037082284368,0.0
tau4_r25_o73_h1,recovery,absolute_branch,F,327251.3807830315,2249.9459946955803,325000.0000035076,0.0,325001.43982837663,1.4398277175496332,0.0,0.0006878600183597428,325001.43478833593,1.440515577567993,0.0057307492243126035,,,,,
tau4_r25_o73_h1,recovery,absolute_branch,L,327251.3723053989,2249.945878048984,325000.0000034408,0.0,325001.4314126533,1.4314119989576284,0.0,0.0007425811236316804,325001.4264273499,1.43215458008126,0.005730670935008675,,,,,
tau4_r25_o73_h1,recovery,absolute_branch,S,327251.19447894295,2249.941831627815,325000.0000033442,958.3115087360917,325001.214269165,959.5257772182194,-958.3115087385959,0.044141337553298854,325001.25264731515,1.2584098171768687,0.00576584623195231,,,,,
tau4_r25_o73_h1,recovery,paired_increment,S-L,-0.1778264559688978,-0.004046421168823144,-9.656650945544243e-08,958.3115087360917,-0.21714348829118535,958.0943652192618,-958.3115087385959,0.043398756429667174,-0.17378003476187587,-0.17374476290439134,3.517529694363475e-05,0.1778264559688978,0.12755356820147978,0.44183951879619765,-0.18673238239323806,18.66885515535617
tau4_r25_o73_h1,recovery,paired_increment,L-F,-0.008477632596623152,-0.00011664659632515395,-6.682239472866058e-08,0.0,-0.008415723335929215,-0.00841571859200485,0.0,5.472110527193763e-05,-0.008360986015759408,-0.008360997486732913,-7.828930392861366e-08,0.008477632596623152,0.001893743287806865,0.012265049625773263,-0.008477563050159533,0.8542438535114059
tau4_r25_o73_h1,recovery,paired_increment,S-F,-0.18630408856552094,-0.004163067765148298,-1.63388904184103e-07,958.3115087360917,-0.22555921162711456,958.0859495006698,-958.3115087385959,0.04345347753493911,-0.18214102077763528,-0.18210576039112425,3.5097007639706135e-05,0.18630408856552094,0.12902739578660988,0.45326473701661746,-0.1952099454433976,19.523099008867575
tau4_r25_o73_h1,post_deadline,absolute_branch,F,130899.967797597,899.9703407050274,130000.00000025897,0.0,130000.00000271614,2.461616531945765e-06,0.0,-2.554544693111893e-06,129999.99745689197,-9.292816116612812e-08,0.002543274065828882,,,,,
tau4_r25_o73_h1,post_deadline,absolute_branch,L,130899.96779658028,899.9703406912372,130000.00000030693,0.0,130000.00000172749,1.4726574590895325e-06,0.0,-2.5485547610060166e-06,129999.99745588905,-1.0758973019164841e-06,0.002543341979617253,,,,,
tau4_r25_o73_h1,post_deadline,absolute_branch,S,130899.96803300828,899.97034390521,130000.00000030454,0.024801416070941884,130000.00023543631,0.025036557810381055,-0.024801416257105302,-2.9945252038032777e-06,129999.99768910307,0.00023214702807194953,0.0025433484988752753,,,,,
tau4_r25_o73_h1,post_deadline,paired_increment,S-L,0.00023642799351364374,3.2139728318725247e-06,-2.3865140974521637e-09,0.024801416070941884,0.0002337088226340711,0.025035085152921965,-0.024801416257105302,-4.4597044279726106e-07,0.00023321401386056095,0.00023322292537386602,6.51925802230835e-09,0.00023642799351364374,0.00023620630769012726,0.00023620630769012726,0.00023620630769012726,0.01358806600521234
tau4_r25_o73_h1,post_deadline,paired_increment,L-F,-1.0167132131755352e-06,-1.3790213415632024e-08,4.7963112592697144e-08,0.0,-9.88657120615244e-07,-9.889590728562325e-07,0.0,5.989932105876505e-09,-1.0029179975390434e-06,-9.82969140750356e-07,6.79137883707881e-08,1.0167132131755352e-06,1.2791831977668308e-09,9.990032844944031e-07,-9.964449180988695e-07,5.2580735172114146e-05
tau4_r25_o73_h1,post_deadline,paired_increment,S-F,0.0002354112803004682,3.2001826184568927e-06,4.557659849524498e-08,0.024801416070941884,0.00023272016551345587,0.02503409619384911,-0.024801416257105302,-4.3998051069138455e-07,0.0002322110958630219,0.00023223995623311566,7.443304639309645e-08,0.0002354112803004682,0.0002352098627720284,0.0002352098627720284,0.0002352098627720284,0.013535485270040226
tau4_r25_o73_h1,declared_onset_total,absolute_branch,F,589049.8557810814,4049.866593654487,585000.0000040409,0.0,585000.0000161235,1.4932531485101208e-05,0.0,-1.614395594629059e-05,584999.9891874269,-1.211424461189381e-06,0.010815402609296143,,,,,
tau4_r25_o73_h1,declared_onset_total,absolute_branch,L,589115.5494807618,4115.560300913874,585000.0000040317,0.0,585000.0000161537,1.4969849871704355e-05,0.0,-1.6144634344072983e-05,584999.9891798479,-1.1747844723686285e-06,0.010823009070008993,,,,,
tau4_r25_o73_h1,declared_onset_total,absolute_branch,S,589184.5611772158,4184.572064051087,585000.0000039157,-0.0003114818816697327,585000.0000072124,-0.0003055221131944563,0.00031148020934779197,-1.609109750688731e-05,584999.9891131647,-1.0133001353551663e-05,0.010880618006922305,,,,,
tau4_r25_o73_h1,declared_onset_total,paired_increment,S-L,69.01169645402115,69.01176313721317,-1.1594966053962708e-07,-0.0003114818816697327,-8.941278792917728e-06,-0.0003204919630661607,0.00031148020934779197,5.353683718567481e-08,-6.668316200375557e-05,-8.958216881183034e-06,5.760893691331148e-05,69.01169645402115,14249.61634225053,28430.220988064968,69.01169643608809,18.66885515535617
tau4_r25_o73_h1,declared_onset_total,paired_increment,L-F,65.69369968038518,65.69370725938688,-9.19681042432785e-09,0.0,3.015156835317612e-08,3.731838660314679e-08,0.0,-6.783977823943133e-10,-7.578986696898937e-06,3.663998882075248e-08,7.606460712850094e-06,65.69369968038518,10680.004359651552,21294.31501965192,65.69369965117495,0.8542438535114059
tau4_r25_o73_h1,declared_onset_total,paired_increment,S-F,134.70539613440633,134.70547039660005,-1.2514647096395493e-07,-0.0003114818816697327,-8.911127224564552e-06,-0.00032045464467955753,0.00031148020934779197,5.28584394032805e-08,-7.42621487006545e-05,-8.921576892362282e-06,6.521539762616158e-05,134.70539613440633,3635.660655754675,7136.615915422088,134.7053960872631,19.523099008867575
tau4_r25_o73_h1,checkpoint_total,absolute_branch,F,589097.7276066386,4050.1963399519823,585047.4500040408,0.0,585045.8800389646,-1.5699622263528,0.0,1.6620413829481038,585047.5312666866,0.09207915659530386,0.010816510766744614,,,,,
tau4_r25_o73_h1,checkpoint_total,absolute_branch,L,589163.421306319,4115.890047211369,585047.4500040316,0.0,585045.8800389947,-1.5699621890344133,0.0,1.662041382269706,585047.5312591076,0.09207919323529268,0.010824117227457464,,,,,
tau4_r25_o73_h1,checkpoint_total,absolute_branch,S,589232.433002773,4184.901810348582,585047.4500039157,-0.0003114818816697327,585045.8800300534,-1.5702826809974795,0.00031148020934779197,1.6620414358065432,585047.5311924244,0.0920702350184115,0.010881726397201419,,,,,
tau4_r25_o73_h1,checkpoint_total,paired_increment,S-L,69.01169645402115,69.01176313721317,-1.1594966053962708e-07,-0.0003114818816697327,-8.941278792917728e-06,-0.0003204919630661607,0.00031148020934779197,5.353683718567481e-08,-6.66832784190774e-05,-8.958216881183034e-06,5.7609169743955135e-05,69.01169645402115,14249.61634225053,28430.220988064968,69.01169643608809,18.66885515535617
tau4_r25_o73_h1,checkpoint_total,paired_increment,L-F,65.69369968038518,65.69370725938688,-9.19681042432785e-09,0.0,3.015156835317612e-08,3.731838660314679e-08,0.0,-6.783977823943133e-10,-7.578986696898937e-06,3.663998882075248e-08,7.606460712850094e-06,65.69369968038518,10680.004359690016,21294.315019690384,65.69369968963947,0.8542438535114059
tau4_r25_o73_h1,checkpoint_total,paired_increment,S-F,134.70539613440633,134.70547039660005,-1.2514647096395493e-07,-0.0003114818816697327,-8.911127224564552e-06,-0.00032045464467955753,0.00031148020934779197,5.28584394032805e-08,-7.426226511597633e-05,-8.921576892362282e-06,6.521563045680523e-05,134.70539613440633,3635.6606557931395,7136.615915460552,134.7053961257276,19.523099008867575
tau4_r25_o73_h05,pre_onset,absolute_branch,F,47.87182634069264,0.3297463671796226,47.44999999999332,0.0,45.880022686705445,-1.5699773133273993,0.0,1.6620575633670853,47.54207997351302,0.092080250039686,2.765199837995169e-07,,,,,
tau4_r25_o73_h05,pre_onset,absolute_branch,L,47.87182634069264,0.3297463671796226,47.44999999999332,0.0,45.880022686705445,-1.5699773133273993,0.0,1.6620575633670853,47.54207997351302,0.092080250039686,2.765199837995169e-07,,,,,
tau4_r25_o73_h05,pre_onset,absolute_branch,S,47.87182634069264,0.3297463671796226,47.44999999999332,0.0,45.880022686705445,-1.5699773133273993,0.0,1.6620575633670853,47.54207997351302,0.092080250039686,2.765199837995169e-07,,,,,
tau4_r25_o73_h05,pre_onset,paired_increment,S-L,0.0,0.0,0.0,0.0,0.0,0.0,0.0,0.0,0.0,0.0,0.0,0.0,0.0,0.0,0.0,0.0
tau4_r25_o73_h05,pre_onset,paired_increment,L-F,0.0,0.0,0.0,0.0,0.0,0.0,0.0,0.0,0.0,0.0,0.0,0.0,3.861406468785757e-08,3.861406468785757e-08,3.861406468785757e-08,0.0
tau4_r25_o73_h05,pre_onset,paired_increment,S-F,0.0,0.0,0.0,0.0,0.0,0.0,0.0,0.0,0.0,0.0,0.0,0.0,3.861406468785757e-08,3.861406468785757e-08,3.861406468785757e-08,0.0
tau4_r25_o73_h05,service,absolute_branch,F,130898.50927010972,899.9504553659365,130000.00000029174,0.0,129998.56016211378,-1.439838163609238,0.0,-0.0007014673967660201,129998.55881474378,-1.4405396310060041,0.0006459169526351616,,,,,
tau4_r25_o73_h05,service,absolute_branch,L,130964.21145215245,965.6442793307089,130000.00000028519,0.0,129998.56857559654,-1.4314246757639921,0.0,-0.0007561946596297275,129998.56717282174,-1.4321808704236219,0.0006465930200647563,,,,,
tau4_r25_o73_h05,service,absolute_branch,S,131033.40077283261,1034.6600956816694,130000.00000029479,-958.3366093167588,129998.78548395615,-959.551125637925,958.3366093167424,-0.04415447304430131,129998.74067715094,-1.2586707942269015,0.0006523496267618611,,,,,
tau4_r25_o73_h05,service,paired_increment,S-L,69.18932068016147,69.01581635096056,9.604264050722122e-09,-958.3366093167588,0.21690835960907862,-958.119700962161,958.3366093167424,-0.043398278384671585,0.17350432919920422,0.17351007619672032,5.756606697104871e-06,69.18932068016147,14249.488582725995,28429.77893864194,69.19822681004872,0.0
tau4_r25_o73_h05,service,paired_increment,L-F,65.7021820427326,65.69382396477238,-6.548361852765083e-09,0.0,0.008413482762989588,0.008413487845245982,0.0,-5.472726286370744e-05,0.008358077961020172,0.008358760582382274,6.760674295946956e-07,65.7021820427326,10680.002486198178,21294.30279047483,65.70218192152784,0.0
tau4_r25_o73_h05,service,paired_increment,S-F,134.89150272289407,134.70964031573294,3.055902197957039e-09,-958.3366093167588,0.2253218423720682,-958.1112874743158,958.3366093167424,-0.04345300564753529,0.1818624071602244,0.1818688367791026,6.432674126699567e-06,134.89150272289407,3635.531408108971,7136.162407486364,134.90040873157724,0.0
tau4_r25_o73_h05,recovery,absolute_branch,F,327251.3854819675,2249.946438698901,324999.99999599886,0.0,325001.43985332875,1.4398526540971943,0.0,0.0006858139543908237,325001.43904326856,1.4405384680515851,0.0014911983744241297,,,,,
tau4_r25_o73_h05,recovery,absolute_branch,L,327251.37700762687,2249.94632209755,324999.9999961406,0.0,325001.4314408709,1.4314401920164528,0.0,0.0007405347271003393,325001.4306855293,1.4321807267435531,0.0014913380146026611,,,,,
tau4_r25_o73_h05,recovery,absolute_branch,S,327251.1991994152,2249.9422721716946,324999.99999603897,958.3114964221245,325001.2142898254,959.5257855763812,-958.3114964204215,0.04413931233196422,325001.25692724355,1.2584284682916689,0.0014972637291066349,,,,,
tau4_r25_o73_h05,recovery,paired_increment,S-L,-0.17780821165069938,-0.004049925855269976,-1.0163057595491409e-07,958.3114964221245,-0.21715104550821707,958.0943453843647,-958.3114964204215,0.04339877760486388,-0.17375828576041386,-0.17375225845188425,5.9257145039737225e-06,0.17780821165069938,0.12756276768101316,0.4418396107200042,-0.18671407535797796,18.669616136687182
tau4_r25_o73_h05,recovery,paired_increment,L-F,-0.00847434060415253,-0.0001166013512374775,1.4173565432429314e-07,0.0,-0.008412457827944309,-0.008412462080741534,0.0,5.4720772709515586e-05,-0.008357739250641316,-0.008357741308032018,1.396401785314083e-07,0.00847434060415253,0.0018933038594317623,0.012260870433503459,-0.008474262714639934,0.8539116624979215
tau4_r25_o73_h05,recovery,paired_increment,S-F,-0.1862825522548519,-0.004166527206507453,4.0105078369379044e-08,958.3114964221245,-0.22556350333616138,958.085932922284,-958.3114964204215,0.043453498377573396,-0.18211602501105517,-0.18210999975991626,6.065354682505131e-06,0.1862825522548519,0.1290363849760723,0.4532611080247625,-0.19518833807261787,19.523527799185104
tau4_r25_o73_h05,post_deadline,absolute_branch,F,130899.96989217278,899.9705382809675,130000.00000016217,0.0,130000.00000062416,3.234636096749455e-07,0.0,-4.897183600860444e-07,129999.99935389182,-1.6625475041109894e-07,0.0006461040902649984,,,,,
tau4_r25_o73_h05,post_deadline,absolute_branch,L,130899.96989116928,899.9705382670768,130000.00000011537,0.0,129999.99999962334,-6.697082426398993e-07,0.0,-4.830351940654509e-07,129999.9993529022,-1.1527434367053502e-06,0.000646060419967398,,,,,
tau4_r25_o73_h05,post_deadline,absolute_branch,S,130899.97012757033,899.9705414812147,130000.00000007037,0.024801415536365272,130000.00023328752,0.025034417223650962,-0.024801415333058685,-9.286992224133428e-07,129999.9995860891,0.0002320731913698637,0.0006460544536821544,,,,,
tau4_r25_o73_h05,post_deadline,paired_increment,S-L,0.0002364010433666408,3.2141379051608965e-06,-4.4994521886110306e-08,0.024801415536365272,0.00023366417735815048,0.025035086931893602,-0.024801415333058685,-4.4566402834789187e-07,0.0002331869036424905,0.00023322593480656906,-5.966285243630409e-09,0.0002364010433666408,0.0002362120028592203,0.0002362120028592203,0.0002362120028592203,0.013588498792110215
tau4_r25_o73_h05,post_deadline,paired_increment,L-F,-1.003500074148178e-06,-1.3890712580177933e-08,-4.6798959374427795e-08,0.0,-1.0008225217461586e-06,-9.931718523148447e-07,0.0,6.6831660205934895e-09,-9.896175470203161e-07,-9.864886862942512e-07,-4.367029760032892e-08,1.003500074148178e-06,7.702111033721554e-10,1.002870029886262e-06,-1.0013296076795176e-06,5.256332780589901e-05
tau4_r25_o73_h05,post_deadline,paired_increment,S-F,0.00023539754329249263,3.2002471925807185e-06,-9.17934812605381e-08,0.024801415536365272,0.00023266335483640432,0.025034093760041287,-0.024801415333058685,-4.389808623272984e-07,0.0002321972860954702,0.0002322394461202748,-4.963658284395933e-08,0.00023539754329249263,0.00023521067325154085,0.00023521067325154085,0.00023521067325154085,0.013535935464304316
tau4_r25_o73_h05,declared_onset_total,absolute_branch,F,589049.86464425,4049.867432345805,584999.9999964528,0.0,585000.0000160667,1.4813951565884054e-05,0.0,-1.6143160735282436e-05,584999.9972119043,-1.329209169398382e-06,0.0027832193300127983,,,,,
tau4_r25_o73_h05,declared_onset_total,absolute_branch,L,589115.5583509486,4115.561139695335,584999.9999965412,0.0,585000.0000160908,1.4846544218016788e-05,0.0,-1.6142967723453694e-05,584999.9972112533,-1.2964235054369055e-06,0.0027839915128424764,,,,,
tau4_r25_o73_h05,declared_onset_total,absolute_branch,S,589184.5700998182,4184.572909334579,584999.9999964042,-0.0003114790978852228,585000.0000070691,-0.00030564432017854415,0.0003114809878752567,-1.6089411559505606e-05,584999.9971904836,-1.0252743862793068e-05,0.002795667853206396,,,,,
tau4_r25_o73_h05,declared_onset_total,paired_increment,S-L,69.01174886955414,69.01176963924354,-1.3702083379030228e-07,-0.0003114790978852228,-9.02172178030014e-06,-0.00032049086439656094,0.0003114809878752567,5.355616394808749e-08,-2.076965756714344e-05,-8.956320357356162e-06,1.1676340363919735e-05,69.01174886955414,14249.616381705679,28430.22101446467,69.01174894669361,18.669616136687182
tau4_r25_o73_h05,declared_onset_total,paired_increment,L-F,65.69370669859927,65.69370734953054,8.835922926664352e-08,0.0,2.4097971618175507e-08,3.2592652132734656e-08,0.0,1.9301182874187361e-10,-6.509944796562195e-07,3.278566396147653e-08,7.721828296780586e-07,65.69370669859927,10680.004379502809,21294.315052348127,65.69370665748359,0.8539116624979215
tau4_r25_o73_h05,declared_onset_total,paired_increment,S-F,134.7054555681534,134.70547698877408,-4.866160452365875e-08,-0.0003114790978852228,-8.997623808681965e-06,-0.0003204582717444282,0.0003114809878752567,5.374917577682936e-08,-2.142065204679966e-05,-8.923534693394686e-06,1.2448523193597794e-05,134.7054555681534,3635.66067970462,7136.615903805061,134.70545560417787,19.523527799185104
tau4_r25_o73_h05,checkpoint_total,absolute_branch,F,589097.7364705907,4050.1971787129846,585047.4499964528,0.0,585045.8800387534,-1.5699624993758334,0.0,1.66204142020635,585047.5392918778,0.09207892083051661,0.0027834958164021373,,,,,
tau4_r25_o73_h05,checkpoint_total,absolute_branch,L,589163.4301772893,4115.890886062515,585047.4499965411,0.0,585045.8800387775,-1.5699624667831813,0.0,1.6620414203993619,585047.5392912268,0.09207895361618057,0.0027842679992318153,,,,,
tau4_r25_o73_h05,checkpoint_total,absolute_branch,S,589232.4419261588,4184.902655701759,585047.4499964041,-0.0003114790978852228,585045.8800297558,-1.5702829576475779,0.0003114809878752567,1.6620414739555258,585047.5392704571,0.09206999729582321,0.002795944339595735,,,,,
tau4_r25_o73_h05,checkpoint_total,paired_increment,S-L,69.01174886955414,69.01176963924354,-1.3702083379030228e-07,-0.0003114790978852228,-9.02172178030014e-06,-0.00032049086439656094,0.0003114809878752567,5.355616394808749e-08,-2.076965756714344e-05,-8.956320357356162e-06,1.1676340363919735e-05,69.01174886955414,14249.616381705679,28430.22101446467,69.01174894669361,18.669616136687182
tau4_r25_o73_h05,checkpoint_total,paired_increment,L-F,65.69370669859927,65.69370734953054,8.835922926664352e-08,0.0,2.4097971618175507e-08,3.2592652132734656e-08,0.0,1.9301182874187361e-10,-6.509944796562195e-07,3.278566396147653e-08,7.721828296780586e-07,65.69370669859927,10680.004379541422,21294.31505238674,65.6937066960976,0.8539116624979215
tau4_r25_o73_h05,checkpoint_total,paired_increment,S-F,134.7054555681534,134.70547698877408,-4.866160452365875e-08,-0.0003114790978852228,-8.997623808681965e-06,-0.0003204582717444282,0.0003114809878752567,5.374917577682936e-08,-2.142065204679966e-05,-8.923534693394686e-06,1.2448523193597794e-05,134.7054555681534,3635.6606797432346,7136.615903843675,134.70545564279195,19.523527799185104
tau4_r35_o37_h1,pre_onset,absolute_branch,F,24.236235771245212,0.16674557827613207,24.049999999897775,0.0,28.493524173486694,4.443524173602782,0.0,-4.424033967399822,24.06949019296908,0.019490206202959826,1.3131653986420133e-08,,,,,
tau4_r35_o37_h1,pre_onset,absolute_branch,L,24.28185561244041,0.16737298146756494,24.049999999897768,0.0,27.92788983216731,3.877889832256187,0.0,-3.813407202045198,24.114482630972844,0.0644826302109891,-8.64087468244179e-10,,,,,
tau4_r35_o37_h1,pre_onset,absolute_branch,S,24.164961296381108,0.165767762492662,24.04999999989778,0.0,29.345554847758695,5.295554847874882,0.0,-5.346361293992743,23.999193533888445,-0.05080644611786056,1.9891473357347422e-08,,,,,
tau4_r35_o37_h1,pre_onset,paired_increment,S-L,-0.11689431605930167,-0.0016052189749029278,1.0658141036401503e-14,0.0,1.4176650155913855,1.4176650156186952,0.0,-1.5329540919475448,-0.11528909708439983,-0.11528907632884966,2.07555608255916e-08,0.11689431605930167,0.0,0.1487974204737283,-0.1487974204737283,0.0
tau4_r35_o37_h1,pre_onset,paired_increment,L-F,0.04561984119519735,0.0006274031914328682,-7.105427357601002e-15,0.0,-0.5656343413193845,-0.5656343413465947,0.0,0.610626765354624,0.044992438003763624,0.044992424008029275,-1.3995741454664312e-08,0.04561984119519735,0.11255298836875813,0.11255298836875813,0.11255298836875813,0.0
tau4_r35_o37_h1,pre_onset,paired_increment,S-F,-0.07127447486410432,-0.0009778157834700596,3.552713678800501e-15,0.0,0.852030674272001,0.8520306742721004,0.0,-0.9223273265929208,-0.0702966590806362,-0.07029665232082039,6.759819370927289e-09,0.07127447486410432,0.0,0.03624443210497016,-0.03624443210497016,0.0
tau4_r35_o37_h1,service,absolute_branch,F,130898.50726381496,899.9502591178938,130000.00000027347,0.0,129998.55987615706,-1.4401241207015119,0.0,-0.0003307024587968499,129998.55700469707,-1.4404548231603087,0.0025407532521057874,,,,,
tau4_r35_o37_h1,service,absolute_branch,L,130964.14739785566,965.5991971911245,130000.00000027387,0.0,129999.16167037378,-0.8383299008455651,0.0,-0.6109193562889175,129998.54820066453,-1.4492492571344826,0.002550352204707451,,,,,
tau4_r35_o37_h1,service,absolute_branch,S,131033.48094472011,1034.5789262386575,130000.00000026386,-22.89276452268742,129997.97802279456,-24.91474200342782,22.892764522133803,0.9265501664060025,129998.90201848146,-1.0954273148880134,0.0025544675154378638,,,,,
tau4_r35_o37_h1,service,paired_increment,S-L,69.33354686445091,68.97972904753294,-1.0011717677116394e-08,-22.89276452268742,-1.183647579222452,-24.076412102582253,22.892764522133803,1.53746952269492,0.35381781692558434,0.35382194224646923,4.1153107304126024e-06,69.33354686445091,14248.675760804179,28427.985954662578,69.36556694577885,0.0
tau4_r35_o37_h1,service,paired_increment,L-F,65.64013404070283,65.64893807323074,3.92901711165905e-10,0.0,0.601794216723647,0.6017942198559467,0.0,-0.6105886538301206,-0.008804032535408624,-0.008794433974173899,9.598952601663768e-06,65.64013404070283,10678.474755995077,21291.376311273998,65.57320071615419,0.0
tau4_r35_o37_h1,service,paired_increment,S-F,134.97368090515374,134.62866712076368,-9.618815965950489e-09,-22.89276452268742,-0.5818533624988049,-23.474617882726307,22.892764522133803,0.9268808688647994,0.3450137843901757,0.34502750827229534,1.371426333207637e-05,134.97368090515374,3635.8057846120837,7136.672801562236,134.9387676619328,0.0
tau4_r35_o37_h1,recovery,absolute_branch,F,327251.38072141865,2249.9459938421605,325000.00000348006,0.0,325001.4401268631,1.4401262000683346,0.0,0.0003286207006567565,325001.4347275765,1.4404548207689913,0.0057307243114337325,,,,,
tau4_r35_o37_h1,recovery,absolute_branch,L,327251.34401889483,2249.9454891484365,325000.0000034444,0.0,325001.4039671094,1.4039664560295932,0.0,0.0002905093288916305,325001.3985297464,1.4042569653584849,0.005730663368012756,,,,,
tau4_r35_o37_h1,recovery,absolute_branch,S,327251.10215328075,2249.9421492996207,325000.00000342354,22.892598143310934,325001.1699573217,24.062554786272813,-22.892598143880605,-0.004224935778239569,325001.16000398115,1.1657317066139683,0.005731148994527757,,,,,
tau4_r35_o37_h1,recovery,paired_increment,S-L,-0.24186561407987028,-0.0033398488158127293,-2.0838342607021332e-08,22.892598143310934,-0.23400978767313063,22.65858833024322,-22.892598143880605,-0.0045154451071312,-0.23852576524950564,-0.23852525874451658,4.856265150010586e-07,0.24186561407987028,0.04349384448464261,0.32897026691566533,-0.24198257794638003,24.390409832354635
tau4_r35_o37_h1,recovery,paired_increment,L-F,-0.03670252382289618,-0.0005046937239967519,-3.568129613995552e-08,0.0,-0.036159753683023155,-0.03615974403874134,0.0,-3.811137176512602e-05,-0.03619783010799438,-0.03619785541050646,-6.094342097640038e-08,0.03670252382289618,0.005047814772088589,0.04679799835791037,-0.03670236881373318,3.698464158042043
tau4_r35_o37_h1,recovery,paired_increment,S-F,-0.27856813790276647,-0.0038445425398094812,-5.651963874697685e-08,22.892598143310934,-0.2701695413561538,22.622428586204478,-22.892598143880605,-0.004553556478896326,-0.2747235953575,-0.27472311415502304,4.246830940246582e-07,0.27856813790276647,0.04799651309589391,0.3746779729519011,-0.27868494676011324,28.087590811643167
tau4_r35_o37_h1,post_deadline,absolute_branch,F,130899.9677974935,899.9703407033944,130000.00000024139,0.0,130000.00000254676,2.293752913828939e-06,0.0,-2.478176185150005e-06,129999.99745679011,-1.8442327132106584e-07,0.002543266862630844,,,,,
tau4_r35_o37_h1,post_deadline,absolute_branch,L,130899.96779737069,899.9703407016987,130000.00000024971,0.0,130000.00000243238,2.177686837967485e-06,0.0,-2.478586850429565e-06,129999.99745666899,-3.0090001246207976e-07,0.0025432798138353974,,,,,
tau4_r35_o37_h1,post_deadline,absolute_branch,S,130899.96778978314,899.9703405978494,130000.00000032492,0.00016431634947471752,129999.99999498238,0.00015903229359537363,-0.00016431183757958934,-2.4653655543716013e-06,129999.99744918529,-7.744909538587308e-06,0.0025433947157580405,,,,,
tau4_r35_o37_h1,post_deadline,paired_increment,S-L,-7.587543223053217e-06,-1.0384928827988915e-07,7.520429790019989e-08,0.00016431634947471752,-7.4499985203146935e-06,0.00015685460675740615,-0.00016431183757958934,1.3221296057963627e-08,-7.483700755983591e-06,-7.444009526125228e-06,1.1490192264318466e-07,7.587543223053217e-06,0.0,7.552400709246329e-06,-7.552400709246329e-06,0.0002626379151564606
tau4_r35_o37_h1,post_deadline,paired_increment,L-F,-1.2281816452741623e-07,-1.6957528714556247e-09,8.32369551062584e-09,0.0,-1.1437805369496346e-07,-1.1606607586145401e-07,0.0,-4.106652795599075e-10,-1.211155904456973e-07,-1.1647674114101392e-07,1.2951204553246498e-08,1.2281816452741623e-07,5.181834567338178e-09,1.2916280841454965e-07,-1.1879913927987332e-07,2.4027104124968446e-05
tau4_r35_o37_h1,post_deadline,paired_increment,S-F,-7.710361387580633e-06,-1.0554504115134478e-07,8.352799341082573e-08,0.00016431634947471752,-7.564376574009657e-06,0.0001567385406815447,-0.00016431183757958934,1.281063077840372e-08,-7.604816346429288e-06,-7.560486267266242e-06,1.2785312719643116e-07,7.710361387580633e-06,0.0,7.671199848526201e-06,-7.671199848526201e-06,0.00028666501928142907
tau4_r35_o37_h1,declared_onset_total,absolute_branch,F,589049.8557827271,4049.8665936634484,585000.0000039949,0.0,585000.0000055669,4.373119736555964e-06,0.0,-4.5599343252433755e-06,584999.9891890637,-1.8681458868741174e-07,0.010814744397066534,,,,,
tau4_r35_o37_h1,declared_onset_total,absolute_branch,L,589115.4592141212,4115.51502704126,585000.0000039679,0.0,585000.5656399155,0.5656387328708661,0.0,-0.6106313255468763,584999.9441870799,-0.04499259267601019,0.010824295342899859,,,,,
tau4_r35_o37_h1,declared_onset_total,absolute_branch,S,589184.550887784,4184.491416136128,585000.0000040123,-2.0630270111073646e-06,584999.1479750987,-0.8520281848614104,2.066415618173778e-06,0.9223227652622086,585000.0594716478,0.07029664681641634,0.010829011211171746,,,,,
tau4_r35_o37_h1,declared_onset_total,paired_increment,S-L,69.09167366276961,68.97638909486795,4.4354237616062164e-08,-2.0630270111073646e-06,-1.4176648168358952,-1.4176669177322765,2.066415618173778e-06,1.5329540908090848,0.11528456793166697,0.11528923949242653,4.715868271887302e-06,69.09167366276961,14248.719254648666,28428.31493248189,69.12357681543176,24.390409832354635
tau4_r35_o37_h1,declared_onset_total,paired_increment,L-F,65.60343139409088,65.64843337781122,-2.7008354663848877e-08,0.0,0.5656343486625701,0.5656343597511295,0.0,-0.610626765612551,-0.04500198375899345,-0.0449924058614215,9.550945833325386e-06,65.60343139409088,10678.479803815033,21291.423109401512,65.53649822854135,3.698464158042043
tau4_r35_o37_h1,declared_onset_total,paired_increment,S-F,134.69510505686048,134.62482247267917,1.7345882952213287e-08,-2.0630270111073646e-06,-0.8520304681733251,-0.852032557981147,2.066415618173778e-06,0.9223273251965338,0.07028258417267352,0.07029683363100503,1.4266814105212688e-05,134.69510505686048,3635.85378112518,7137.047487206387,134.66007504397288,28.087590811643167
tau4_r35_o37_h1,checkpoint_total,absolute_branch,F,589074.0920184983,4050.0333392417247,585024.0500039948,0.0,585028.4935297404,4.4435285467225185,0.0,-4.424038527334147,585024.0586792566,0.019490019388371138,0.010814757668413222,,,,,
tau4_r35_o37_h1,checkpoint_total,absolute_branch,L,589139.7410697336,4115.682400022727,585024.0500039678,0.0,585028.4935297477,4.443528565127053,0.0,-4.424038527592074,585024.0586697109,0.01949003753497891,0.010824294527992606,,,,,
tau4_r35_o37_h1,checkpoint_total,absolute_branch,S,589208.7158490804,4184.65718389862,585024.0500040122,-2.0630270111073646e-06,585028.4935299464,4.443526663013472,2.066415618173778e-06,-4.424038528730534,585024.0586651817,0.019490200698555782,0.010829031118191779,,,,,
tau4_r35_o37_h1,checkpoint_total,paired_increment,S-L,68.97477934672497,68.97478387589308,4.4354237616062164e-08,-2.0630270111073646e-06,1.9872095435857773e-07,-1.902113581309095e-06,2.066415618173778e-06,-1.138459992944263e-09,-4.529138095676899e-06,1.6316357687173877e-07,4.736590199172497e-06,68.97477934672497,14248.719254648666,28428.463729902367,68.97477939495803,24.390409832354635
tau4_r35_o37_h1,checkpoint_total,paired_increment,L-F,65.64905123529024,65.64906078100239,-2.7008354663848877e-08,0.0,7.334165275096893e-09,1.8404534785076976e-08,0.0,-2.5792701308091637e-10,-9.545707143843174e-06,1.814660777199606e-08,9.536859579384327e-06,65.64905123529024,10678.592356803401,21291.53566238988,65.6490512169101,3.698464158042043
tau4_r35_o37_h1,checkpoint_total,paired_increment,S-F,134.62383058201522,134.62384465689547,1.7345882952213287e-08,-2.0630270111073646e-06,2.0605511963367462e-07,-1.883709046524018e-06,2.066415618173778e-06,-1.3963870060251793e-09,-1.4074845239520073e-05,1.8131018464373483e-07,1.4273449778556824e-05,134.62383058201522,3635.85378112518,7137.083731638492,134.6238306118679,28.087590811643167
tau4_r35_o37_h05,pre_onset,absolute_branch,F,24.236236018867068,0.16674559937399075,24.049999999897807,0.0,28.4935244802277,4.443524480317137,0.0,-4.4240340587980995,24.06949041949308,0.01949042151903768,1.923766035361041e-09,,,,,
tau4_r35_o37_h05,pre_onset,absolute_branch,L,24.28185585305061,0.1673730052206894,24.049999999897803,0.0,27.92789013809712,3.877890138195653,0.0,-3.813407290114867,24.114482847829922,0.06448284808078597,1.4866685660308576e-10,,,,,
tau4_r35_o37_h05,pre_onset,absolute_branch,S,24.16496154774851,0.16576778231704709,24.049999999897757,0.0,29.345555122005482,5.295555122102087,0.0,-5.3463613528904546,23.999193765431464,-0.05080623078836766,3.6779255196961458e-09,,,,,
tau4_r35_o37_h05,pre_onset,paired_increment,S-L,-0.11689430530210032,-0.0016052229036423171,-4.618527782440651e-14,0.0,1.417664983908363,1.417664983906434,0.0,-1.5329540627755875,-0.11528908239845848,-0.11528907886915363,3.52925866309306e-09,0.11689430530210032,0.0,0.14879731848599664,-0.14879731848599664,0.0
tau4_r35_o37_h05,pre_onset,paired_increment,L-F,0.04561983418354387,0.0006274058466986532,-3.552713678800501e-15,0.0,-0.5656343421305792,-0.5656343421214842,0.0,0.6106267686832325,0.044992428336843915,0.04499242656174829,-1.775099178757955e-09,0.04561983418354387,0.11255298041386123,0.11255298041386123,0.11255298041386123,0.0
tau4_r35_o37_h05,pre_onset,paired_increment,S-F,-0.07127447111855645,-0.000977817056943664,-4.973799150320701e-14,0.0,0.8520306417777839,0.8520306417849497,0.0,-0.922327294092355,-0.07029665406161456,-0.07029665230740534,1.754159484335105e-09,0.07127447111855645,0.0,0.03624433807213541,-0.03624433807213541,0.0
tau4_r35_o37_h05,service,absolute_branch,F,130898.50933323824,899.9504562462464,130000.00000028266,0.0,129998.55985318388,-1.4401470902121218,0.0,-0.0003307143097970311,129998.55887699199,-1.4404778045219189,0.0006454861431848258,,,,,
tau4_r35_o37_h05,service,absolute_branch,L,130964.14947142088,965.5993943810049,130000.00000027369,0.0,129999.1616431788,-0.8383570929145208,0.0,-0.6109193708369958,129998.55007703988,-1.4492764637515165,0.0006467700586654246,,,,,
tau4_r35_o37_h05,service,absolute_branch,S,131033.48304290086,1034.5791435600354,130000.0000002802,-22.892747605142794,129997.97799767276,-24.914750204425218,22.89274760340777,0.926550101942297,129998.90389934082,-1.0954524990751509,0.0006484402983915061,,,,,
tau4_r35_o37_h05,service,paired_increment,S-L,69.33357147997594,68.97974917903048,6.504706107079983e-09,-22.892747605142794,-1.1836455060401931,-24.076393111510697,22.89274760340777,1.5374694727792928,0.3538223009381909,0.3538239646763657,1.6702397260814905e-06,69.33357147997594,14248.67578630065,28427.98598112475,69.36559147654671,0.0
tau4_r35_o37_h05,service,paired_increment,L-F,65.64013818264357,65.64893813475851,-8.96397978067398e-09,0.0,0.6017899949220009,0.6017899972976011,0.0,-0.6105886565271987,-0.008799952105619013,-0.00879865922959766,1.2839154805988073e-06,65.64013818264357,10678.474776108615,21291.376347364218,65.57320485300873,0.0
tau4_r35_o37_h05,service,paired_increment,S-F,134.9737096626195,134.628687313789,-2.459273673593998e-09,-22.892747605142794,-0.5818555111181922,-23.474603114213096,22.89274760340777,0.9268808162520941,0.3450223488325719,0.345025305446768,2.954155206680298e-06,134.9737096626195,3635.8057939244145,7136.672791519275,134.9387963295557,0.0
tau4_r35_o37_h05,recovery,absolute_branch,F,327251.3854203205,2249.946437846722,324999.9999959909,0.0,325001.44015172514,1.440151050381246,0.0,0.0003266295503578931,325001.4389824738,1.440477679931604,0.0014911970356479287,,,,,
tau4_r35_o37_h05,recovery,absolute_branch,L,327251.34872203355,2249.9459332118868,324999.9999961349,0.0,325001.40399620385,1.4039955287407793,0.0,0.00028851726955281265,325001.40278882167,1.404284046010332,0.0014913592603988945,,,,,
tau4_r35_o37_h05,recovery,absolute_branch,S,327251.10685476277,2249.942593355253,324999.999996026,22.89258122768873,325001.16998436156,24.062564898991695,-22.89258122521278,-0.004226907248551015,325001.1642614075,1.1657567665303645,0.0014913849881850183,,,,,
tau4_r35_o37_h05,recovery,paired_increment,S-L,-0.2418672707863152,-0.0033398566338291857,-1.0890653356909752e-07,22.89258122768873,-0.23401184228714556,22.658569370250916,-22.89258122521278,-0.004515424518103828,-0.238527414156124,-0.23852727947996755,2.5727786123752594e-08,0.2418672707863152,0.0434942992534372,0.32897286934568026,-0.24198427083880586,24.390614809459294
tau4_r35_o37_h05,recovery,paired_increment,L-F,-0.03669828694546595,-0.0005046348351243068,1.4400575309991837e-07,0.0,-0.036155521287582815,-0.03615552164046676,0.0,-3.8112280805080445e-05,-0.03619365213671699,-0.03619363392127184,1.6222475096583366e-07,0.03669828694546595,0.005047194667585585,0.04679247940216451,-0.036698090066993344,3.6980328971076233
tau4_r35_o37_h05,recovery,paired_increment,S-F,-0.27856555773178115,-0.0038444914689534926,3.5099219530820847e-08,22.89258122768873,-0.27016736357472837,22.62241384861045,-22.89258122521278,-0.004553536798908908,-0.274721066292841,-0.2747209134012394,1.8795253708958626e-07,0.27856555773178115,0.047996418824919965,0.37467519855563913,-0.2786823609057992,28.087364058308594
tau4_r35_o37_h05,post_deadline,absolute_branch,F,130899.96989215154,899.9705382806765,130000.00000015093,0.0,130000.00000059872,2.9264992917887866e-07,0.0,-4.7405214331774914e-07,129999.99935387087,-1.8140221413887048e-07,0.0006460986624006182,,,,,
tau4_r35_o37_h05,post_deadline,absolute_branch,L,130899.96989203594,899.9705382790685,130000.0000001599,0.0,130000.00000047468,1.7729325918480754e-07,0.0,-4.7402249947481323e-07,129999.99935375687,-2.967292402900057e-07,0.0006461063021561131,,,,,
tau4_r35_o37_h05,post_deadline,absolute_branch,S,130899.96988449676,899.9705381756071,130000.00000036159,0.00016430704956951991,129999.9999930425,0.00015703601457062177,-0.00016430821415269747,-4.6073293447079777e-07,129999.99934632116,-7.732932516546498e-06,0.0006463074969360605,,,,,
tau4_r35_o37_h05,post_deadline,paired_increment,S-L,-7.5391726568341255e-06,-1.03461388789583e-07,2.0168954506516457e-07,0.00016430704956951991,-7.4321869760751724e-06,0.00015685872131143697,-0.00016430821415269747,1.3289565004015458e-08,-7.435708539560437e-06,-7.436203276256492e-06,2.011947799474001e-07,7.5391726568341255e-06,0.0,7.5361923384480575e-06,-7.5361923384480575e-06,0.00026253950454702135
tau4_r35_o37_h05,post_deadline,paired_increment,L-F,-1.1560041457414627e-07,-1.6079866327345371e-09,8.96397978067398e-09,0.0,-1.2404052540659904e-07,-1.1535666999407113e-07,0.0,2.964384293591138e-11,-1.1399970389902592e-07,-1.1532702615113521e-07,7.639755494892597e-09,1.1560041457414627e-07,6.7441025748846926e-09,1.2965004972647916e-07,-1.1616184457670974e-07,2.4052582219269425e-05
tau4_r35_o37_h05,post_deadline,paired_increment,S-F,-7.654773071408272e-06,-1.0506937542231753e-07,2.1065352484583855e-07,0.00016430704956951991,-7.5562275014817715e-06,0.0001567433646414429,-0.00016430821415269747,1.331920884695137e-08,-7.549708243459463e-06,-7.5515303024076275e-06,2.088345354422927e-07,7.654773071408272e-06,0.0,7.652354183024769e-06,-7.652354183024769e-06,0.0002865920867662908
tau4_r35_o37_h05,declared_onset_total,absolute_branch,F,589049.8646457103,4049.867432373645,584999.9999964244,0.0,585000.0000055077,4.252819053363055e-06,0.0,-4.558811582455746e-06,584999.9972133366,-3.0599252909269126e-07,0.0027827818412333727,,,,,
tau4_r35_o37_h05,declared_onset_total,absolute_branch,L,589115.4680854904,4115.51586587196,584999.9999965684,0.0,585000.5656398573,0.5656386131195177,0.0,-0.6106313275899424,584999.9522196185,-0.044992714470424744,0.0027842355193570256,,,,,
tau4_r35_o37_h05,declared_onset_total,absolute_branch,S,589184.5597821604,4184.492275090895,584999.9999966677,-2.0704044943033396e-06,584999.1479750768,-0.8520282694189518,2.069980837404728e-06,0.9223227339608115,585000.0675070696,0.07029653452269713,0.002786132739856839,,,,,
tau4_r35_o37_h05,declared_onset_total,paired_increment,S-L,69.09169667004608,68.97640921893526,9.93022695183754e-08,-2.0704044943033396e-06,-1.4176647805143148,-1.4176668825384695,2.069980837404728e-06,1.532954061550754,0.11528745107352734,0.11528924899312187,1.8972204998135567e-06,69.09169667004608,14248.719280599904,28428.314961530286,69.12359966951556,24.390614809459294
tau4_r35_o37_h05,declared_onset_total,paired_increment,L-F,65.60343978006858,65.64843349831517,1.4400575309991837e-07,0.0,0.5656343495938927,0.5656343603004643,0.0,-0.61062676877836,-0.04499371815472841,-0.04499240847789565,1.453678123652935e-06,65.60343978006858,10678.479823310026,21291.42313997327,65.53650664677988,3.6980328971076233
tau4_r35_o37_h05,declared_onset_total,paired_increment,S-F,134.69513645011466,134.62484271725043,2.4330802261829376e-07,-2.0704044943033396e-06,-0.8520304309204221,-0.8520325222380052,2.069980837404728e-06,0.922327292772394,0.07029373291879892,0.07029684051522622,3.3508986234664917e-06,134.69513645011466,3635.85379034324,7137.047474370183,134.66010631629575,28.087364058308594
tau4_r35_o37_h05,checkpoint_total,absolute_branch,F,589074.1008817292,4050.034177973019,585024.0499964243,0.0,585028.493529988,4.443528733136191,0.0,-4.424038617609682,585024.0667037561,0.01949011552650859,0.0027827838202938437,,,,,
tau4_r35_o37_h05,checkpoint_total,absolute_branch,L,589139.7499413434,4115.683238877181,585024.0499965684,0.0,585028.4935299954,4.443528751315171,0.0,-4.424038617704809,585024.0667024662,0.019490133610361227,0.0027842357521876693,,,,,
tau4_r35_o37_h05,checkpoint_total,absolute_branch,S,589208.7247437082,4184.658042873212,585024.0499966677,-2.0704044943033396e-06,585028.4935301988,4.443526852683135,2.069980837404728e-06,-4.424038618929643,585024.0667008349,0.019490303734329473,0.0027861364651471376,,,,,
tau4_r35_o37_h05,checkpoint_total,paired_increment,S-L,68.97480236471165,68.97480399603137,9.93022695183754e-08,-2.0704044943033396e-06,2.0337756723165512e-07,-1.8986320355907083e-06,2.069980837404728e-06,-1.2248335679032607e-09,-1.6313279047608376e-06,1.7012396824611642e-07,1.9007129594683647e-06,68.97480236471165,14248.719280599904,28428.46375884877,68.97480235102955,24.390614809459294
tau4_r35_o37_h05,checkpoint_total,paired_increment,L-F,65.64905961428303,65.64906090416207,1.4400575309991837e-07,0.0,7.450580596923828e-09,1.817898009903729e-08,0.0,-9.512746146356221e-11,-1.2898817658424377e-06,1.8083852637573727e-08,1.451931893825531e-06,65.64905961428303,10678.592376290439,21291.535692953683,65.64905962719378,3.6980328971076233
tau4_r35_o37_h05,checkpoint_total,paired_increment,S-F,134.62386197899468,134.62386490019344,2.4330802261829376e-07,-2.0704044943033396e-06,2.1082814782857895e-07,-1.880453055491671e-06,2.069980837404728e-06,-1.319961029366823e-09,-2.9212096706032753e-06,1.8820782088369015e-07,3.3526448532938957e-06,134.62386197899468,3635.85379034324,7137.083718708256,134.6238619782236,28.087364058308594
tau4_r35_o73_h1,pre_onset,absolute_branch,F,47.87182555723889,0.32974629749533213,47.449999999993345,0.0,45.8800228410811,-1.569977158884285,0.0,1.66205752690405,47.54207925974356,0.09208036801976505,1.1082695507980134e-06,,,,,
tau4_r35_o73_h1,pre_onset,absolute_branch,L,47.87182555723889,0.32974629749533213,47.449999999993345,0.0,45.8800228410811,-1.569977158884285,0.0,1.66205752690405,47.54207925974356,0.09208036801976505,1.1082695507980134e-06,,,,,
tau4_r35_o73_h1,pre_onset,absolute_branch,S,47.87182555723889,0.32974629749533213,47.449999999993345,0.0,45.8800228410811,-1.569977158884285,0.0,1.66205752690405,47.54207925974356,0.09208036801976505,1.1082695507980134e-06,,,,,
tau4_r35_o73_h1,pre_onset,paired_increment,S-L,0.0,0.0,0.0,0.0,0.0,0.0,0.0,0.0,0.0,0.0,0.0,0.0,0.0,0.0,0.0,0.0
tau4_r35_o73_h1,pre_onset,paired_increment,L-F,0.0,0.0,0.0,0.0,0.0,0.0,0.0,0.0,0.0,0.0,0.0,0.0,3.846448578405585e-08,3.846448578405585e-08,3.846448578405585e-08,0.0
tau4_r35_o73_h1,pre_onset,paired_increment,S-F,0.0,0.0,0.0,0.0,0.0,0.0,0.0,0.0,0.0,0.0,0.0,0.0,3.846448578405585e-08,3.846448578405585e-08,3.846448578405585e-08,0.0
tau4_r35_o73_h1,service,absolute_branch,F,130898.50720045282,899.9502582538792,130000.00000027429,0.0,129998.56018503071,-1.43981524663468,0.0,-0.0007014494296129214,129998.55694219893,-1.440516696064293,0.002541379290050827,,,,,
tau4_r35_o73_h1,service,absolute_branch,L,130964.20937878247,965.6440821736527,130000.00000028394,0.0,129998.56860177281,-1.4313985017652158,0.0,-0.0007561772032147474,129998.56529660882,-1.4321546789684305,0.00254899614083115,,,,,
tau4_r35_o73_h1,service,absolute_branch,S,131033.40486571252,1034.6683901119368,130000.00000026872,-22.892763104272166,129998.74191762738,-24.15084575302535,22.89276310455898,-0.002888235171440101,129998.73647560058,-1.2609708836378104,0.00255378449219279,,,,,
tau4_r35_o73_h1,service,paired_increment,S-L,69.19548693005345,69.0243079382841,-1.5221303328871727e-08,-22.892763104272166,0.17331585456850007,-22.719447251260135,22.89276310455898,-0.0021320579682253538,0.17117899176082574,0.17118379533062011,4.788351361639798e-06,69.19548693005345,14249.919064059057,28430.64244111038,69.19568700773442,0.0
tau4_r35_o73_h1,service,paired_increment,L-F,65.70217832965136,65.69382391977354,9.647919796407223e-09,0.0,0.008416742100962438,0.00841674486946431,0.0,-5.47277736018259e-05,0.008354409888852388,0.008362017095862484,7.616850780323148e-06,65.70217832965136,10680.002465906986,21294.302753603297,65.70217821067001,0.0
tau4_r35_o73_h1,service,paired_increment,S-F,134.8976652597048,134.71813185805763,-5.573383532464504e-09,-22.892763104272166,0.1817325966694625,-22.71103050639067,22.89276310455898,-0.0021867857418271797,0.17953340164967813,0.1795458124264826,1.2405202141962945e-05,134.8976652597048,3635.9482264133276,7136.998587608252,134.89786521840352,0.0
tau4_r35_o73_h1,recovery,absolute_branch,F,327251.3807830315,2249.9459946955803,325000.0000035076,0.0,325001.43982837663,1.4398277175496332,0.0,0.0006878600183597428,325001.43478833593,1.440515577567993,0.0057307492243126035,,,,,
tau4_r35_o73_h1,recovery,absolute_branch,L,327251.3723053989,2249.945878048984,325000.0000034408,0.0,325001.4314126533,1.4314119989576284,0.0,0.0007425811236316804,325001.4264273499,1.43215458008126,0.005730670935008675,,,,,
tau4_r35_o73_h1,recovery,absolute_branch,S,327251.19872711983,2249.943477051944,325000.00000335666,22.892597070123596,325001.25810390664,24.150700279184093,-22.89259706935991,0.002874578909597858,325001.2552500679,1.2609777887337827,0.0057310774573124945,,,,,
tau4_r35_o73_h1,recovery,paired_increment,S-L,-0.1735782790929079,-0.002400997040240327,-8.41100700199604e-08,22.892597070123596,-0.17330874665640295,22.719288280226465,-22.89259706935991,0.0021319977859661776,-0.1711772819980979,-0.17117679134747732,4.0652230381965637e-07,0.1735782790929079,0.03270910257233772,0.23919656446378798,-0.17377835931911254,17.53784959589032
tau4_r35_o73_h1,recovery,paired_increment,L-F,-0.008477632596623152,-0.00011664659632515395,-6.682239472866058e-08,0.0,-0.008415723335929215,-0.00841571859200485,0.0,5.472110527193763e-05,-0.008360986015759408,-0.008360997486732913,-7.828930392861366e-08,0.008477632596623152,0.001893743287806865,0.012265049625773263,-0.008477563050159533,0.8542438535114059
tau4_r35_o73_h1,recovery,paired_increment,S-F,-0.18205591168953106,-0.002517643636565481,-1.50932464748621e-07,22.892597070123596,-0.18172446999233216,22.71087256163446,-22.89259706935991,0.0021867188912381152,-0.1795382680138573,-0.17953778883421023,3.282329998910427e-07,0.18205591168953106,0.034602800523093905,0.2514615234154599,-0.18225592236927213,18.392093449401727
tau4_r35_o73_h1,post_deadline,absolute_branch,F,130899.967797597,899.9703407050274,130000.00000025897,0.0,130000.00000271614,2.461616531945765e-06,0.0,-2.554544693111893e-06,129999.99745689197,-9.292816116612812e-08,0.002543274065828882,,,,,
tau4_r35_o73_h1,post_deadline,absolute_branch,L,130899.96779658028,899.9703406912372,130000.00000030693,0.0,130000.00000172749,1.4726574590895325e-06,0.0,-2.5485547610060166e-06,129999.99745588905,-1.0758973019164841e-06,0.002543341979617253,,,,,
tau4_r35_o73_h1,post_deadline,absolute_branch,S,130899.96778962255,899.9703405958958,130000.00000030792,0.0001639759027682628,129999.99999483861,0.0001585500212968327,-0.0001639745314605534,-2.4898454000776837e-06,129999.99744902665,-7.914355563798381e-06,0.0025433669215999544,,,,,
tau4_r35_o73_h1,post_deadline,paired_increment,S-L,-6.9577363319695e-06,-9.53414200921543e-08,9.89530235528946e-10,0.0001639759027682628,-6.888876669108868e-06,0.00015707736383774318,-0.0001639745314605534,5.87093609283329e-08,-6.862406735308468e-06,-6.838458261881897e-06,2.4941982701420784e-08,6.9577363319695e-06,0.0,6.936424626503218e-06,-6.936424626503218e-06,0.0002624591416022781
tau4_r35_o73_h1,post_deadline,paired_increment,L-F,-1.0167132131755352e-06,-1.3790213415632024e-08,4.7963112592697144e-08,0.0,-9.88657120615244e-07,-9.889590728562325e-07,0.0,5.989932105876505e-09,-1.0029179975390434e-06,-9.82969140750356e-07,6.79137883707881e-08,1.0167132131755352e-06,1.2791831977668308e-09,9.990032844944031e-07,-9.964449180988695e-07,5.2580735172114146e-05
tau4_r35_o73_h1,post_deadline,paired_increment,S-F,-7.974449545145035e-06,-1.0913163350778632e-07,4.895264282822609e-08,0.0001639759027682628,-7.877533789724112e-06,0.00015608840476488695,-0.0001639745314605534,6.46992930342094e-08,-7.865324732847512e-06,-7.821427402632253e-06,9.285577107220888e-08,7.974449545145035e-06,0.0,7.932869544602087e-06,-7.932869544602087e-06,0.00031503987677439227
tau4_r35_o73_h1,declared_onset_total,absolute_branch,F,589049.8557810814,4049.866593654487,585000.0000040409,0.0,585000.0000161235,1.4932531485101208e-05,0.0,-1.614395594629059e-05,584999.9891874269,-1.211424461189381e-06,0.010815402609296143,,,,,
tau4_r35_o73_h1,declared_onset_total,absolute_branch,L,589115.5494807618,4115.560300913874,585000.0000040317,0.0,585000.0000161537,1.4969849871704355e-05,0.0,-1.6144634344072983e-05,584999.9891798479,-1.1747844723686285e-06,0.010823009070008993,,,,,
tau4_r35_o73_h1,declared_onset_total,absolute_branch,S,589184.571382455,4184.582207759777,585000.0000039333,-2.0582458014065013e-06,585000.0000163727,1.307618003920652e-05,2.060667611658573e-06,-1.6146107242320795e-05,584999.9891746952,-1.0092595914557023e-06,0.01082822890020907,,,,,
tau4_r35_o73_h1,declared_onset_total,paired_increment,S-L,69.0219016931951,69.02190684590278,-9.837094694375992e-08,-2.0582458014065013e-06,2.1897722035646439e-07,-1.8936698324978352e-06,2.060667611658573e-06,-1.4728982478118269e-09,-5.152658559381962e-06,1.6552488091292616e-07,5.219830200076103e-06,69.0219016931951,14249.951773161629,28430.881644611265,69.02190171199067,17.53784959589032
tau4_r35_o73_h1,declared_onset_total,paired_increment,L-F,65.69369968038518,65.69370725938688,-9.19681042432785e-09,0.0,3.015156835317612e-08,3.731838660314679e-08,0.0,-6.783977823943133e-10,-7.578986696898937e-06,3.663998882075248e-08,7.606460712850094e-06,65.69369968038518,10680.004359651552,21294.31501965192,65.69369965117495,0.8542438535114059
tau4_r35_o73_h1,declared_onset_total,paired_increment,S-F,134.71560137358028,134.71561410528966,-1.0756775736808777e-07,-2.0582458014065013e-06,2.491287887096405e-07,-1.8563514458946884e-06,2.060667611658573e-06,-2.15129603020614e-09,-1.2731645256280899e-05,2.0216486973367864e-07,1.2826290912926197e-05,134.71560137358028,3635.9828292138504,7137.250057064536,134.71560136316464,18.392093449401727
tau4_r35_o73_h1,checkpoint_total,absolute_branch,F,589097.7276066386,4050.1963399519823,585047.4500040408,0.0,585045.8800389646,-1.5699622263528,0.0,1.6620413829481038,585047.5312666866,0.09207915659530386,0.010816510766744614,,,,,
tau4_r35_o73_h1,checkpoint_total,absolute_branch,L,589163.421306319,4115.890047211369,585047.4500040316,0.0,585045.8800389947,-1.5699621890344133,0.0,1.662041382269706,585047.5312591076,0.09207919323529268,0.010824117227457464,,,,,
tau4_r35_o73_h1,checkpoint_total,absolute_branch,S,589232.4432080121,4184.911954057272,585047.4500039333,-2.0582458014065013e-06,585045.8800392137,-1.5699640827042458,2.060667611658573e-06,1.6620413807968077,585047.5312539549,0.09207935876017359,0.010829337174072862,,,,,
tau4_r35_o73_h1,checkpoint_total,paired_increment,S-L,69.0219016931951,69.02190684590278,-9.837094694375992e-08,-2.0582458014065013e-06,2.1897722035646439e-07,-1.8936698324978352e-06,2.060667611658573e-06,-1.4728982478118269e-09,-5.152774974703789e-06,1.6552488091292616e-07,5.21994661539793e-06,69.0219016931951,14249.951773161629,28430.881644611265,69.02190171199067,17.53784959589032
tau4_r35_o73_h1,checkpoint_total,paired_increment,L-F,65.69369968038518,65.69370725938688,-9.19681042432785e-09,0.0,3.015156835317612e-08,3.731838660314679e-08,0.0,-6.783977823943133e-10,-7.578986696898937e-06,3.663998882075248e-08,7.606460712850094e-06,65.69369968038518,10680.004359690016,21294.315019690384,65.69369968963947,0.8542438535114059
tau4_r35_o73_h1,checkpoint_total,paired_increment,S-F,134.71560137358028,134.71561410528966,-1.0756775736808777e-07,-2.0582458014065013e-06,2.491287887096405e-07,-1.8563514458946884e-06,2.060667611658573e-06,-2.15129603020614e-09,-1.2731761671602726e-05,2.0216486973367864e-07,1.2826407328248024e-05,134.71560137358028,3635.9828292523152,7137.2500571030005,134.71560140162916,18.392093449401727
tau4_r35_o73_h05,pre_onset,absolute_branch,F,47.87182634069264,0.3297463671796226,47.44999999999332,0.0,45.880022686705445,-1.5699773133273993,0.0,1.6620575633670853,47.54207997351302,0.092080250039686,2.765199837995169e-07,,,,,
tau4_r35_o73_h05,pre_onset,absolute_branch,L,47.87182634069264,0.3297463671796226,47.44999999999332,0.0,45.880022686705445,-1.5699773133273993,0.0,1.6620575633670853,47.54207997351302,0.092080250039686,2.765199837995169e-07,,,,,
tau4_r35_o73_h05,pre_onset,absolute_branch,S,47.87182634069264,0.3297463671796226,47.44999999999332,0.0,45.880022686705445,-1.5699773133273993,0.0,1.6620575633670853,47.54207997351302,0.092080250039686,2.765199837995169e-07,,,,,
tau4_r35_o73_h05,pre_onset,paired_increment,S-L,0.0,0.0,0.0,0.0,0.0,0.0,0.0,0.0,0.0,0.0,0.0,0.0,0.0,0.0,0.0,0.0
tau4_r35_o73_h05,pre_onset,paired_increment,L-F,0.0,0.0,0.0,0.0,0.0,0.0,0.0,0.0,0.0,0.0,0.0,0.0,3.861406468785757e-08,3.861406468785757e-08,3.861406468785757e-08,0.0
tau4_r35_o73_h05,pre_onset,paired_increment,S-F,0.0,0.0,0.0,0.0,0.0,0.0,0.0,0.0,0.0,0.0,0.0,0.0,3.861406468785757e-08,3.861406468785757e-08,3.861406468785757e-08,0.0
tau4_r35_o73_h05,service,absolute_branch,F,130898.50927010972,899.9504553659365,130000.00000029174,0.0,129998.56016211378,-1.439838163609238,0.0,-0.0007014673967660201,129998.55881474378,-1.4405396310060041,0.0006459169526351616,,,,,
tau4_r35_o73_h05,service,absolute_branch,L,130964.21145215245,965.6442793307089,130000.00000028519,0.0,129998.56857559654,-1.4314246757639921,0.0,-0.0007561946596297275,129998.56717282174,-1.4321808704236219,0.0006465930200647563,,,,,
tau4_r35_o73_h05,service,absolute_branch,S,131033.40696361092,1034.66860740958,130000.00000027503,-22.892747272426508,129998.74189295452,-24.15085459247348,22.892747272264387,-0.002888268480575107,129998.73835620134,-1.260995588689667,0.0006484850018750876,,,,,
tau4_r35_o73_h05,service,paired_increment,S-L,69.19551145847072,69.02432807887124,-1.0157236829400063e-08,-22.892747272426508,0.17331735798506998,-22.719429916709487,22.892747272264387,-0.0021320738209453793,0.17118337959982455,0.17118528173395475,1.8919818103313446e-06,69.19551145847072,14249.919088000788,28430.64246446616,69.1957115354204,0.0
tau4_r35_o73_h05,service,paired_increment,L-F,65.7021820427326,65.69382396477238,-6.548361852765083e-09,0.0,0.008413482762989588,0.008413487845245982,0.0,-5.472726286370744e-05,0.008358077961020172,0.008358760582382274,6.760674295946956e-07,65.7021820427326,10680.002486198178,21294.30279047483,65.70218192152784,0.0
tau4_r35_o73_h05,service,paired_increment,S-F,134.89769350120332,134.7181520436436,-1.6705598682165146e-08,-22.892747272426508,0.18173084074805956,-22.71101642886424,22.892747272264387,-0.0021868010838090868,0.17954145756084472,0.17954404231633703,2.56804923992604e-06,134.89769350120332,3635.948235024747,7136.998576592547,134.8978934569485,0.0
tau4_r35_o73_h05,recovery,absolute_branch,F,327251.3854819675,2249.946438698901,324999.99999599886,0.0,325001.43985332875,1.4398526540971943,0.0,0.0006858139543908237,325001.43904326856,1.4405384680515851,0.0014911983744241297,,,,,
tau4_r35_o73_h05,recovery,absolute_branch,L,327251.37700762687,2249.94632209755,324999.9999961406,0.0,325001.4314408709,1.4314401920164528,0.0,0.0007405347271003393,325001.4306855293,1.4321807267435531,0.0014913380146026611,,,,,
tau4_r35_o73_h05,recovery,absolute_branch,S,327251.203428195,2249.9439211005993,324999.9999959838,22.892581236800595,325001.25813058025,24.150711136819154,-22.892581237603736,0.0028725481099911576,325001.2595070944,1.26100244732541,0.001491336734034121,,,,,
tau4_r35_o73_h05,recovery,paired_increment,S-L,-0.1735794318956323,-0.0024009969506550988,-1.568114385008812e-07,22.892581236800595,-0.17331029067281634,22.7192709448027,-22.892581237603736,0.0021320133828908183,-0.1711784349172376,-0.17117827941814312,-1.280568540096283e-09,0.1735794318956323,0.03270950385085307,0.23919851460209346,-0.17377950690038732,17.53800039513044
tau4_r35_o73_h05,recovery,paired_increment,L-F,-0.00847434060415253,-0.0001166013512374775,1.4173565432429314e-07,0.0,-0.008412457827944309,-0.008412462080741534,0.0,5.4720772709515586e-05,-0.008357739250641316,-0.008357741308032018,1.396401785314083e-07,0.00847434060415253,0.0018933038594317623,0.012260870433503459,-0.008474262714639934,0.8539116624979215
tau4_r35_o73_h05,recovery,paired_increment,S-F,-0.18205377249978483,-0.0025175983018925763,-1.507578417658806e-08,22.892581236800595,-0.18172274850076064,22.71085848272196,-22.892581237603736,0.002186734155600334,-0.17953617416787893,-0.17953602072617514,1.3835960999131203e-07,0.18205377249978483,0.03460276327973698,0.25145929617450113,-0.18225376961502726,18.39191205762836
tau4_r35_o73_h05,post_deadline,absolute_branch,F,130899.96989217278,899.9705382809675,130000.00000016217,0.0,130000.00000062416,3.234636096749455e-07,0.0,-4.897183600860444e-07,129999.99935389182,-1.6625475041109894e-07,0.0006461040902649984,,,,,
tau4_r35_o73_h05,post_deadline,absolute_branch,L,130899.96989116928,899.9705382670768,130000.00000011537,0.0,129999.99999962334,-6.697082426398993e-07,0.0,-4.830351940654509e-07,129999.9993529022,-1.1527434367053502e-06,0.000646060419967398,,,,,
tau4_r35_o73_h05,post_deadline,absolute_branch,S,130899.9698842417,899.970538172231,130000.0000003475,0.00016396840162258416,129999.99999276135,0.0001564130579936318,-0.00016396899445680901,-4.248825575814408e-07,129999.99934606947,-7.980819020758645e-06,0.000646297208731994,,,,,
tau4_r35_o73_h05,post_deadline,paired_increment,S-L,-6.9275847636163235e-06,-9.484574547968805e-08,2.3213215172290802e-07,0.00016396840162258416,-6.861984729766846e-06,0.0001570827662362717,-0.00016396899445680901,5.8152636484010145e-08,-6.832735380157828e-06,-6.828075584053295e-06,2.367887645959854e-07,6.9275847636163235e-06,0.0,6.920148791279717e-06,-6.920148791279717e-06,0.0002623712263556399
tau4_r35_o73_h05,post_deadline,paired_increment,L-F,-1.003500074148178e-06,-1.3890712580177933e-08,-4.6798959374427795e-08,0.0,-1.0008225217461586e-06,-9.931718523148447e-07,0.0,6.6831660205934895e-09,-9.896175470203161e-07,-9.864886862942512e-07,-4.367029760032892e-08,1.003500074148178e-06,7.702111033721554e-10,1.002870029886262e-06,-1.0013296076795176e-06,5.256332780589901e-05
tau4_r35_o73_h05,post_deadline,paired_increment,S-F,-7.931084837764502e-06,-1.0873645805986598e-07,1.8533319234848022e-07,0.00016396840162258416,-7.862807251513004e-06,0.00015608959438395686,-0.00016396899445680901,6.483580250460363e-08,-7.822352927178144e-06,-7.814564270347546e-06,1.931184669956565e-07,7.931084837764502e-06,0.0,7.921478398959234e-06,-7.921478398959234e-06,0.0003149345541615389
tau4_r35_o73_h05,declared_onset_total,absolute_branch,F,589049.86464425,4049.867432345805,584999.9999964528,0.0,585000.0000160667,1.4813951565884054e-05,0.0,-1.6143160735282436e-05,584999.9972119043,-1.329209169398382e-06,0.0027832193300127983,,,,,
tau4_r35_o73_h05,declared_onset_total,absolute_branch,L,589115.5583509486,4115.561139695335,584999.9999965412,0.0,585000.0000160908,1.4846544218016788e-05,0.0,-1.6142967723453694e-05,584999.9972112533,-1.2964235054369055e-06,0.0027839915128424764,,,,,
tau4_r35_o73_h05,declared_onset_total,absolute_branch,S,589184.5802760476,4184.58306668241,584999.9999966064,-2.0672242910362386e-06,585000.0000162962,1.2957403669133782e-05,2.065666194539517e-06,-1.6145253141530702e-05,584999.9972093651,-1.1221832778574026e-06,0.0027861191192641854,,,,,
tau4_r35_o73_h05,declared_onset_total,paired_increment,S-L,69.02192509896122,69.02192698707495,6.51925802230835e-08,-2.0672242910362386e-06,2.05356627702713e-07,-1.889140548883006e-06,2.065666194539517e-06,-2.2854180770082166e-09,-1.8881401047110558e-06,1.7424022757950297e-07,2.1276064217090607e-06,69.02192509896122,14249.951797504638,28430.881669900915,69.02192510837118,17.53800039513044
tau4_r35_o73_h05,declared_onset_total,paired_increment,L-F,65.69370669859927,65.69370734953054,8.835922926664352e-08,0.0,2.4097971618175507e-08,3.2592652132734656e-08,0.0,1.9301182874187361e-10,-6.509944796562195e-07,3.278566396147653e-08,7.721828296780586e-07,65.69370669859927,10680.004379502809,21294.315052348127,65.69370665748359,0.8539116624979215
tau4_r35_o73_h05,declared_onset_total,paired_increment,S-F,134.7156317975605,134.7156343366055,1.5355180948972702e-07,-2.0672242910362386e-06,2.2945459932088852e-07,-1.8565478967502713e-06,2.065666194539517e-06,-2.092406248266343e-09,-2.5391345843672752e-06,2.070258915409795e-07,2.8997892513871193e-06,134.7156317975605,3635.9828377880276,7137.250043810199,134.71563176585508,18.39191205762836
tau4_r35_o73_h05,checkpoint_total,absolute_branch,F,589097.7364705907,4050.1971787129846,585047.4499964528,0.0,585045.8800387534,-1.5699624993758334,0.0,1.66204142020635,585047.5392918778,0.09207892083051661,0.0027834958164021373,,,,,
tau4_r35_o73_h05,checkpoint_total,absolute_branch,L,589163.4301772893,4115.890886062515,585047.4499965411,0.0,585045.8800387775,-1.5699624667831813,0.0,1.6620414203993619,585047.5392912268,0.09207895361618057,0.0027842679992318153,,,,,
tau4_r35_o73_h05,checkpoint_total,absolute_branch,S,589232.4521023883,4184.91281304959,585047.4499966063,-2.0672242910362386e-06,585045.8800389828,-1.5699643559237302,2.065666194539517e-06,1.6620414181139438,585047.5392893386,0.09207912785640815,0.0027863956056535244,,,,,
tau4_r35_o73_h05,checkpoint_total,paired_increment,S-L,69.02192509896122,69.02192698707495,6.51925802230835e-08,-2.0672242910362386e-06,2.05356627702713e-07,-1.889140548883006e-06,2.065666194539517e-06,-2.2854180770082166e-09,-1.8881401047110558e-06,1.7424022757950297e-07,2.1276064217090607e-06,69.02192509896122,14249.951797504638,28430.881669900915,69.02192510837118,17.53800039513044
tau4_r35_o73_h05,checkpoint_total,paired_increment,L-F,65.69370669859927,65.69370734953054,8.835922926664352e-08,0.0,2.4097971618175507e-08,3.2592652132734656e-08,0.0,1.9301182874187361e-10,-6.509944796562195e-07,3.278566396147653e-08,7.721828296780586e-07,65.69370669859927,10680.004379541422,21294.31505238674,65.6937066960976,0.8539116624979215
tau4_r35_o73_h05,checkpoint_total,paired_increment,S-F,134.7156317975605,134.7156343366055,1.5355180948972702e-07,-2.0672242910362386e-06,2.2945459932088852e-07,-1.8565478967502713e-06,2.065666194539517e-06,-2.092406248266343e-09,-2.5391345843672752e-06,2.070258915409795e-07,2.8997892513871193e-06,134.7156317975605,3635.9828378266416,7137.250043848813,134.71563180446915,18.39191205762836
tau6_r25_o37_h1,pre_onset,absolute_branch,F,24.236235771245212,0.16674557827613207,24.049999999897775,0.0,28.493524173486694,4.443524173602782,0.0,-4.424033967399822,24.06949019296908,0.019490206202959826,1.3131653986420133e-08,,,,,
tau6_r25_o37_h1,pre_onset,absolute_branch,L,24.28185561244041,0.16737298146756494,24.049999999897768,0.0,27.92788983216731,3.877889832256187,0.0,-3.813407202045198,24.114482630972844,0.0644826302109891,-8.64087468244179e-10,,,,,
tau6_r25_o37_h1,pre_onset,absolute_branch,S,24.164961296381108,0.165767762492662,24.04999999989778,0.0,29.345554847758695,5.295554847874882,0.0,-5.346361293992743,23.999193533888445,-0.05080644611786056,1.9891473357347422e-08,,,,,
tau6_r25_o37_h1,pre_onset,paired_increment,S-L,-0.11689431605930167,-0.0016052189749029278,1.0658141036401503e-14,0.0,1.4176650155913855,1.4176650156186952,0.0,-1.5329540919475448,-0.11528909708439983,-0.11528907632884966,2.07555608255916e-08,0.11689431605930167,0.0,0.1487974204737283,-0.1487974204737283,0.0
tau6_r25_o37_h1,pre_onset,paired_increment,L-F,0.04561984119519735,0.0006274031914328682,-7.105427357601002e-15,0.0,-0.5656343413193845,-0.5656343413465947,0.0,0.610626765354624,0.044992438003763624,0.044992424008029275,-1.3995741454664312e-08,0.04561984119519735,0.11255298836875813,0.11255298836875813,0.11255298836875813,0.0
tau6_r25_o37_h1,pre_onset,paired_increment,S-F,-0.07127447486410432,-0.0009778157834700596,3.552713678800501e-15,0.0,0.852030674272001,0.8520306742721004,0.0,-0.9223273265929208,-0.0702966590806362,-0.07029665232082039,6.759819370927289e-09,0.07127447486410432,0.0,0.03624443210497016,-0.03624443210497016,0.0
tau6_r25_o37_h1,service,absolute_branch,F,130898.50726381496,899.9502591178938,130000.00000027347,0.0,129998.55987615706,-1.4401241207015119,0.0,-0.0003307024587968499,129998.55700469707,-1.4404548231603087,0.0025407532521057874,,,,,
tau6_r25_o37_h1,service,absolute_branch,L,130964.14739785566,965.5991971911245,130000.00000027387,0.0,129999.16167037378,-0.8383299008455651,0.0,-0.6109193562889175,129998.54820066453,-1.4492492571344826,0.002550352204707451,,,,,
tau6_r25_o37_h1,service,absolute_branch,S,131033.50861815712,1034.5745306088118,130000.00000027154,-281.4535455316981,129997.94273721882,-283.5108085866086,281.4535455334044,0.993914517129781,129998.93408754832,-1.063348536074443,0.0025641871470725164,,,,,
tau6_r25_o37_h1,service,paired_increment,S-L,69.36122030146362,68.97533341768724,-2.3283064365386963e-09,-281.4535455316981,-1.2189331549598137,-282.67247868576305,281.4535455334044,1.6048338734186984,0.38588688378513325,0.3859007210600396,1.3834942365065217e-05,69.36122030146362,14248.670344468619,28427.94604424822,69.39464468902159,0.0
tau6_r25_o37_h1,service,paired_increment,L-F,65.64013404070283,65.64893807323074,3.92901711165905e-10,0.0,0.601794216723647,0.6017942198559467,0.0,-0.6105886538301206,-0.008804032535408624,-0.008794433974173899,9.598952601663768e-06,65.64013404070283,10678.474755995077,21291.376311273998,65.57320071615419,0.0
tau6_r25_o37_h1,service,paired_increment,S-F,135.00135434216645,134.62427149091798,-1.9354047253727913e-09,-281.4535455316981,-0.6171389382361667,-282.0706844659071,281.4535455334044,0.9942452195885778,0.3770828512497246,0.3771062870858657,2.3433894966728985e-05,135.00135434216645,3635.7994568586896,7136.631068312205,134.96784540517567,0.0
tau6_r25_o37_h1,recovery,absolute_branch,F,327251.38072141865,2249.9459938421605,325000.00000348006,0.0,325001.4401268631,1.4401262000683346,0.0,0.0003286207006567565,325001.4347275765,1.4404548207689913,0.0057307243114337325,,,,,
tau6_r25_o37_h1,recovery,absolute_branch,L,327251.34401889483,2249.9454891484365,325000.0000034444,0.0,325001.4039671094,1.4039664560295932,0.0,0.0002905093288916305,325001.3985297464,1.4042569653584849,0.005730663368012756,,,,,
tau6_r25_o37_h1,recovery,absolute_branch,S,327251.069152569,2249.9413022921553,325000.0000034097,281.4503945098959,325001.2051875327,282.65558137278276,-281.4503945107572,-0.07158816842010651,325001.1278502768,1.133598693605478,0.005751826451160014,,,,,
tau6_r25_o37_h1,recovery,paired_increment,S-L,-0.274866325838957,-0.004186856281194196,-3.4691765904426575e-08,281.4503945098959,-0.19877957669086754,281.25161491675317,-281.4503945107572,-0.07187867774899814,-0.2706794695695862,-0.27065827175300683,2.1163083147257566e-05,0.274866325838957,0.08225445660263264,0.4408965114687249,-0.27638759826345966,27.822118651245546
tau6_r25_o37_h1,recovery,paired_increment,L-F,-0.03670252382289618,-0.0005046937239967519,-3.568129613995552e-08,0.0,-0.036159753683023155,-0.03615974403874134,0.0,-3.811137176512602e-05,-0.03619783010799438,-0.03619785541050646,-6.094342097640038e-08,0.03670252382289618,0.005047814772088589,0.04679799835791037,-0.03670236881373318,3.698464158042043
tau6_r25_o37_h1,recovery,paired_increment,S-F,-0.31156884966185316,-0.0046915500051909476,-7.03730620443821e-08,281.4503945098959,-0.2349393303738907,281.2154551727144,-281.4503945107572,-0.07191678912076327,-0.3068772996775806,-0.3068561271635133,2.1102139726281166e-05,0.31156884966185316,0.08554861600729513,0.4841871990917831,-0.31308996707719283,31.52056619629002
tau6_r25_o37_h1,post_deadline,absolute_branch,F,130899.9677974935,899.9703407033944,130000.00000024139,0.0,130000.00000254676,2.293752913828939e-06,0.0,-2.478176185150005e-06,129999.99745679011,-1.8442327132106584e-07,0.002543266862630844,,,,,
tau6_r25_o37_h1,post_deadline,absolute_branch,L,130899.96779737069,899.9703407016987,130000.00000024971,0.0,130000.00000243238,2.177686837967485e-06,0.0,-2.478586850429565e-06,129999.99745666899,-3.0090001246207976e-07,0.0025432798138353974,,,,,
tau6_r25_o37_h1,post_deadline,absolute_branch,S,130899.96784289839,899.9703413233478,130000.00000023696,0.0031210332111779584,130000.0000484598,0.003169224703015061,-0.003121033951174468,-3.562306176263519e-06,129999.99750157504,4.4628445664329774e-05,0.002543290363973938,,,,,
tau6_r25_o37_h1,post_deadline,paired_increment,S-L,4.552770406007767e-05,6.216491783561651e-07,-1.2747477740049362e-08,0.0031210332111779584,4.6027416829019785e-05,0.0031670470161770936,-0.003121033951174468,-1.083719325833954e-06,4.4906046241521835e-05,4.4929345676791854e-05,1.0550138540565968e-08,4.552770406007767e-05,4.553394477569986e-05,4.553394477569986e-05,4.553394477569986e-05,0.002579040092044238
tau6_r25_o37_h1,post_deadline,paired_increment,L-F,-1.2281816452741623e-07,-1.6957528714556247e-09,8.32369551062584e-09,0.0,-1.1437805369496346e-07,-1.1606607586145401e-07,0.0,-4.106652795599075e-10,-1.211155904456973e-07,-1.1647674114101392e-07,1.2951204553246498e-08,1.2281816452741623e-07,5.181834567338178e-09,1.2916280841454965e-07,-1.1879913927987332e-07,2.4027104124968446e-05
tau6_r25_o37_h1,post_deadline,paired_increment,S-F,4.540488589555025e-05,6.199534254847094e-07,-4.423782229423523e-09,0.0031210332111779584,4.591303877532482e-05,0.003166930950101232,-0.003121033951174468,-1.0841299911135138e-06,4.478493065107614e-05,4.481286893565084e-05,2.3501343093812466e-08,4.540488589555025e-05,4.541514563641999e-05,4.541514563641999e-05,4.541514563641999e-05,0.0025550129879192696
tau6_r25_o37_h1,declared_onset_total,absolute_branch,F,589049.8557827271,4049.8665936634484,585000.0000039949,0.0,585000.0000055669,4.373119736555964e-06,0.0,-4.5599343252433755e-06,584999.9891890637,-1.8681458868741174e-07,0.010814744397066534,,,,,
tau6_r25_o37_h1,declared_onset_total,absolute_branch,L,589115.4592141212,4115.51502704126,585000.0000039679,0.0,585000.5656399155,0.5656387328708661,0.0,-0.6106313255468763,584999.9441870799,-0.04499259267601019,0.010824295342899859,,,,,
tau6_r25_o37_h1,declared_onset_total,absolute_branch,S,589184.5456136245,4184.486174224315,585000.0000039182,-2.9988591078966894e-05,584999.1479732114,-0.8520579891228408,2.998869604198262e-05,0.9223227864034982,585000.0594394002,0.07029478597669936,0.010859303991310298,,,,,
tau6_r25_o37_h1,declared_onset_total,paired_increment,S-L,69.08639950328507,68.97114718305511,-4.9709342420101166e-08,-2.9988591078966894e-05,-1.4176667041610926,-1.4176967219937069,2.998869604198262e-05,1.5329541119503745,0.1152523203054443,0.11528737865270955,3.500864841043949e-05,69.08639950328507,14248.75264445917,28428.386986293634,69.11830262470292,27.822118651245546
tau6_r25_o37_h1,declared_onset_total,paired_increment,L-F,65.60343139409088,65.64843337781122,-2.7008354663848877e-08,0.0,0.5656343486625701,0.5656343597511295,0.0,-0.610626765612551,-0.04500198375899345,-0.0449924058614215,9.550945833325386e-06,65.60343139409088,10678.479803815033,21291.423109401512,65.53649822854135,3.698464158042043
tau6_r25_o37_h1,declared_onset_total,paired_increment,S-F,134.68983089737594,134.61958056086632,-7.671769708395004e-08,-2.9988591078966894e-05,-0.8520323554985225,-0.8520623622425774,2.998869604198262e-05,0.9223273463378234,0.07025033654645085,0.07029497279128805,4.455959424376488e-05,134.68983089737594,3635.8850508898413,7137.115300926442,134.65480085324413,31.52056619629002
tau6_r25_o37_h1,checkpoint_total,absolute_branch,F,589074.0920184983,4050.0333392417247,585024.0500039948,0.0,585028.4935297404,4.4435285467225185,0.0,-4.424038527334147,585024.0586792566,0.019490019388371138,0.010814757668413222,,,,,
tau6_r25_o37_h1,checkpoint_total,absolute_branch,L,589139.7410697336,4115.682400022727,585024.0500039678,0.0,585028.4935297477,4.443528565127053,0.0,-4.424038527592074,585024.0586697109,0.01949003753497891,0.010824294527992606,,,,,
tau6_r25_o37_h1,checkpoint_total,absolute_branch,S,589208.7105749209,4184.651941986807,585024.0500039181,-2.9988591078966894e-05,585028.4935280591,4.443496858752042,2.998869604198262e-05,-4.424038507589245,585024.0586329341,0.0194883398588388,0.01085932389833033,,,,,
tau6_r25_o37_h1,checkpoint_total,paired_increment,S-L,68.96950518724043,68.96954196408024,-4.9709342420101166e-08,-2.9988591078966894e-05,-1.6886042430996895e-06,-3.170637501170859e-05,2.998869604198262e-05,2.0002829614895745e-08,-3.677676431834698e-05,-1.6976761401110707e-06,3.5029370337724686e-05,68.96950518724043,14248.75264445917,28428.535783714105,68.9695052042292,27.822118651245546
tau6_r25_o37_h1,checkpoint_total,paired_increment,L-F,65.64905123529024,65.64906078100239,-2.7008354663848877e-08,0.0,7.334165275096893e-09,1.8404534785076976e-08,0.0,-2.5792701308091637e-10,-9.545707143843174e-06,1.814660777199606e-08,9.536859579384327e-06,65.64905123529024,10678.592356803401,21291.53566238988,65.6490512169101,3.698464158042043
tau6_r25_o37_h1,checkpoint_total,paired_increment,S-F,134.61855642253067,134.61860274508263,-7.671769708395004e-08,-2.9988591078966894e-05,-1.6812700778245926e-06,-3.168797047692351e-05,2.998869604198262e-05,1.974490260181483e-08,-4.632247146219015e-05,-1.6795295323390746e-06,4.456622991710901e-05,134.61855642253067,3635.8850508898413,7137.151545358547,134.61855642113915,31.52056619629002
tau6_r25_o37_h05,pre_onset,absolute_branch,F,24.236236018867068,0.16674559937399075,24.049999999897807,0.0,28.4935244802277,4.443524480317137,0.0,-4.4240340587980995,24.06949041949308,0.01949042151903768,1.923766035361041e-09,,,,,
tau6_r25_o37_h05,pre_onset,absolute_branch,L,24.28185585305061,0.1673730052206894,24.049999999897803,0.0,27.92789013809712,3.877890138195653,0.0,-3.813407290114867,24.114482847829922,0.06448284808078597,1.4866685660308576e-10,,,,,
tau6_r25_o37_h05,pre_onset,absolute_branch,S,24.16496154774851,0.16576778231704709,24.049999999897757,0.0,29.345555122005482,5.295555122102087,0.0,-5.3463613528904546,23.999193765431464,-0.05080623078836766,3.6779255196961458e-09,,,,,
tau6_r25_o37_h05,pre_onset,paired_increment,S-L,-0.11689430530210032,-0.0016052229036423171,-4.618527782440651e-14,0.0,1.417664983908363,1.417664983906434,0.0,-1.5329540627755875,-0.11528908239845848,-0.11528907886915363,3.52925866309306e-09,0.11689430530210032,0.0,0.14879731848599664,-0.14879731848599664,0.0
tau6_r25_o37_h05,pre_onset,paired_increment,L-F,0.04561983418354387,0.0006274058466986532,-3.552713678800501e-15,0.0,-0.5656343421305792,-0.5656343421214842,0.0,0.6106267686832325,0.044992428336843915,0.04499242656174829,-1.775099178757955e-09,0.04561983418354387,0.11255298041386123,0.11255298041386123,0.11255298041386123,0.0
tau6_r25_o37_h05,pre_onset,paired_increment,S-F,-0.07127447111855645,-0.000977817056943664,-4.973799150320701e-14,0.0,0.8520306417777839,0.8520306417849497,0.0,-0.922327294092355,-0.07029665406161456,-0.07029665230740534,1.754159484335105e-09,0.07127447111855645,0.0,0.03624433807213541,-0.03624433807213541,0.0
tau6_r25_o37_h05,service,absolute_branch,F,130898.50933323824,899.9504562462464,130000.00000028266,0.0,129998.55985318388,-1.4401470902121218,0.0,-0.0003307143097970311,129998.55887699199,-1.4404778045219189,0.0006454861431848258,,,,,
tau6_r25_o37_h05,service,absolute_branch,L,130964.14947142088,965.5993943810049,130000.00000027369,0.0,129999.1616431788,-0.8383570929145208,0.0,-0.6109193708369958,129998.55007703988,-1.4492764637515165,0.0006467700586654246,,,,,
tau6_r25_o37_h05,service,absolute_branch,S,131033.51072128561,1034.5747449567168,130000.00000026,-281.45353329407635,129997.94271119428,-283.5108223753159,281.45353329642967,0.9939144496948416,129998.9359763289,-1.0633746291914008,0.0006493019172921777,,,,,
tau6_r25_o37_h05,service,paired_increment,S-L,69.36124986472714,68.9753505757119,-1.3693352229893208e-08,-281.45353329407635,-1.218931984520168,-282.6724652824014,281.45353329642967,1.6048338205318373,0.38589928901637904,0.38590183456011573,2.531858626753092e-06,69.36124986472714,14248.670372902983,28427.94607164394,69.39467416202697,0.0
tau6_r25_o37_h05,service,paired_increment,L-F,65.64013818264357,65.64893813475851,-8.96397978067398e-09,0.0,0.6017899949220009,0.6017899972976011,0.0,-0.6105886565271987,-0.008799952105619013,-0.00879865922959766,1.2839154805988073e-06,65.64013818264357,10678.474776108615,21291.376347364218,65.57320485300873,0.0
tau6_r25_o37_h05,service,paired_increment,S-F,135.0013880473707,134.6242887104704,-2.2657332010567188e-08,-281.45353329407635,-0.6171419895981671,-282.0706752851038,281.45353329642967,0.9942451640046386,0.37709933691076003,0.37710317533051807,3.815774107351899e-06,135.0013880473707,3635.799469082705,7136.631059150372,134.96787901503708,0.0
tau6_r25_o37_h05,recovery,absolute_branch,F,327251.3854203205,2249.946437846722,324999.9999959909,0.0,325001.44015172514,1.440151050381246,0.0,0.0003266295503578931,325001.4389824738,1.440477679931604,0.0014911970356479287,,,,,
tau6_r25_o37_h05,recovery,absolute_branch,L,327251.34872203355,2249.9459332118868,324999.9999961349,0.0,325001.40399620385,1.4039955287407793,0.0,0.00028851726955281265,325001.40278882167,1.404284046010332,0.0014913592603988945,,,,,
tau6_r25_o37_h05,recovery,absolute_branch,S,327251.07387227146,2249.9417455105167,324999.9999959923,281.45038227421713,325001.2052154685,282.65559707603825,-281.4503822728293,-0.07159013637487988,325001.13212676096,1.1336246668340664,0.0014938981621526182,,,,,
tau6_r25_o37_h05,recovery,paired_increment,S-L,-0.27484976209234446,-0.0041877013700286625,-1.4260876923799515e-07,281.45038227421713,-0.1987807353725657,281.25160154729747,-281.4503822728293,-0.07187865364443269,-0.2706620607059449,-0.2706593791762657,2.5389017537236214e-06,0.27484976209234446,0.08226822399339359,0.4409074688890209,-0.27637102090223364,27.82223272749252
tau6_r25_o37_h05,recovery,paired_increment,L-F,-0.03669828694546595,-0.0005046348351243068,1.4400575309991837e-07,0.0,-0.036155521287582815,-0.03615552164046676,0.0,-3.8112280805080445e-05,-0.03619365213671699,-0.03619363392127184,1.6222475096583366e-07,0.03669828694546595,0.005047194667585585,0.04679247940216451,-0.036698090066993344,3.6980328971076233
tau6_r25_o37_h05,recovery,paired_increment,S-F,-0.3115480490378104,-0.004692336205152969,1.3969838619232178e-09,281.45038227421713,-0.2349362566601485,281.215446025657,-281.4503822728293,-0.07191676592523777,-0.3068557128426619,-0.30685301309753754,2.701126504689455e-06,0.3115480490378104,0.08556205756605595,0.48419322610133886,-0.313069110969227,31.520248869479474
tau6_r25_o37_h05,post_deadline,absolute_branch,F,130899.96989215154,899.9705382806765,130000.00000015093,0.0,130000.00000059872,2.9264992917887866e-07,0.0,-4.7405214331774914e-07,129999.99935387087,-1.8140221413887048e-07,0.0006460986624006182,,,,,
tau6_r25_o37_h05,post_deadline,absolute_branch,L,130899.96989203594,899.9705382790685,130000.0000001599,0.0,130000.00000047468,1.7729325918480754e-07,0.0,-4.7402249947481323e-07,129999.99935375687,-2.967292402900057e-07,0.0006461063021561131,,,,,
tau6_r25_o37_h05,post_deadline,absolute_branch,S,130899.9699375821,899.970538900855,129999.99999999534,0.0031210299230743873,130000.00004646863,0.0031672226505179424,-0.0031210321249091066,-1.5582340040509735e-06,129999.99939868123,4.463229160478477e-05,0.0006459464057115838,,,,,
tau6_r25_o37_h05,post_deadline,paired_increment,S-L,4.5546155888587236e-05,6.217865120561328e-07,-1.6455305740237236e-07,0.0031210299230743873,4.599394742399454e-05,0.0031670453572587576,-0.0031210321249091066,-1.0842115045761602e-06,4.492436710279435e-05,4.4929020845074774e-05,-1.5989644452929497e-07,4.5546155888587236e-05,4.5534437406226285e-05,4.5534437406226285e-05,4.5534437406226285e-05,0.00257962104490872
tau6_r25_o37_h05,post_deadline,paired_increment,L-F,-1.1560041457414627e-07,-1.6079866327345371e-09,8.96397978067398e-09,0.0,-1.2404052540659904e-07,-1.1535666999407113e-07,0.0,2.964384293591138e-11,-1.1399970389902592e-07,-1.1532702615113521e-07,7.639755494892597e-09,1.1560041457414627e-07,6.7441025748846926e-09,1.2965004972647916e-07,-1.1616184457670974e-07,2.4052582219269425e-05
tau6_r25_o37_h05,post_deadline,paired_increment,S-F,4.543055547401309e-05,6.201785254233982e-07,-1.5558907762169838e-07,0.0031210299230743873,4.586990689858794e-05,0.0031669300005887635,-0.0031210321249091066,-1.0841818607332243e-06,4.481036739889532e-05,4.481369381892364e-05,-1.5225668903440237e-07,4.543055547401309e-05,4.5418275561649594e-05,4.5418275561649594e-05,4.5418275561649594e-05,0.0025555684626894504
tau6_r25_o37_h05,declared_onset_total,absolute_branch,F,589049.8646457103,4049.867432373645,584999.9999964244,0.0,585000.0000055077,4.252819053363055e-06,0.0,-4.558811582455746e-06,584999.9972133366,-3.0599252909269126e-07,0.0027827818412333727,,,,,
tau6_r25_o37_h05,declared_onset_total,absolute_branch,L,589115.4680854904,4115.51586587196,584999.9999965684,0.0,585000.5656398573,0.5656386131195177,0.0,-0.6106313275899424,584999.9522196185,-0.044992714470424744,0.0027842355193570256,,,,,
tau6_r25_o37_h05,declared_onset_total,absolute_branch,S,589184.5545311392,4184.487029368089,584999.9999962476,-2.9989936167454982e-05,584999.1479731314,-0.8520580766271451,2.999147545779124e-05,0.9223227550859576,585000.0675017711,0.07029466993427036,0.002789146383292973,,,,,
tau6_r25_o37_h05,declared_onset_total,paired_increment,S-L,69.08644564880524,68.97116349612861,-3.2084062695503235e-07,-2.9989936167454982e-05,-1.4176667259307578,-1.4176966897466627,2.999147545779124e-05,1.5329540826759,0.11528215266298503,0.1152873844046951,4.910863935947418e-06,69.08644564880524,14248.752686661415,28428.387024647258,69.11834867556215,27.82223272749252
tau6_r25_o37_h05,declared_onset_total,paired_increment,L-F,65.60343978006858,65.64843349831517,1.4400575309991837e-07,0.0,0.5656343495938927,0.5656343603004643,0.0,-0.61062676877836,-0.04499371815472841,-0.04499240847789565,1.453678123652935e-06,65.60343978006858,10678.479823310026,21291.42313997327,65.53650664677988,3.6980328971076233
tau6_r25_o37_h05,declared_onset_total,paired_increment,S-F,134.68988542887382,134.61959699444378,-1.7683487385511398e-07,-2.9989936167454982e-05,-0.8520323763368651,-0.8520623294461984,2.999147545779124e-05,0.9223273138975401,0.07028843450825661,0.07029497592679945,6.364542059600353e-06,134.68988542887382,3635.8850765585466,7137.115297794751,134.65485532234348,31.520248869479474
tau6_r25_o37_h05,checkpoint_total,absolute_branch,F,589074.1008817292,4050.034177973019,585024.0499964243,0.0,585028.493529988,4.443528733136191,0.0,-4.424038617609682,585024.0667037561,0.01949011552650859,0.0027827838202938437,,,,,
tau6_r25_o37_h05,checkpoint_total,absolute_branch,L,589139.7499413434,4115.683238877181,585024.0499965684,0.0,585028.4935299954,4.443528751315171,0.0,-4.424038617704809,585024.0667024662,0.019490133610361227,0.0027842357521876693,,,,,
tau6_r25_o37_h05,checkpoint_total,absolute_branch,S,589208.7194926869,4184.652797150406,585024.0499962475,-2.9989936167454982e-05,585028.4935282534,4.443497045474942,2.999147545779124e-05,-4.424038597804497,585024.0666955365,0.019488439145902703,0.0027891502249985933,,,,,
tau6_r25_o37_h05,checkpoint_total,paired_increment,S-L,68.96955134347081,68.96955827322472,-3.2084062695503235e-07,-2.9989936167454982e-05,-1.7420388758182526e-06,-3.1705840228823945e-05,2.999147545779124e-05,1.9900312508980278e-08,-6.929738447070122e-06,-1.6944644585237256e-06,4.914472810924053e-06,68.96955134347081,14248.752686661415,28428.535821965746,68.96955135707614,27.82223272749252
tau6_r25_o37_h05,checkpoint_total,paired_increment,L-F,65.64905961428303,65.64906090416207,1.4400575309991837e-07,0.0,7.450580596923828e-09,1.817898009903729e-08,0.0,-9.512746146356221e-11,-1.2898817658424377e-06,1.8083852637573727e-08,1.451931893825531e-06,65.64905961428303,10678.592376290439,21291.535692953683,65.64905962719378,3.6980328971076233
tau6_r25_o37_h05,checkpoint_total,paired_increment,S-F,134.61861095775384,134.6186191773868,-1.7683487385511398e-07,-2.9989936167454982e-05,-1.7345882952213287e-06,-3.168766124872491e-05,2.999147545779124e-05,1.9805185047516716e-08,-8.21962021291256e-06,-1.676380605886152e-06,6.366404704749584e-06,134.61861095775384,3635.8850765585466,7137.151542132823,134.61861098427133,31.520248869479474
tau6_r25_o73_h1,pre_onset,absolute_branch,F,47.87182555723889,0.32974629749533213,47.449999999993345,0.0,45.8800228410811,-1.569977158884285,0.0,1.66205752690405,47.54207925974356,0.09208036801976505,1.1082695507980134e-06,,,,,
tau6_r25_o73_h1,pre_onset,absolute_branch,L,47.87182555723889,0.32974629749533213,47.449999999993345,0.0,45.8800228410811,-1.569977158884285,0.0,1.66205752690405,47.54207925974356,0.09208036801976505,1.1082695507980134e-06,,,,,
tau6_r25_o73_h1,pre_onset,absolute_branch,S,47.87182555723889,0.32974629749533213,47.449999999993345,0.0,45.8800228410811,-1.569977158884285,0.0,1.66205752690405,47.54207925974356,0.09208036801976505,1.1082695507980134e-06,,,,,
tau6_r25_o73_h1,pre_onset,paired_increment,S-L,0.0,0.0,0.0,0.0,0.0,0.0,0.0,0.0,0.0,0.0,0.0,0.0,0.0,0.0,0.0,0.0
tau6_r25_o73_h1,pre_onset,paired_increment,L-F,0.0,0.0,0.0,0.0,0.0,0.0,0.0,0.0,0.0,0.0,0.0,0.0,3.846448578405585e-08,3.846448578405585e-08,3.846448578405585e-08,0.0
tau6_r25_o73_h1,pre_onset,paired_increment,S-F,0.0,0.0,0.0,0.0,0.0,0.0,0.0,0.0,0.0,0.0,0.0,0.0,3.846448578405585e-08,3.846448578405585e-08,3.846448578405585e-08,0.0
tau6_r25_o73_h1,service,absolute_branch,F,130898.50720045282,899.9502582538792,130000.00000027429,0.0,129998.56018503071,-1.43981524663468,0.0,-0.0007014494296129214,129998.55694219893,-1.440516696064293,0.002541379290050827,,,,,
tau6_r25_o73_h1,service,absolute_branch,L,130964.20937878247,965.6440821736527,130000.00000028394,0.0,129998.56860177281,-1.4313985017652158,0.0,-0.0007561772032147474,129998.56529660882,-1.4321546789684305,0.00254899614083115,,,,,
tau6_r25_o73_h1,service,absolute_branch,S,131033.43160489229,1034.6639775013512,130000.00000028935,-281.4535447545095,129998.78277532935,-282.670769701228,281.4535447547023,-0.012585344378351238,129998.76762739095,-1.2298102909040267,0.0025626075075706467,,,,,
tau6_r25_o73_h1,service,paired_increment,S-L,69.22222610982135,69.01989532769846,5.413312464952469e-09,-281.4535447545095,0.21417355653829873,-281.23937119946277,281.4535447547023,-0.01182916717513649,0.20233078212186228,0.2023443880644038,1.3611366739496589e-05,69.22222610982135,14249.85638051894,28430.48798477196,69.22477626591956,0.0
tau6_r25_o73_h1,service,paired_increment,L-F,65.70217832965136,65.69382391977354,9.647919796407223e-09,0.0,0.008416742100962438,0.00841674486946431,0.0,-5.47277736018259e-05,0.008354409888852388,0.008362017095862484,7.616850780323148e-06,65.70217832965136,10680.002465906986,21294.302753603297,65.70217821067001,0.0
tau6_r25_o73_h1,service,paired_increment,S-F,134.9244044394727,134.713719247472,1.506123226135969e-08,-281.4535447545095,0.22259029863926116,-281.2309544545933,281.4535447547023,-0.011883894948738316,0.21068519201071467,0.21070640516026629,2.1228217519819736e-05,134.9244044394727,3635.9223315520417,7136.917708627494,134.92695447658895,0.0
tau6_r25_o73_h1,recovery,absolute_branch,F,327251.3807830315,2249.9459946955803,325000.0000035076,0.0,325001.43982837663,1.4398277175496332,0.0,0.0006878600183597428,325001.43478833593,1.440515577567993,0.0057307492243126035,,,,,
tau6_r25_o73_h1,recovery,absolute_branch,L,327251.3723053989,2249.945878048984,325000.0000034408,0.0,325001.4314126533,1.4314119989576284,0.0,0.0007425811236316804,325001.4264273499,1.43215458008126,0.005730670935008675,,,,,
tau6_r25_o73_h1,recovery,absolute_branch,S,327251.16665789473,2249.9426433069734,325000.000003436,281.4503962204996,325001.21719172806,282.6675872785054,-281.45039622225886,0.012571924536757706,325001.22401458776,1.2297629807832777,0.005751829012297094,,,,,
tau6_r25_o73_h1,recovery,paired_increment,S-L,-0.205647504189983,-0.0032347420105907077,-4.773028194904327e-09,281.4503962204996,-0.21422092523425817,281.23617527954775,-281.45039622225886,0.011829343413126026,-0.2024127621552907,-0.20239159929798234,2.1158077288419008e-05,0.205647504189983,0.07319033732906717,0.35457833207459294,-0.20819765741645863,20.951295229311683
tau6_r25_o73_h1,recovery,paired_increment,L-F,-0.008477632596623152,-0.00011664659632515395,-6.682239472866058e-08,0.0,-0.008415723335929215,-0.00841571859200485,0.0,5.472110527193763e-05,-0.008360986015759408,-0.008360997486732913,-7.828930392861366e-08,0.008477632596623152,0.001893743287806865,0.012265049625773263,-0.008477563050159533,0.8542438535114059
tau6_r25_o73_h1,recovery,paired_increment,S-F,-0.21412513678660616,-0.0033513886069158616,-7.159542292356491e-08,281.4503962204996,-0.2226366485701874,281.22775956095575,-281.45039622225886,0.011884064518397963,-0.2107737481710501,-0.21075259678471525,2.1079787984490395e-05,0.21412513678660616,0.07488107679161204,0.36643737404984233,-0.21667522046661816,21.80546553071875
tau6_r25_o73_h1,post_deadline,absolute_branch,F,130899.967797597,899.9703407050274,130000.00000025897,0.0,130000.00000271614,2.461616531945765e-06,0.0,-2.554544693111893e-06,129999.99745689197,-9.292816116612812e-08,0.002543274065828882,,,,,
tau6_r25_o73_h1,post_deadline,absolute_branch,L,130899.96779658028,899.9703406912372,130000.00000030693,0.0,130000.00000172749,1.4726574590895325e-06,0.0,-2.5485547610060166e-06,129999.99745588905,-1.0758973019164841e-06,0.002543341979617253,,,,,
tau6_r25_o73_h1,post_deadline,absolute_branch,S,130899.96784271265,899.9703413209745,130000.00000023178,0.0031185670716292,130000.00004742184,0.003165721402183408,-0.003118567416095175,-2.7131713693506754e-06,129999.99750139167,4.444081471888239e-05,0.00254328093433287,,,,,
tau6_r25_o73_h1,post_deadline,paired_increment,S-L,4.613236524164677e-05,6.297373147390317e-07,-7.514609023928642e-08,0.0031185670716292,4.5694352593272924e-05,0.0031642487447243184,-0.003118567416095175,-1.6461660834465874e-07,4.550261655822396e-05,4.551671202079888e-05,-6.104528438299894e-08,4.613236524164677e-05,4.611680249613755e-05,4.611680249613755e-05,4.611680249613755e-05,0.0025793165238283677
tau6_r25_o73_h1,post_deadline,paired_increment,L-F,-1.0167132131755352e-06,-1.3790213415632024e-08,4.7963112592697144e-08,0.0,-9.88657120615244e-07,-9.889590728562325e-07,0.0,5.989932105876505e-09,-1.0029179975390434e-06,-9.82969140750356e-07,6.79137883707881e-08,1.0167132131755352e-06,1.2791831977668308e-09,9.990032844944031e-07,-9.964449180988695e-07,5.2580735172114146e-05
tau6_r25_o73_h1,post_deadline,paired_increment,S-F,4.511565202847123e-05,6.159471013233997e-07,-2.718297764658928e-08,0.0031185670716292,4.470569547265768e-05,0.003163259785651462,-0.003118567416095175,-1.5862667623878224e-07,4.449969856068492e-05,4.453374288004852e-05,6.868503987789154e-09,4.511565202847123e-05,4.5120357578038666e-05,4.5120357578038666e-05,4.5120357578038666e-05,0.0025267357886562536
tau6_r25_o73_h1,declared_onset_total,absolute_branch,F,589049.8557810814,4049.866593654487,585000.0000040409,0.0,585000.0000161235,1.4932531485101208e-05,0.0,-1.614395594629059e-05,584999.9891874269,-1.211424461189381e-06,0.010815402609296143,,,,,
tau6_r25_o73_h1,declared_onset_total,absolute_branch,L,589115.5494807618,4115.560300913874,585000.0000040317,0.0,585000.0000161537,1.4969849871704355e-05,0.0,-1.6144634344072983e-05,584999.9891798479,-1.1747844723686285e-06,0.010823009070008993,,,,,
tau6_r25_o73_h1,declared_onset_total,absolute_branch,S,589184.5661054997,4184.576962129299,585000.0000039572,-2.9966938273429157e-05,585000.0000144793,-1.6701320419088006e-05,2.9965027351863682e-05,-1.6133012962882276e-05,584999.9891433704,-2.8693060301066e-06,0.010857717483304441,,,,,
tau6_r25_o73_h1,declared_onset_total,paired_increment,S-L,69.01662473799661,69.0166612154253,-7.450580596923828e-08,-2.9966938273429157e-05,-1.6744015738368034e-06,-3.167117029079236e-05,2.9965027351863682e-05,1.1621381190707325e-08,-3.647746052592993e-05,-1.6945215577379713e-06,3.4708413295447826e-05,69.01662473799661,14249.929616973071,28430.842609220843,69.0166247253056,20.951295229311683
tau6_r25_o73_h1,declared_onset_total,paired_increment,L-F,65.69369968038518,65.69370725938688,-9.19681042432785e-09,0.0,3.015156835317612e-08,3.731838660314679e-08,0.0,-6.783977823943133e-10,-7.578986696898937e-06,3.663998882075248e-08,7.606460712850094e-06,65.69369968038518,10680.004359651552,21294.31501965192,65.69369965117495,0.8542438535114059
tau6_r25_o73_h1,declared_onset_total,paired_increment,S-F,134.7103244183818,134.71036847481219,-8.370261639356613e-08,-2.9966938273429157e-05,-1.6442500054836273e-06,-3.1633851904189214e-05,2.9965027351863682e-05,1.0942983408313012e-08,-4.4056447222828865e-05,-1.6578815689172188e-06,4.231487400829792e-05,134.7103244183818,3635.997257749192,7137.284191121901,134.71032437647986,21.80546553071875
tau6_r25_o73_h1,checkpoint_total,absolute_branch,F,589097.7276066386,4050.1963399519823,585047.4500040408,0.0,585045.8800389646,-1.5699622263528,0.0,1.6620413829481038,585047.5312666866,0.09207915659530386,0.010816510766744614,,,,,
tau6_r25_o73_h1,checkpoint_total,absolute_branch,L,589163.421306319,4115.890047211369,585047.4500040316,0.0,585045.8800389947,-1.5699621890344133,0.0,1.662041382269706,585047.5312591076,0.09207919323529268,0.010824117227457464,,,,,
tau6_r25_o73_h1,checkpoint_total,absolute_branch,S,589232.437931057,4184.9067084267945,585047.4500039571,-2.9966938273429157e-05,585045.8800373203,-1.569993860204704,2.9965027351863682e-05,1.6620413938910872,585047.5312226302,0.09207749871373494,0.010858825640752912,,,,,
tau6_r25_o73_h1,checkpoint_total,paired_increment,S-L,69.01662473799661,69.0166612154253,-7.450580596923828e-08,-2.9966938273429157e-05,-1.6744015738368034e-06,-3.167117029079236e-05,2.9965027351863682e-05,1.1621381190707325e-08,-3.647746052592993e-05,-1.6945215577379713e-06,3.4708413295447826e-05,69.01662473799661,14249.929616973071,28430.842609220843,69.0166247253056,20.951295229311683
tau6_r25_o73_h1,checkpoint_total,paired_increment,L-F,65.69369968038518,65.69370725938688,-9.19681042432785e-09,0.0,3.015156835317612e-08,3.731838660314679e-08,0.0,-6.783977823943133e-10,-7.578986696898937e-06,3.663998882075248e-08,7.606460712850094e-06,65.69369968038518,10680.004359690016,21294.315019690384,65.69369968963947,0.8542438535114059
tau6_r25_o73_h1,checkpoint_total,paired_increment,S-F,134.7103244183818,134.71036847481219,-8.370261639356613e-08,-2.9966938273429157e-05,-1.6442500054836273e-06,-3.1633851904189214e-05,2.9965027351863682e-05,1.0942983408313012e-08,-4.4056447222828865e-05,-1.6578815689172188e-06,4.231487400829792e-05,134.7103244183818,3635.997257787657,7137.2841911603655,134.71032441494435,21.80546553071875
tau6_r25_o73_h05,pre_onset,absolute_branch,F,47.87182634069264,0.3297463671796226,47.44999999999332,0.0,45.880022686705445,-1.5699773133273993,0.0,1.6620575633670853,47.54207997351302,0.092080250039686,2.765199837995169e-07,,,,,
tau6_r25_o73_h05,pre_onset,absolute_branch,L,47.87182634069264,0.3297463671796226,47.44999999999332,0.0,45.880022686705445,-1.5699773133273993,0.0,1.6620575633670853,47.54207997351302,0.092080250039686,2.765199837995169e-07,,,,,
tau6_r25_o73_h05,pre_onset,absolute_branch,S,47.87182634069264,0.3297463671796226,47.44999999999332,0.0,45.880022686705445,-1.5699773133273993,0.0,1.6620575633670853,47.54207997351302,0.092080250039686,2.765199837995169e-07,,,,,
tau6_r25_o73_h05,pre_onset,paired_increment,S-L,0.0,0.0,0.0,0.0,0.0,0.0,0.0,0.0,0.0,0.0,0.0,0.0,0.0,0.0,0.0,0.0
tau6_r25_o73_h05,pre_onset,paired_increment,L-F,0.0,0.0,0.0,0.0,0.0,0.0,0.0,0.0,0.0,0.0,0.0,0.0,3.861406468785757e-08,3.861406468785757e-08,3.861406468785757e-08,0.0
tau6_r25_o73_h05,pre_onset,paired_increment,S-F,0.0,0.0,0.0,0.0,0.0,0.0,0.0,0.0,0.0,0.0,0.0,0.0,3.861406468785757e-08,3.861406468785757e-08,3.861406468785757e-08,0.0
tau6_r25_o73_h05,service,absolute_branch,F,130898.50927010972,899.9504553659365,130000.00000029174,0.0,129998.56016211378,-1.439838163609238,0.0,-0.0007014673967660201,129998.55881474378,-1.4405396310060041,0.0006459169526351616,,,,,
tau6_r25_o73_h05,service,absolute_branch,L,130964.21145215245,965.6442793307089,130000.00000028519,0.0,129998.56857559654,-1.4314246757639921,0.0,-0.0007561946596297275,129998.56717282174,-1.4321808704236219,0.0006465930200647563,,,,,
tau6_r25_o73_h05,service,absolute_branch,S,131033.4337075746,1034.6641917904312,130000.00000026583,-281.4535332416178,129998.78275026858,-282.6707832488246,281.4535332413798,-0.012585380318910211,129998.76951578417,-1.2298353877637282,0.0006490938976639882,,,,,
tau6_r25_o73_h05,service,paired_increment,S-L,69.22225542215165,69.01991245972238,-1.9354047253727913e-08,-281.4535332416178,0.2141746720444644,-281.2393585730606,281.4535332413798,-0.011829185659280483,0.2023429624241544,0.2023454826598936,2.5008775992318988e-06,69.22225542215165,14249.856407165273,28430.48800875064,69.22480557990849,0.0
tau6_r25_o73_h05,service,paired_increment,L-F,65.7021820427326,65.69382396477238,-6.548361852765083e-09,0.0,0.008413482762989588,0.008413487845245982,0.0,-5.472726286370744e-05,0.008358077961020172,0.008358760582382274,6.760674295946956e-07,65.7021820427326,10680.002486198178,21294.30279047483,65.70218192152784,0.0
tau6_r25_o73_h05,service,paired_increment,S-F,134.92443746488425,134.71373642449475,-2.5902409106492996e-08,-281.4535332416178,0.22258815480745398,-281.23094508521535,281.4535332413798,-0.01188391292214419,0.21070104038517457,0.21070424324227588,3.1769450288265944e-06,134.92443746488425,3635.9223427923334,7136.917698083231,134.92698750143674,0.0
tau6_r25_o73_h05,recovery,absolute_branch,F,327251.3854819675,2249.946438698901,324999.99999599886,0.0,325001.43985332875,1.4398526540971943,0.0,0.0006858139543908237,325001.43904326856,1.4405384680515851,0.0014911983744241297,,,,,
tau6_r25_o73_h05,recovery,absolute_branch,L,327251.37700762687,2249.94632209755,324999.9999961406,0.0,325001.4314408709,1.4314401920164528,0.0,0.0007405347271003393,325001.4306855293,1.4321807267435531,0.0014913380146026611,,,,,
tau6_r25_o73_h05,recovery,absolute_branch,S,327251.1713766682,2249.9430865122013,324999.999996079,281.4503847099015,325001.21721879824,282.66760284510383,-281.4503847092419,0.012569896437071293,325001.228290156,1.229788032298984,0.0014939553220756352,,,,,
tau6_r25_o73_h05,recovery,paired_increment,S-L,-0.20563095866236836,-0.0032355853486478736,-6.158370524644852e-08,281.4503847099015,-0.21422207268187776,281.2361626530874,-281.4503847092419,0.011829361709970954,-0.20239537331508473,-0.2023926944445691,2.617307472974062e-06,0.20563095866236836,0.0732033352662008,0.3545877460582436,-0.20818107552584197,20.951408424498368
tau6_r25_o73_h05,recovery,paired_increment,L-F,-0.00847434060415253,-0.0001166013512374775,1.4173565432429314e-07,0.0,-0.008412457827944309,-0.008412462080741534,0.0,5.4720772709515586e-05,-0.008357739250641316,-0.008357741308032018,1.396401785314083e-07,0.00847434060415253,0.0018933038594317623,0.012260870433503459,-0.008474262714639934,0.8539116624979215
tau6_r25_o73_h05,recovery,paired_increment,S-F,-0.2141052992665209,-0.003352186699885351,8.015194907784462e-08,281.4503847099015,-0.22263453050982207,281.22775019100663,-281.4503847092419,0.01188408248268047,-0.21075311256572604,-0.2107504357526011,2.7569476515054703e-06,0.2141052992665209,0.0748940561765957,0.3664434505936733,-0.21665533824048192,21.80524606708059
tau6_r25_o73_h05,post_deadline,absolute_branch,F,130899.96989217278,899.9705382809675,130000.00000016217,0.0,130000.00000062416,3.234636096749455e-07,0.0,-4.897183600860444e-07,129999.99935389182,-1.6625475041109894e-07,0.0006461040902649984,,,,,
tau6_r25_o73_h05,post_deadline,absolute_branch,L,130899.96989116928,899.9705382670768,130000.00000011537,0.0,129999.99999962334,-6.697082426398993e-07,0.0,-4.830351940654509e-07,129999.9993529022,-1.1527434367053502e-06,0.000646060419967398,,,,,
tau6_r25_o73_h05,post_deadline,absolute_branch,S,130899.96993731399,899.9705388971738,130000.00000003574,0.0031185623500680376,130000.00004530151,0.0031635824343538843,-0.003118564738542773,-6.476861074133922e-07,129999.99939841681,4.437000970369809e-05,0.0006459889409597963,,,,,
tau6_r25_o73_h05,post_deadline,paired_increment,S-L,4.614470526576042e-05,6.300970198935829e-07,-7.962808012962341e-08,0.0031185623500680376,4.567817086353898e-05,0.003164252142596524,-0.003118564738542773,-1.6465091334794124e-07,4.551460733637214e-05,4.552275314040344e-05,-7.147900760173798e-08,4.614470526576042e-05,4.612728955410466e-05,4.612728955410466e-05,4.612728955410466e-05,0.0025794923166557737
tau6_r25_o73_h05,post_deadline,paired_increment,L-F,-1.003500074148178e-06,-1.3890712580177933e-08,-4.6798959374427795e-08,0.0,-1.0008225217461586e-06,-9.931718523148447e-07,0.0,6.6831660205934895e-09,-9.896175470203161e-07,-9.864886862942512e-07,-4.367029760032892e-08,1.003500074148178e-06,7.702111033721554e-10,1.002870029886262e-06,-1.0013296076795176e-06,5.256332780589901e-05
tau6_r25_o73_h05,post_deadline,paired_increment,S-F,4.5141205191612244e-05,6.16206307313405e-07,-1.264270395040512e-07,0.0031185623500680376,4.467734834179282e-05,0.0031632589707442094,-0.003118564738542773,-1.5796774732734775e-07,4.452498978935182e-05,4.453626445410919e-05,-1.151493052020669e-07,4.5141205191612244e-05,4.512595994642515e-05,4.512595994642515e-05,4.512595994642515e-05,0.0025269289888498747
tau6_r25_o73_h05,declared_onset_total,absolute_branch,F,589049.86464425,4049.867432345805,584999.9999964528,0.0,585000.0000160667,1.4813951565884054e-05,0.0,-1.6143160735282436e-05,584999.9972119043,-1.329209169398382e-06,0.0027832193300127983,,,,,
tau6_r25_o73_h05,declared_onset_total,absolute_branch,L,589115.5583509486,4115.561139695335,584999.9999965412,0.0,585000.0000160908,1.4846544218016788e-05,0.0,-1.6142967723453694e-05,584999.9972112533,-1.2964235054369055e-06,0.0027839915128424764,,,,,
tau6_r25_o73_h05,declared_onset_total,absolute_branch,S,589184.5750215568,4184.577817199806,584999.9999963806,-2.9969366177766027e-05,585000.0000143683,-1.6821286408230662e-05,2.9967399314045906e-05,-1.6131567946331415e-05,584999.9972043571,-2.9854550405161717e-06,0.002789038117043674,,,,,
tau6_r25_o73_h05,declared_onset_total,paired_increment,S-L,69.01667060819454,69.01667750447086,-1.605367287993431e-07,-2.9969366177766027e-05,-1.7224811017513275e-06,-3.166783062624745e-05,2.9967399314045906e-05,1.1399777122278465e-08,-6.8962108343839645e-06,-1.6890315350792662e-06,5.046604201197624e-06,69.01667060819454,14249.929656627826,28430.842642623982,69.0166706316722,20.951408424498368
tau6_r25_o73_h05,declared_onset_total,paired_increment,L-F,65.69370669859927,65.69370734953054,8.835922926664352e-08,0.0,2.4097971618175507e-08,3.2592652132734656e-08,0.0,1.9301182874187361e-10,-6.509944796562195e-07,3.278566396147653e-08,7.721828296780586e-07,65.69370669859927,10680.004379502809,21294.315052348127,65.69370665748359,0.8539116624979215
tau6_r25_o73_h05,declared_onset_total,paired_increment,S-F,134.71037730679382,134.7103848540014,-7.217749953269958e-08,-2.9969366177766027e-05,-1.698383130133152e-06,-3.1635237974114716e-05,2.9967399314045906e-05,1.1592788951020339e-08,-7.547205314040184e-06,-1.6562458711177896e-06,5.818787030875683e-06,134.71037730679382,3635.9972819744703,7137.284186659783,134.71037728915616,21.80524606708059
tau6_r25_o73_h05,checkpoint_total,absolute_branch,F,589097.7364705907,4050.1971787129846,585047.4499964528,0.0,585045.8800387534,-1.5699624993758334,0.0,1.66204142020635,585047.5392918778,0.09207892083051661,0.0027834958164021373,,,,,
tau6_r25_o73_h05,checkpoint_total,absolute_branch,L,589163.4301772893,4115.890886062515,585047.4499965411,0.0,585045.8800387775,-1.5699624667831813,0.0,1.6620414203993619,585047.5392912268,0.09207895361618057,0.0027842679992318153,,,,,
tau6_r25_o73_h05,checkpoint_total,absolute_branch,S,589232.4468478975,4184.907563566986,585047.4499963806,-2.9969366177766027e-05,585045.880037055,-1.5699941346138075,2.9967399314045906e-05,1.662041431799139,585047.5392843306,0.09207726458464549,0.002789314603433013,,,,,
tau6_r25_o73_h05,checkpoint_total,paired_increment,S-L,69.01667060819454,69.01667750447086,-1.605367287993431e-07,-2.9969366177766027e-05,-1.7224811017513275e-06,-3.166783062624745e-05,2.9967399314045906e-05,1.1399777122278465e-08,-6.8962108343839645e-06,-1.6890315350792662e-06,5.046604201197624e-06,69.01667060819454,14249.929656627826,28430.842642623982,69.0166706316722,20.951408424498368
tau6_r25_o73_h05,checkpoint_total,paired_increment,L-F,65.69370669859927,65.69370734953054,8.835922926664352e-08,0.0,2.4097971618175507e-08,3.2592652132734656e-08,0.0,1.9301182874187361e-10,-6.509944796562195e-07,3.278566396147653e-08,7.721828296780586e-07,65.69370669859927,10680.004379541422,21294.31505238674,65.6937066960976,0.8539116624979215
tau6_r25_o73_h05,checkpoint_total,paired_increment,S-F,134.71037730679382,134.7103848540014,-7.217749953269958e-08,-2.9969366177766027e-05,-1.698383130133152e-06,-3.1635237974114716e-05,2.9967399314045906e-05,1.1592788951020339e-08,-7.547205314040184e-06,-1.6562458711177896e-06,5.818787030875683e-06,134.71037730679382,3635.9972820130847,7137.284186698396,134.71037732777023,21.80524606708059
tau6_r35_o37_h1,pre_onset,absolute_branch,F,24.236235771245212,0.16674557827613207,24.049999999897775,0.0,28.493524173486694,4.443524173602782,0.0,-4.424033967399822,24.06949019296908,0.019490206202959826,1.3131653986420133e-08,,,,,
tau6_r35_o37_h1,pre_onset,absolute_branch,L,24.28185561244041,0.16737298146756494,24.049999999897768,0.0,27.92788983216731,3.877889832256187,0.0,-3.813407202045198,24.114482630972844,0.0644826302109891,-8.64087468244179e-10,,,,,
tau6_r35_o37_h1,pre_onset,absolute_branch,S,24.164961296381108,0.165767762492662,24.04999999989778,0.0,29.345554847758695,5.295554847874882,0.0,-5.346361293992743,23.999193533888445,-0.05080644611786056,1.9891473357347422e-08,,,,,
tau6_r35_o37_h1,pre_onset,paired_increment,S-L,-0.11689431605930167,-0.0016052189749029278,1.0658141036401503e-14,0.0,1.4176650155913855,1.4176650156186952,0.0,-1.5329540919475448,-0.11528909708439983,-0.11528907632884966,2.07555608255916e-08,0.11689431605930167,0.0,0.1487974204737283,-0.1487974204737283,0.0
tau6_r35_o37_h1,pre_onset,paired_increment,L-F,0.04561984119519735,0.0006274031914328682,-7.105427357601002e-15,0.0,-0.5656343413193845,-0.5656343413465947,0.0,0.610626765354624,0.044992438003763624,0.044992424008029275,-1.3995741454664312e-08,0.04561984119519735,0.11255298836875813,0.11255298836875813,0.11255298836875813,0.0
tau6_r35_o37_h1,pre_onset,paired_increment,S-F,-0.07127447486410432,-0.0009778157834700596,3.552713678800501e-15,0.0,0.852030674272001,0.8520306742721004,0.0,-0.9223273265929208,-0.0702966590806362,-0.07029665232082039,6.759819370927289e-09,0.07127447486410432,0.0,0.03624443210497016,-0.03624443210497016,0.0
tau6_r35_o37_h1,service,absolute_branch,F,130898.50726381496,899.9502591178938,130000.00000027347,0.0,129998.55987615706,-1.4401241207015119,0.0,-0.0003307024587968499,129998.55700469707,-1.4404548231603087,0.0025407532521057874,,,,,
tau6_r35_o37_h1,service,absolute_branch,L,130964.14739785566,965.5991971911245,130000.00000027387,0.0,129999.16167037378,-0.8383299008455651,0.0,-0.6109193562889175,129998.54820066453,-1.4492492571344826,0.002550352204707451,,,,,
tau6_r35_o37_h1,service,absolute_branch,S,131033.50818220936,1034.5772595824544,130000.00000027867,14.406309846214457,129998.0148512116,12.42116078485924,-14.406309848367528,0.9186263285508289,129998.93092262691,-1.0665227349574593,0.0025549168058205396,,,,,
tau6_r35_o37_h1,service,paired_increment,S-L,69.36078435370291,68.9780623913299,4.802132025361061e-09,14.406309846214457,-1.14681916218251,13.259490685704804,-14.406309848367528,1.5295456848397464,0.3827219623781275,0.3827265221770233,4.564601113088429e-06,69.36078435370291,14248.797835465015,28428.203065878122,69.39260505190988,0.0
tau6_r35_o37_h1,service,paired_increment,L-F,65.64013404070283,65.64893807323074,3.92901711165905e-10,0.0,0.601794216723647,0.6017942198559467,0.0,-0.6105886538301206,-0.008804032535408624,-0.008794433974173899,9.598952601663768e-06,65.64013404070283,10678.474755995077,21291.376311273998,65.57320071615419,0.0
tau6_r35_o37_h1,service,paired_increment,S-F,135.00091839440574,134.62700046456064,5.195033736526966e-09,14.406309846214457,-0.5450249454588629,13.861284905560751,-14.406309848367528,0.9189570310096258,0.3739179298427189,0.3739320882028494,1.4163553714752197e-05,135.00091839440574,3635.9270737401794,7136.888341712294,134.96580576806417,0.0
tau6_r35_o37_h1,recovery,absolute_branch,F,327251.38072141865,2249.9459938421605,325000.00000348006,0.0,325001.4401268631,1.4401262000683346,0.0,0.0003286207006567565,325001.4347275765,1.4404548207689913,0.0057307243114337325,,,,,
tau6_r35_o37_h1,recovery,absolute_branch,L,327251.34401889483,2249.9454891484365,325000.0000034444,0.0,325001.4039671094,1.4039664560295932,0.0,0.0002905093288916305,325001.3985297464,1.4042569653584849,0.005730663368012756,,,,,
tau6_r35_o37_h1,recovery,absolute_branch,S,327251.07286617346,2249.941760749177,325000.0000034226,-14.40633450155125,325001.1331343081,-13.273200871441077,14.40633450174937,0.0036988280315313204,325001.1311054243,1.1368324583398248,0.0057304566144011915,,,,,
tau6_r35_o37_h1,recovery,paired_increment,S-L,-0.2711527213687077,-0.003728399259671278,-2.176966518163681e-08,-14.40633450155125,-0.27083280129591003,-14.67716732747067,14.40633450174937,0.00340831870263969,-0.2674243220826611,-0.26742450701866005,-2.0675361156463623e-07,0.2711527213687077,0.05468414843102898,0.38043862366327763,-0.2710703268012197,27.332273163598074
tau6_r35_o37_h1,recovery,paired_increment,L-F,-0.03670252382289618,-0.0005046937239967519,-3.568129613995552e-08,0.0,-0.036159753683023155,-0.03615974403874134,0.0,-3.811137176512602e-05,-0.03619783010799438,-0.03619785541050646,-6.094342097640038e-08,0.03670252382289618,0.005047814772088589,0.04679799835791037,-0.03670236881373318,3.698464158042043
tau6_r35_o37_h1,recovery,paired_increment,S-F,-0.3078552451916039,-0.00423309298366803,-5.745096132159233e-08,-14.40633450155125,-0.3069925549789332,-14.713327071509411,14.40633450174937,0.003370207330874564,-0.30362215219065547,-0.3036223624291665,-2.676970325410366e-07,0.3078552451916039,0.05927394970843461,0.42632059503182207,-0.30777269561495285,31.030720708642548
tau6_r35_o37_h1,post_deadline,absolute_branch,F,130899.9677974935,899.9703407033944,130000.00000024139,0.0,130000.00000254676,2.293752913828939e-06,0.0,-2.478176185150005e-06,129999.99745679011,-1.8442327132106584e-07,0.002543266862630844,,,,,
tau6_r35_o37_h1,post_deadline,absolute_branch,L,130899.96779737069,899.9703407016987,130000.00000024971,0.0,130000.00000243238,2.177686837967485e-06,0.0,-2.478586850429565e-06,129999.99745666899,-3.0090001246207976e-07,0.0025432798138353974,,,,,
tau6_r35_o37_h1,post_deadline,absolute_branch,S,130899.96778452053,899.9703405258747,130000.00000039133,2.4425762133452655e-05,129999.99998970213,1.3864599168300629e-05,-2.4417349777650088e-05,-2.3921429033180175e-06,129999.99744399465,-1.2944893512667477e-05,0.002543451788369566,,,,,
tau6_r35_o37_h1,post_deadline,paired_increment,S-L,-1.2850156053900719e-05,-1.7582397049409337e-07,1.416192390024662e-07,2.4425762133452655e-05,-1.2730248272418976e-05,1.1686912330333143e-05,-2.4417349777650088e-05,8.644394711154746e-08,-1.267433981411159e-05,-1.2643993500205397e-05,1.7197453416883945e-07,1.2850156053900719e-05,0.0,1.2827107140910884e-05,-1.2827107140910884e-05,0.000486770204737752
tau6_r35_o37_h1,post_deadline,paired_increment,L-F,-1.2281816452741623e-07,-1.6957528714556247e-09,8.32369551062584e-09,0.0,-1.1437805369496346e-07,-1.1606607586145401e-07,0.0,-4.106652795599075e-10,-1.211155904456973e-07,-1.1647674114101392e-07,1.2951204553246498e-08,1.2281816452741623e-07,5.181834567338178e-09,1.2916280841454965e-07,-1.1879913927987332e-07,2.4027104124968446e-05
tau6_r35_o37_h1,post_deadline,paired_increment,S-F,-1.2972974218428135e-05,-1.77519723365549e-07,1.4994293451309204e-07,2.4425762133452655e-05,-1.284462632611394e-05,1.157084625447169e-05,-2.4417349777650088e-05,8.603328183198755e-08,-1.2795455404557288e-05,-1.2760470241346411e-05,1.8492573872208595e-07,1.2972974218428135e-05,0.0,1.294590628019076e-05,-1.294590628019076e-05,0.0005107973088627205
tau6_r35_o37_h1,declared_onset_total,absolute_branch,F,589049.8557827271,4049.8665936634484,585000.0000039949,0.0,585000.0000055669,4.373119736555964e-06,0.0,-4.5599343252433755e-06,584999.9891890637,-1.8681458868741174e-07,0.010814744397066534,,,,,
tau6_r35_o37_h1,declared_onset_total,absolute_branch,L,589115.4592141212,4115.51502704126,585000.0000039679,0.0,585000.5656399155,0.5656387328708661,0.0,-0.6106313255468763,584999.9441870799,-0.04499259267601019,0.010824295342899859,,,,,
tau6_r35_o37_h1,declared_onset_total,absolute_branch,S,589184.5488329034,4184.489360857506,585000.0000040926,-2.2957465835654962e-07,584999.1479752219,-0.8520262219826691,2.3603206500411034e-07,0.9223227644394569,585000.0594720459,0.07029677848885285,0.010828825179487467,,,,,
tau6_r35_o37_h1,declared_onset_total,paired_increment,S-L,69.0896187821636,68.97433381624614,1.2468080967664719e-07,-2.2957465835654962e-07,-1.4176646936684847,-1.4176649548535352,2.3603206500411034e-07,1.5329540899863332,0.1152849659556523,0.11528937116486304,4.5298365876078606e-06,69.0896187821636,14248.852519613447,28428.5835173289,69.12152189800153,27.332273163598074
tau6_r35_o37_h1,declared_onset_total,paired_increment,L-F,65.60343139409088,65.64843337781122,-2.7008354663848877e-08,0.0,0.5656343486625701,0.5656343597511295,0.0,-0.610626765612551,-0.04500198375899345,-0.0449924058614215,9.550945833325386e-06,65.60343139409088,10678.479803815033,21291.423109401512,65.53649822854135,3.698464158042043
tau6_r35_o37_h1,declared_onset_total,paired_increment,S-F,134.69305017625447,134.62276719405736,9.767245501279831e-08,-2.2957465835654962e-07,-0.8520303450059146,-0.8520305951024056,2.3603206500411034e-07,0.9223273243737822,0.07028298219665885,0.07029696530344154,1.4080782420933247e-05,134.69305017625447,3635.9863476898877,7137.314675253231,134.65802012654297,31.030720708642548
tau6_r35_o37_h1,checkpoint_total,absolute_branch,F,589074.0920184983,4050.0333392417247,585024.0500039948,0.0,585028.4935297404,4.4435285467225185,0.0,-4.424038527334147,585024.0586792566,0.019490019388371138,0.010814757668413222,,,,,
tau6_r35_o37_h1,checkpoint_total,absolute_branch,L,589139.7410697336,4115.682400022727,585024.0500039678,0.0,585028.4935297477,4.443528565127053,0.0,-4.424038527592074,585024.0586697109,0.01949003753497891,0.010824294527992606,,,,,
tau6_r35_o37_h1,checkpoint_total,absolute_branch,S,589208.7137941997,4184.655128619998,585024.0500040925,-2.2957465835654962e-07,585028.4935300696,4.443528625892213,2.3603206500411034e-07,-4.424038529553286,585024.0586655798,0.01949033237099229,0.0108288450865075,,,,,
tau6_r35_o37_h1,checkpoint_total,paired_increment,S-L,68.97272446611896,68.97272859727127,1.2468080967664719e-07,-2.2957465835654962e-07,3.2188836485147476e-07,6.076516001485288e-08,2.3603206500411034e-07,-1.961211637535598e-09,-4.131114110350609e-06,2.948360133814276e-07,4.550558514893055e-06,68.97272446611896,14248.852519613447,28428.732314749373,68.9727244775278,27.332273163598074
tau6_r35_o37_h1,checkpoint_total,paired_increment,L-F,65.64905123529024,65.64906078100239,-2.7008354663848877e-08,0.0,7.334165275096893e-09,1.8404534785076976e-08,0.0,-2.5792701308091637e-10,-9.545707143843174e-06,1.814660777199606e-08,9.536859579384327e-06,65.64905123529024,10678.592356803401,21291.53566238988,65.6490512169101,3.698464158042043
tau6_r35_o37_h1,checkpoint_total,paired_increment,S-F,134.6217757014092,134.62178937827366,9.767245501279831e-08,-2.2957465835654962e-07,3.2922253012657166e-07,7.916969479992986e-08,2.3603206500411034e-07,-2.2191386506165145e-09,-1.3676821254193783e-05,3.129826211534237e-07,1.4087418094277382e-05,134.6217757014092,3635.9863476898877,7137.3509196853365,134.62177569443799,31.030720708642548
tau6_r35_o37_h05,pre_onset,absolute_branch,F,24.236236018867068,0.16674559937399075,24.049999999897807,0.0,28.4935244802277,4.443524480317137,0.0,-4.4240340587980995,24.06949041949308,0.01949042151903768,1.923766035361041e-09,,,,,
tau6_r35_o37_h05,pre_onset,absolute_branch,L,24.28185585305061,0.1673730052206894,24.049999999897803,0.0,27.92789013809712,3.877890138195653,0.0,-3.813407290114867,24.114482847829922,0.06448284808078597,1.4866685660308576e-10,,,,,
tau6_r35_o37_h05,pre_onset,absolute_branch,S,24.16496154774851,0.16576778231704709,24.049999999897757,0.0,29.345555122005482,5.295555122102087,0.0,-5.3463613528904546,23.999193765431464,-0.05080623078836766,3.6779255196961458e-09,,,,,
tau6_r35_o37_h05,pre_onset,paired_increment,S-L,-0.11689430530210032,-0.0016052229036423171,-4.618527782440651e-14,0.0,1.417664983908363,1.417664983906434,0.0,-1.5329540627755875,-0.11528908239845848,-0.11528907886915363,3.52925866309306e-09,0.11689430530210032,0.0,0.14879731848599664,-0.14879731848599664,0.0
tau6_r35_o37_h05,pre_onset,paired_increment,L-F,0.04561983418354387,0.0006274058466986532,-3.552713678800501e-15,0.0,-0.5656343421305792,-0.5656343421214842,0.0,0.6106267686832325,0.044992428336843915,0.04499242656174829,-1.775099178757955e-09,0.04561983418354387,0.11255298041386123,0.11255298041386123,0.11255298041386123,0.0
tau6_r35_o37_h05,pre_onset,paired_increment,S-F,-0.07127447111855645,-0.000977817056943664,-4.973799150320701e-14,0.0,0.8520306417777839,0.8520306417849497,0.0,-0.922327294092355,-0.07029665406161456,-0.07029665230740534,1.754159484335105e-09,0.07127447111855645,0.0,0.03624433807213541,-0.03624433807213541,0.0
tau6_r35_o37_h05,service,absolute_branch,F,130898.50933323824,899.9504562462464,130000.00000028266,0.0,129998.55985318388,-1.4401470902121218,0.0,-0.0003307143097970311,129998.55887699199,-1.4404778045219189,0.0006454861431848258,,,,,
tau6_r35_o37_h05,service,absolute_branch,L,130964.14947142088,965.5993943810049,130000.00000027369,0.0,129999.1616431788,-0.8383570929145208,0.0,-0.6109193708369958,129998.55007703988,-1.4492764637515165,0.0006467700586654246,,,,,
tau6_r35_o37_h05,service,absolute_branch,S,131033.51028078698,1034.5774770743292,130000.00000027624,14.406313859769057,129998.01482628241,12.421139870788465,-14.406313861793024,0.9186262686033047,129998.93280371265,-1.0665477224012534,0.0006488411891041324,,,,,
tau6_r35_o37_h05,service,paired_increment,S-L,69.36080936610233,68.97808269332427,2.546585164964199e-09,14.406313859769057,-1.1468168963911012,13.259496963702986,-14.406313861793024,1.5295456394403004,0.38272667277487926,0.38272874135026314,2.071130438707769e-06,69.36080936610233,14248.79786104567,28428.20309211169,69.39262997965035,0.0
tau6_r35_o37_h05,service,paired_increment,L-F,65.64013818264357,65.64893813475851,-8.96397978067398e-09,0.0,0.6017899949220009,0.6017899972976011,0.0,-0.6105886565271987,-0.008799952105619013,-0.00879865922959766,1.2839154805988073e-06,65.64013818264357,10678.474776108615,21291.376347364218,65.57320485300873,0.0
tau6_r35_o37_h05,service,paired_increment,S-F,135.0009475487459,134.62702082808278,-6.417394615709782e-09,14.406313859769057,-0.5450269014691003,13.861286961000587,-14.406313861793024,0.9189569829131017,0.37392672066926025,0.3739300821206655,3.3550459193065763e-06,135.0009475487459,3635.9270831173444,7136.8883314020295,134.96583483265874,0.0
tau6_r35_o37_h05,recovery,absolute_branch,F,327251.3854203205,2249.946437846722,324999.9999959909,0.0,325001.44015172514,1.440151050381246,0.0,0.0003266295503578931,325001.4389824738,1.440477679931604,0.0014911970356479287,,,,,
tau6_r35_o37_h05,recovery,absolute_branch,L,327251.34872203355,2249.9459332118868,324999.9999961349,0.0,325001.40399620385,1.4039955287407793,0.0,0.00028851726955281265,325001.40278882167,1.404284046010332,0.0014913592603988945,,,,,
tau6_r35_o37_h05,recovery,absolute_branch,S,327251.07756691036,2249.9422047791622,324999.9999960104,-14.406338512621256,325001.1331611613,-13.273178045517852,14.406338516128017,0.0036968523704103973,325001.1353621312,1.1368573229805747,0.00149120221612975,,,,,
tau6_r35_o37_h05,recovery,paired_increment,S-L,-0.27115512319142,-0.0037284327245288296,-1.2450618669390678e-07,-14.406338512621256,-0.27083504252368584,-14.677173574258632,14.406338516128017,0.0034083351008575846,-0.267426690494176,-0.26742672302975734,-1.5704426914453506e-07,0.27115512319142,0.0546846501853598,0.38044202119454795,-0.2710727208238283,27.33250044959823
tau6_r35_o37_h05,recovery,paired_increment,L-F,-0.03669828694546595,-0.0005046348351243068,1.4400575309991837e-07,0.0,-0.036155521287582815,-0.03615552164046676,0.0,-3.8112280805080445e-05,-0.03619365213671699,-0.03619363392127184,1.6222475096583366e-07,0.03669828694546595,0.005047194667585585,0.04679247940216451,-0.036698090066993344,3.6980328971076233
tau6_r35_o37_h05,recovery,paired_increment,S-F,-0.30785341013688594,-0.004233067559653136,1.949956640601158e-08,-14.406338512621256,-0.30699056381126866,-14.713329095899098,14.406338516128017,0.003370222820052504,-0.303620342630893,-0.3036203569510292,5.180481821298599e-09,0.30785341013688594,0.05927386146665,0.42631853382412177,-0.3077708108908218,31.030516591585183
tau6_r35_o37_h05,post_deadline,absolute_branch,F,130899.96989215154,899.9705382806765,130000.00000015093,0.0,130000.00000059872,2.9264992917887866e-07,0.0,-4.7405214331774914e-07,129999.99935387087,-1.8140221413887048e-07,0.0006460986624006182,,,,,
tau6_r35_o37_h05,post_deadline,absolute_branch,L,130899.96989203594,899.9705382790685,130000.0000001599,0.0,130000.00000047468,1.7729325918480754e-07,0.0,-4.7402249947481323e-07,129999.99935375687,-2.967292402900057e-07,0.0006461063021561131,,,,,
tau6_r35_o37_h05,post_deadline,absolute_branch,S,130899.9698791714,899.9705381033946,130000.0000003922,2.4419298098606846e-05,129999.99998776929,1.1876480130013078e-05,-2.4374749045819044e-05,-3.9000639162622974e-07,129999.999341068,-1.2888275307432195e-05,0.0006464359175879508,,,,,
tau6_r35_o37_h05,post_deadline,paired_increment,S-L,-1.2864533346146345e-05,-1.7567390386830084e-07,2.3230677470564842e-07,2.4419298098606846e-05,-1.2705393601208925e-05,1.1699186870828271e-05,-2.4374749045819044e-05,8.401610784858349e-08,-1.26888626255095e-05,-1.259154606714219e-05,3.2961543183773756e-07,1.2864533346146345e-05,0.0,1.2811572522972776e-05,-1.2811572522972776e-05,0.00048642782874708246
tau6_r35_o37_h05,post_deadline,paired_increment,L-F,-1.1560041457414627e-07,-1.6079866327345371e-09,8.96397978067398e-09,0.0,-1.2404052540659904e-07,-1.1535666999407113e-07,0.0,2.964384293591138e-11,-1.1399970389902592e-07,-1.1532702615113521e-07,7.639755494892597e-09,1.1560041457414627e-07,6.7441025748846926e-09,1.2965004972647916e-07,-1.1616184457670974e-07,2.4052582219269425e-05
tau6_r35_o37_h05,post_deadline,paired_increment,S-F,-1.2980133760720491e-05,-1.7728189050103538e-07,2.412707544863224e-07,2.4419298098606846e-05,-1.2829434126615524e-05,1.15838302008342e-05,-2.4374749045819044e-05,8.40457516915194e-08,-1.2802862329408526e-05,-1.2706873093293325e-05,3.3725518733263016e-07,1.2980133760720491e-05,0.0,1.2927734367549486e-05,-1.2927734367549486e-05,0.0005104804109663519
tau6_r35_o37_h05,declared_onset_total,absolute_branch,F,589049.8646457103,4049.867432373645,584999.9999964244,0.0,585000.0000055077,4.252819053363055e-06,0.0,-4.558811582455746e-06,584999.9972133366,-3.0599252909269126e-07,0.0027827818412333727,,,,,
tau6_r35_o37_h05,declared_onset_total,absolute_branch,L,589115.4680854904,4115.51586587196,584999.9999965684,0.0,585000.5656398573,0.5656386131195177,0.0,-0.6106313275899424,584999.9522196185,-0.044992714470424744,0.0027842355193570256,,,,,
tau6_r35_o37_h05,declared_onset_total,absolute_branch,S,589184.5577268688,4184.490219956886,584999.9999966788,-2.3355410090910513e-07,584999.147975213,-0.8520262982492568,2.795859472826123e-07,0.9223227309673234,585000.0675069119,0.07029671230401391,0.002786479191854596,,,,,
tau6_r35_o37_h05,declared_onset_total,paired_increment,S-L,69.08964137837756,68.97435408492584,1.103617250919342e-07,-2.3355410090910513e-07,-1.4176646443083882,-1.4176649113687745,2.795859472826123e-07,1.5329540585572659,0.11528729344718158,0.11528942677443865,2.2436724975705147e-06,69.08964137837756,14248.852545695856,28428.583546944454,69.12154444725401,27.33250044959823
tau6_r35_o37_h05,declared_onset_total,paired_increment,L-F,65.60343978006858,65.64843349831517,1.4400575309991837e-07,0.0,0.5656343495938927,0.5656343603004643,0.0,-0.61062676877836,-0.04499371815472841,-0.04499240847789565,1.453678123652935e-06,65.60343978006858,10678.479823310026,21291.42313997327,65.53650664677988,3.6980328971076233
tau6_r35_o37_h05,declared_onset_total,paired_increment,S-F,134.69308115844615,134.622787583241,2.5436747819185257e-07,-2.3355410090910513e-07,-0.8520302947144955,-0.8520305510683102,2.795859472826123e-07,0.9223272897789059,0.07029357529245317,0.070297018296543,3.6973506212234497e-06,134.69308115844615,3635.9863569788113,7137.314662863587,134.65805109403354,31.030516591585183
tau6_r35_o37_h05,checkpoint_total,absolute_branch,F,589074.1008817292,4050.034177973019,585024.0499964243,0.0,585028.493529988,4.443528733136191,0.0,-4.424038617609682,585024.0667037561,0.01949011552650859,0.0027827838202938437,,,,,
tau6_r35_o37_h05,checkpoint_total,absolute_branch,L,589139.7499413434,4115.683238877181,585024.0499965684,0.0,585028.4935299954,4.443528751315171,0.0,-4.424038617704809,585024.0667024662,0.019490133610361227,0.0027842357521876693,,,,,
tau6_r35_o37_h05,checkpoint_total,absolute_branch,S,589208.7226884165,4184.655987739203,585024.0499966787,-2.3355410090910513e-07,585028.493530335,4.44352882385283,2.795859472826123e-07,-4.424038621923131,585024.0667006773,0.019490481515646252,0.0027864829171448946,,,,,
tau6_r35_o37_h05,checkpoint_total,paired_increment,S-L,68.97274707304314,68.97274886202194,1.103617250919342e-07,-2.3355410090910513e-07,3.3958349376916885e-07,7.253765943460166e-08,2.795859472826123e-07,-4.218321691951132e-09,-1.7889542505145073e-06,3.4790528502526286e-07,2.2471649572253227e-06,68.97274707304314,14248.852545695856,28428.73234426294,68.972747128768,27.33250044959823
tau6_r35_o37_h05,checkpoint_total,paired_increment,L-F,65.64905961428303,65.64906090416207,1.4400575309991837e-07,0.0,7.450580596923828e-09,1.817898009903729e-08,0.0,-9.512746146356221e-11,-1.2898817658424377e-06,1.8083852637573727e-08,1.451931893825531e-06,65.64905961428303,10678.592376290439,21291.535692953683,65.64905962719378,3.6980328971076233
tau6_r35_o37_h05,checkpoint_total,paired_increment,S-F,134.62180668732617,134.62180976618401,2.5436747819185257e-07,-2.3355410090910513e-07,3.470340743660927e-07,9.071663953363895e-08,2.795859472826123e-07,-4.313449153414695e-09,-3.078836016356945e-06,3.659891376628366e-07,3.6990968510508537e-06,134.62180668732617,3635.9863569788113,7137.350907201658,134.62180675596142,31.030516591585183
tau6_r35_o73_h1,pre_onset,absolute_branch,F,47.87182555723889,0.32974629749533213,47.449999999993345,0.0,45.8800228410811,-1.569977158884285,0.0,1.66205752690405,47.54207925974356,0.09208036801976505,1.1082695507980134e-06,,,,,
tau6_r35_o73_h1,pre_onset,absolute_branch,L,47.87182555723889,0.32974629749533213,47.449999999993345,0.0,45.8800228410811,-1.569977158884285,0.0,1.66205752690405,47.54207925974356,0.09208036801976505,1.1082695507980134e-06,,,,,
tau6_r35_o73_h1,pre_onset,absolute_branch,S,47.87182555723889,0.32974629749533213,47.449999999993345,0.0,45.8800228410811,-1.569977158884285,0.0,1.66205752690405,47.54207925974356,0.09208036801976505,1.1082695507980134e-06,,,,,
tau6_r35_o73_h1,pre_onset,paired_increment,S-L,0.0,0.0,0.0,0.0,0.0,0.0,0.0,0.0,0.0,0.0,0.0,0.0,0.0,0.0,0.0,0.0
tau6_r35_o73_h1,pre_onset,paired_increment,L-F,0.0,0.0,0.0,0.0,0.0,0.0,0.0,0.0,0.0,0.0,0.0,0.0,3.846448578405585e-08,3.846448578405585e-08,3.846448578405585e-08,0.0
tau6_r35_o73_h1,pre_onset,paired_increment,S-F,0.0,0.0,0.0,0.0,0.0,0.0,0.0,0.0,0.0,0.0,0.0,0.0,3.846448578405585e-08,3.846448578405585e-08,3.846448578405585e-08,0.0
tau6_r35_o73_h1,service,absolute_branch,F,130898.50720045282,899.9502582538792,130000.00000027429,0.0,129998.56018503071,-1.43981524663468,0.0,-0.0007014494296129214,129998.55694219893,-1.440516696064293,0.002541379290050827,,,,,
tau6_r35_o73_h1,service,absolute_branch,L,130964.20937878247,965.6440821736527,130000.00000028394,0.0,129998.56860177281,-1.4313985017652158,0.0,-0.0007561772032147474,129998.56529660882,-1.4321546789684305,0.00254899614083115,,,,,
tau6_r35_o73_h1,service,absolute_branch,S,131033.43224333091,1034.6667226028153,130000.00000027678,14.406311166824171,129998.76773607334,13.174046963831643,-14.406311165861553,0.0003382716088538018,129998.76552072809,-1.2319259304210561,0.0025536182656651363,,,,,
tau6_r35_o73_h1,service,paired_increment,S-L,69.22286454844289,69.0226404291626,-7.159542292356491e-09,14.406311166824171,0.19913430052110925,14.605445465596858,-14.406311165861553,0.0010944488120685492,0.20022411926765926,0.20022874854737438,4.622124833986163e-06,69.22286454844289,14249.98937424376,28430.75601758639,69.22273090112974,0.0
tau6_r35_o73_h1,service,paired_increment,L-F,65.70217832965136,65.69382391977354,9.647919796407223e-09,0.0,0.008416742100962438,0.00841674486946431,0.0,-5.47277736018259e-05,0.008354409888852388,0.008362017095862484,7.616850780323148e-06,65.70217832965136,10680.002465906986,21294.302753603297,65.70217821067001,0.0
tau6_r35_o73_h1,service,paired_increment,S-F,134.92504287809425,134.71646434893614,2.4883775040507317e-09,14.406311166824171,0.2075510426220717,14.613862210466323,-14.406311165861553,0.0010397210384667233,0.20857852915651165,0.20859076564323686,1.2238975614309311e-05,134.92504287809425,3636.051430055005,7137.17795099821,134.9249091117993,0.0
tau6_r35_o73_h1,recovery,absolute_branch,F,327251.3807830315,2249.9459946955803,325000.0000035076,0.0,325001.43982837663,1.4398277175496332,0.0,0.0006878600183597428,325001.43478833593,1.440515577567993,0.0057307492243126035,,,,,
tau6_r35_o73_h1,recovery,absolute_branch,L,327251.3723053989,2249.945878048984,325000.0000034408,0.0,325001.4314126533,1.4314119989576284,0.0,0.0007425811236316804,325001.4264273499,1.43215458008126,0.005730670935008675,,,,,
tau6_r35_o73_h1,recovery,absolute_branch,S,327251.1692975812,2249.9430864705137,325000.00000356516,-14.406335945385386,325001.23229081044,-13.1740458258937,14.406335947307525,-0.000351960488842451,325001.22621111065,1.231938160924983,0.005730615404900163,,,,,
tau6_r35_o73_h1,recovery,paired_increment,S-L,-0.20300781773403287,-0.0027915784703509416,1.2438977137207985e-07,-14.406335945385386,-0.1991218428593129,-14.605457824851328,14.406335947307525,-0.0010945416124741314,-0.20021623926004395,-0.20021641915627697,-5.5530108511447906e-08,0.20300781773403287,0.043764464862046215,0.29040311566675714,-0.2028741859426648,20.460236145932896
tau6_r35_o73_h1,recovery,paired_increment,L-F,-0.008477632596623152,-0.00011664659632515395,-6.682239472866058e-08,0.0,-0.008415723335929215,-0.00841571859200485,0.0,5.472110527193763e-05,-0.008360986015759408,-0.008360997486732913,-7.828930392861366e-08,0.008477632596623152,0.001893743287806865,0.012265049625773263,-0.008477563050159533,0.8542438535114059
tau6_r35_o73_h1,recovery,paired_increment,S-F,-0.21148545033065602,-0.0029082250666760956,5.7567376643419266e-08,-14.406335945385386,-0.2075375661952421,-14.613873543443333,14.406335947307525,-0.0010398205072021938,-0.20857722527580336,-0.20857741664300988,-1.3381941244006157e-07,0.21148545033065602,0.045648254679071264,0.3026482583509668,-0.2113517489928243,21.314406447339962
tau6_r35_o73_h1,post_deadline,absolute_branch,F,130899.967797597,899.9703407050274,130000.00000025897,0.0,130000.00000271614,2.461616531945765e-06,0.0,-2.554544693111893e-06,129999.99745689197,-9.292816116612812e-08,0.002543274065828882,,,,,
tau6_r35_o73_h1,post_deadline,absolute_branch,L,130899.96779658028,899.9703406912372,130000.00000030693,0.0,130000.00000172749,1.4726574590895325e-06,0.0,-2.5485547610060166e-06,129999.99745588905,-1.0758973019164841e-06,0.002543341979617253,,,,,
tau6_r35_o73_h1,post_deadline,absolute_branch,S,130899.96778435935,899.9703405239193,130000.00000038353,2.4549991135930833e-05,129999.99998960574,1.3893477444071323e-05,-2.4544642656110227e-05,-2.457580080772459e-06,129999.99744383544,-1.3108745292811363e-05,0.002543439346482046,,,,,
tau6_r35_o73_h1,post_deadline,paired_increment,S-L,-1.2220931239426136e-05,-1.6731792129576206e-07,7.660128176212311e-08,2.4549991135930833e-05,-1.2121745385229588e-05,1.242081998498179e-05,-2.4544642656110227e-05,9.097468023355759e-08,-1.2053613318130374e-05,-1.203284799089488e-05,9.73668647930026e-08,1.2220931239426136e-05,0.0,1.2206333506270446e-05,-1.2206333506270446e-05,0.0004867098305965101
tau6_r35_o73_h1,post_deadline,paired_increment,L-F,-1.0167132131755352e-06,-1.3790213415632024e-08,4.7963112592697144e-08,0.0,-9.88657120615244e-07,-9.889590728562325e-07,0.0,5.989932105876505e-09,-1.0029179975390434e-06,-9.82969140750356e-07,6.79137883707881e-08,1.0167132131755352e-06,1.2791831977668308e-09,9.990032844944031e-07,-9.964449180988695e-07,5.2580735172114146e-05
tau6_r35_o73_h1,post_deadline,paired_increment,S-F,-1.3237644452601671e-05,-1.8110813471139409e-07,1.2456439435482025e-07,2.4549991135930833e-05,-1.3110402505844831e-05,1.1431860912125558e-05,-2.4544642656110227e-05,9.69646123394341e-08,-1.3056531315669417e-05,-1.3015817131645235e-05,1.652806531637907e-07,1.3237644452601671e-05,0.0,1.3202778424369314e-05,-1.3202778424369314e-05,0.0005392905657686242
tau6_r35_o73_h1,declared_onset_total,absolute_branch,F,589049.8557810814,4049.866593654487,585000.0000040409,0.0,585000.0000161235,1.4932531485101208e-05,0.0,-1.614395594629059e-05,584999.9891874269,-1.211424461189381e-06,0.010815402609296143,,,,,
tau6_r35_o73_h1,declared_onset_total,absolute_branch,L,589115.5494807618,4115.560300913874,585000.0000040317,0.0,585000.0000161537,1.4969849871704355e-05,0.0,-1.6144634344072983e-05,584999.9891798479,-1.1747844723686285e-06,0.010823009070008993,,,,,
tau6_r35_o73_h1,declared_onset_total,absolute_branch,S,589184.5693252715,4184.580149597248,585000.0000042255,-2.2857007922703814e-07,585000.0000164895,1.5031415387056768e-05,2.3680331651121378e-07,-1.6146460069421664e-05,584999.9891756743,-8.782413658536825e-07,0.010827673017047346,,,,,
tau6_r35_o73_h1,declared_onset_total,paired_increment,S-L,69.01984450977761,69.01984868337422,1.9383151084184647e-07,-2.2857007922703814e-07,3.3585820347070694e-07,6.156551535241306e-08,2.3680331651121378e-07,-1.8257253486808622e-09,-4.17360570281744e-06,2.96543106514946e-07,4.6639470383524895e-06,69.01984450977761,14250.033138708623,28431.04643290839,69.01984450885355,20.460236145932896
tau6_r35_o73_h1,declared_onset_total,paired_increment,L-F,65.69369968038518,65.69370725938688,-9.19681042432785e-09,0.0,3.015156835317612e-08,3.731838660314679e-08,0.0,-6.783977823943133e-10,-7.578986696898937e-06,3.663998882075248e-08,7.606460712850094e-06,65.69369968038518,10680.004359651552,21294.31501965192,65.69369965117495,0.8542438535114059
tau6_r35_o73_h1,declared_onset_total,paired_increment,S-F,134.7135441901628,134.7135559427611,1.8463470041751862e-07,-2.2857007922703814e-07,3.6600977182388306e-07,9.888390195555985e-08,2.3680331651121378e-07,-2.5041231310751755e-09,-1.1752592399716377e-05,3.3318309533569845e-07,1.2270407751202583e-05,134.7135441901628,3636.097078309683,7137.48061245934,134.71354416002802,21.314406447339962
tau6_r35_o73_h1,checkpoint_total,absolute_branch,F,589097.7276066386,4050.1963399519823,585047.4500040408,0.0,585045.8800389646,-1.5699622263528,0.0,1.6620413829481038,585047.5312666866,0.09207915659530386,0.010816510766744614,,,,,
tau6_r35_o73_h1,checkpoint_total,absolute_branch,L,589163.421306319,4115.890047211369,585047.4500040316,0.0,585045.8800389947,-1.5699621890344133,0.0,1.662041382269706,585047.5312591076,0.09207919323529268,0.010824117227457464,,,,,
tau6_r35_o73_h1,checkpoint_total,absolute_branch,S,589232.4411508287,4184.909895894743,585047.4500042255,-2.2857007922703814e-07,585045.8800393306,-1.569962127468898,2.3680331651121378e-07,1.6620413804439806,585047.531254934,0.09207948977839919,0.010828781174495816,,,,,
tau6_r35_o73_h1,checkpoint_total,paired_increment,S-L,69.01984450977761,69.01984868337422,1.9383151084184647e-07,-2.2857007922703814e-07,3.3585820347070694e-07,6.156551535241306e-08,2.3680331651121378e-07,-1.8257253486808622e-09,-4.17360570281744e-06,2.96543106514946e-07,4.6639470383524895e-06,69.01984450977761,14250.033138708623,28431.04643290839,69.01984450885355,20.460236145932896
tau6_r35_o73_h1,checkpoint_total,paired_increment,L-F,65.69369968038518,65.69370725938688,-9.19681042432785e-09,0.0,3.015156835317612e-08,3.731838660314679e-08,0.0,-6.783977823943133e-10,-7.578986696898937e-06,3.663998882075248e-08,7.606460712850094e-06,65.69369968038518,10680.004359690016,21294.315019690384,65.69369968963947,0.8542438535114059
tau6_r35_o73_h1,checkpoint_total,paired_increment,S-F,134.7135441901628,134.7135559427611,1.8463470041751862e-07,-2.2857007922703814e-07,3.6600977182388306e-07,9.888390195555985e-08,2.3680331651121378e-07,-2.5041231310751755e-09,-1.1752592399716377e-05,3.3318309533569845e-07,1.2270407751202583e-05,134.7135441901628,3636.097078348148,7137.480612497805,134.7135441984925,21.314406447339962
tau6_r35_o73_h05,pre_onset,absolute_branch,F,47.87182634069264,0.3297463671796226,47.44999999999332,0.0,45.880022686705445,-1.5699773133273993,0.0,1.6620575633670853,47.54207997351302,0.092080250039686,2.765199837995169e-07,,,,,
tau6_r35_o73_h05,pre_onset,absolute_branch,L,47.87182634069264,0.3297463671796226,47.44999999999332,0.0,45.880022686705445,-1.5699773133273993,0.0,1.6620575633670853,47.54207997351302,0.092080250039686,2.765199837995169e-07,,,,,
tau6_r35_o73_h05,pre_onset,absolute_branch,S,47.87182634069264,0.3297463671796226,47.44999999999332,0.0,45.880022686705445,-1.5699773133273993,0.0,1.6620575633670853,47.54207997351302,0.092080250039686,2.765199837995169e-07,,,,,
tau6_r35_o73_h05,pre_onset,paired_increment,S-L,0.0,0.0,0.0,0.0,0.0,0.0,0.0,0.0,0.0,0.0,0.0,0.0,0.0,0.0,0.0,0.0
tau6_r35_o73_h05,pre_onset,paired_increment,L-F,0.0,0.0,0.0,0.0,0.0,0.0,0.0,0.0,0.0,0.0,0.0,0.0,3.861406468785757e-08,3.861406468785757e-08,3.861406468785757e-08,0.0
tau6_r35_o73_h05,pre_onset,paired_increment,S-F,0.0,0.0,0.0,0.0,0.0,0.0,0.0,0.0,0.0,0.0,0.0,0.0,3.861406468785757e-08,3.861406468785757e-08,3.861406468785757e-08,0.0
tau6_r35_o73_h05,service,absolute_branch,F,130898.50927010972,899.9504553659365,130000.00000029174,0.0,129998.56016211378,-1.439838163609238,0.0,-0.0007014673967660201,129998.55881474378,-1.4405396310060041,0.0006459169526351616,,,,,
tau6_r35_o73_h05,service,absolute_branch,L,130964.21145215245,965.6442793307089,130000.00000028519,0.0,129998.56857559654,-1.4314246757639921,0.0,-0.0007561946596297275,129998.56717282174,-1.4321808704236219,0.0006465930200647563,,,,,
tau6_r35_o73_h05,service,absolute_branch,S,131033.43434151892,1034.666940031223,130000.00000025291,14.406314166867292,129998.76771207711,13.174025969299691,-14.406314167543314,0.0003382389472790237,129998.7674014877,-1.2319499592963439,0.0006488059152616188,,,,,
tau6_r35_o73_h05,service,paired_increment,S-L,69.22288936647237,69.02266070051417,-3.227614797651768e-08,14.406314166867292,0.19913648057263345,14.605450645063684,-14.406314167543314,0.0010944336069087512,0.2002286659553647,0.20023091112727798,2.2128951968625188e-06,69.22288936647237,14249.989397788988,28430.756039857955,69.22275572002172,0.0
tau6_r35_o73_h05,service,paired_increment,L-F,65.7021820427326,65.69382396477238,-6.548361852765083e-09,0.0,0.008413482762989588,0.008413487845245982,0.0,-5.472726286370744e-05,0.008358077961020172,0.008358760582382274,6.760674295946956e-07,65.7021820427326,10680.002486198178,21294.30279047483,65.70218192152784,0.0
tau6_r35_o73_h05,service,paired_increment,S-F,134.92507140920497,134.71648466528654,-3.882450982928276e-08,14.406314166867292,0.20754996333562303,14.61386413290893,-14.406314167543314,0.0010397063440450438,0.20858674391638488,0.20858967170966025,2.8889626264572144e-06,134.92507140920497,3636.051438080229,7137.17793851891,134.9249376415492,0.0
tau6_r35_o73_h05,recovery,absolute_branch,F,327251.3854819675,2249.946438698901,324999.99999599886,0.0,325001.43985332875,1.4398526540971943,0.0,0.0006858139543908237,325001.43904326856,1.4405384680515851,0.0014911983744241297,,,,,
tau6_r35_o73_h05,recovery,absolute_branch,L,327251.37700762687,2249.94632209755,324999.9999961406,0.0,325001.4314408709,1.4314401920164528,0.0,0.0007405347271003393,325001.4306855293,1.4321807267435531,0.0014913380146026611,,,,,
tau6_r35_o73_h05,recovery,absolute_branch,S,327251.17399744,2249.9435304868007,324999.9999960853,-14.40633894802879,325001.2323168308,-13.17402281107934,14.406338948421762,-0.00035399200322672186,325001.23046695325,1.231962145339196,0.0014912774204276502,,,,,
tau6_r35_o73_h05,recovery,paired_increment,S-L,-0.2030101868440397,-0.0027916107492274023,-5.529727786779404e-08,-14.40633894802879,-0.19912404014030471,-14.605463003095792,14.406338948421762,-0.0010945267303270612,-0.20021857606479898,-0.2002185814043571,-6.059417501091957e-08,0.2030101868440397,0.04376496986453378,0.29040645585037705,-0.20287651612130952,20.460457879844398
tau6_r35_o73_h05,recovery,paired_increment,L-F,-0.00847434060415253,-0.0001166013512374775,1.4173565432429314e-07,0.0,-0.008412457827944309,-0.008412462080741534,0.0,5.4720772709515586e-05,-0.008357739250641316,-0.008357741308032018,1.396401785314083e-07,0.00847434060415253,0.0018933038594317623,0.012260870433503459,-0.008474262714639934,0.8539116624979215
tau6_r35_o73_h05,recovery,paired_increment,S-F,-0.21148452744819224,-0.0029082121004648798,8.64383764564991e-08,-14.40633894802879,-0.20753649796824902,-14.613875465176534,14.406338948421762,-0.0010398059576175456,-0.2085763153154403,-0.20857632271238913,7.904600352048874e-08,0.21148452744819224,0.045648306674058205,0.3026473921840659,-0.21135077883594947,21.31429552242662
tau6_r35_o73_h05,post_deadline,absolute_branch,F,130899.96989217278,899.9705382809675,130000.00000016217,0.0,130000.00000062416,3.234636096749455e-07,0.0,-4.897183600860444e-07,129999.99935389182,-1.6625475041109894e-07,0.0006461040902649984,,,,,
tau6_r35_o73_h05,post_deadline,absolute_branch,L,130899.96989116928,899.9705382670768,130000.00000011537,0.0,129999.99999962334,-6.697082426398993e-07,0.0,-4.830351940654509e-07,129999.9993529022,-1.1527434367053502e-06,0.000646060419967398,,,,,
tau6_r35_o73_h05,post_deadline,absolute_branch,S,130899.96987893077,899.9705381000535,130000.00000041688,2.4545327044896362e-05,129999.99998752284,1.1763906513806432e-05,-2.4500426661688834e-05,-3.948787252738839e-07,129999.99934083072,-1.3131398873156286e-05,0.0006464547623181716,,,,,
tau6_r35_o73_h05,post_deadline,paired_increment,S-L,-1.2238509953022003e-05,-1.6702324501238763e-07,3.0151568353176117e-07,2.4545327044896362e-05,-1.2100499588996172e-05,1.2433614756446332e-05,-2.4500426661688834e-05,8.815646879156702e-08,-1.2071483070030808e-05,-1.1978655436450936e-05,3.943423507735133e-07,1.2238509953022003e-05,0.0,1.2187611816451082e-05,-1.2187611816451082e-05,0.00048637105309268236
tau6_r35_o73_h05,post_deadline,paired_increment,L-F,-1.003500074148178e-06,-1.3890712580177933e-08,-4.6798959374427795e-08,0.0,-1.0008225217461586e-06,-9.931718523148447e-07,0.0,6.6831660205934895e-09,-9.896175470203161e-07,-9.864886862942512e-07,-4.367029760032892e-08,1.003500074148178e-06,7.702111033721554e-10,1.002870029886262e-06,-1.0013296076795176e-06,5.256332780589901e-05
tau6_r35_o73_h05,post_deadline,paired_increment,S-F,-1.3242010027170181e-05,-1.8091395759256557e-07,2.547167241573334e-07,2.4545327044896362e-05,-1.310132211074233e-05,1.1440442904131487e-05,-2.4500426661688834e-05,9.483963481216051e-08,-1.3061100617051125e-05,-1.2965144122745187e-05,3.506720531731844e-07,1.3242010027170181e-05,0.0,1.3188941424130602e-05,-1.3188941424130602e-05,0.0005389343808985814
tau6_r35_o73_h05,declared_onset_total,absolute_branch,F,589049.86464425,4049.867432345805,584999.9999964528,0.0,585000.0000160667,1.4813951565884054e-05,0.0,-1.6143160735282436e-05,584999.9972119043,-1.329209169398382e-06,0.0027832193300127983,,,,,
tau6_r35_o73_h05,declared_onset_total,absolute_branch,L,589115.5583509486,4115.561139695335,584999.9999965412,0.0,585000.0000160908,1.4846544218016788e-05,0.0,-1.6142967723453694e-05,584999.9972112533,-1.2964235054369055e-06,0.0027839915128424764,,,,,
tau6_r35_o73_h05,declared_onset_total,absolute_branch,S,589184.5782178898,4184.581008618077,584999.9999967552,-2.358344529872873e-07,585000.0000164307,1.4922126865712926e-05,2.8045178623870015e-07,-1.6147934672972042e-05,584999.9972092716,-9.453560210204159e-07,0.0027865380980074406,,,,,
tau6_r35_o73_h05,declared_onset_total,paired_increment,S-L,69.01986694114748,69.01986892274181,2.139713615179062e-07,-2.358344529872873e-07,3.3993273973464966e-07,7.558264769613743e-08,2.8045178623870015e-07,-4.966949518347974e-09,-1.9816216081380844e-06,3.510674844164896e-07,2.546585164964199e-06,69.01986694114748,14250.033162758851,28431.046458501423,69.01986701628859,20.460457879844398
tau6_r35_o73_h05,declared_onset_total,paired_increment,L-F,65.69370669859927,65.69370734953054,8.835922926664352e-08,0.0,2.4097971618175507e-08,3.2592652132734656e-08,0.0,1.9301182874187361e-10,-6.509944796562195e-07,3.278566396147653e-08,7.721828296780586e-07,65.69370669859927,10680.004379502809,21294.315052348127,65.69370665748359,0.8539116624979215
tau6_r35_o73_h05,declared_onset_total,paired_increment,S-F,134.71357363974676,134.71357627227235,3.023305907845497e-07,-2.358344529872873e-07,3.6403071135282516e-07,1.0817529982887208e-07,2.8045178623870015e-07,-4.7739376896061e-09,-2.632616087794304e-06,3.8385314837796614e-07,3.3187679946422577e-06,134.71357363974676,3636.097086386903,7137.480599100035,134.71357367377186,21.31429552242662
tau6_r35_o73_h05,checkpoint_total,absolute_branch,F,589097.7364705907,4050.1971787129846,585047.4499964528,0.0,585045.8800387534,-1.5699624993758334,0.0,1.66204142020635,585047.5392918778,0.09207892083051661,0.0027834958164021373,,,,,
tau6_r35_o73_h05,checkpoint_total,absolute_branch,L,589163.4301772893,4115.890886062515,585047.4499965411,0.0,585045.8800387775,-1.5699624667831813,0.0,1.6620414203993619,585047.5392912268,0.09207895361618057,0.0027842679992318153,,,,,
tau6_r35_o73_h05,checkpoint_total,absolute_branch,S,589232.4500442304,4184.910754985257,585047.4499967551,-2.358344529872873e-07,585045.8800391174,-1.5699623912005336,2.8045178623870015e-07,1.6620414154324124,585047.5392892451,0.09207930468366499,0.0027868147008121014,,,,,
tau6_r35_o73_h05,checkpoint_total,paired_increment,S-L,69.01986694114748,69.01986892274181,2.139713615179062e-07,-2.358344529872873e-07,3.3993273973464966e-07,7.558264769613743e-08,2.8045178623870015e-07,-4.966949518347974e-09,-1.9816216081380844e-06,3.510674844164896e-07,2.546701580286026e-06,69.01986694114748,14250.033162758851,28431.046458501423,69.01986701628859,20.460457879844398
tau6_r35_o73_h05,checkpoint_total,paired_increment,L-F,65.69370669859927,65.69370734953054,8.835922926664352e-08,0.0,2.4097971618175507e-08,3.2592652132734656e-08,0.0,1.9301182874187361e-10,-6.509944796562195e-07,3.278566396147653e-08,7.721828296780586e-07,65.69370669859927,10680.004379541422,21294.31505238674,65.6937066960976,0.8539116624979215
tau6_r35_o73_h05,checkpoint_total,paired_increment,S-F,134.71357363974676,134.71357627227235,3.023305907845497e-07,-2.358344529872873e-07,3.6403071135282516e-07,1.0817529982887208e-07,2.8045178623870015e-07,-4.7739376896061e-09,-2.632616087794304e-06,3.8385314837796614e-07,3.3188844099640846e-06,134.71357363974676,3636.097086425517,7137.480599138649,134.71357371238594,21.31429552242662
tau4.5_r27_o19_h1,pre_onset,absolute_branch,F,12.539748283239886,0.08691759389691009,12.34999999999431,0.0,11.88316556144265,-0.466834438546357,0.0,0.5696651075610077,12.452830689342976,0.10283066901465077,-2.0334015360390367e-08,,,,,
tau4.5_r27_o19_h1,pre_onset,absolute_branch,L,12.55824926935019,0.08717439609005623,12.34999999999431,0.0,11.281179443863568,-1.0688205561273207,0.0,1.1898953956167304,12.471074873260134,0.12107483948940967,-3.3776414554154144e-08,,,,,
tau4.5_r27_o19_h1,pre_onset,absolute_branch,S,12.509400021802765,0.08649737636814808,12.349999999994314,0.0,12.802822923773464,0.45282292377669364,0.0,-0.3799202914483999,12.422902645434617,0.07290263232829375,-1.3112009256133206e-08,,,,,
tau4.5_r27_o19_h1,pre_onset,paired_increment,S-L,-0.04884924754742492,-0.0006770197219081453,3.552713678800501e-15,0.0,1.521643479909896,1.5216434799040144,0.0,-1.5698156870651303,-0.048172227825517666,-0.04817220716111592,2.0664405298020938e-08,0.04884924754742492,0.0,0.07708132364782119,-0.07708132364782119,0.0
tau4.5_r27_o19_h1,pre_onset,paired_increment,L-F,0.01850098611030404,0.0002568021931461384,0.0,0.0,-0.6019861175790826,-0.6019861175809638,0.0,0.6202302880557227,0.018244183917158097,0.018244170474758903,-1.3442399193763777e-08,0.01850098611030404,0.05781905257429988,0.05781905257429988,0.05781905257429988,0.0
tau4.5_r27_o19_h1,pre_onset,paired_increment,S-F,-0.030348261437120883,-0.0004202175287620069,3.552713678800501e-15,0.0,0.9196573623308133,0.9196573623230506,0.0,-0.9495853990094076,-0.02992804390835957,-0.029928036686357018,7.2220061042571615e-09,0.030348261437120883,0.0,0.019262271073521322,-0.019262271073521322,0.0
tau4.5_r27_o19_h1,service,absolute_branch,F,130898.5072907263,899.9502595075577,130000.00000027487,0.0,129998.56046728266,-1.4395329939834483,0.0,-0.0008959798291812149,129998.55703121873,-1.4404289738126295,0.0025400823215022683,,,,,
tau4.5_r27_o19_h1,service,absolute_branch,L,130964.17970045673,965.6124627374198,130000.00000027749,0.0,129999.19088986839,-0.8091104067752894,0.0,-0.6211034263352815,129998.56723771931,-1.430213833110571,0.002548725067754276,,,,,
tau4.5_r27_o19_h1,service,absolute_branch,S,131033.44408300456,1034.5999765122115,130000.00000027414,-500.95829293944223,129997.96401134695,-502.99428186587465,500.95829293991846,0.8826629063381404,129998.84410649235,-1.1533260196180493,0.00256776217429433,,,,,
tau4.5_r27_o19_h1,service,paired_increment,S-L,69.26438254782988,68.98751377479164,-3.346940502524376e-09,-500.95829293944223,-1.226878521440085,-502.18517145909937,500.95829293991846,1.5037663326734219,0.27686877304222435,0.2768878134925217,1.9037106540054083e-05,69.26438254782988,14248.494122190461,28427.691467386154,69.29677699476714,0.0
tau4.5_r27_o19_h1,service,paired_increment,L-F,65.67240973043954,65.66220322986214,2.6193447411060333e-09,0.0,0.6304225857311394,0.6304225872081588,0.0,-0.6202074465061003,0.010206500577623956,0.010215140702058534,8.642746252007782e-06,65.67240973043954,10678.509611392921,21291.38613134461,65.63309144123309,0.0
tau4.5_r27_o19_h1,service,paired_increment,S-F,134.93679227826942,134.64971700465378,-7.275957614183426e-10,-500.95829293944223,-0.5964559357089456,-501.5547488718912,500.95829293991846,0.8835588861673216,0.2870752736198483,0.2871029541945802,2.7679852792061865e-05,134.93679227826942,3635.6382273702384,7136.346586304477,134.92986843600073,0.0
tau4.5_r27_o19_h1,recovery,absolute_branch,F,327251.38069535664,2249.9459934853585,325000.00000347616,0.0,325001.43953592225,1.4395352591527626,0.0,0.0008938519191019623,325001.4347018713,1.4404291110718646,0.005730715929530561,,,,,
tau4.5_r27_o19_h1,recovery,absolute_branch,L,327251.35183961876,2249.9455966716177,325000.000003494,0.0,325001.4110998209,1.4110991771740373,0.0,0.0008710081440028716,325001.40624294715,1.4119701853180402,0.005730732111260295,,,,,
tau4.5_r27_o19_h1,recovery,absolute_branch,S,327251.11912733864,2249.941717632907,325000.00000344083,500.95009288912297,325001.1162424896,502.0663346898982,-500.9500928912894,0.06691988323618148,325001.1774097057,1.1831616818450073,0.005755416990723461,,,,,
tau4.5_r27_o19_h1,recovery,paired_increment,S-L,-0.23271228012163192,-0.0038790387106928392,-5.314359441399574e-08,500.95009288912297,-0.2948573313187808,500.6552355127242,-500.9500928912894,0.0660488750921786,-0.22883324144640937,-0.22880850347303294,2.4684879463166e-05,0.23271228012163192,0.0961759859226074,0.42922658283353216,-0.2368746109883174,23.801150970313756
tau4.5_r27_o19_h1,recovery,paired_increment,L-F,-0.028855737880803645,-0.00039681374073552433,1.7811544239521027e-08,0.0,-0.028436101332772523,-0.02843608197872527,0.0,-2.2843775099090635e-05,-0.028458924149163067,-0.02845892575382436,1.618172973394394e-08,0.028855737880803645,0.004101617620504472,0.03705874965208768,-0.02885551441107874,2.9076525351793236
tau4.5_r27_o19_h1,recovery,paired_increment,S-F,-0.26156801800243556,-0.0042758524514283636,-3.5332050174474716e-08,500.95009288912297,-0.3232934326515533,500.62679943074545,-500.9500928912894,0.06602603131707951,-0.25729216559557244,-0.2572674292268573,2.4701061192899942e-05,0.26156801800243556,0.09744192136065136,0.4606139681206989,-0.26573012539939617,26.70880350549308
tau4.5_r27_o19_h1,post_deadline,absolute_branch,F,130899.96779754246,899.9703407045454,130000.00000025303,0.0,130000.00000265101,2.3925313143990934e-06,0.0,-2.517989116768149e-06,129999.99745683791,-1.2545780236905557e-07,0.002543289665482007,,,,,
tau4.5_r27_o19_h1,post_deadline,absolute_branch,L,130899.96779719263,899.970340699474,130000.00000027922,0.0,130000.00000228401,2.0303814380895346e-06,0.0,-2.516104615324366e-06,129999.99745649315,-4.857231772348314e-07,0.0025433003320358694,,,,,
tau4.5_r27_o19_h1,post_deadline,absolute_branch,S,130899.96788794373,899.9703419353118,130000.00000026455,0.008104284552106076,130000.00009136123,0.008195370508474298,-0.008104286964226048,-2.0263671558495844e-06,129999.99754600841,8.90571770923998e-05,0.0025433133268961683,,,,,
tau4.5_r27_o19_h1,post_deadline,paired_increment,S-L,9.075109846889973e-05,1.2358377716736868e-06,-1.4668330550193787e-08,0.008104284552106076,8.907722076401114e-05,0.008193340127036208,-0.008104286964226048,4.897374594747816e-07,8.951526251621544e-05,8.954290026963463e-05,1.2994860298931599e-08,9.075109846889973e-05,9.0712523663766e-05,9.0712523663766e-05,9.0712523663766e-05,0.005099070087752011
tau4.5_r27_o19_h1,post_deadline,paired_increment,L-F,-3.498280420899391e-07,-5.071342457085848e-09,2.6193447411060333e-08,0.0,-3.66999302059412e-07,-3.6214987630955875e-07,0.0,1.8845014437829377e-09,-3.4476397559046745e-07,-3.602653748657758e-07,1.0666553862392902e-08,3.498280420899391e-07,2.3289932869373987e-09,3.696450130082716e-07,-3.649870264343968e-07,3.2193223724164e-05
tau4.5_r27_o19_h1,post_deadline,paired_increment,S-F,9.040127042680979e-05,1.230766429216601e-06,1.1525116860866547e-08,0.008104284552106076,8.871022146195173e-05,0.008192977977159899,-0.008104286964226048,4.916219609185646e-07,8.917049854062498e-05,8.918263489476885e-05,2.36614141613245e-08,9.040127042680979e-05,9.034753663733163e-05,9.034753663733163e-05,9.034753663733163e-05,0.005066876864027847
tau4.5_r27_o19_h1,declared_onset_total,absolute_branch,F,589049.8557836254,4049.8665936974617,585000.0000040041,0.0,585000.0000058559,4.657700628740713e-06,0.0,-4.645899196020764e-06,584999.9891899279,1.1801432719948934e-08,0.010814087931066751,,,,,
tau4.5_r27_o19_h1,declared_onset_total,absolute_branch,L,589115.4993372681,4115.528400108512,585000.0000040507,0.0,585000.6019919734,0.601990800780186,0.0,-0.6202349342958939,584999.9709371595,-0.018244133515707972,0.010822757612913847,,,,,
tau4.5_r27_o19_h1,declared_onset_total,absolute_branch,S,589184.531098287,4184.51203608043,585000.0000039795,-9.576576713524816e-05,584999.0803451978,-0.9197518054679676,9.57616648520343e-05,0.949580763207166,585000.0190622065,0.029924719404050393,0.010866492404602468,,,,,
tau4.5_r27_o19_h1,declared_onset_total,paired_increment,S-L,69.03176101890858,68.98363597191837,-7.112976163625717e-08,-9.576576713524816e-05,-1.5216467755381018,-1.5217426062481536,9.57616648520343e-05,1.56981569750306,0.04812504700385034,0.048168852919758365,4.3734791688621044e-05,69.03176101890858,14248.590388888904,28428.120784681505,69.05999309630246,23.801150970313756
tau4.5_r27_o19_h1,declared_onset_total,paired_increment,L-F,65.64355364267249,65.66180641105029,4.6566128730773926e-08,0.0,0.6019861174281687,0.6019861430795572,0.0,-0.6202302883966979,-0.01825276843737811,-0.018244145317140692,8.66968184709549e-06,65.64355364267249,10678.513713012871,21291.42319046391,65.60423556183501,2.9076525351793236
tau4.5_r27_o19_h1,declared_onset_total,paired_increment,S-F,134.67531466158107,134.64544238296867,-2.4563632905483246e-08,-9.576576713524816e-05,-0.9196606581099331,-0.9197564631685964,9.57616648520343e-05,0.949585409106362,0.029872278566472232,0.029924707602617673,5.2404473535716534e-05,134.67531466158107,3635.735759639136,7136.807290620132,134.66422865813803,26.70880350549308
tau4.5_r27_o19_h1,checkpoint_total,absolute_branch,F,589062.3955319086,4049.9535112913586,585012.3500040041,0.0,585011.8831714174,-0.46682978084572824,0.0,0.5696604616618117,585012.4420206172,0.10283068081608349,0.010814067674800754,,,,,
tau4.5_r27_o19_h1,checkpoint_total,absolute_branch,L,589128.0575865374,4115.615574504602,585012.3500040506,0.0,585011.8831714172,-0.4668297553471348,0.0,0.5696604613208365,585012.4420120328,0.1028307059737017,0.010822723736055195,,,,,
tau4.5_r27_o19_h1,checkpoint_total,absolute_branch,S,589197.0404983087,4184.598533456799,585012.3500039795,-9.576576713524816e-05,585011.8831681216,-0.466928881691274,9.57616648520343e-05,0.5696604717587661,585012.4419648519,0.10282735173234414,0.010866479366086423,,,,,
tau4.5_r27_o19_h1,checkpoint_total,paired_increment,S-L,68.98291177127976,68.9829589521969,-7.112976163625717e-08,-9.576576713524816e-05,-3.2956013455986977e-06,-9.912634413922206e-05,9.57616648520343e-05,1.0437929631734733e-08,-4.718091804534197e-05,-3.3542413575560204e-06,4.3755630031228065e-05,68.98291177127976,14248.590388888904,28428.197866005154,68.98291177265466,23.801150970313756
tau4.5_r27_o19_h1,checkpoint_total,paired_increment,L-F,65.66205462883227,65.66206321324307,4.6566128730773926e-08,0.0,-2.3283064365386963e-10,2.5498593458905816e-08,0.0,-3.409752480365569e-10,-8.584349416196346e-06,2.515761821086926e-08,8.656061254441738e-06,65.66205462883227,10678.571532065445,21291.481009516483,65.66205461440931,2.9076525351793236
tau4.5_r27_o19_h1,checkpoint_total,paired_increment,S-F,134.64496640011203,134.64502216543997,-2.4563632905483246e-08,-9.576576713524816e-05,-3.2958341762423515e-06,-9.910084554576315e-05,9.57616648520343e-05,1.0096954383698176e-08,-5.5765267461538315e-05,-3.329083739345151e-06,5.2411691285669804e-05,134.64496640011203,3635.735759639136,7136.826552891206,134.6449663870645,26.70880350549308
tau4.5_r27_o19_h05,pre_onset,absolute_branch,F,12.539748402619479,0.08691760755329447,12.34999999999431,0.0,11.883165710770959,-0.46683428924006876,0.0,0.5696650778641015,12.452830795066184,0.10283078862403272,-6.447841371937102e-09,,,,,
tau4.5_r27_o19_h05,pre_onset,absolute_branch,L,12.558249382267494,0.08717441243524976,12.34999999999431,0.0,11.281179592418633,-1.0688204075740941,0.0,1.1898953691986094,12.471074969832245,0.12107496162451525,-8.213419278035872e-09,,,,,
tau4.5_r27_o19_h05,pre_onset,absolute_branch,S,12.509400144307625,0.08649738873818316,12.34999999999431,0.0,12.802823082781789,0.4528230827781954,0.0,-0.3799203317738318,12.422902755569442,0.07290275100436361,-4.570768652456536e-09,,,,,
tau4.5_r27_o19_h05,pre_onset,paired_increment,S-L,-0.048849237959869285,-0.0006770236970665977,0.0,0.0,1.5216434903631555,1.5216434903522895,0.0,-1.5698157009724412,-0.04817221426280227,-0.048172210620151645,3.6426506255793356e-09,0.048849237959869285,0.0,0.07708127103778975,-0.07708127103778975,0.0
tau4.5_r27_o19_h05,pre_onset,paired_increment,L-F,0.01850097964801556,0.00025680488195528595,0.0,0.0,-0.6019861183523254,-0.6019861183340254,0.0,0.6202302913345079,0.01824417476606044,0.018244173000482533,-1.7655779060987697e-09,0.01850097964801556,0.057819048909362195,0.057819048909362195,0.057819048909362195,0.0
tau4.5_r27_o19_h05,pre_onset,paired_increment,S-F,-0.030348258311853726,-0.00042021881511131176,0.0,0.0,0.9196573720108301,0.9196573720182641,0.0,-0.9495854096379333,-0.02992803949674183,-0.029928037619669112,1.877072719480566e-09,0.030348258311853726,0.0,0.01926222212842756,-0.01926222212842756,0.0
tau4.5_r27_o19_h05,service,absolute_branch,F,130898.50935993069,899.9504566091604,130000.00000027775,0.0,129998.56044504563,-1.4395552298847178,0.0,-0.000896000837713018,129998.55890332152,-1.4404512307224309,0.0006457255076384172,,,,,
tau4.5_r27_o19_h05,service,absolute_branch,L,130964.18177355868,965.612659897721,130000.0000002798,0.0,129999.19086397637,-0.8091362976629171,0.0,-0.6211034516655332,129998.56911366095,-1.4302397493284502,0.0006468695210060105,,,,,
tau4.5_r27_o19_h05,service,absolute_branch,S,131033.44618777704,1034.600188547366,130000.00000025463,-500.9582791483206,129997.96398748578,-502.9942919350724,500.9582791504945,0.8826628770637512,129998.84599922967,-1.153349907514155,0.0006511174433398992,,,,,
tau4.5_r27_o19_h05,service,paired_increment,S-L,69.26441421835625,68.98752864964513,-2.5174813345074654e-08,-500.9582791483206,-1.2268764905893477,-502.1851556374095,500.9582791504945,1.5037663287292844,0.2768855687172618,0.2768898418142953,4.2479223338887095e-06,69.26441421835625,14248.494153179108,28427.69149773375,69.29680862447054,0.0
tau4.5_r27_o19_h05,service,paired_increment,L-F,65.67241362799541,65.66220328856059,2.051820047199726e-09,0.0,0.6304189307411434,0.6304189322218008,0.0,-0.6202074508278201,0.01021033943106886,0.010211481393980648,1.1440133675932884e-06,65.67241362799541,10678.50963147969,21291.386167627184,65.63309533218947,0.0
tau4.5_r27_o19_h05,service,paired_increment,S-F,134.93682784635166,134.64973193820572,-2.3122993297874928e-08,-500.9582791483206,-0.5964575598482043,-501.5547367051877,500.9582791504945,0.8835588779014643,0.28709590814833064,0.28710132320827597,5.391935701481998e-06,134.93682784635166,3635.6382419391557,7136.346579921652,134.92990395665973,0.0
tau4.5_r27_o19_h05,recovery,absolute_branch,F,327251.38539356797,2249.946437480201,324999.9999959755,0.0,325001.4395601308,1.4395594552079274,0.0,0.0008918378709381614,325001.43895608775,1.4404512930788655,0.0014911808539181948,,,,,
tau4.5_r27_o19_h05,recovery,absolute_branch,L,327251.3565415172,2249.946040717482,324999.9999960083,0.0,325001.4111277246,1.4111270293979032,0.0,0.0008689957916203639,325001.4105007997,1.4119960251895236,0.0014912337646819651,,,,,
tau4.5_r27_o19_h05,recovery,absolute_branch,S,327251.12384670076,2249.9421602645702,324999.9999961914,500.95007909979705,325001.1162682929,502.0663467095619,-500.9500791010578,0.06691788822968192,325001.1816864362,1.1831854967338131,0.0014952519559301436,,,,,
tau4.5_r27_o19_h05,recovery,paired_increment,S-L,-0.23269481642637402,-0.0038804529117442144,1.8312130123376846e-07,500.95007909979705,-0.29485943174222484,500.655219680164,-500.9500791010578,0.06604889243806156,-0.22881436353782192,-0.22881052845571048,4.018191248178482e-06,0.23269481642637402,0.09618479539031258,0.429226712056196,-0.23685712127557085,23.80135306155171
tau4.5_r27_o19_h05,recovery,paired_increment,L-F,-0.028852050774730742,-0.0003967627189922496,3.277091309428215e-08,0.0,-0.028432406194042414,-0.028432425810024142,0.0,-2.284207931779747e-05,-0.028455288033001125,-0.02845526788934194,5.291076377034187e-08,0.028852050774730742,0.00410107724668401,0.03705395866040174,-0.028851804167033722,2.9072789482816006
tau4.5_r27_o19_h05,recovery,paired_increment,S-F,-0.26154686720110476,-0.004277215630736464,2.1589221432805061e-07,500.95007909979705,-0.32329183793626726,500.626787254354,-500.9500791010578,0.06602605035874376,-0.25726965157082304,-0.2572657963450524,4.071102011948824e-06,0.26154686720110476,0.0974512647207385,0.4606114548840816,-0.2657089254426046,26.70863200983331
tau4.5_r27_o19_h05,post_deadline,absolute_branch,F,130899.96989217156,899.9705382808747,130000.00000013167,0.0,130000.00000061141,3.1456875149160624e-07,0.0,-4.820837489205587e-07,129999.99935389069,-1.6751499742895248e-07,0.0006460734584834427,,,,,
tau4.5_r27_o19_h05,post_deadline,absolute_branch,L,130899.96989179478,899.9705382758161,130000.00000018289,0.0,130000.00000024622,-5.201218300499022e-08,0.0,-4.807176310350769e-07,129999.99935351897,-5.327298140400671e-07,0.0006461311859311536,,,,,
tau4.5_r27_o19_h05,post_deadline,absolute_branch,S,130899.96998256503,899.9705395118494,130000.0000003291,0.008104285666038349,130000.00008926698,0.00819328355282778,-0.008104281732812524,9.85238557404955e-09,129999.99944305318,8.901167240082941e-05,0.0006462876044679433,,,,,
tau4.5_r27_o19_h05,post_deadline,paired_increment,S-L,9.077024878934026e-05,1.236033313034568e-06,1.4621764421463013e-07,0.008104285666038349,8.902075933292508e-05,0.008193335565010784,-0.008104281732812524,4.905700166091265e-07,8.953420910984278e-05,8.954440221486948e-05,1.564185367897153e-07,9.077024878934026e-05,9.070876562187941e-05,9.070876562187941e-05,9.070876562187941e-05,0.005099395797458328
tau4.5_r27_o19_h05,post_deadline,paired_increment,L-F,-3.7677818909287453e-07,-5.058609531261027e-09,5.122274160385132e-08,0.0,-3.651948645710945e-07,-3.6658093449659646e-07,0.0,1.366117885481799e-09,-3.7171412259340286e-07,-3.6521481661111466e-07,5.77274477109313e-08,3.7677818909287453e-07,1.1472380720077143e-09,3.7203744158614497e-07,-3.6974296544212953e-07,3.212011510811408e-05
tau4.5_r27_o19_h05,post_deadline,paired_increment,S-F,9.039347060024738e-05,1.230974703503307e-06,1.9744038581848145e-07,0.008104285666038349,8.865556446835399e-05,0.008192968984076288,-0.008104281732812524,4.919361344946083e-07,8.916249498724937e-05,8.917918739825836e-05,2.141459845006466e-07,9.039347060024738e-05,9.033902265643725e-05,9.033902265643725e-05,9.033902265643725e-05,0.005067275682350214
tau4.5_r27_o19_h05,declared_onset_total,absolute_branch,F,589049.8646456702,4049.867432370236,584999.999996385,0.0,585000.0000057879,4.539891961030662e-06,0.0,-4.645050523777172e-06,584999.9972133,-1.0515856274651014e-07,0.0027829798636958003,,,,,
tau4.5_r27_o19_h05,declared_onset_total,absolute_branch,L,589115.5082068706,4115.529238891019,584999.999996471,0.0,585000.6019919473,0.6019906797228032,0.0,-0.6202349365915438,584999.9789679797,-0.01824425686874065,0.002784234471619129,,,,,
tau4.5_r27_o19_h05,declared_onset_total,absolute_branch,S,589184.5400170428,4184.512888323786,584999.9999967752,-9.576285753429654e-05,584999.0803450457,-0.9197519419576565,9.576770389685407e-05,0.9495807751458187,585000.027128719,0.02992460089205906,0.002792657003737986,,,,,
tau4.5_r27_o19_h05,declared_onset_total,paired_increment,S-L,69.03181017213501,68.98364943276647,3.0419323593378067e-07,-9.576285753429654e-05,-1.5216469016158953,-1.5217426216804597,9.576770389685407e-05,1.5698157117373626,0.04816073935944587,0.04816885776079971,8.422532118856907e-06,69.03181017213501,14248.590428683267,28428.12081515457,69.0600422119606,23.80135306155171
tau4.5_r27_o19_h05,declared_onset_total,paired_increment,L-F,65.6435612004716,65.6618065207831,8.603092283010483e-08,0.0,0.6019861593376845,0.6019861398308421,0.0,-0.62023029154102,-0.018245320301502943,-0.018244151710177903,1.2546079233288765e-06,65.6435612004716,10678.513732558084,21291.42322195789,65.60424315827947,2.9072789482816006
tau4.5_r27_o19_h05,declared_onset_total,paired_increment,S-F,134.6753713726066,134.64545595354957,3.902241587638855e-07,-9.576285753429654e-05,-0.9196607422782108,-0.9197564818496176,9.576770389685407e-05,0.9495854201963425,0.029915419057942927,0.029924706050621808,9.677140042185783e-06,134.6753713726066,3635.7357835428984,7136.807281715557,134.66428537023975,26.70863200983331
tau4.5_r27_o19_h05,checkpoint_total,absolute_branch,F,589062.4043940728,4049.9543499777897,585012.3499963849,0.0,585011.8831714987,-0.4668297493481077,0.0,0.5696604328135777,585012.450044095,0.10283068346546997,0.002782973344437778,,,,,
tau4.5_r27_o19_h05,checkpoint_total,absolute_branch,L,589128.066456253,4115.6164133034545,585012.349996471,0.0,585011.8831715396,-0.46682972785129095,0.0,0.5696604326070656,585012.4500429495,0.1028307047557746,0.0027842262061312795,,,,,
tau4.5_r27_o19_h05,checkpoint_total,absolute_branch,S,589197.0494171871,4184.599385712524,585012.3499967752,-9.576285753429654e-05,585011.8831681284,-0.46692885917946114,9.576770389685407e-05,0.569660443371987,585012.4500314746,0.10282735189642267,0.002792652463540435,,,,,
tau4.5_r27_o19_h05,checkpoint_total,paired_increment,S-L,68.98296093416866,68.98297240906959,3.0419323593378067e-07,-9.576285753429654e-05,-3.411201760172844e-06,-9.913132817018777e-05,9.576770389685407e-05,1.076492139873153e-08,-1.1474941857159138e-05,-3.352859351934967e-06,8.426257409155369e-06,68.98296093416866,14248.590428683267,28428.197896425605,68.98296094092287,23.80135306155171
tau4.5_r27_o19_h05,checkpoint_total,paired_increment,L-F,65.66206218011212,65.6620633256648,8.603092283010483e-08,0.0,4.0978193283081055e-08,2.1496816771104932e-08,0.0,-2.0651214072131552e-10,-1.1455267667770386e-06,2.1290304630383616e-08,1.2528616935014725e-06,65.66206218011212,10678.571551606994,21291.481041006802,65.66206220718885,2.9072789482816006
tau4.5_r27_o19_h05,checkpoint_total,paired_increment,S-F,134.64502311428078,134.6450357347344,3.902241587638855e-07,-9.576285753429654e-05,-3.370223566889763e-06,-9.910983135341667e-05,9.576770389685407e-05,1.0558409258010215e-08,-1.2620468623936176e-05,-3.3315690473045834e-06,9.679119102656841e-06,134.64502311428078,3635.7357835428984,7136.826543937686,134.64502314811133,26.70863200983331
tau4.5_r27_o61_h1,pre_onset,absolute_branch,F,39.92059923706903,0.2744123279266246,39.65000000005771,0.0,34.59455410521994,-5.05544589481724,0.0,5.0516338695382785,39.6461869091424,-0.003812025278961073,1.0656363471639452e-06,,,,,
tau4.5_r27_o61_h1,pre_onset,absolute_branch,L,39.92059923706903,0.2744123279266246,39.65000000005771,0.0,34.59455410521994,-5.05544589481724,0.0,5.0516338695382785,39.6461869091424,-0.003812025278961073,1.0656363471639452e-06,,,,,
tau4.5_r27_o61_h1,pre_onset,absolute_branch,S,39.92059923706903,0.2744123279266246,39.65000000005771,0.0,34.59455410521994,-5.05544589481724,0.0,5.0516338695382785,39.6461869091424,-0.003812025278961073,1.0656363471639452e-06,,,,,
tau4.5_r27_o61_h1,pre_onset,paired_increment,S-L,0.0,0.0,0.0,0.0,0.0,0.0,0.0,0.0,0.0,0.0,0.0,0.0,0.0,0.0,0.0,0.0
tau4.5_r27_o61_h1,pre_onset,paired_increment,L-F,0.0,0.0,0.0,0.0,0.0,0.0,0.0,0.0,0.0,0.0,0.0,0.0,1.604392816082115e-07,1.604392816082115e-07,1.604392816082115e-07,0.0
tau4.5_r27_o61_h1,pre_onset,paired_increment,S-F,0.0,0.0,0.0,0.0,0.0,0.0,0.0,0.0,0.0,0.0,0.0,0.0,1.604392816082115e-07,1.604392816082115e-07,1.604392816082115e-07,0.0
tau4.5_r27_o61_h1,service,absolute_branch,F,130898.50722624094,899.9502586162441,130000.00000028059,0.0,129998.56059829156,-1.4394019842475245,0.0,-0.0010888759719875907,129998.5569676247,-1.4404908602195121,0.0025417956785531715,,,,,
tau4.5_r27_o61_h1,service,absolute_branch,L,130964.2121228556,965.6520795094331,130000.00000025454,0.0,129998.56375757403,-1.4362426978004805,0.0,-0.0011637429800259724,129998.56004334617,-1.4374064407805065,0.002550467601395212,,,,,
tau4.5_r27_o61_h1,service,absolute_branch,S,131033.41146504127,1034.6800223271985,130000.00000026987,-500.9582922244473,129998.890409035,-502.0678834634673,500.95829222423345,-0.15639779756787675,129998.73144271407,-1.2659890368017273,0.002568518990301527,,,,,
tau4.5_r27_o61_h1,service,paired_increment,S-L,69.1993421856605,69.02794281776539,1.5323166735470295e-08,-500.9582922244473,0.326651460971334,-500.6316407656668,500.95829222423345,-0.15523405458785078,0.17139936790044885,0.17141740397877925,1.805138890631497e-05,69.1993421856605,14250.43189663519,28431.662398277647,69.20139499272949,0.0
tau4.5_r27_o61_h1,service,paired_increment,L-F,65.70489661466854,65.70182089318894,-2.6047928258776665e-08,0.0,0.0031592824670951813,0.0031592864470439963,0.0,-7.486700803838175e-05,0.0030757214699406177,0.0030844194390056145,8.671922842040658e-06,65.70489661466854,10680.640989367452,21295.577082316373,65.7048964185283,0.0
tau4.5_r27_o61_h1,service,paired_increment,S-F,134.90423880032904,134.72976371095433,-1.072476152330637e-08,-500.9582922244473,0.3298107434384292,-500.6284814792198,500.95829222423345,-0.15530892159588916,0.17447508937038947,0.17450182341778486,2.6723311748355627e-05,134.90423880032904,3635.885237283831,7136.864183156405,134.90629141125856,0.0
tau4.5_r27_o61_h1,recovery,absolute_branch,F,327251.3807572365,2249.9459943359184,325000.0000034727,0.0,325001.43941570085,1.4394150393745804,0.0,0.001075119639864397,325001.4347629006,1.4404901590144448,0.00573073117993772,,,,,
tau4.5_r27_o61_h1,recovery,absolute_branch,L,327251.3776309602,2249.9459512623152,325000.0000034027,0.0,325001.43625759386,1.4362569441218511,0.0,0.0011499790130073961,325001.4316796979,1.4374069231348585,0.005730627977754921,,,,,
tau4.5_r27_o61_h1,recovery,absolute_branch,S,327251.2030159029,2249.9428716817765,325000.0000034522,500.9500999401362,325001.1095147447,502.0596140025955,-500.95009993895655,0.15638212170355814,325001.26014422113,1.2658961853424842,0.005755416408646852,,,,,
tau4.5_r27_o61_h1,recovery,paired_increment,S-L,-0.17461505730170757,-0.003079580538724258,4.9476511776447296e-08,500.9500999401362,-0.3267428491380997,500.62335705847363,-500.95009993895655,0.15523214269055075,-0.17153547675115988,-0.17151073779237436,2.4788430891931057e-05,0.17461505730170757,0.09123934695238331,0.3591465322325317,-0.17666783832776506,17.74756284317118
tau4.5_r27_o61_h1,recovery,paired_increment,L-F,-0.0031262763077393174,-4.30736031376e-05,-7.002381607890129e-08,0.0,-0.0031581069924868643,-0.003158095252729254,0.0,7.485937314299917e-05,-0.0030832026968710124,-0.0030832358795862547,-1.0320218279957771e-07,0.0031262763077393174,0.001566097124654334,0.006258466654490233,-0.0031262724051815648,0.31674631855457847
tau4.5_r27_o61_h1,recovery,paired_increment,S-F,-0.17774133360944688,-0.003122654141861858,-2.0547304302453995e-08,500.9500999401362,-0.32990095613058656,500.6201989632209,-500.95009993895655,0.15530700206369374,-0.1746186794480309,-0.1745939736719606,2.468522870913148e-05,0.17774133360944688,0.09264702212248176,0.36508815497791014,-0.17979411073294665,18.062333954654605
tau4.5_r27_o61_h1,post_deadline,absolute_branch,F,130899.96779762558,899.9703407047887,130000.00000026671,0.0,130000.00000278489,2.5318477128166705e-06,0.0,-2.5830400431914313e-06,129999.99745692078,-5.1192330374760786e-08,0.0025432947295485064,,,,,
tau4.5_r27_o61_h1,post_deadline,absolute_branch,L,130899.96779645304,899.9703406888007,130000.00000030122,0.0,130000.0000016428,1.3815915735904127e-06,0.0,-2.575774999513669e-06,129999.99745576424,-1.1941834259232564e-06,0.0025433427945245057,,,,,
tau4.5_r27_o61_h1,post_deadline,absolute_branch,S,130899.96788767556,899.9703419308566,130000.00000025384,0.008096612222612456,130000.00008972455,0.008186072951502865,-0.008096614124951884,-6.691190321816975e-07,129999.99754574471,8.878970751879933e-05,0.002543298833188601,,,,,
tau4.5_r27_o61_h1,post_deadline,paired_increment,S-L,9.12225223146379e-05,1.2420559869497083e-06,-4.738103598356247e-08,0.008096612222612456,8.808175334706903e-05,0.008184691359929275,-0.008096614124951884,1.9066559673319716e-06,8.99804726941511e-05,8.998389094472259e-05,-4.396133590489626e-08,9.12225223146379e-05,9.119343500631005e-05,9.119343500631005e-05,9.119343500631005e-05,0.005098542119938543
tau4.5_r27_o61_h1,post_deadline,paired_increment,L-F,-1.1725351214408875e-06,-1.5988007362466305e-08,3.451714292168617e-08,0.0,-1.142092514783144e-06,-1.1502561392262578e-06,0.0,7.265043677762151e-09,-1.1565425666049123e-06,-1.1429910955484957e-06,4.806497599929571e-08,1.1725351214408875e-06,7.150694727898761e-10,1.1596649345010617e-06,-1.1582347955554818e-06,5.770370970026306e-05
tau4.5_r27_o61_h1,post_deadline,paired_increment,S-F,9.004998719319701e-05,1.226067979587242e-06,-1.2863893061876297e-08,0.008096612222612456,8.693966083228588e-05,0.008183541103790049,-0.008096614124951884,1.9139210110097338e-06,8.882393012754619e-05,8.884089984917409e-05,4.103640094399452e-09,9.004998719319701e-05,9.003520021075458e-05,9.003520021075458e-05,9.003520021075458e-05,0.00504083841023828
tau4.5_r27_o61_h1,declared_onset_total,absolute_branch,F,589049.855781103,4049.866593656951,585000.00000402,0.0,585000.0000167773,1.558697476866655e-05,0.0,-1.6339372166385147e-05,584999.9891874461,-7.52397397718596e-07,0.010815821588039398,,,,,
tau4.5_r27_o61_h1,declared_onset_total,absolute_branch,L,589115.5575502688,4115.568371460549,585000.0000039585,0.0,585000.0000168107,1.5627912944182754e-05,0.0,-1.6339742018089964e-05,584999.9891788083,-7.118290739072108e-07,0.010824438300915062,,,,,
tau4.5_r27_o61_h1,declared_onset_total,absolute_branch,S,589184.5823686197,4184.593235939832,585000.0000039759,-9.567208843007423e-05,585000.0000135043,-8.338792031281628e-05,9.567115193931386e-05,-1.6344983350791153e-05,584999.9891326799,-4.061751724293572e-06,0.010867234319448471,,,,,
tau4.5_r27_o61_h1,declared_onset_total,paired_increment,S-L,69.02481835091021,69.02486447928277,1.7462298274040222e-08,-9.567208843007423e-05,-3.3064279705286026e-06,-9.901583325699903e-05,9.567115193931386e-05,-5.241332701189094e-09,-4.612840712070465e-05,-3.349922650386361e-06,4.279601853340864e-05,69.02481835091021,14250.523227175576,28432.021636003312,69.02481834783673,17.74756284317118
tau4.5_r27_o61_h1,declared_onset_total,paired_increment,L-F,65.70176916581113,65.70177780359836,-6.158370524644852e-08,0.0,3.341119736433029e-08,4.0938175516203046e-08,0.0,-3.6985170481784735e-10,-8.63778404891491e-06,4.05683238113852e-08,8.616712875664234e-06,65.70176916581113,10680.642555465292,21295.583341942693,65.70176898788833,0.31674631855457847
tau4.5_r27_o61_h1,declared_onset_total,paired_increment,S-F,134.72658751672134,134.72664228288113,-4.4121406972408295e-08,-9.567208843007423e-05,-3.2730167731642723e-06,-9.897489508148283e-05,9.567115193931386e-05,-5.6111844060069416e-09,-5.476619116961956e-05,-3.309354326574976e-06,5.1412731409072876e-05,134.72658751672134,3635.977974341153,7137.229361346583,134.72658733572584,18.062333954654605
tau4.5_r27_o61_h1,checkpoint_total,absolute_branch,F,589089.7763803401,4050.1410059848777,585039.6500040201,0.0,585034.5945708825,-5.055430307842471,0.0,5.051617530166112,585039.6353743552,-0.0038127776763587917,0.01081688713748008,,,,,
tau4.5_r27_o61_h1,checkpoint_total,absolute_branch,L,589155.4781495059,4115.842783788476,585039.6500039585,0.0,585034.5945709159,-5.055430266904295,0.0,5.05161752979626,585039.6353657175,-0.0038127371080349803,0.010825503966771066,,,,,
tau4.5_r27_o61_h1,checkpoint_total,absolute_branch,S,589224.5029678568,4184.867648267758,585039.650003976,-9.567208843007423e-05,585034.5945676095,-5.055529282737552,9.567115193931386e-05,5.051617524554928,585039.635319589,-0.0038160870306853667,0.010868299868889153,,,,,
tau4.5_r27_o61_h1,checkpoint_total,paired_increment,S-L,69.02481835091021,69.02486447928277,1.7462298274040222e-08,-9.567208843007423e-05,-3.3064279705286026e-06,-9.901583325699903e-05,9.567115193931386e-05,-5.241332701189094e-09,-4.612840712070465e-05,-3.349922650386361e-06,4.2795902118086815e-05,69.02481835091021,14250.523227175576,28432.021636003312,69.02481834783673,17.74756284317118
tau4.5_r27_o61_h1,checkpoint_total,paired_increment,L-F,65.70176916581113,65.7017778035979,-6.158370524644852e-08,0.0,3.341119736433029e-08,4.0938175516203046e-08,0.0,-3.6985170481784735e-10,-8.63778404891491e-06,4.05683238113852e-08,8.616829290986061e-06,65.70176916581113,10680.64255562573,21295.58334210313,65.70176914832763,0.31674631855457847
tau4.5_r27_o61_h1,checkpoint_total,paired_increment,S-F,134.72658751672134,134.72664228288068,-4.4121406972408295e-08,-9.567208843007423e-05,-3.2730167731642723e-06,-9.897489508148283e-05,9.567115193931386e-05,-5.6111844060069416e-09,-5.476619116961956e-05,-3.309354326574976e-06,5.1412731409072876e-05,134.72658751672134,3635.9779745015926,7137.229361507021,134.72658749616514,18.062333954654605
tau4.5_r27_o61_h05,pre_onset,absolute_branch,F,39.920599925955095,0.2744123930312226,39.65000000005768,0.0,34.59455384935951,-5.055446150741773,0.0,5.051633948596191,39.646187532923875,-0.0038122021455819777,2.64988223364071e-07,,,,,
tau4.5_r27_o61_h05,pre_onset,absolute_branch,L,39.920599925955095,0.2744123930312226,39.65000000005768,0.0,34.59455384935951,-5.055446150741773,0.0,5.051633948596191,39.646187532923875,-0.0038122021455819777,2.64988223364071e-07,,,,,
tau4.5_r27_o61_h05,pre_onset,absolute_branch,S,39.920599925955095,0.2744123930312226,39.65000000005768,0.0,34.59455384935951,-5.055446150741773,0.0,5.051633948596191,39.646187532923875,-0.0038122021455819777,2.64988223364071e-07,,,,,
tau4.5_r27_o61_h05,pre_onset,paired_increment,S-L,0.0,0.0,0.0,0.0,0.0,0.0,0.0,0.0,0.0,0.0,0.0,0.0,0.0,0.0,0.0,0.0
tau4.5_r27_o61_h05,pre_onset,paired_increment,L-F,0.0,0.0,0.0,0.0,0.0,0.0,0.0,0.0,0.0,0.0,0.0,0.0,1.607307345841556e-07,1.607307345841556e-07,1.607307345841556e-07,0.0
tau4.5_r27_o61_h05,pre_onset,paired_increment,S-F,0.0,0.0,0.0,0.0,0.0,0.0,0.0,0.0,0.0,0.0,0.0,0.0,1.607307345841556e-07,1.607307345841556e-07,1.607307345841556e-07,0.0
tau4.5_r27_o61_h05,service,absolute_branch,F,130898.5092958025,899.9504557261179,130000.00000027903,0.0,129998.56057503479,-1.439425240016135,0.0,-0.0010888997564961755,129998.55884007638,-1.440514139772631,0.0006460628792410716,,,,,
tau4.5_r27_o61_h05,service,absolute_branch,L,130964.21419642626,965.6522766698664,130000.00000029303,0.0,129998.56373043112,-1.4362698408840515,0.0,-0.0011637675928284352,129998.5619197564,-1.43743360847688,0.0006469281652243808,,,,,
tau4.5_r27_o61_h05,service,absolute_branch,S,131033.41357018061,1034.6802342801343,130000.00000027205,-500.95827883397936,129998.89038455178,-502.06789455630496,500.95827883398306,-0.15639783691233333,129998.73333590047,-1.2660135592342385,0.0006508123478852212,,,,,
tau4.5_r27_o61_h05,service,paired_increment,S-L,69.19937375435256,69.02795761026789,-2.0983861759305e-08,-500.95827883397936,0.32665412065398414,-500.6316247154209,500.95827883398306,-0.1552340693195049,0.17141614407591987,0.17142004924264143,3.884182660840452e-06,69.19937375435256,14250.431925399438,28431.662424244474,69.2014265543987,0.0
tau4.5_r27_o61_h05,service,paired_increment,L-F,65.70490062375029,65.70182094374854,1.3998942449688911e-08,0.0,0.0031553963344777003,0.003155399132083403,0.0,-7.486783633225969e-05,0.003079680012888275,0.0030805312957511433,8.652859833091497e-07,65.70490062375029,10680.641009707302,21295.577118989033,65.70490042557182,0.0
tau4.5_r27_o61_h05,service,paired_increment,S-F,134.90427437810285,134.72977855401643,-6.984919309616089e-09,-500.95827883397936,0.32980951698846184,-500.62846931628883,500.95827883398306,-0.15530893715583716,0.17449582408880815,0.17450058053839257,4.7494686441496015e-06,134.90427437810285,3635.885251058517,7136.864175137063,134.90632697997063,0.0
tau4.5_r27_o61_h05,recovery,absolute_branch,F,327251.3854565695,2249.9464383457484,324999.99999597354,0.0,325001.43944104493,1.4394403717124078,0.0,0.001073056437633113,325001.4390182237,1.440513428150041,0.001491177943535149,,,,,
tau4.5_r27_o61_h05,recovery,absolute_branch,L,327251.38233418646,2249.9463953258773,324999.99999614153,0.0,325001.43628685246,1.4362861646986858,0.0,0.0011479168630046388,325001.4359388606,1.4374340815616904,0.0014913625200279057,,,,,
tau4.5_r27_o61_h05,recovery,absolute_branch,S,327251.2077359633,2249.9433143258893,324999.9999961138,500.9500865476238,325001.10954129166,502.059627173021,-500.9500865491209,0.15638007430399625,325001.2644216374,1.2659206982040985,0.0014951745979487896,,,,,
tau4.5_r27_o61_h05,recovery,paired_increment,S-L,-0.1745982231805101,-0.00308099998801481,-2.7706846594810486e-08,500.9500865476238,-0.326745560800191,500.6233410083223,-500.9500865491209,0.1552321574409916,-0.17151722317794338,-0.17151338335759192,3.812077920883894e-06,0.1745982231805101,0.09124758985152413,0.3591461602115048,-0.17665098050845657,17.74782876845893
tau4.5_r27_o61_h05,recovery,paired_increment,L-F,-0.0031223830301314592,-4.301987110011396e-05,1.6798730939626694e-07,0.0,-0.0031541924690827727,-0.0031542070137220435,0.0,7.486042537152571e-05,-0.0030793631449341774,-0.0030793465883505178,1.8457649275660515e-07,0.0031223830301314592,0.0015657697505317629,0.006253870020708089,-0.003122330519644563,0.31635119781458343
tau4.5_r27_o61_h05,recovery,paired_increment,S-F,-0.17772060621064156,-0.0031240198591149237,1.4028046280145645e-07,500.9500865476238,-0.3298997532692738,500.6201868013086,-500.9500865491209,0.15530701786636314,-0.17459658632287756,-0.17459272994594244,3.996654413640499e-06,0.17772060621064156,0.0926551537964533,0.3650836186210077,-0.1797733110281011,18.062202735436585
tau4.5_r27_o61_h05,post_deadline,absolute_branch,F,130899.96989217796,899.9705382809516,130000.00000016426,0.0,130000.00000063446,3.3664036891423166e-07,0.0,-4.950344418830355e-07,129999.99935389702,-1.583940729688038e-07,0.000646108848741278,,,,,
tau4.5_r27_o61_h05,post_deadline,absolute_branch,L,130899.96989100036,899.9705382648194,130000.00000015163,0.0,129999.99999947281,-8.191200322471559e-07,0.0,-4.875211914168176e-07,129999.99935273554,-1.3066412236639735e-06,0.0006461094453698024,,,,,
tau4.5_r27_o61_h05,post_deadline,absolute_branch,S,130899.96998223651,899.9705395072297,130000.00000030373,0.008096611577209303,130000.00008753553,0.008183870719221886,-0.008096607722109184,1.4190474360020744e-06,129999.99944272928,8.868204454870465e-05,0.0006462564924731851,,,,,
tau4.5_r27_o61_h05,post_deadline,paired_increment,S-L,9.123614290729165e-05,1.2424102351360489e-06,1.5209661796689034e-07,0.008096611577209303,8.806271944195032e-05,0.008184689839254133,-0.008096607722109184,1.906568627418892e-06,8.999374404083937e-05,8.998868577236863e-05,1.4704710338264704e-07,9.123614290729165e-05,9.119446684198995e-05,9.119446684198995e-05,9.119446684198995e-05,0.005098924827862561
tau4.5_r27_o61_h05,post_deadline,paired_increment,L-F,-1.1775991879403591e-06,-1.6132162272697315e-08,-1.2631062418222427e-08,0.0,-1.161650288850069e-06,-1.1557604011613876e-06,0.0,7.513250466217869e-09,-1.1614756658673286e-06,-1.1482471506951697e-06,5.966285243630409e-10,1.1775991879403591e-06,5.091656930743413e-10,1.1674469494028088e-06,-1.1664286180166599e-06,5.761829151396114e-05
tau4.5_r27_o61_h05,post_deadline,paired_increment,S-F,9.005854371935129e-05,1.2262780728633516e-06,1.394655555486679e-07,0.008096611577209303,8.690106915310025e-05,0.008183534078852972,-0.008096607722109184,1.91408187788511e-06,8.883226837497205e-05,8.884043862167346e-05,1.4764373190701008e-07,9.005854371935129e-05,9.002803822397328e-05,9.002803822397328e-05,9.002803822397328e-05,0.0050413065363486
tau4.5_r27_o61_h05,declared_onset_total,absolute_branch,F,589049.86464455,4049.867432352818,584999.9999964169,0.0,585000.0000167142,1.5468336641788483e-05,0.0,-1.6338353304945485e-05,584999.9972121972,-8.700166631570028e-07,0.0027833497151732445,,,,,
tau4.5_r27_o61_h05,declared_onset_total,absolute_branch,L,589115.5664216131,4115.569210260563,584999.9999965862,0.0,585000.0000167565,1.5504694601986557e-05,0.0,-1.6338251015213245e-05,584999.9972113526,-8.335564132266882e-07,0.002784400130622089,,,,,
tau4.5_r27_o61_h05,declared_onset_total,absolute_branch,S,589184.5912883804,4184.594088113253,584999.9999966896,-9.567477831992035e-05,585000.000013379,-8.351256474270485e-05,9.567714005243033e-05,-1.634356090107758e-05,584999.9972002672,-4.178985591352102e-06,0.002792243496514857,,,,,
tau4.5_r27_o61_h05,declared_onset_total,paired_increment,S-L,69.02486676734407,69.02487785269022,1.0337680578231812e-07,-9.567477831992035e-05,-3.377441316843033e-06,-9.901725934469141e-05,9.567714005243033e-05,-5.309885864335229e-09,-1.1085416190326214e-05,-3.345429178125414e-06,7.843365892767906e-06,69.02486676734407,14250.523264183757,28432.021661599156,69.0248667683571,17.74782876845893
tau4.5_r27_o61_h05,declared_onset_total,paired_increment,L-F,65.70177706307732,65.7017779077446,1.6938429325819016e-07,0.0,4.225876182317734e-08,3.635796019807458e-08,0.0,1.0228973224002402e-10,-8.445931598544121e-07,3.64602499303146e-08,1.0504154488444328e-06,65.70177706307732,10680.642575477561,21295.583374026504,65.70177692862356,0.31635119781458343
tau4.5_r27_o61_h05,declared_onset_total,paired_increment,S-F,134.72664383042138,134.72665576043482,2.7276109904050827e-07,-9.567477831992035e-05,-3.3351825550198555e-06,-9.898090138449334e-05,9.567714005243033e-05,-5.207596132095205e-09,-1.1930009350180626e-05,-3.3089689281950996e-06,8.893781341612339e-06,134.72664383042138,3635.977996240352,7137.2293487837205,134.72664369698072,18.062202735436585
tau4.5_r27_o61_h05,checkpoint_total,absolute_branch,F,589089.7852444759,4050.141844745849,585039.6499964169,0.0,585034.5945705635,-5.055430682405131,0.0,5.051617610242886,585039.6433997301,-0.0038130721622451347,0.0027836146764457226,,,,,
tau4.5_r27_o61_h05,checkpoint_total,absolute_branch,L,589155.487021539,4115.843622653594,585039.6499965863,0.0,585034.5945706058,-5.055430646047171,0.0,5.0516176103451755,585039.6433988854,-0.0038130357019952044,0.002784665208309889,,,,,
tau4.5_r27_o61_h05,checkpoint_total,absolute_branch,S,589224.5118883064,4184.868500506284,585039.6499966896,-9.567477831992035e-05,585034.5945672283,-5.055529663306515,9.567714005243033e-05,5.05161760503529,585039.6433878001,-0.0038163811311733298,0.002792508457787335,,,,,
tau4.5_r27_o61_h05,checkpoint_total,paired_increment,S-L,69.02486676734407,69.02487785269022,1.0337680578231812e-07,-9.567477831992035e-05,-3.377441316843033e-06,-9.901725934469141e-05,9.567714005243033e-05,-5.309885864335229e-09,-1.1085299775004387e-05,-3.345429178125414e-06,7.84324947744608e-06,69.02486676734407,14250.523264183757,28432.021661599156,69.0248667683571,17.74782876845893
tau4.5_r27_o61_h05,checkpoint_total,paired_increment,L-F,65.70177706307732,65.70177790774505,1.6938429325819016e-07,0.0,4.225876182317734e-08,3.635796019807458e-08,0.0,1.0228973224002402e-10,-8.44709575176239e-07,3.64602499303146e-08,1.0505318641662598e-06,65.70177706307732,10680.64257563829,21295.583374187234,65.7017770893543,0.31635119781458343
tau4.5_r27_o61_h05,checkpoint_total,paired_increment,S-F,134.72664383042138,134.72665576043528,2.7276109904050827e-07,-9.567477831992035e-05,-3.3351825550198555e-06,-9.898090138449334e-05,9.567714005243033e-05,-5.207596132095205e-09,-1.1930009350180626e-05,-3.3089689281950996e-06,8.893781341612339e-06,134.72664383042138,3635.9779964010822,7137.229348944452,134.72664385771145,18.062202735436585
tau4.5_r33_o19_h1,pre_onset,absolute_branch,F,12.539748283239886,0.08691759389691009,12.34999999999431,0.0,11.88316556144265,-0.466834438546357,0.0,0.5696651075610077,12.452830689342976,0.10283066901465077,-2.0334015360390367e-08,,,,,
tau4.5_r33_o19_h1,pre_onset,absolute_branch,L,12.55824926935019,0.08717439609005623,12.34999999999431,0.0,11.281179443863568,-1.0688205561273207,0.0,1.1898953956167304,12.471074873260134,0.12107483948940967,-3.3776414554154144e-08,,,,,
tau4.5_r33_o19_h1,pre_onset,absolute_branch,S,12.509400021802765,0.08649737636814808,12.349999999994314,0.0,12.802822923773464,0.45282292377669364,0.0,-0.3799202914483999,12.422902645434617,0.07290263232829375,-1.3112009256133206e-08,,,,,
tau4.5_r33_o19_h1,pre_onset,paired_increment,S-L,-0.04884924754742492,-0.0006770197219081453,3.552713678800501e-15,0.0,1.521643479909896,1.5216434799040144,0.0,-1.5698156870651303,-0.048172227825517666,-0.04817220716111592,2.0664405298020938e-08,0.04884924754742492,0.0,0.07708132364782119,-0.07708132364782119,0.0
tau4.5_r33_o19_h1,pre_onset,paired_increment,L-F,0.01850098611030404,0.0002568021931461384,0.0,0.0,-0.6019861175790826,-0.6019861175809638,0.0,0.6202302880557227,0.018244183917158097,0.018244170474758903,-1.3442399193763777e-08,0.01850098611030404,0.05781905257429988,0.05781905257429988,0.05781905257429988,0.0
tau4.5_r33_o19_h1,pre_onset,paired_increment,S-F,-0.030348261437120883,-0.0004202175287620069,3.552713678800501e-15,0.0,0.9196573623308133,0.9196573623230506,0.0,-0.9495853990094076,-0.02992804390835957,-0.029928036686357018,7.2220061042571615e-09,0.030348261437120883,0.0,0.019262271073521322,-0.019262271073521322,0.0
tau4.5_r33_o19_h1,service,absolute_branch,F,130898.5072907263,899.9502595075577,130000.00000027487,0.0,129998.56046728266,-1.4395329939834483,0.0,-0.0008959798291812149,129998.55703121873,-1.4404289738126295,0.0025400823215022683,,,,,
tau4.5_r33_o19_h1,service,absolute_branch,L,130964.17970045673,965.6124627374198,130000.00000027749,0.0,129999.19088986839,-0.8091104067752894,0.0,-0.6211034263352815,129998.56723771931,-1.430213833110571,0.002548725067754276,,,,,
tau4.5_r33_o19_h1,service,absolute_branch,S,131033.44657898929,1034.604470891234,130000.0000002755,-7.099521606126272,129997.89758855205,-9.201933328808082,7.09952160618559,0.9470713273163369,129998.84210809805,-1.1553403953061547,0.0025517821486573666,,,,,
tau4.5_r33_o19_h1,service,paired_increment,S-L,69.26687853255135,68.99200815381425,-1.9936123862862587e-09,-7.099521606126272,-1.2933013163419673,-8.392822922032792,7.09952160618559,1.5681747536516184,0.274870378736523,0.2748734378044162,3.0570809030905366e-06,69.26687853255135,14248.706332072348,28428.11749983694,69.29516430775593,0.0
tau4.5_r33_o19_h1,service,paired_increment,L-F,65.67240973043954,65.66220322986214,2.6193447411060333e-09,0.0,0.6304225857311394,0.6304225872081588,0.0,-0.6202074465061003,0.010206500577623956,0.010215140702058534,8.642746252007782e-06,65.67240973043954,10678.509611392921,21291.38613134461,65.63309144123309,0.0
tau4.5_r33_o19_h1,service,paired_increment,S-F,134.93928826299089,134.6542113836764,6.257323548197746e-10,-7.099521606126272,-0.6628787306108279,-7.762400334824633,7.09952160618559,0.9479673071455181,0.28507687931414694,0.28508857850647473,1.1699827155098319e-05,134.93928826299089,3635.8506234845395,7136.772991220088,134.92825574898978,0.0
tau4.5_r33_o19_h1,recovery,absolute_branch,F,327251.38069535664,2249.9459934853585,325000.00000347616,0.0,325001.43953592225,1.4395352591527626,0.0,0.0008938519191019623,325001.4347018713,1.4404291110718646,0.005730715929530561,,,,,
tau4.5_r33_o19_h1,recovery,absolute_branch,L,327251.35183961876,2249.9455966716177,325000.000003494,0.0,325001.4110998209,1.4110991771740373,0.0,0.0008710081440028716,325001.40624294715,1.4119701853180402,0.005730732111260295,,,,,
tau4.5_r33_o19_h1,recovery,absolute_branch,S,327251.12198745087,2249.942435383265,325000.0000034895,7.099527720271595,325001.1827680564,8.282295107906975,-7.099527721533377,0.0025118706743967323,325001.1795520676,1.1852792570479949,0.005730678967665881,,,,,
tau4.5_r33_o19_h1,recovery,paired_increment,S-L,-0.22985216788947582,-0.0031612883526577207,-4.48198989033699e-09,7.099527720271595,-0.2283317645196803,6.871195930732938,-7.099527721533377,0.0016408625303938607,-0.22669087955728173,-0.22669092827004533,-5.314359441399574e-08,0.22985216788947582,0.04284439520075684,0.31559466447445317,-0.22990587407293955,23.173540585421506
tau4.5_r33_o19_h1,recovery,paired_increment,L-F,-0.028855737880803645,-0.00039681374073552433,1.7811544239521027e-08,0.0,-0.028436101332772523,-0.02843608197872527,0.0,-2.2843775099090635e-05,-0.028458924149163067,-0.02845892575382436,1.618172973394394e-08,0.028855737880803645,0.004101617620504472,0.03705874965208768,-0.02885551441107874,2.9076525351793236
tau4.5_r33_o19_h1,recovery,paired_increment,S-F,-0.25870790577027947,-0.003558102093393245,1.3329554349184036e-08,7.099527720271595,-0.2567678658524528,6.842759848754213,-7.099527721533377,0.00161801875529477,-0.2551498037064448,-0.2551498540238697,-3.6961864680051804e-08,0.25870790577027947,0.046630984623508995,0.35202335773103627,-0.2587613884840183,26.08119312060083
tau4.5_r33_o19_h1,post_deadline,absolute_branch,F,130899.96779754246,899.9703407045454,130000.00000025303,0.0,130000.00000265101,2.3925313143990934e-06,0.0,-2.517989116768149e-06,129999.99745683791,-1.2545780236905557e-07,0.002543289665482007,,,,,
tau4.5_r33_o19_h1,post_deadline,absolute_branch,L,130899.96779719263,899.970340699474,130000.00000027922,0.0,130000.00000228401,2.0303814380895346e-06,0.0,-2.516104615324366e-06,129999.99745649315,-4.857231772348314e-07,0.0025433003320358694,,,,,
tau4.5_r33_o19_h1,post_deadline,absolute_branch,S,130899.96778706595,899.9703405608393,130000.00000028498,-6.0700911563501e-06,129999.99999226729,-1.4072069461690262e-05,5.962596333120018e-06,-2.4458284713091416e-06,129999.9974465051,-1.0555301599879385e-05,0.0025432245747651905,,,,,
tau4.5_r33_o19_h1,post_deadline,paired_increment,S-L,-1.0126677807420492e-05,-1.3863473213859834e-07,5.762558430433273e-09,-6.0700911563501e-06,-1.0016723535954952e-05,-1.6102450899779797e-05,5.962596333120018e-06,7.027614401522442e-08,-9.988041711039841e-06,-1.0069578422644554e-05,-7.575727067887783e-08,1.0126677807420492e-05,0.0,1.0102403890341544e-05,-1.0102403890341544e-05,0.00040114070346675135
tau4.5_r33_o19_h1,post_deadline,paired_increment,L-F,-3.498280420899391e-07,-5.071342457085848e-09,2.6193447411060333e-08,0.0,-3.66999302059412e-07,-3.6214987630955875e-07,0.0,1.8845014437829377e-09,-3.4476397559046745e-07,-3.602653748657758e-07,1.0666553862392902e-08,3.498280420899391e-07,2.3289932869373987e-09,3.696450130082716e-07,-3.649870264343968e-07,3.2193223724164e-05
tau4.5_r33_o19_h1,post_deadline,paired_increment,S-F,-1.0476505849510431e-05,-1.4370607459568419e-07,3.1956005841493607e-08,-6.0700911563501e-06,-1.0383722838014364e-05,-1.6464600776089355e-05,5.962596333120018e-06,7.216064545900736e-08,-1.0332805686630309e-05,-1.042984379751033e-05,-6.509071681648493e-08,1.0476505849510431e-05,0.0,1.0467390916775941e-05,-1.0467390916775941e-05,0.00043333392719091535
tau4.5_r33_o19_h1,declared_onset_total,absolute_branch,F,589049.8557836254,4049.8665936974617,585000.0000040041,0.0,585000.0000058559,4.657700628740713e-06,0.0,-4.645899196020764e-06,584999.9891899279,1.1801432719948934e-08,0.010814087931066751,,,,,
tau4.5_r33_o19_h1,declared_onset_total,absolute_branch,L,589115.4993372681,4115.528400108512,585000.0000040507,0.0,585000.6019919734,0.601990800780186,0.0,-0.6202349342958939,584999.9709371595,-0.018244133515707972,0.010822757612913847,,,,,
tau4.5_r33_o19_h1,declared_onset_total,absolute_branch,S,589184.5363535061,4184.5172468353385,585000.00000405,4.405416727461969e-08,584999.0803488757,-0.9196522929705679,-1.5275145415216684e-07,0.9495807521622623,585000.0191066709,0.02992830644024025,0.010825685574673116,,,,,
tau4.5_r33_o19_h1,declared_onset_total,paired_increment,S-L,69.03701623808593,68.98884672682652,-6.984919309616089e-10,4.405416727461969e-08,-1.5216430976288393,-1.521643093750754,-1.5275145415216684e-07,1.5698156864581563,0.04816951137036085,0.04817243995594822,2.9279617592692375e-06,69.03701623808593,14248.74917646755,28428.433104603817,69.06524833127912,23.173540585421506
tau4.5_r33_o19_h1,declared_onset_total,paired_increment,L-F,65.64355364267249,65.66180641105029,4.6566128730773926e-08,0.0,0.6019861174281687,0.6019861430795572,0.0,-0.6202302883966979,-0.01825276843737811,-0.018244145317140692,8.66968184709549e-06,65.64355364267249,10678.513713012871,21291.42319046391,65.60423556183501,2.9076525351793236
tau4.5_r33_o19_h1,declared_onset_total,paired_increment,S-F,134.6805698807584,134.65065313787682,4.586763679981232e-08,4.405416727461969e-08,-0.9196569802006707,-0.9196569506711967,-1.5275145415216684e-07,0.9495853980614584,0.029916742932982743,0.02992829463880753,1.1597643606364727e-05,134.6805698807584,3635.8972544691633,7137.125025045212,134.66948389311491,26.08119312060083
tau4.5_r33_o19_h1,checkpoint_total,absolute_branch,F,589062.3955319086,4049.9535112913586,585012.3500040041,0.0,585011.8831714174,-0.46682978084572824,0.0,0.5696604616618117,585012.4420206172,0.10283068081608349,0.010814067674800754,,,,,
tau4.5_r33_o19_h1,checkpoint_total,absolute_branch,L,589128.0575865374,4115.615574504602,585012.3500040506,0.0,585011.8831714172,-0.4668297553471348,0.0,0.5696604613208365,585012.4420120328,0.1028307059737017,0.010822723736055195,,,,,
tau4.5_r33_o19_h1,checkpoint_total,absolute_branch,S,589197.0457535279,4184.603744211707,585012.35000405,4.405416727461969e-08,585011.8831717995,-0.4668293691938743,-1.5275145415216684e-07,0.5696604607138624,585012.4420093162,0.102830938768534,0.010825672536157072,,,,,
tau4.5_r33_o19_h1,checkpoint_total,paired_increment,S-L,68.9881669904571,68.98816970710504,-6.984919309616089e-10,4.405416727461969e-08,3.8230791687965393e-07,3.8615326047874987e-07,-1.5275145415216684e-07,-6.06974026595708e-10,-2.716667950153351e-06,2.3279483229998732e-07,2.948800101876259e-06,68.9881669904571,14248.74917646755,28428.510185927465,68.98816700763132,23.173540585421506
tau4.5_r33_o19_h1,checkpoint_total,paired_increment,L-F,65.66205462883227,65.66206321324307,4.6566128730773926e-08,0.0,-2.3283064365386963e-10,2.5498593458905816e-08,0.0,-3.409752480365569e-10,-8.584349416196346e-06,2.515761821086926e-08,8.656061254441738e-06,65.66205462883227,10678.571532065445,21291.481009516483,65.66205461440931,2.9076525351793236
tau4.5_r33_o19_h1,checkpoint_total,paired_increment,S-F,134.65022161928937,134.65023292034812,4.586763679981232e-08,4.405416727461969e-08,3.8207508623600006e-07,4.116518539376557e-07,-1.5275145415216684e-07,-9.479492746322649e-10,-1.1301017366349697e-05,2.579524505108566e-07,1.1604861356317997e-05,134.65022161928937,3635.8972544691633,7137.144287316285,134.65022162204139,26.08119312060083
tau4.5_r33_o19_h05,pre_onset,absolute_branch,F,12.539748402619479,0.08691760755329447,12.34999999999431,0.0,11.883165710770959,-0.46683428924006876,0.0,0.5696650778641015,12.452830795066184,0.10283078862403272,-6.447841371937102e-09,,,,,
tau4.5_r33_o19_h05,pre_onset,absolute_branch,L,12.558249382267494,0.08717441243524976,12.34999999999431,0.0,11.281179592418633,-1.0688204075740941,0.0,1.1898953691986094,12.471074969832245,0.12107496162451525,-8.213419278035872e-09,,,,,
tau4.5_r33_o19_h05,pre_onset,absolute_branch,S,12.509400144307625,0.08649738873818316,12.34999999999431,0.0,12.802823082781789,0.4528230827781954,0.0,-0.3799203317738318,12.422902755569442,0.07290275100436361,-4.570768652456536e-09,,,,,
tau4.5_r33_o19_h05,pre_onset,paired_increment,S-L,-0.048849237959869285,-0.0006770236970665977,0.0,0.0,1.5216434903631555,1.5216434903522895,0.0,-1.5698157009724412,-0.04817221426280227,-0.048172210620151645,3.6426506255793356e-09,0.048849237959869285,0.0,0.07708127103778975,-0.07708127103778975,0.0
tau4.5_r33_o19_h05,pre_onset,paired_increment,L-F,0.01850097964801556,0.00025680488195528595,0.0,0.0,-0.6019861183523254,-0.6019861183340254,0.0,0.6202302913345079,0.01824417476606044,0.018244173000482533,-1.7655779060987697e-09,0.01850097964801556,0.057819048909362195,0.057819048909362195,0.057819048909362195,0.0
tau4.5_r33_o19_h05,pre_onset,paired_increment,S-F,-0.030348258311853726,-0.00042021881511131176,0.0,0.0,0.9196573720108301,0.9196573720182641,0.0,-0.9495854096379333,-0.02992803949674183,-0.029928037619669112,1.877072719480566e-09,0.030348258311853726,0.0,0.01926222212842756,-0.01926222212842756,0.0
tau4.5_r33_o19_h05,service,absolute_branch,F,130898.50935993069,899.9504566091604,130000.00000027775,0.0,129998.56044504563,-1.4395552298847178,0.0,-0.000896000837713018,129998.55890332152,-1.4404512307224309,0.0006457255076384172,,,,,
tau4.5_r33_o19_h05,service,absolute_branch,L,130964.18177355868,965.612659897721,130000.0000002798,0.0,129999.19086397637,-0.8091362976629171,0.0,-0.6211034516655332,129998.56911366095,-1.4302397493284502,0.0006468695210060105,,,,,
tau4.5_r33_o19_h05,service,absolute_branch,S,131033.44867664303,1034.6046882231674,130000.00000025946,-7.099504985641229,129997.89756496296,-9.201940298022237,7.099504986603279,0.9470713045980972,129998.84398841987,-1.1553640068208608,0.000647832770482637,,,,,
tau4.5_r33_o19_h05,service,paired_increment,S-L,69.26690308435354,68.99202832544643,-2.034357748925686e-08,-7.099504985641229,-1.293299013414071,-8.39280400035932,7.099504986603279,1.5681747562636303,0.2748747589212144,0.2748757425075894,9.632494766265154e-07,69.26690308435354,14248.706357757108,28428.11752670099,69.29518881322396,0.0
tau4.5_r33_o19_h05,service,paired_increment,L-F,65.67241362799541,65.66220328856059,2.051820047199726e-09,0.0,0.6304189307411434,0.6304189322218008,0.0,-0.6202074508278201,0.01021033943106886,0.010211481393980648,1.1440133675932884e-06,65.67241362799541,10678.50963147969,21291.386167627184,65.63309533218947,0.0
tau4.5_r33_o19_h05,service,paired_increment,S-F,134.93931671234895,134.65423161400702,-1.8291757442057133e-08,-7.099504985641229,-0.6628800826729275,-7.762385068137519,7.099504986603279,0.9479673054358102,0.28508509835228324,0.28508722390157004,2.107262844219804e-06,134.93931671234895,3635.850632726159,7136.772981306904,134.928284145414,0.0
tau4.5_r33_o19_h05,recovery,absolute_branch,F,327251.38539356797,2249.946437480201,324999.9999959755,0.0,325001.4395601308,1.4395594552079274,0.0,0.0008918378709381614,325001.43895608775,1.4404512930788655,0.0014911808539181948,,,,,
tau4.5_r33_o19_h05,recovery,absolute_branch,L,327251.3565415172,2249.946040717482,324999.9999960083,0.0,325001.4111277246,1.4111270293979032,0.0,0.0008689957916203639,325001.4105007997,1.4119960251895236,0.0014912337646819651,,,,,
tau4.5_r33_o19_h05,recovery,absolute_branch,S,327251.12668698037,2249.9428794065752,324999.999996054,7.099511103615716,325001.1827935872,8.282304027015925,-7.0995111037336756,0.002509868625566014,325001.1838075738,1.1853027919078158,0.0014912720653228462,,,,,
tau4.5_r33_o19_h05,recovery,paired_increment,S-L,-0.22985453682485968,-0.0031613109067620826,4.5693013817071915e-08,7.099511103615716,-0.2283341374131851,6.871176997618022,-7.0995111037336756,0.0016408728339456502,-0.22669322590809315,-0.22669323328170776,3.8300640881061554e-08,0.22985453682485968,0.0428448309814441,0.3155978998970931,-0.2299082379342049,23.17377477323862
tau4.5_r33_o19_h05,recovery,paired_increment,L-F,-0.028852050774730742,-0.0003967627189922496,3.277091309428215e-08,0.0,-0.028432406194042414,-0.028432425810024142,0.0,-2.284207931779747e-05,-0.028455288033001125,-0.02845526788934194,5.291076377034187e-08,0.028852050774730742,0.00410107724668401,0.03705395866040174,-0.028851804167033722,2.9072789482816006
tau4.5_r33_o19_h05,recovery,paired_increment,S-F,-0.2587065875995904,-0.003558073625754332,7.846392691135406e-08,7.099511103615716,-0.2567665436072275,6.842744571807998,-7.0995111037336756,0.0016180307546278527,-0.2551485139410943,-0.2551485011710497,9.121140465140343e-08,0.2587065875995904,0.046630906377360226,0.3520218548559591,-0.2587600421012386,26.08105372152022
tau4.5_r33_o19_h05,post_deadline,absolute_branch,F,130899.96989217156,899.9705382808747,130000.00000013167,0.0,130000.00000061141,3.1456875149160624e-07,0.0,-4.820837489205587e-07,129999.99935389069,-1.6751499742895248e-07,0.0006460734584834427,,,,,
tau4.5_r33_o19_h05,post_deadline,absolute_branch,L,130899.96989179478,899.9705382758161,130000.00000018289,0.0,130000.00000024622,-5.201218300499022e-08,0.0,-4.807176310350769e-07,129999.99935351897,-5.327298140400671e-07,0.0006461311859311536,,,,,
tau4.5_r33_o19_h05,post_deadline,absolute_branch,S,130899.96988196514,899.9705381414879,130000.00000031141,-6.2051103242024805e-06,129999.99999049527,-1.599888491909951e-05,5.815076292492449e-06,-4.0823445601745334e-07,129999.99934382366,-1.0592043082624514e-05,0.0006458957068389282,,,,,
tau4.5_r33_o19_h05,post_deadline,paired_increment,S-L,-9.829644113779068e-06,-1.3432827472570352e-07,1.2852251529693604e-07,-6.2051103242024805e-06,-9.75094735622406e-06,-1.594687273609452e-05,5.815076292492449e-06,7.248317501762358e-08,-9.695315384306014e-06,-1.0059313268584447e-05,-2.354790922254324e-07,9.829644113779068e-06,1.3906423002480594e-08,9.833688439568537e-06,-9.805875593563573e-06,0.0004010844639807942
tau4.5_r33_o19_h05,post_deadline,paired_increment,L-F,-3.7677818909287453e-07,-5.058609531261027e-09,5.122274160385132e-08,0.0,-3.651948645710945e-07,-3.6658093449659646e-07,0.0,1.366117885481799e-09,-3.7171412259340286e-07,-3.6521481661111466e-07,5.77274477109313e-08,3.7677818909287453e-07,1.1472380720077143e-09,3.7203744158614497e-07,-3.6974296544212953e-07,3.212011510811408e-05
tau4.5_r33_o19_h05,post_deadline,paired_increment,S-F,-1.0206422302871943e-05,-1.3938688425696455e-07,1.7974525690078735e-07,-6.2051103242024805e-06,-1.0116142220795155e-05,-1.6313453670591116e-05,5.815076292492449e-06,7.384929290310538e-08,-1.0067029506899416e-05,-1.0424528085195561e-05,-1.777516445145011e-07,1.0206422302871943e-05,7.77102634310645e-09,1.0191160611691918e-05,-1.0175618559005704e-05,0.0004332045790889083
tau4.5_r33_o19_h05,declared_onset_total,absolute_branch,F,589049.8646456702,4049.867432370236,584999.999996385,0.0,585000.0000057879,4.539891961030662e-06,0.0,-4.645050523777172e-06,584999.9972133,-1.0515856274651014e-07,0.0027829798636958003,,,,,
tau4.5_r33_o19_h05,declared_onset_total,absolute_branch,L,589115.5082068706,4115.529238891019,584999.999996471,0.0,585000.6019919473,0.6019906797228032,0.0,-0.6202349365915438,584999.9789679797,-0.01824425686874065,0.002784234471619129,,,,,
tau4.5_r33_o19_h05,declared_onset_total,absolute_branch,S,589184.5452455885,4184.518105771231,584999.9999966249,-8.713583716933084e-08,584999.0803490455,-0.9196522698912304,-3.0205410439521074e-07,0.9495807649892072,585000.0271398172,0.029928193043872398,0.002785000717267394,,,,,
tau4.5_r33_o19_h05,declared_onset_total,paired_increment,S-L,69.03703871788457,68.98886688021139,1.5390105545520782e-07,-8.713583716933084e-08,-1.521642901818268,-1.5216429496140336,-3.0205410439521074e-07,1.569815701580751,0.0481718375813216,0.04817244991261305,7.66245648264885e-07,69.03703871788457,14248.749202601995,28428.43313443458,69.06527076941417,23.17377477323862
tau4.5_r33_o19_h05,declared_onset_total,paired_increment,L-F,65.6435612004716,65.6618065207831,8.603092283010483e-08,0.0,0.6019861593376845,0.6019861398308421,0.0,-0.62023029154102,-0.018245320301502943,-0.018244151710177903,1.2546079233288765e-06,65.6435612004716,10678.513732558084,21291.42322195789,65.60424315827947,2.9072789482816006
tau4.5_r33_o19_h05,declared_onset_total,paired_increment,S-F,134.68059991835617,134.6506734009945,2.3993197828531265e-07,-8.713583716933084e-08,-0.9196567424805835,-0.9196568097831914,-3.0205410439521074e-07,0.949585410039731,0.029926517279818654,0.029928298202435144,2.0208535715937614e-06,134.68059991835617,3635.8972636403073,7137.125013352921,134.66951392769423,26.08105372152022
tau4.5_r33_o19_h05,checkpoint_total,absolute_branch,F,589062.4043940728,4049.9543499777897,585012.3499963849,0.0,585011.8831714987,-0.4668297493481077,0.0,0.5696604328135777,585012.450044095,0.10283068346546997,0.002782973344437778,,,,,
tau4.5_r33_o19_h05,checkpoint_total,absolute_branch,L,589128.066456253,4115.6164133034545,585012.349996471,0.0,585011.8831715396,-0.46682972785129095,0.0,0.5696604326070656,585012.4500429495,0.1028307047557746,0.0027842262061312795,,,,,
tau4.5_r33_o19_h05,checkpoint_total,absolute_branch,S,589197.0546457329,4184.604603159969,585012.3499966249,-8.713583716933084e-08,585011.8831721282,-0.466829187113035,-3.0205410439521074e-07,0.5696604332153754,585012.4500425729,0.102830944048236,0.002784995944239199,,,,,
tau4.5_r33_o19_h05,checkpoint_total,paired_increment,S-L,68.98818947991822,68.98818985651451,1.5390105545520782e-07,-8.713583716933084e-08,5.885958671569824e-07,5.407382559496909e-07,-3.0205410439521074e-07,6.08309846938937e-10,-3.766035661101341e-07,2.3929246140141913e-07,7.69738107919693e-07,68.98818947991822,14248.749202601995,28428.51021570562,68.98818949837637,23.17377477323862
tau4.5_r33_o19_h05,checkpoint_total,paired_increment,L-F,65.66206218011212,65.6620633256648,8.603092283010483e-08,0.0,4.0978193283081055e-08,2.1496816771104932e-08,0.0,-2.0651214072131552e-10,-1.1455267667770386e-06,2.1290304630383616e-08,1.2528616935014725e-06,65.66206218011212,10678.571551606994,21291.481041006802,65.66206220718885,2.9072789482816006
tau4.5_r33_o19_h05,checkpoint_total,paired_increment,S-F,134.65025166003034,134.6502531821793,2.3993197828531265e-07,-8.713583716933084e-08,6.295740604400635e-07,5.622350727207959e-07,-3.0205410439521074e-07,4.0179770621762145e-10,-1.5221303328871727e-06,2.6058276603180275e-07,2.0225998014211655e-06,134.65025166003034,3635.8972636403073,7137.1442755750495,134.65025170556578,26.08105372152022
tau4.5_r33_o61_h1,pre_onset,absolute_branch,F,39.92059923706903,0.2744123279266246,39.65000000005771,0.0,34.59455410521994,-5.05544589481724,0.0,5.0516338695382785,39.6461869091424,-0.003812025278961073,1.0656363471639452e-06,,,,,
tau4.5_r33_o61_h1,pre_onset,absolute_branch,L,39.92059923706903,0.2744123279266246,39.65000000005771,0.0,34.59455410521994,-5.05544589481724,0.0,5.0516338695382785,39.6461869091424,-0.003812025278961073,1.0656363471639452e-06,,,,,
tau4.5_r33_o61_h1,pre_onset,absolute_branch,S,39.92059923706903,0.2744123279266246,39.65000000005771,0.0,34.59455410521994,-5.05544589481724,0.0,5.0516338695382785,39.6461869091424,-0.003812025278961073,1.0656363471639452e-06,,,,,
tau4.5_r33_o61_h1,pre_onset,paired_increment,S-L,0.0,0.0,0.0,0.0,0.0,0.0,0.0,0.0,0.0,0.0,0.0,0.0,0.0,0.0,0.0,0.0
tau4.5_r33_o61_h1,pre_onset,paired_increment,L-F,0.0,0.0,0.0,0.0,0.0,0.0,0.0,0.0,0.0,0.0,0.0,0.0,1.604392816082115e-07,1.604392816082115e-07,1.604392816082115e-07,0.0
tau4.5_r33_o61_h1,pre_onset,paired_increment,S-F,0.0,0.0,0.0,0.0,0.0,0.0,0.0,0.0,0.0,0.0,0.0,0.0,1.604392816082115e-07,1.604392816082115e-07,1.604392816082115e-07,0.0
tau4.5_r33_o61_h1,service,absolute_branch,F,130898.50722624094,899.9502586162441,130000.00000028059,0.0,129998.56059829156,-1.4394019842475245,0.0,-0.0010888759719875907,129998.5569676247,-1.4404908602195121,0.0025417956785531715,,,,,
tau4.5_r33_o61_h1,service,absolute_branch,L,130964.2121228556,965.6520795094331,130000.00000025454,0.0,129998.56375757403,-1.4362426978004805,0.0,-0.0011637429800259724,129998.56004334617,-1.4374064407805065,0.002550467601395212,,,,,
tau4.5_r33_o61_h1,service,absolute_branch,S,131033.41187329796,1034.6844902325759,130000.00000027468,-7.099520173493627,129998.73386140245,-8.36565904658346,7.099520172159828,-0.003925350274556649,129998.72738306537,-1.2700642246981886,0.0025529846170684323,,,,,
tau4.5_r33_o61_h1,service,paired_increment,S-L,69.19975044234889,69.03241072314279,2.0139850676059723e-08,-7.099520173493627,0.1701038284227252,-6.929416348782979,7.099520172159828,-0.002761607294530677,0.16733971920621116,0.16734221608231792,2.5170156732201576e-06,69.19975044234889,14250.655293761258,28432.11081445599,69.1997730665307,0.0
tau4.5_r33_o61_h1,service,paired_increment,L-F,65.70489661466854,65.70182089318894,-2.6047928258776665e-08,0.0,0.0031592824670951813,0.0031592864470439963,0.0,-7.486700803838175e-05,0.0030757214699406177,0.0030844194390056145,8.671922842040658e-06,65.70489661466854,10680.640989367452,21295.577082316373,65.7048964185283,0.0
tau4.5_r33_o61_h1,service,paired_increment,S-F,134.90464705701743,134.73423161633173,-5.908077582716942e-09,-7.099520173493627,0.17326311088982038,-6.926257062335935,7.099520172159828,-0.0028364743025690586,0.17041544067615177,0.17042663552132353,1.1188938515260816e-05,134.90464705701743,3636.1002734814224,7137.295877477785,134.90466948505977,0.0
tau4.5_r33_o61_h1,recovery,absolute_branch,F,327251.3807572365,2249.9459943359184,325000.0000034727,0.0,325001.43941570085,1.4394150393745804,0.0,0.001075119639864397,325001.4347629006,1.4404901590144448,0.00573073117993772,,,,,
tau4.5_r33_o61_h1,recovery,absolute_branch,L,327251.3776309602,2249.9459512623152,325000.0000034027,0.0,325001.43625759386,1.4362569441218511,0.0,0.0011499790130073961,325001.4316796979,1.4374069231348585,0.005730627977754921,,,,,
tau4.5_r33_o61_h1,recovery,absolute_branch,S,327251.2079646913,2249.9436174117527,325000.00000348105,7.099526396369314,325001.26616362424,8.365689345861028,-7.099526394667919,0.003911517935733855,325001.2643472795,1.2700744691288435,0.005730670702178031,,,,,
tau4.5_r33_o61_h1,recovery,paired_increment,S-L,-0.16966626892099157,-0.0023338505625360995,7.834751158952713e-08,7.099526396369314,-0.1700939696165733,6.929432401739177,-7.099526394667919,0.0027615389227264586,-0.16733241837937385,-0.16733245400601504,4.272442311048508e-08,0.16966626892099157,0.033248449585144405,0.23618579829740327,-0.16968889912711443,17.117566468607038
tau4.5_r33_o61_h1,recovery,paired_increment,L-F,-0.0031262763077393174,-4.30736031376e-05,-7.002381607890129e-08,0.0,-0.0031581069924868643,-0.003158095252729254,0.0,7.485937314299917e-05,-0.0030832026968710124,-0.0030832358795862547,-1.0320218279957771e-07,0.0031262763077393174,0.001566097124654334,0.006258466654490233,-0.0031262724051815648,0.31674631855457847
tau4.5_r33_o61_h1,recovery,paired_increment,S-F,-0.1727925452287309,-0.0023769241656736995,8.32369551062584e-09,7.099526396369314,-0.17325207660906017,6.926274306486448,-7.099526394667919,0.002836398295869458,-0.17041562107624486,-0.1704156898856013,-6.047775968909264e-08,0.1727925452287309,0.0346789280320052,0.24217302759630638,-0.172815171532296,17.43233758009046
tau4.5_r33_o61_h1,post_deadline,absolute_branch,F,130899.96779762558,899.9703407047887,130000.00000026671,0.0,130000.00000278489,2.5318477128166705e-06,0.0,-2.5830400431914313e-06,129999.99745692078,-5.1192330374760786e-08,0.0025432947295485064,,,,,
tau4.5_r33_o61_h1,post_deadline,absolute_branch,L,130899.96779645304,899.9703406888007,130000.00000030122,0.0,130000.0000016428,1.3815915735904127e-06,0.0,-2.575774999513669e-06,129999.99745576424,-1.1941834259232564e-06,0.0025433427945245057,,,,,
tau4.5_r33_o61_h1,post_deadline,absolute_branch,S,130899.96778688068,899.9703405576765,130000.0000002418,-6.170456492849313e-06,129999.99999216094,-1.4281256881076843e-05,6.069123628549278e-06,-2.5082706542889355e-06,129999.997446323,-1.07204039068165e-05,0.0025431983813177794,,,,,
tau4.5_r33_o61_h1,post_deadline,paired_increment,S-L,-9.572366252541542e-06,-1.311241248913575e-07,-5.943002179265022e-08,-6.170456492849313e-06,-9.4818533398211e-06,-1.5662848454667255e-05,6.069123628549278e-06,6.75043452247337e-08,-9.441238944418728e-06,-9.526220480893244e-06,-1.4441320672631264e-07,9.572366252541542e-06,0.0,9.557417187374175e-06,-9.557417187374175e-06,0.0004016289878876478
tau4.5_r33_o61_h1,post_deadline,paired_increment,L-F,-1.1725351214408875e-06,-1.5988007362466305e-08,3.451714292168617e-08,0.0,-1.142092514783144e-06,-1.1502561392262578e-06,0.0,7.265043677762151e-09,-1.1565425666049123e-06,-1.1429910955484957e-06,4.806497599929571e-08,1.1725351214408875e-06,7.150694727898761e-10,1.1596649345010617e-06,-1.1582347955554818e-06,5.770370970026306e-05
tau4.5_r33_o61_h1,post_deadline,paired_increment,S-F,-1.074490137398243e-05,-1.471121322538238e-07,-2.491287887096405e-08,-6.170456492849313e-06,-1.0623945854604244e-05,-1.6813104593893513e-05,6.069123628549278e-06,7.476938890249585e-08,-1.059778151102364e-05,-1.066921157644174e-05,-9.634823072701693e-08,1.074490137398243e-05,0.0,1.0715651982929657e-05,-1.0715651982929657e-05,0.00045933269758791084
tau4.5_r33_o61_h1,declared_onset_total,absolute_branch,F,589049.855781103,4049.866593656951,585000.00000402,0.0,585000.0000167773,1.558697476866655e-05,0.0,-1.6339372166385147e-05,584999.9891874461,-7.52397397718596e-07,0.010815821588039398,,,,,
tau4.5_r33_o61_h1,declared_onset_total,absolute_branch,L,589115.5575502688,4115.568371460549,585000.0000039585,0.0,585000.0000168107,1.5627912944182754e-05,0.0,-1.6339742018089964e-05,584999.9891788083,-7.118290739072108e-07,0.010824438300915062,,,,,
tau4.5_r33_o61_h1,declared_onset_total,absolute_branch,S,589184.5876248699,4184.598448202006,585000.0000039976,5.241919521495756e-08,585000.0000171877,1.6018020687624812e-05,-1.533844624646008e-07,-1.634060947708349e-05,584999.9891766679,-4.7597325192327844e-07,0.010826853686012328,,,,,
tau4.5_r33_o61_h1,declared_onset_total,paired_increment,S-L,69.03007460106164,69.03007674145647,3.91155481338501e-08,5.241919521495756e-08,3.7695281207561493e-07,3.9010774344205856e-07,-1.533844624646008e-07,-8.674589935253607e-10,-2.1404121071100235e-06,2.358558219839324e-07,2.4153850972652435e-06,69.03007460106164,14250.688542210843,28432.347009811707,69.0300746099864,17.117566468607038
tau4.5_r33_o61_h1,declared_onset_total,paired_increment,L-F,65.70176916581113,65.70177780359836,-6.158370524644852e-08,0.0,3.341119736433029e-08,4.0938175516203046e-08,0.0,-3.6985170481784735e-10,-8.63778404891491e-06,4.05683238113852e-08,8.616712875664234e-06,65.70176916581113,10680.642555465292,21295.583341942693,65.70176898788833,0.31674631855457847
tau4.5_r33_o61_h1,declared_onset_total,paired_increment,S-F,134.73184376687277,134.73185454505483,-2.246815711259842e-08,5.241919521495756e-08,4.103640094399452e-07,4.310459189582616e-07,-1.533844624646008e-07,-1.237310698343208e-09,-1.0778196156024933e-05,2.764241457953176e-07,1.1032097972929478e-05,134.73184376687277,3636.134952409455,7137.538061221034,134.73184359787552,17.43233758009046
tau4.5_r33_o61_h1,checkpoint_total,absolute_branch,F,589089.7763803401,4050.1410059848777,585039.6500040201,0.0,585034.5945708825,-5.055430307842471,0.0,5.051617530166112,585039.6353743552,-0.0038127776763587917,0.01081688713748008,,,,,
tau4.5_r33_o61_h1,checkpoint_total,absolute_branch,L,589155.4781495059,4115.842783788476,585039.6500039585,0.0,585034.5945709159,-5.055430266904295,0.0,5.05161752979626,585039.6353657175,-0.0038127371080349803,0.010825503966771066,,,,,
tau4.5_r33_o61_h1,checkpoint_total,absolute_branch,S,589224.508224107,4184.872860529932,585039.6500039976,5.241919521495756e-08,585034.5945712929,-5.055429876796552,-1.533844624646008e-07,5.0516175289288014,585039.635363577,-0.0038125012522129964,0.010827919351868331,,,,,
tau4.5_r33_o61_h1,checkpoint_total,paired_increment,S-L,69.03007460106164,69.03007674145647,3.91155481338501e-08,5.241919521495756e-08,3.7695281207561493e-07,3.9010774344205856e-07,-1.533844624646008e-07,-8.674589935253607e-10,-2.1404121071100235e-06,2.358558219839324e-07,2.4153850972652435e-06,69.03007460106164,14250.688542210843,28432.347009811707,69.0300746099864,17.117566468607038
tau4.5_r33_o61_h1,checkpoint_total,paired_increment,L-F,65.70176916581113,65.7017778035979,-6.158370524644852e-08,0.0,3.341119736433029e-08,4.0938175516203046e-08,0.0,-3.6985170481784735e-10,-8.63778404891491e-06,4.05683238113852e-08,8.616829290986061e-06,65.70176916581113,10680.64255562573,21295.58334210313,65.70176914832763,0.31674631855457847
tau4.5_r33_o61_h1,checkpoint_total,paired_increment,S-F,134.73184376687277,134.73185454505438,-2.246815711259842e-08,5.241919521495756e-08,4.103640094399452e-07,4.310459189582616e-07,-1.533844624646008e-07,-1.237310698343208e-09,-1.0778196156024933e-05,2.764241457953176e-07,1.1032214388251305e-05,134.73184376687277,3636.1349525698943,7137.538061381473,134.7318437583148,17.43233758009046
tau4.5_r33_o61_h05,pre_onset,absolute_branch,F,39.920599925955095,0.2744123930312226,39.65000000005768,0.0,34.59455384935951,-5.055446150741773,0.0,5.051633948596191,39.646187532923875,-0.0038122021455819777,2.64988223364071e-07,,,,,
tau4.5_r33_o61_h05,pre_onset,absolute_branch,L,39.920599925955095,0.2744123930312226,39.65000000005768,0.0,34.59455384935951,-5.055446150741773,0.0,5.051633948596191,39.646187532923875,-0.0038122021455819777,2.64988223364071e-07,,,,,
tau4.5_r33_o61_h05,pre_onset,absolute_branch,S,39.920599925955095,0.2744123930312226,39.65000000005768,0.0,34.59455384935951,-5.055446150741773,0.0,5.051633948596191,39.646187532923875,-0.0038122021455819777,2.64988223364071e-07,,,,,
tau4.5_r33_o61_h05,pre_onset,paired_increment,S-L,0.0,0.0,0.0,0.0,0.0,0.0,0.0,0.0,0.0,0.0,0.0,0.0,0.0,0.0,0.0,0.0
tau4.5_r33_o61_h05,pre_onset,paired_increment,L-F,0.0,0.0,0.0,0.0,0.0,0.0,0.0,0.0,0.0,0.0,0.0,0.0,1.607307345841556e-07,1.607307345841556e-07,1.607307345841556e-07,0.0
tau4.5_r33_o61_h05,pre_onset,paired_increment,S-F,0.0,0.0,0.0,0.0,0.0,0.0,0.0,0.0,0.0,0.0,0.0,0.0,1.607307345841556e-07,1.607307345841556e-07,1.607307345841556e-07,0.0
tau4.5_r33_o61_h05,service,absolute_branch,F,130898.5092958025,899.9504557261179,130000.00000027903,0.0,129998.56057503479,-1.439425240016135,0.0,-0.0010888997564961755,129998.55884007638,-1.440514139772631,0.0006460628792410716,,,,,
tau4.5_r33_o61_h05,service,absolute_branch,L,130964.21419642626,965.6522766698664,130000.00000029303,0.0,129998.56373043112,-1.4362698408840515,0.0,-0.0011637675928284352,129998.5619197564,-1.43743360847688,0.0006469281652243808,,,,,
tau4.5_r33_o61_h05,service,absolute_branch,S,131033.4139712699,1034.684707476112,130000.00000028253,-7.0995046000365125,129998.73383723541,-8.3656676383398,7.099504602243542,-0.003925384166905133,129998.72926379378,-1.2700884202631642,0.0006480684824055061,,,,,
tau4.5_r33_o61_h05,service,paired_increment,S-L,69.19977484364063,69.03243080624554,-1.0506482794880867e-08,-7.0995046000365125,0.1701068042893894,-6.929397797455749,7.099504602243542,-0.0027616165740766974,0.16734403738519177,0.1673451882137158,1.1403171811252832e-06,69.19977484364063,14250.655316292814,28432.11083511312,69.1997974725071,0.0
tau4.5_r33_o61_h05,service,paired_increment,L-F,65.70490062375029,65.70182094374854,1.3998942449688911e-08,0.0,0.0031553963344777003,0.003155399132083403,0.0,-7.486783633225969e-05,0.003079680012888275,0.0030805312957511433,8.652859833091497e-07,65.70490062375029,10680.641009707302,21295.577118989033,65.70490042557182,0.0
tau4.5_r33_o61_h05,service,paired_increment,S-F,134.90467546739092,134.7342517499941,3.4924596548080444e-09,-7.0995046000365125,0.1732622006238671,-6.926242398323666,7.099504602243542,-0.002836484410408957,0.17042371739808004,0.17042571950946694,2.005603164434433e-06,134.90467546739092,3636.1002811891335,7137.2958644801865,134.9046978980792,0.0
tau4.5_r33_o61_h05,recovery,absolute_branch,F,327251.3854565695,2249.9464383457484,324999.99999597354,0.0,325001.43944104493,1.4394403717124078,0.0,0.001073056437633113,325001.4390182237,1.440513428150041,0.001491177943535149,,,,,
tau4.5_r33_o61_h05,recovery,absolute_branch,L,327251.38233418646,2249.9463953258773,324999.99999614153,0.0,325001.43628685246,1.4362861646986858,0.0,0.0011479168630046388,325001.4359388606,1.4374340815616904,0.0014913625200279057,,,,,
tau4.5_r33_o61_h05,recovery,absolute_branch,S,327251.21266484295,2249.9440614437963,324999.9999960307,7.09951083405747,325001.26618986705,8.365700014885078,-7.099510824082245,0.003909464457166223,325001.26860339916,1.27009865526,0.0014912867918610573,,,,,
tau4.5_r33_o61_h05,recovery,paired_increment,S-L,-0.16966934350784868,-0.0023338820810749894,-1.1082738637924194e-07,7.09951083405747,-0.1700969854136929,6.929413850186393,-7.099510824082245,0.002761547594161584,-0.16733546141767874,-0.1673354263016904,-7.57281668484211e-08,0.16966934350784868,0.03324896616311744,0.23618987302278874,-0.1696919406965539,17.117869316003635
tau4.5_r33_o61_h05,recovery,paired_increment,L-F,-0.0031223830301314592,-4.301987110011396e-05,1.6798730939626694e-07,0.0,-0.0031541924690827727,-0.0031542070137220435,0.0,7.486042537152571e-05,-0.0030793631449341774,-0.0030793465883505178,1.8457649275660515e-07,0.0031223830301314592,0.0015657697505317629,0.006253870020708089,-0.003122330519644563,0.31635119781458343
tau4.5_r33_o61_h05,recovery,paired_increment,S-F,-0.17279172653798014,-0.0023769019521751034,5.7159923017024994e-08,7.09951083405747,-0.17325117788277566,6.926259643172671,-7.099510824082245,0.00283640801953311,-0.17041482456261292,-0.17041477289004092,1.0884832590818405e-07,0.17279172653798014,0.0346789200873347,0.24217211139086783,-0.1728142712161984,17.43224328298129
tau4.5_r33_o61_h05,post_deadline,absolute_branch,F,130899.96989217796,899.9705382809516,130000.00000016426,0.0,130000.00000063446,3.3664036891423166e-07,0.0,-4.950344418830355e-07,129999.99935389702,-1.583940729688038e-07,0.000646108848741278,,,,,
tau4.5_r33_o61_h05,post_deadline,absolute_branch,L,130899.96989100036,899.9705382648194,130000.00000015163,0.0,129999.99999947281,-8.191200322471559e-07,0.0,-4.875211914168176e-07,129999.99935273554,-1.3066412236639735e-06,0.0006461094453698024,,,,,
tau4.5_r33_o61_h05,post_deadline,absolute_branch,S,130899.96988174343,899.9705381382773,130000.00000031036,-6.314964277215024e-06,129999.99999027426,-1.632515704841353e-05,5.91936259297654e-06,-4.1806146100498154e-07,129999.99934360514,-1.0823855916441971e-05,0.000645881358650513,,,,,
tau4.5_r33_o61_h05,post_deadline,paired_increment,S-L,-9.256938938051462e-06,-1.2654209058382548e-07,1.5873229131102562e-07,-6.314964277215024e-06,-9.198556654155254e-06,-1.5506037016166374e-05,5.91936259297654e-06,6.945973041183606e-08,-9.130395483225584e-06,-9.517214692777998e-06,-2.2808671928942204e-07,9.256938938051462e-06,1.8462574225849994e-08,9.286279051681138e-06,-9.249353903229443e-06,0.00040116931462108596
tau4.5_r33_o61_h05,post_deadline,paired_increment,L-F,-1.1775991879403591e-06,-1.6132162272697315e-08,-1.2631062418222427e-08,0.0,-1.161650288850069e-06,-1.1557604011613876e-06,0.0,7.513250466217869e-09,-1.1614756658673286e-06,-1.1482471506951697e-06,5.966285243630409e-10,1.1775991879403591e-06,5.091656930743413e-10,1.1674469494028088e-06,-1.1664286180166599e-06,5.761829151396114e-05
tau4.5_r33_o61_h05,post_deadline,paired_increment,S-F,-1.0434538125991821e-05,-1.426742528565228e-07,1.461012288928032e-07,-6.314964277215024e-06,-1.0360206943005323e-05,-1.666179741732776e-05,5.91936259297654e-06,7.697298087805393e-08,-1.0291871149092913e-05,-1.0665461843473167e-05,-2.27490090765059e-07,1.0434538125991821e-05,6.8696994567287005e-09,1.0429521920159558e-05,-1.0415782521246099e-05,0.0004587876061350471
tau4.5_r33_o61_h05,declared_onset_total,absolute_branch,F,589049.86464455,4049.867432352818,584999.9999964169,0.0,585000.0000167142,1.5468336641788483e-05,0.0,-1.6338353304945485e-05,584999.9972121972,-8.700166631570028e-07,0.0027833497151732445,,,,,
tau4.5_r33_o61_h05,declared_onset_total,absolute_branch,L,589115.5664216131,4115.569210260563,584999.9999965862,0.0,585000.0000167565,1.5504694601986557e-05,0.0,-1.6338251015213245e-05,584999.9972113526,-8.335564132266882e-07,0.002784400130622089,,,,,
tau4.5_r33_o61_h05,declared_onset_total,absolute_branch,S,589184.5965178563,4184.599307058185,584999.9999966236,-8.094332005740097e-08,585000.0000173767,1.6051388229243457e-05,-3.024761099368334e-07,-1.633777119991464e-05,584999.9972107982,-5.888590806080174e-07,0.0027852365747094154,,,,,
tau4.5_r33_o61_h05,declared_onset_total,paired_increment,S-L,69.03009624325205,69.03009679762272,3.7369318306446075e-08,-8.094332005740097e-08,6.202608346939087e-07,5.466936272569001e-07,-3.024761099368334e-07,4.798152986040805e-10,-5.543697625398636e-07,2.4469733261867077e-07,8.364440873265266e-07,69.03009624325205,14250.68856527744,28432.34703427242,69.03009628245668,17.117869316003635
tau4.5_r33_o61_h05,declared_onset_total,paired_increment,L-F,65.70177706307732,65.7017779077446,1.6938429325819016e-07,0.0,4.225876182317734e-08,3.635796019807458e-08,0.0,1.0228973224002402e-10,-8.445931598544121e-07,3.64602499303146e-08,1.0504154488444328e-06,65.70177706307732,10680.642575477561,21295.583374026504,65.70177692862356,0.31635119781458343
tau4.5_r33_o61_h05,declared_onset_total,paired_increment,S-F,134.73187330632936,134.73187470536732,2.0675361156463623e-07,-8.094332005740097e-08,6.62519596517086e-07,5.830515874549747e-07,-3.024761099368334e-07,5.821050308441045e-10,-1.3989629223942757e-06,2.811575825489854e-07,1.8868595361709595e-06,134.73187330632936,3636.13496011609,7137.5380470211,134.7318732110805,17.43224328298129
tau4.5_r33_o61_h05,checkpoint_total,absolute_branch,F,589089.7852444759,4050.141844745849,585039.6499964169,0.0,585034.5945705635,-5.055430682405131,0.0,5.051617610242886,585039.6433997301,-0.0038130721622451347,0.0027836146764457226,,,,,
tau4.5_r33_o61_h05,checkpoint_total,absolute_branch,L,589155.487021539,4115.843622653594,585039.6499965863,0.0,585034.5945706058,-5.055430646047171,0.0,5.0516176103451755,585039.6433988854,-0.0038130357019952044,0.002784665208309889,,,,,
tau4.5_r33_o61_h05,checkpoint_total,absolute_branch,S,589224.5171177823,4184.873719451217,585039.6499966236,-8.094332005740097e-08,585034.594571226,-5.0554300993535435,-3.024761099368334e-07,5.051617610824991,585039.643398331,-0.0038127910046625857,0.0027855016523972154,,,,,
tau4.5_r33_o61_h05,checkpoint_total,paired_increment,S-L,69.03009624325205,69.03009679762272,3.7369318306446075e-08,-8.094332005740097e-08,6.202608346939087e-07,5.466936272569001e-07,-3.024761099368334e-07,4.798152986040805e-10,-5.543697625398636e-07,2.4469733261867077e-07,8.364440873265266e-07,69.03009624325205,14250.68856527744,28432.34703427242,69.03009628245668,17.117869316003635
tau4.5_r33_o61_h05,checkpoint_total,paired_increment,L-F,65.70177706307732,65.70177790774505,1.6938429325819016e-07,0.0,4.225876182317734e-08,3.635796019807458e-08,0.0,1.0228973224002402e-10,-8.44709575176239e-07,3.64602499303146e-08,1.0505318641662598e-06,65.70177706307732,10680.64257563829,21295.583374187234,65.7017770893543,0.31635119781458343
tau4.5_r33_o61_h05,checkpoint_total,paired_increment,S-F,134.73187330632936,134.73187470536777,2.0675361156463623e-07,-8.094332005740097e-08,6.62519596517086e-07,5.830515874549747e-07,-3.024761099368334e-07,5.821050308441045e-10,-1.3990793377161026e-06,2.811575825489854e-07,1.8869759514927864e-06,134.73187330632936,3636.134960276821,7137.538047181832,134.73187337181125,17.43224328298129
tau5.5_r27_o19_h1,pre_onset,absolute_branch,F,12.539748283239886,0.08691759389691009,12.34999999999431,0.0,11.88316556144265,-0.466834438546357,0.0,0.5696651075610077,12.452830689342976,0.10283066901465077,-2.0334015360390367e-08,,,,,
tau5.5_r27_o19_h1,pre_onset,absolute_branch,L,12.55824926935019,0.08717439609005623,12.34999999999431,0.0,11.281179443863568,-1.0688205561273207,0.0,1.1898953956167304,12.471074873260134,0.12107483948940967,-3.3776414554154144e-08,,,,,
tau5.5_r27_o19_h1,pre_onset,absolute_branch,S,12.509400021802765,0.08649737636814808,12.349999999994314,0.0,12.802822923773464,0.45282292377669364,0.0,-0.3799202914483999,12.422902645434617,0.07290263232829375,-1.3112009256133206e-08,,,,,
tau5.5_r27_o19_h1,pre_onset,paired_increment,S-L,-0.04884924754742492,-0.0006770197219081453,3.552713678800501e-15,0.0,1.521643479909896,1.5216434799040144,0.0,-1.5698156870651303,-0.048172227825517666,-0.04817220716111592,2.0664405298020938e-08,0.04884924754742492,0.0,0.07708132364782119,-0.07708132364782119,0.0
tau5.5_r27_o19_h1,pre_onset,paired_increment,L-F,0.01850098611030404,0.0002568021931461384,0.0,0.0,-0.6019861175790826,-0.6019861175809638,0.0,0.6202302880557227,0.018244183917158097,0.018244170474758903,-1.3442399193763777e-08,0.01850098611030404,0.05781905257429988,0.05781905257429988,0.05781905257429988,0.0
tau5.5_r27_o19_h1,pre_onset,paired_increment,S-F,-0.030348261437120883,-0.0004202175287620069,3.552713678800501e-15,0.0,0.9196573623308133,0.9196573623230506,0.0,-0.9495853990094076,-0.02992804390835957,-0.029928036686357018,7.2220061042571615e-09,0.030348261437120883,0.0,0.019262271073521322,-0.019262271073521322,0.0
tau5.5_r27_o19_h1,service,absolute_branch,F,130898.5072907263,899.9502595075577,130000.00000027487,0.0,129998.56046728266,-1.4395329939834483,0.0,-0.0008959798291812149,129998.55703121873,-1.4404289738126295,0.0025400823215022683,,,,,
tau5.5_r27_o19_h1,service,absolute_branch,L,130964.17970045673,965.6124627374198,130000.00000027749,0.0,129999.19088986839,-0.8091104067752894,0.0,-0.6211034263352815,129998.56723771931,-1.430213833110571,0.002548725067754276,,,,,
tau5.5_r27_o19_h1,service,absolute_branch,S,131033.45962476835,1034.6019353117354,130000.00000026217,-172.48137281116794,129997.93387460892,-174.54749847651328,172.48137281195523,0.9263738872249689,129998.85768945662,-1.139751777333089,0.002559028216637671,,,,,
tau5.5_r27_o19_h1,service,paired_increment,S-L,69.27992431161692,68.98947257431553,-1.5323166735470295e-08,-172.48137281116794,-1.2570152594707906,-173.738388069738,172.48137281195523,1.5474773135602504,0.29045173730992246,0.29046205577748196,1.0303148883394897e-05,69.27992431161692,14248.688287258035,28428.06700572122,69.30956879485385,0.0
tau5.5_r27_o19_h1,service,paired_increment,L-F,65.67240973043954,65.66220322986214,2.6193447411060333e-09,0.0,0.6304225857311394,0.6304225872081588,0.0,-0.6202074465061003,0.010206500577623956,0.010215140702058534,8.642746252007782e-06,65.67240973043954,10678.509611392921,21291.38613134461,65.63309144123309,0.0
tau5.5_r27_o19_h1,service,paired_increment,S-F,134.95233404205646,134.65167580417767,-1.2703821994364262e-08,-172.48137281116794,-0.6265926737396512,-173.10796548252983,172.48137281195523,0.9272698670541502,0.3006582378875464,0.3006771964795405,1.894589513540268e-05,134.95233404205646,3635.8319660711823,7136.721271906278,134.94266023608606,0.0
tau5.5_r27_o19_h1,recovery,absolute_branch,F,327251.38069535664,2249.9459934853585,325000.00000347616,0.0,325001.43953592225,1.4395352591527626,0.0,0.0008938519191019623,325001.4347018713,1.4404291110718646,0.005730715929530561,,,,,
tau5.5_r27_o19_h1,recovery,absolute_branch,L,327251.35183961876,2249.9455966716177,325000.000003494,0.0,325001.4110998209,1.4110991771740373,0.0,0.0008710081440028716,325001.40624294715,1.4119701853180402,0.005730732111260295,,,,,
tau5.5_r27_o19_h1,recovery,absolute_branch,S,327251.1058749926,2249.9419666270983,325000.000003442,172.47913181189344,325001.1464472162,173.62557834504696,-172.47913181310287,0.02320924142574654,325001.16390836553,1.1696557733698398,0.0057508498430252075,,,,,
tau5.5_r27_o19_h1,recovery,paired_increment,S-L,-0.24596462614135817,-0.003630044519468356,-5.1979441195726395e-08,172.47913181189344,-0.2646526047028601,172.21447916787292,-172.47913181310287,0.02233823328174367,-0.24233458162052557,-0.24231441194820036,2.0117731764912605e-05,0.24596462614135817,0.06381163814121789,0.3750003107091321,-0.24737703442669634,24.914130020277298
tau5.5_r27_o19_h1,recovery,paired_increment,L-F,-0.028855737880803645,-0.00039681374073552433,1.7811544239521027e-08,0.0,-0.028436101332772523,-0.02843608197872527,0.0,-2.2843775099090635e-05,-0.028458924149163067,-0.02845892575382436,1.618172973394394e-08,0.028855737880803645,0.004101617620504472,0.03705874965208768,-0.02885551441107874,2.9076525351793236
tau5.5_r27_o19_h1,recovery,paired_increment,S-F,-0.2748203640221618,-0.0040268582602038805,-3.416789695620537e-08,172.47913181189344,-0.29308870603563264,172.1860430858942,-172.47913181310287,0.02231538950664458,-0.27079350576968864,-0.2707733377020247,2.013391349464655e-05,0.2748203640221618,0.0668713945949598,0.4099753380276947,-0.2762325488377751,27.821782555456622
tau5.5_r27_o19_h1,post_deadline,absolute_branch,F,130899.96779754246,899.9703407045454,130000.00000025303,0.0,130000.00000265101,2.3925313143990934e-06,0.0,-2.517989116768149e-06,129999.99745683791,-1.2545780236905557e-07,0.002543289665482007,,,,,
tau5.5_r27_o19_h1,post_deadline,absolute_branch,L,130899.96779719263,899.970340699474,130000.00000027922,0.0,130000.00000228401,2.0303814380895346e-06,0.0,-2.516104615324366e-06,129999.99745649315,-4.857231772348314e-07,0.0025433003320358694,,,,,
tau5.5_r27_o19_h1,post_deadline,absolute_branch,S,130899.9678210771,899.9703410253883,130000.00000024546,0.0022180618001842864,130000.00002577266,0.0022435565042542294,-0.0022180595478857867,-2.3725330322577065e-06,129999.99748005171,2.3124423336184918e-05,0.0025433181726839393,,,,,
tau5.5_r27_o19_h1,post_deadline,paired_increment,S-L,2.3884465917944908e-05,3.2591424314887263e-07,-3.3760443329811096e-08,0.0022180618001842864,2.348865382373333e-05,0.00224152612281614,-0.0022180595478857867,1.4357158306665951e-07,2.3558561224490404e-05,2.361014651341975e-05,1.784064806997776e-08,2.3884465917944908e-05,2.3914437717991022e-05,2.3914437717991022e-05,2.3914437717991022e-05,0.0014430140963952454
tau5.5_r27_o19_h1,post_deadline,paired_increment,L-F,-3.498280420899391e-07,-5.071342457085848e-09,2.6193447411060333e-08,0.0,-3.66999302059412e-07,-3.6214987630955875e-07,0.0,1.8845014437829377e-09,-3.4476397559046745e-07,-3.602653748657758e-07,1.0666553862392902e-08,3.498280420899391e-07,2.3289932869373987e-09,3.696450130082716e-07,-3.649870264343968e-07,3.2193223724164e-05
tau5.5_r27_o19_h1,post_deadline,paired_increment,S-F,2.353463787585497e-05,3.208429006917868e-07,-7.566995918750763e-09,0.0022180618001842864,2.3121654521673918e-05,0.0022411639729398303,-0.0022180595478857867,1.4545608451044245e-07,2.3213797248899937e-05,2.3249881138553974e-05,2.8507201932370663e-08,2.353463787585497e-05,2.354945069155662e-05,2.354945069155662e-05,2.354945069155662e-05,0.0014108208726710814
tau5.5_r27_o19_h1,declared_onset_total,absolute_branch,F,589049.8557836254,4049.8665936974617,585000.0000040041,0.0,585000.0000058559,4.657700628740713e-06,0.0,-4.645899196020764e-06,584999.9891899279,1.1801432719948934e-08,0.010814087931066751,,,,,
tau5.5_r27_o19_h1,declared_onset_total,absolute_branch,L,589115.4993372681,4115.528400108512,585000.0000040507,0.0,585000.6019919734,0.601990800780186,0.0,-0.6202349342958939,584999.9709371595,-0.018244133515707972,0.010822757612913847,,,,,
tau5.5_r27_o19_h1,declared_onset_total,absolute_branch,S,589184.5333208381,4184.514242964222,585000.0000039496,-2.2937474331533633e-05,584999.0803475978,-0.9196765749620681,2.2939304471947253e-05,0.9495807561176832,585000.0190778739,0.029927120460087053,0.010853196145035326,,,,,
tau5.5_r27_o19_h1,declared_onset_total,paired_increment,S-L,69.0339835700579,68.98584285570996,-1.0104849934577942e-07,-2.2937474331533633e-05,-1.521644375519827,-1.521667375742254,2.2939304471947253e-05,1.5698156904135772,0.04814071441069245,0.048171253975795025,3.043853212147951e-05,69.0339835700579,14248.752122810616,28428.44202994637,69.06221567486486,24.914130020277298
tau5.5_r27_o19_h1,declared_onset_total,paired_increment,L-F,65.64355364267249,65.66180641105029,4.6566128730773926e-08,0.0,0.6019861174281687,0.6019861430795572,0.0,-0.6202302883966979,-0.01825276843737811,-0.018244145317140692,8.66968184709549e-06,65.64355364267249,10678.513713012871,21291.42319046391,65.60423556183501,2.9076525351793236
tau5.5_r27_o19_h1,declared_onset_total,paired_increment,S-F,134.67753721273039,134.64764926676025,-5.448237061500549e-08,-2.2937474331533633e-05,-0.9196582580916584,-0.9196812326626969,2.2939304471947253e-05,0.9495854020168792,0.029887945973314345,0.029927108658654333,3.9108213968575e-05,134.67753721273039,3635.898861015228,7137.131270793758,134.66645123669898,27.821782555456622
tau5.5_r27_o19_h1,checkpoint_total,absolute_branch,F,589062.3955319086,4049.9535112913586,585012.3500040041,0.0,585011.8831714174,-0.46682978084572824,0.0,0.5696604616618117,585012.4420206172,0.10283068081608349,0.010814067674800754,,,,,
tau5.5_r27_o19_h1,checkpoint_total,absolute_branch,L,589128.0575865374,4115.615574504602,585012.3500040506,0.0,585011.8831714172,-0.4668297553471348,0.0,0.5696604613208365,585012.4420120328,0.1028307059737017,0.010822723736055195,,,,,
tau5.5_r27_o19_h1,checkpoint_total,absolute_branch,S,589197.0427208599,4184.60074034059,585012.3500039496,-2.2937474331533633e-05,585011.8831705216,-0.4668536511853745,2.2939304471947253e-05,0.5696604646692833,585012.4419805193,0.1028297527883808,0.010853183106519282,,,,,
tau5.5_r27_o19_h1,checkpoint_total,paired_increment,S-L,68.98513432242908,68.98516583598848,-1.0104849934577942e-07,-2.2937474331533633e-05,-8.955830708146095e-07,-2.3895838239695877e-05,2.2939304471947253e-05,3.3484468531241873e-09,-3.151351120322943e-05,-9.531853208954999e-07,3.0459370464086533e-05,68.98513432242908,14248.752122810616,28428.51911127002,68.98513435121706,24.914130020277298
tau5.5_r27_o19_h1,checkpoint_total,paired_increment,L-F,65.66205462883227,65.66206321324307,4.6566128730773926e-08,0.0,-2.3283064365386963e-10,2.5498593458905816e-08,0.0,-3.409752480365569e-10,-8.584349416196346e-06,2.515761821086926e-08,8.656061254441738e-06,65.66205462883227,10678.571532065445,21291.481009516483,65.66205461440931,2.9076525351793236
tau5.5_r27_o19_h1,checkpoint_total,paired_increment,S-F,134.64718895126134,134.64722904923156,-5.448237061500549e-08,-2.2937474331533633e-05,-8.958159014582634e-07,-2.387033964623697e-05,2.2939304471947253e-05,3.0074716050876305e-09,-4.0097860619425774e-05,-9.280277026846306e-07,3.911543171852827e-05,134.64718895126134,3635.898861015228,7137.1505330648315,134.64718896562547,27.821782555456622
tau5.5_r27_o19_h05,pre_onset,absolute_branch,F,12.539748402619479,0.08691760755329447,12.34999999999431,0.0,11.883165710770959,-0.46683428924006876,0.0,0.5696650778641015,12.452830795066184,0.10283078862403272,-6.447841371937102e-09,,,,,
tau5.5_r27_o19_h05,pre_onset,absolute_branch,L,12.558249382267494,0.08717441243524976,12.34999999999431,0.0,11.281179592418633,-1.0688204075740941,0.0,1.1898953691986094,12.471074969832245,0.12107496162451525,-8.213419278035872e-09,,,,,
tau5.5_r27_o19_h05,pre_onset,absolute_branch,S,12.509400144307625,0.08649738873818316,12.34999999999431,0.0,12.802823082781789,0.4528230827781954,0.0,-0.3799203317738318,12.422902755569442,0.07290275100436361,-4.570768652456536e-09,,,,,
tau5.5_r27_o19_h05,pre_onset,paired_increment,S-L,-0.048849237959869285,-0.0006770236970665977,0.0,0.0,1.5216434903631555,1.5216434903522895,0.0,-1.5698157009724412,-0.04817221426280227,-0.048172210620151645,3.6426506255793356e-09,0.048849237959869285,0.0,0.07708127103778975,-0.07708127103778975,0.0
tau5.5_r27_o19_h05,pre_onset,paired_increment,L-F,0.01850097964801556,0.00025680488195528595,0.0,0.0,-0.6019861183523254,-0.6019861183340254,0.0,0.6202302913345079,0.01824417476606044,0.018244173000482533,-1.7655779060987697e-09,0.01850097964801556,0.057819048909362195,0.057819048909362195,0.057819048909362195,0.0
tau5.5_r27_o19_h05,pre_onset,paired_increment,S-F,-0.030348258311853726,-0.00042021881511131176,0.0,0.0,0.9196573720108301,0.9196573720182641,0.0,-0.9495854096379333,-0.02992803949674183,-0.029928037619669112,1.877072719480566e-09,0.030348258311853726,0.0,0.01926222212842756,-0.01926222212842756,0.0
tau5.5_r27_o19_h05,service,absolute_branch,F,130898.50935993069,899.9504566091604,130000.00000027775,0.0,129998.56044504563,-1.4395552298847178,0.0,-0.000896000837713018,129998.55890332152,-1.4404512307224309,0.0006457255076384172,,,,,
tau5.5_r27_o19_h05,service,absolute_branch,L,130964.18177355868,965.612659897721,130000.0000002798,0.0,129999.19086397637,-0.8091362976629171,0.0,-0.6211034516655332,129998.56911366095,-1.4302397493284502,0.0006468695210060105,,,,,
tau5.5_r27_o19_h05,service,absolute_branch,S,131033.46172560517,1034.6021508186516,130000.00000027171,-172.48135854772522,129997.93384994021,-174.54750888477793,172.4813585488082,0.9263738637344261,129998.85957478652,-1.1397764722352974,0.000649012959911488,,,,,
tau5.5_r27_o19_h05,service,paired_increment,S-L,69.27995204649051,68.98949092093062,-8.09086486697197e-09,-172.48135854772522,-1.257014036164037,-173.738372587115,172.4813585488082,1.5474773153999593,0.29046112556534354,0.2904632770931528,2.143438905477524e-06,69.27995204649051,14248.688315082245,28428.06703367769,69.30959648680157,0.0
tau5.5_r27_o19_h05,service,paired_increment,L-F,65.67241362799541,65.66220328856059,2.051820047199726e-09,0.0,0.6304189307411434,0.6304189322218008,0.0,-0.6202074508278201,0.01021033943106886,0.010211481393980648,1.1440133675932884e-06,65.67241362799541,10678.50963147969,21291.386167627184,65.63309533218947,0.0
tau5.5_r27_o19_h05,service,paired_increment,S-F,134.95236567448592,134.6516942094912,-6.0390448197722435e-09,-172.48135854772522,-0.6265951054228935,-173.1079536548932,172.4813585488082,0.9272698645721391,0.3006714649964124,0.30067475848713343,3.2874522730708122e-06,134.95236567448592,3635.8319774672373,7136.721263115483,134.94269181899125,0.0
tau5.5_r27_o19_h05,recovery,absolute_branch,F,327251.38539356797,2249.946437480201,324999.9999959755,0.0,325001.4395601308,1.4395594552079274,0.0,0.0008918378709381614,325001.43895608775,1.4404512930788655,0.0014911808539181948,,,,,
tau5.5_r27_o19_h05,recovery,absolute_branch,L,327251.3565415172,2249.946040717482,324999.9999960083,0.0,325001.4111277246,1.4111270293979032,0.0,0.0008689957916203639,325001.4105007997,1.4119960251895236,0.0014912337646819651,,,,,
tau5.5_r27_o19_h05,recovery,absolute_branch,S,327251.11059289466,2249.942410258507,324999.9999959654,172.47911755104965,325001.1464738311,173.62559070643692,-172.47911754982488,0.02320724038858657,325001.16818263615,1.1696803970006329,0.0014937262749299407,,,,,
tau5.5_r27_o19_h05,recovery,paired_increment,S-L,-0.24594862252706662,-0.003630458974839712,-4.289904609322548e-08,172.47911755104965,-0.26465389353688806,172.21446367703902,-172.47911754982488,0.022338244596966206,-0.24231816356768832,-0.24231562818889074,2.492510247975588e-06,0.24594862252706662,0.0638255797639856,0.375012166097584,-0.24736100656961274,24.91425130148491
tau5.5_r27_o19_h05,recovery,paired_increment,L-F,-0.028852050774730742,-0.0003967627189922496,3.277091309428215e-08,0.0,-0.028432406194042414,-0.028432425810024142,0.0,-2.284207931779747e-05,-0.028455288033001125,-0.02845526788934194,5.291076377034187e-08,0.028852050774730742,0.00410107724668401,0.03705395866040174,-0.028851804167033722,2.9072789482816006
tau5.5_r27_o19_h05,recovery,paired_increment,S-F,-0.27480067330179736,-0.004027221693831962,-1.0128132998943329e-08,172.47911755104965,-0.2930862997309305,172.186031251229,-172.47911754982488,0.02231540251764841,-0.27077345160068944,-0.2707708960782327,2.5454210117459297e-06,0.27480067330179736,0.06688510446171836,0.40998301966008316,-0.2762128107366465,27.82153024976651
tau5.5_r27_o19_h05,post_deadline,absolute_branch,F,130899.96989217156,899.9705382808747,130000.00000013167,0.0,130000.00000061141,3.1456875149160624e-07,0.0,-4.820837489205587e-07,129999.99935389069,-1.6751499742895248e-07,0.0006460734584834427,,,,,
tau5.5_r27_o19_h05,post_deadline,absolute_branch,L,130899.96989179478,899.9705382758161,130000.00000018289,0.0,130000.00000024622,-5.201218300499022e-08,0.0,-4.807176310350769e-07,129999.99935351897,-5.327298140400671e-07,0.0006461311859311536,,,,,
tau5.5_r27_o19_h05,post_deadline,absolute_branch,S,130899.96991570399,899.9705386017804,130000.00000024808,0.002218063107972302,130000.00002367975,0.002241473470348865,-0.0022180647938512266,-3.35626225478336e-07,129999.99937710221,2.307305027215989e-05,0.0006462189194280654,,,,,
tau5.5_r27_o19_h05,post_deadline,paired_increment,S-L,2.3909204173833132e-05,3.2596426535747014e-07,6.51925802230835e-08,0.002218063107972302,2.3433531168848276e-05,0.00224152548253187,-0.0022180647938512266,1.4509140555674094e-07,2.3583241272717714e-05,2.3605780086199957e-05,8.773349691182375e-08,2.3909204173833132e-05,2.39158411796671e-05,2.39158411796671e-05,2.39158411796671e-05,0.001443583314213015
tau5.5_r27_o19_h05,post_deadline,paired_increment,L-F,-3.7677818909287453e-07,-5.058609531261027e-09,5.122274160385132e-08,0.0,-3.651948645710945e-07,-3.6658093449659646e-07,0.0,1.366117885481799e-09,-3.7171412259340286e-07,-3.6521481661111466e-07,5.77274477109313e-08,3.7677818909287453e-07,1.1472380720077143e-09,3.7203744158614497e-07,-3.6974296544212953e-07,3.212011510811408e-05
tau5.5_r27_o19_h05,post_deadline,paired_increment,S-F,2.3532425984740257e-05,3.209056558262091e-07,1.1641532182693481e-07,0.002218063107972302,2.306833630427718e-05,0.002241158901597373,-0.0022180647938512266,1.4645752344222274e-07,2.321152715012431e-05,2.3240565269588842e-05,1.4546094462275505e-07,2.3532425984740257e-05,2.3546098214224972e-05,2.3546098214224972e-05,2.3546098214224972e-05,0.001411463199104901
tau5.5_r27_o19_h05,declared_onset_total,absolute_branch,F,589049.8646456702,4049.867432370236,584999.999996385,0.0,585000.0000057879,4.539891961030662e-06,0.0,-4.645050523777172e-06,584999.9972133,-1.0515856274651014e-07,0.0027829798636958003,,,,,
tau5.5_r27_o19_h05,declared_onset_total,absolute_branch,L,589115.5082068706,4115.529238891019,584999.999996471,0.0,585000.6019919473,0.6019906797228032,0.0,-0.6202349365915438,584999.9789679797,-0.01824425686874065,0.002784234471619129,,,,,
tau5.5_r27_o19_h05,declared_onset_total,absolute_branch,S,589184.5422342038,4184.515099678939,584999.9999964852,-2.2933567583280308e-05,584999.080347451,-0.9196767048706533,2.2934189473744482e-05,0.9495807684967872,585000.0271345249,0.029926997815607592,0.002788958139717579,,,,,
tau5.5_r27_o19_h05,declared_onset_total,paired_increment,S-L,69.03402733313851,68.98586078791959,1.4202669262886047e-08,-2.2933567583280308e-05,-1.5216444962425157,-1.5216673845934565,2.2934189473744482e-05,1.569815705088331,0.04816654522437602,0.04817125468434824,4.723668098449707e-06,69.03402733313851,14248.75216457785,28428.442069759636,69.06225939607315,24.91425130148491
tau5.5_r27_o19_h05,declared_onset_total,paired_increment,L-F,65.6435612004716,65.6618065207831,8.603092283010483e-08,0.0,0.6019861593376845,0.6019861398308421,0.0,-0.62023029154102,-0.018245320301502943,-0.018244151710177903,1.2546079233288765e-06,65.6435612004716,10678.513732558084,21291.42322195789,65.60424315827947,2.9072789482816006
tau5.5_r27_o19_h05,declared_onset_total,paired_increment,S-F,134.6775885336101,134.6476673087027,1.0023359209299088e-07,-2.2933567583280308e-05,-0.9196583369048312,-0.9196812447626144,2.2934189473744482e-05,0.949585413547311,0.02992122492287308,0.02992710297417034,5.9782760217785835e-06,134.6775885336101,3635.8988861177977,7137.131269681241,134.66650255435277,27.82153024976651
tau5.5_r27_o19_h05,checkpoint_total,absolute_branch,F,589062.4043940728,4049.9543499777897,585012.3499963849,0.0,585011.8831714987,-0.4668297493481077,0.0,0.5696604328135777,585012.450044095,0.10283068346546997,0.002782973344437778,,,,,
tau5.5_r27_o19_h05,checkpoint_total,absolute_branch,L,589128.066456253,4115.6164133034545,585012.349996471,0.0,585011.8831715396,-0.46682972785129095,0.0,0.5696604326070656,585012.4500429495,0.1028307047557746,0.0027842262061312795,,,,,
tau5.5_r27_o19_h05,checkpoint_total,absolute_branch,S,589197.0516343481,4184.601597067677,585012.3499964852,-2.2933567583280308e-05,585011.8831705338,-0.46685362209245795,2.2934189473744482e-05,0.5696604367229554,585012.4500372804,0.1028297488199712,0.002788953483104706,,,,,
tau5.5_r27_o19_h05,checkpoint_total,paired_increment,S-L,68.98517809517216,68.98518376422271,1.4202669262886047e-08,-2.2933567583280308e-05,-1.0058283805847168e-06,-2.3894241166999564e-05,2.2934189473744482e-05,4.115889851163956e-09,-5.669076927006245e-06,-9.559358034039178e-07,4.727276973426342e-06,68.98517809517216,14248.75216457785,28428.519151030672,68.98517812503535,24.91425130148491
tau5.5_r27_o19_h05,checkpoint_total,paired_increment,L-F,65.66206218011212,65.6620633256648,8.603092283010483e-08,0.0,4.0978193283081055e-08,2.1496816771104932e-08,0.0,-2.0651214072131552e-10,-1.1455267667770386e-06,2.1290304630383616e-08,1.2528616935014725e-06,65.66206218011212,10678.571551606994,21291.481041006802,65.66206220718885,2.9072789482816006
tau5.5_r27_o19_h05,checkpoint_total,paired_increment,S-F,134.64724027528428,134.64724708988751,1.0023359209299088e-07,-2.2933567583280308e-05,-9.648501873016357e-07,-2.387274435022846e-05,2.2934189473744482e-05,3.909377710442641e-09,-6.814603693783283e-06,-9.346454987735342e-07,5.9801386669278145e-06,134.64724027528428,3635.8988861177977,7137.1505319033695,134.64724033222436,27.82153024976651
tau5.5_r27_o61_h1,pre_onset,absolute_branch,F,39.92059923706903,0.2744123279266246,39.65000000005771,0.0,34.59455410521994,-5.05544589481724,0.0,5.0516338695382785,39.6461869091424,-0.003812025278961073,1.0656363471639452e-06,,,,,
tau5.5_r27_o61_h1,pre_onset,absolute_branch,L,39.92059923706903,0.2744123279266246,39.65000000005771,0.0,34.59455410521994,-5.05544589481724,0.0,5.0516338695382785,39.6461869091424,-0.003812025278961073,1.0656363471639452e-06,,,,,
tau5.5_r27_o61_h1,pre_onset,absolute_branch,S,39.92059923706903,0.2744123279266246,39.65000000005771,0.0,34.59455410521994,-5.05544589481724,0.0,5.0516338695382785,39.6461869091424,-0.003812025278961073,1.0656363471639452e-06,,,,,
tau5.5_r27_o61_h1,pre_onset,paired_increment,S-L,0.0,0.0,0.0,0.0,0.0,0.0,0.0,0.0,0.0,0.0,0.0,0.0,0.0,0.0,0.0,0.0
tau5.5_r27_o61_h1,pre_onset,paired_increment,L-F,0.0,0.0,0.0,0.0,0.0,0.0,0.0,0.0,0.0,0.0,0.0,0.0,1.604392816082115e-07,1.604392816082115e-07,1.604392816082115e-07,0.0
tau5.5_r27_o61_h1,pre_onset,paired_increment,S-F,0.0,0.0,0.0,0.0,0.0,0.0,0.0,0.0,0.0,0.0,0.0,0.0,1.604392816082115e-07,1.604392816082115e-07,1.604392816082115e-07,0.0
tau5.5_r27_o61_h1,service,absolute_branch,F,130898.50722624094,899.9502586162441,130000.00000028059,0.0,129998.56059829156,-1.4394019842475245,0.0,-0.0010888759719875907,129998.5569676247,-1.4404908602195121,0.0025417956785531715,,,,,
tau5.5_r27_o61_h1,service,absolute_branch,L,130964.2121228556,965.6520795094331,130000.00000025454,0.0,129998.56375757403,-1.4362426978004805,0.0,-0.0011637429800259724,129998.56004334617,-1.4374064407805065,0.002550467601395212,,,,,
tau5.5_r27_o61_h1,service,absolute_branch,S,131033.42561704536,1034.6819620253873,130000.00000028386,-172.481369322387,129998.80020693938,-173.68116265558638,172.48136932350462,-0.053992269506153434,129998.74365501998,-1.2537856015879072,0.002559662301791832,,,,,
tau5.5_r27_o61_h1,service,paired_increment,S-L,69.21349418975296,69.02988251595423,2.9322109185159206e-08,-172.481369322387,0.23644936535856687,-172.2449199577859,172.48136932350462,-0.05282852652612746,0.1836116738122655,0.1836208391925993,9.194700396619737e-06,69.21349418975296,14250.603345595668,28431.992507783714,69.2141834076204,0.0
tau5.5_r27_o61_h1,service,paired_increment,L-F,65.70489661466854,65.70182089318894,-2.6047928258776665e-08,0.0,0.0031592824670951813,0.0031592864470439963,0.0,-7.486700803838175e-05,0.0030757214699406177,0.0030844194390056145,8.671922842040658e-06,65.70489661466854,10680.640989367452,21295.577082316373,65.7048964185283,0.0
tau5.5_r27_o61_h1,service,paired_increment,S-F,134.9183908044215,134.73170340914317,3.2741809263825417e-09,-172.481369322387,0.23960864782566205,-172.24176067133885,172.48136932350462,-0.05290339353416584,0.18668739528220613,0.18670525863160492,1.7866623238660395e-05,134.9183908044215,3636.070294285902,7137.221508745655,134.91907982614924,0.0
tau5.5_r27_o61_h1,recovery,absolute_branch,F,327251.3807572365,2249.9459943359184,325000.0000034727,0.0,325001.43941570085,1.4394150393745804,0.0,0.001075119639864397,325001.4347629006,1.4404901590144448,0.00573073117993772,,,,,
tau5.5_r27_o61_h1,recovery,absolute_branch,L,327251.3776309602,2249.9459512623152,325000.0000034027,0.0,325001.43625759386,1.4362569441218511,0.0,0.0011499790130073961,325001.4316796979,1.4374069231348585,0.005730627977754921,,,,,
tau5.5_r27_o61_h1,recovery,absolute_branch,S,327251.19115289894,2249.9431392853103,325000.00000352383,172.47913038296545,325001.1997837356,173.67891341895665,-172.47913038261322,0.053977975537662815,325001.24801361363,1.253761011881096,0.005750922078732401,,,,,
tau5.5_r27_o61_h1,recovery,paired_increment,S-L,-0.18647806125227362,-0.002811977004967048,1.2113014236092567e-07,172.47913038296545,-0.2364738582400605,172.2426564748348,-172.47913038261322,0.05282799652465542,-0.18366608425276354,-0.1836459112537625,2.029410097748041e-05,0.18647806125227362,0.05540794323306966,0.29798315468260816,-0.18716726821646884,18.850686400572158
tau5.5_r27_o61_h1,recovery,paired_increment,L-F,-0.0031262763077393174,-4.30736031376e-05,-7.002381607890129e-08,0.0,-0.0031581069924868643,-0.003158095252729254,0.0,7.485937314299917e-05,-0.0030832026968710124,-0.0030832358795862547,-1.0320218279957771e-07,0.0031262763077393174,0.001566097124654334,0.006258466654490233,-0.0031262724051815648,0.31674631855457847
tau5.5_r27_o61_h1,recovery,paired_increment,S-F,-0.18960433756001294,-0.002855050608104648,5.1106326282024384e-08,172.47913038296545,-0.23963196523254737,172.23949837958207,-172.47913038261322,0.05290285589779842,-0.18674928694963455,-0.18672914713334876,2.0190898794680834e-05,0.18960433756001294,0.05687596910657982,0.30404547883481003,-0.19029354062165044,19.165457512055582
tau5.5_r27_o61_h1,post_deadline,absolute_branch,F,130899.96779762558,899.9703407047887,130000.00000026671,0.0,130000.00000278489,2.5318477128166705e-06,0.0,-2.5830400431914313e-06,129999.99745692078,-5.1192330374760786e-08,0.0025432947295485064,,,,,
tau5.5_r27_o61_h1,post_deadline,absolute_branch,L,130899.96779645304,899.9703406888007,130000.00000030122,0.0,130000.0000016428,1.3815915735904127e-06,0.0,-2.575774999513669e-06,129999.99745576424,-1.1941834259232564e-06,0.0025433427945245057,,,,,
tau5.5_r27_o61_h1,post_deadline,absolute_branch,S,130899.9678208736,899.9703410218349,130000.00000023993,0.0022160243131910773,130000.00002525048,0.002240996589534916,-0.0022160225780680776,-2.0460533107780066e-06,129999.99747985177,2.2927958156060413e-05,0.002543316120863892,,,,,
tau5.5_r27_o61_h1,post_deadline,paired_increment,S-L,2.4420558474957943e-05,3.33034222421702e-07,-6.129266694188118e-08,0.0022160243131910773,2.360768849030137e-05,0.0022396149979613256,-0.0022160225780680776,5.297216887356626e-07,2.408752334304154e-05,2.412214158198367e-05,-2.667366061359644e-08,2.4420558474957943e-05,2.4443348649190938e-05,2.4443348649190938e-05,2.4443348649190938e-05,0.0014425228308780902
tau5.5_r27_o61_h1,post_deadline,paired_increment,L-F,-1.1725351214408875e-06,-1.5988007362466305e-08,3.451714292168617e-08,0.0,-1.142092514783144e-06,-1.1502561392262578e-06,0.0,7.265043677762151e-09,-1.1565425666049123e-06,-1.1429910955484957e-06,4.806497599929571e-08,1.1725351214408875e-06,7.150694727898761e-10,1.1596649345010617e-06,-1.1582347955554818e-06,5.770370970026306e-05
tau5.5_r27_o61_h1,post_deadline,paired_increment,S-F,2.3248023353517056e-05,3.170462150592357e-07,-2.6775524020195007e-08,0.0022160243131910773,2.2465595975518227e-05,0.0022384647418220993,-0.0022160225780680776,5.369867324134248e-07,2.2930980776436627e-05,2.2979150486435174e-05,2.1391315385699272e-08,2.3248023353517056e-05,2.3285113853635448e-05,2.3285113853635448e-05,2.3285113853635448e-05,0.0013848191211778271
tau5.5_r27_o61_h1,declared_onset_total,absolute_branch,F,589049.855781103,4049.866593656951,585000.00000402,0.0,585000.0000167773,1.558697476866655e-05,0.0,-1.6339372166385147e-05,584999.9891874461,-7.52397397718596e-07,0.010815821588039398,,,,,
tau5.5_r27_o61_h1,declared_onset_total,absolute_branch,L,589115.5575502688,4115.568371460549,585000.0000039585,0.0,585000.0000168107,1.5627912944182754e-05,0.0,-1.6339742018089964e-05,584999.9891788083,-7.118290739072108e-07,0.010824438300915062,,,,,
tau5.5_r27_o61_h1,declared_onset_total,absolute_branch,S,589184.5845908179,4184.595442332533,585000.0000040476,-2.291510834946242e-05,585000.0000159255,-8.240040187956765e-06,2.2918313334230334e-05,-1.6340021801397597e-05,584999.9891484854,-1.661748655124029e-06,0.010853900574147701,,,,,
tau5.5_r27_o61_h1,declared_onset_total,paired_increment,S-L,69.02704054908827,69.0270708719836,8.917413651943207e-08,-2.291510834946242e-05,-8.852221071720123e-07,-2.386795313213952e-05,2.2918313334230334e-05,-2.7978330763289705e-10,-3.0322931706905365e-05,-9.499195812168182e-07,2.9462273232638836e-05,69.02704054908827,14250.658777982248,28432.29051538175,69.02704058275255,18.850686400572158
tau5.5_r27_o61_h1,declared_onset_total,paired_increment,L-F,65.70176916581113,65.70177780359836,-6.158370524644852e-08,0.0,3.341119736433029e-08,4.0938175516203046e-08,0.0,-3.6985170481784735e-10,-8.63778404891491e-06,4.05683238113852e-08,8.616712875664234e-06,65.70176916581113,10680.642555465292,21295.583341942693,65.70176898788833,0.31674631855457847
tau5.5_r27_o61_h1,declared_onset_total,paired_increment,S-F,134.7288097148994,134.72884867558196,2.759043127298355e-08,-2.291510834946242e-05,-8.51810909807682e-07,-2.3827014956623316e-05,2.2918313334230334e-05,-6.496350124507444e-10,-3.8960715755820274e-05,-9.09351257405433e-07,3.807898610830307e-05,134.7288097148994,3636.127193540123,7137.525577509605,134.7288095706414,19.165457512055582
tau5.5_r27_o61_h1,checkpoint_total,absolute_branch,F,589089.7763803401,4050.1410059848777,585039.6500040201,0.0,585034.5945708825,-5.055430307842471,0.0,5.051617530166112,585039.6353743552,-0.0038127776763587917,0.01081688713748008,,,,,
tau5.5_r27_o61_h1,checkpoint_total,absolute_branch,L,589155.4781495059,4115.842783788476,585039.6500039585,0.0,585034.5945709159,-5.055430266904295,0.0,5.05161752979626,585039.6353657175,-0.0038127371080349803,0.010825503966771066,,,,,
tau5.5_r27_o61_h1,checkpoint_total,absolute_branch,S,589224.505190055,4184.869854660459,585039.6500040477,-2.291510834946242e-05,585034.5945700307,-5.055454134857428,2.2918313334230334e-05,5.051617529516477,585039.6353353945,-0.003813687027616197,0.010854966123588383,,,,,
tau5.5_r27_o61_h1,checkpoint_total,paired_increment,S-L,69.02704054908827,69.0270708719836,8.917413651943207e-08,-2.291510834946242e-05,-8.852221071720123e-07,-2.386795313213952e-05,2.2918313334230334e-05,-2.7978330763289705e-10,-3.0322931706905365e-05,-9.499195812168182e-07,2.946215681731701e-05,69.02704054908827,14250.658777982248,28432.29051538175,69.02704058275255,18.850686400572158
tau5.5_r27_o61_h1,checkpoint_total,paired_increment,L-F,65.70176916581113,65.7017778035979,-6.158370524644852e-08,0.0,3.341119736433029e-08,4.0938175516203046e-08,0.0,-3.6985170481784735e-10,-8.63778404891491e-06,4.05683238113852e-08,8.616829290986061e-06,65.70176916581113,10680.64255562573,21295.58334210313,65.70176914832763,0.31674631855457847
tau5.5_r27_o61_h1,checkpoint_total,paired_increment,S-F,134.7288097148994,134.7288486755815,2.759043127298355e-08,-2.291510834946242e-05,-8.51810909807682e-07,-2.3827014956623316e-05,2.2918313334230334e-05,-6.496350124507444e-10,-3.8960715755820274e-05,-9.09351257405433e-07,3.807898610830307e-05,134.7288097148994,3636.127193700562,7137.525577670043,134.7288097310807,19.165457512055582
tau5.5_r27_o61_h05,pre_onset,absolute_branch,F,39.920599925955095,0.2744123930312226,39.65000000005768,0.0,34.59455384935951,-5.055446150741773,0.0,5.051633948596191,39.646187532923875,-0.0038122021455819777,2.64988223364071e-07,,,,,
tau5.5_r27_o61_h05,pre_onset,absolute_branch,L,39.920599925955095,0.2744123930312226,39.65000000005768,0.0,34.59455384935951,-5.055446150741773,0.0,5.051633948596191,39.646187532923875,-0.0038122021455819777,2.64988223364071e-07,,,,,
tau5.5_r27_o61_h05,pre_onset,absolute_branch,S,39.920599925955095,0.2744123930312226,39.65000000005768,0.0,34.59455384935951,-5.055446150741773,0.0,5.051633948596191,39.646187532923875,-0.0038122021455819777,2.64988223364071e-07,,,,,
tau5.5_r27_o61_h05,pre_onset,paired_increment,S-L,0.0,0.0,0.0,0.0,0.0,0.0,0.0,0.0,0.0,0.0,0.0,0.0,0.0,0.0,0.0,0.0
tau5.5_r27_o61_h05,pre_onset,paired_increment,L-F,0.0,0.0,0.0,0.0,0.0,0.0,0.0,0.0,0.0,0.0,0.0,0.0,1.607307345841556e-07,1.607307345841556e-07,1.607307345841556e-07,0.0
tau5.5_r27_o61_h05,pre_onset,paired_increment,S-F,0.0,0.0,0.0,0.0,0.0,0.0,0.0,0.0,0.0,0.0,0.0,0.0,1.607307345841556e-07,1.607307345841556e-07,1.607307345841556e-07,0.0
tau5.5_r27_o61_h05,service,absolute_branch,F,130898.5092958025,899.9504557261179,130000.00000027903,0.0,129998.56057503479,-1.439425240016135,0.0,-0.0010888997564961755,129998.55884007638,-1.440514139772631,0.0006460628792410716,,,,,
tau5.5_r27_o61_h05,service,absolute_branch,L,130964.21419642626,965.6522766698664,130000.00000029303,0.0,129998.56373043112,-1.4362698408840515,0.0,-0.0011637675928284352,129998.5619197564,-1.43743360847688,0.0006469281652243808,,,,,
tau5.5_r27_o61_h05,service,absolute_branch,S,131033.42771801002,1034.6821775015144,130000.00000026131,-172.48135816526127,129998.80018171843,-173.68117671927394,172.48135816738068,-0.05399230434039737,129998.7455405085,-1.253810856233656,0.0006488965736934915,,,,,
tau5.5_r27_o61_h05,service,paired_increment,S-L,69.21352158376249,69.02990083164798,-3.172317519783974e-08,-172.48135816526127,0.23645128730277065,-172.24490687838988,172.48135816738068,-0.05282853674756893,0.18362075211189222,0.18362275224322389,1.9684084691107273e-06,69.21352158376249,14250.60337079488,28431.99253078692,69.21421080284885,0.0
tau5.5_r27_o61_h05,service,paired_increment,L-F,65.70490062375029,65.70182094374854,1.3998942449688911e-08,0.0,0.0031553963344777003,0.003155399132083403,0.0,-7.486783633225969e-05,0.003079680012888275,0.0030805312957511433,8.652859833091497e-07,65.70490062375029,10680.641009707302,21295.577118989033,65.70490042557182,0.0
tau5.5_r27_o61_h05,service,paired_increment,S-F,134.91842220751278,134.73172177539652,-1.7724232748150826e-08,-172.48135816526127,0.23960668363724835,-172.2417514792578,172.48135816738068,-0.05290340458390119,0.1867004321247805,0.18670328353897503,2.833694452419877e-06,134.91842220751278,3636.0703046080807,7137.221497987741,134.91911122842077,0.0
tau5.5_r27_o61_h05,recovery,absolute_branch,F,327251.3854565695,2249.9464383457484,324999.99999597354,0.0,325001.43944104493,1.4394403717124078,0.0,0.001073056437633113,325001.4390182237,1.440513428150041,0.001491177943535149,,,,,
tau5.5_r27_o61_h05,recovery,absolute_branch,L,327251.38233418646,2249.9463953258773,324999.99999614153,0.0,325001.43628685246,1.4362861646986858,0.0,0.0011479168630046388,325001.4359388606,1.4374340815616904,0.0014913625200279057,,,,,
tau5.5_r27_o61_h05,recovery,absolute_branch,S,327251.1958714542,2249.9435829289328,324999.99999586877,172.4791192236743,325001.19981101796,173.6789295625531,-172.47911922855565,0.05397592349524416,325001.2522885253,1.253786257492692,0.001493600953835994,,,,,
tau5.5_r27_o61_h05,recovery,paired_increment,S-L,-0.18646273226477206,-0.0028123969445914554,-2.7276109904050827e-07,172.4791192236743,-0.23647583450656384,172.2426433978544,-172.47911922855565,0.05282800663223952,-0.1836503352969885,-0.1836478240689985,2.2384338080883026e-06,0.18646273226477206,0.05542156251389248,0.29799507325000374,-0.18715194822221878,18.850879115310818
tau5.5_r27_o61_h05,recovery,paired_increment,L-F,-0.0031223830301314592,-4.301987110011396e-05,1.6798730939626694e-07,0.0,-0.0031541924690827727,-0.0031542070137220435,0.0,7.486042537152571e-05,-0.0030793631449341774,-0.0030793465883505178,1.8457649275660515e-07,0.0031223830301314592,0.0015657697505317629,0.006253870020708089,-0.003122330519644563,0.31635119781458343
tau5.5_r27_o61_h05,recovery,paired_increment,S-F,-0.18958511529490352,-0.0028554168156915694,-1.0477378964424133e-07,172.4791192236743,-0.23963002697564662,172.2394891908407,-172.47911922855565,0.05290286705761105,-0.18672969844192266,-0.186727170657349,2.4230103008449078e-06,0.18958511529490352,0.05688919012593376,0.30405265899373085,-0.1902742787418633,19.165253082288473
tau5.5_r27_o61_h05,post_deadline,absolute_branch,F,130899.96989217796,899.9705382809516,130000.00000016426,0.0,130000.00000063446,3.3664036891423166e-07,0.0,-4.950344418830355e-07,129999.99935389702,-1.583940729688038e-07,0.000646108848741278,,,,,
tau5.5_r27_o61_h05,post_deadline,absolute_branch,L,130899.96989100036,899.9705382648194,130000.00000015163,0.0,129999.99999947281,-8.191200322471559e-07,0.0,-4.875211914168176e-07,129999.99935273554,-1.3066412236639735e-06,0.0006461094453698024,,,,,
tau5.5_r27_o61_h05,post_deadline,absolute_branch,S,130899.9699154449,899.9705385981147,130000.00000023993,0.002216023458249431,130000.00002303865,0.0022387989483831916,-0.0022160258085932583,4.233896788718994e-08,129999.99937684678,2.281547875782053e-05,0.000646208631223999,,,,,
tau5.5_r27_o61_h05,post_deadline,paired_increment,S-L,2.444454003125429e-05,3.3329524740111083e-07,8.830102160573006e-08,0.002216023458249431,2.3565837182104588e-05,0.0022396180684154388,-0.0022160258085932583,5.298601593040075e-07,2.4111242964863777e-05,2.4122119981484502e-05,9.918585419654846e-08,2.444454003125429e-05,2.445127054699716e-05,2.445127054699716e-05,2.445127054699716e-05,0.0014428385713713965
tau5.5_r27_o61_h05,post_deadline,paired_increment,L-F,-1.1775991879403591e-06,-1.6132162272697315e-08,-1.2631062418222427e-08,0.0,-1.161650288850069e-06,-1.1557604011613876e-06,0.0,7.513250466217869e-09,-1.1614756658673286e-06,-1.1482471506951697e-06,5.966285243630409e-10,1.1775991879403591e-06,5.091656930743413e-10,1.1674469494028088e-06,-1.1664286180166599e-06,5.761829151396114e-05
tau5.5_r27_o61_h05,post_deadline,paired_increment,S-F,2.3266940843313932e-05,3.171630851284135e-07,7.566995918750763e-08,0.002216023458249431,2.240418689325452e-05,0.0022384623080142774,-0.0022160258085932583,5.373734097702254e-07,2.294976729899645e-05,2.2973872830789333e-05,9.97824827209115e-08,2.3266940843313932e-05,2.3284841928980505e-05,2.3284841928980505e-05,2.3284841928980505e-05,0.0013852202798574353
tau5.5_r27_o61_h05,declared_onset_total,absolute_branch,F,589049.86464455,4049.867432352818,584999.9999964169,0.0,585000.0000167142,1.5468336641788483e-05,0.0,-1.6338353304945485e-05,584999.9972121972,-8.700166631570028e-07,0.0027833497151732445,,,,,
tau5.5_r27_o61_h05,declared_onset_total,absolute_branch,L,589115.5664216131,4115.569210260563,584999.9999965862,0.0,585000.0000167565,1.5504694601986557e-05,0.0,-1.6338251015213245e-05,584999.9972113526,-8.335564132266882e-07,0.002784400130622089,,,,,
tau5.5_r27_o61_h05,declared_onset_total,absolute_branch,S,589184.5935049092,4184.596299028562,584999.99999637,-2.2918128729878218e-05,585000.0000157751,-8.357772458111867e-06,2.2913016437087208e-05,-1.633850618532051e-05,584999.9972058806,-1.7832622063451709e-06,0.0027887062169611454,,,,,
tau5.5_r27_o61_h05,declared_onset_total,paired_increment,S-L,69.02708329609595,69.02708876799898,-2.1618325263261795e-07,-2.2918128729878218e-05,-9.813811630010605e-07,-2.3862467060098425e-05,2.2913016437087208e-05,-2.551701072661672e-10,-5.471985787153244e-06,-9.497057931184827e-07,4.306086339056492e-06,69.02708329609595,14250.658816808664,28432.290550311438,69.02708330589718,18.850879115310818
tau5.5_r27_o61_h05,declared_onset_total,paired_increment,L-F,65.70177706307732,65.7017779077446,1.6938429325819016e-07,0.0,4.225876182317734e-08,3.635796019807458e-08,0.0,1.0228973224002402e-10,-8.445931598544121e-07,3.64602499303146e-08,1.0504154488444328e-06,65.70177706307732,10680.642575477561,21295.583374026504,65.70177692862356,0.31635119781458343
tau5.5_r27_o61_h05,declared_onset_total,paired_increment,S-F,134.72886035917327,134.72886667574357,-4.6798959374427795e-08,-2.2918128729878218e-05,-9.391224011778831e-07,-2.382610909990035e-05,2.2913016437087208e-05,-1.5288037502614316e-10,-6.316578947007656e-06,-9.132455431881681e-07,5.356501787900925e-06,134.72886035917327,3636.1272170830493,7137.525573931575,134.72886023452082,19.165253082288473
tau5.5_r27_o61_h05,checkpoint_total,absolute_branch,F,589089.7852444759,4050.141844745849,585039.6499964169,0.0,585034.5945705635,-5.055430682405131,0.0,5.051617610242886,585039.6433997301,-0.0038130721622451347,0.0027836146764457226,,,,,
tau5.5_r27_o61_h05,checkpoint_total,absolute_branch,L,589155.487021539,4115.843622653594,585039.6499965863,0.0,585034.5945706058,-5.055430646047171,0.0,5.0516176103451755,585039.6433988854,-0.0038130357019952044,0.002784665208309889,,,,,
tau5.5_r27_o61_h05,checkpoint_total,absolute_branch,S,589224.5141048351,4184.870711421593,585039.6499963701,-2.2918128729878218e-05,585034.5945696244,-5.055454508514231,2.2913016437087208e-05,5.051617610090005,585039.6433934135,-0.003813985407788323,0.0027889711782336235,,,,,
tau5.5_r27_o61_h05,checkpoint_total,paired_increment,S-L,69.02708329609595,69.02708876799898,-2.1618325263261795e-07,-2.2918128729878218e-05,-9.813811630010605e-07,-2.3862467060098425e-05,2.2913016437087208e-05,-2.551701072661672e-10,-5.471869371831417e-06,-9.497057931184827e-07,4.305969923734665e-06,69.02708329609595,14250.658816808664,28432.290550311438,69.02708330589718,18.850879115310818
tau5.5_r27_o61_h05,checkpoint_total,paired_increment,L-F,65.70177706307732,65.70177790774505,1.6938429325819016e-07,0.0,4.225876182317734e-08,3.635796019807458e-08,0.0,1.0228973224002402e-10,-8.44709575176239e-07,3.64602499303146e-08,1.0505318641662598e-06,65.70177706307732,10680.64257563829,21295.583374187234,65.7017770893543,0.31635119781458343
tau5.5_r27_o61_h05,checkpoint_total,paired_increment,S-F,134.72886035917327,134.72886667574403,-4.6798959374427795e-08,-2.2918128729878218e-05,-9.391224011778831e-07,-2.382610909990035e-05,2.2913016437087208e-05,-1.5288037502614316e-10,-6.316578947007656e-06,-9.132455431881681e-07,5.356501787900925e-06,134.72886035917327,3636.1272172437803,7137.525574092307,134.72886039525156,19.165253082288473
tau5.5_r33_o19_h1,pre_onset,absolute_branch,F,12.539748283239886,0.08691759389691009,12.34999999999431,0.0,11.88316556144265,-0.466834438546357,0.0,0.5696651075610077,12.452830689342976,0.10283066901465077,-2.0334015360390367e-08,,,,,
tau5.5_r33_o19_h1,pre_onset,absolute_branch,L,12.55824926935019,0.08717439609005623,12.34999999999431,0.0,11.281179443863568,-1.0688205561273207,0.0,1.1898953956167304,12.471074873260134,0.12107483948940967,-3.3776414554154144e-08,,,,,
tau5.5_r33_o19_h1,pre_onset,absolute_branch,S,12.509400021802765,0.08649737636814808,12.349999999994314,0.0,12.802822923773464,0.45282292377669364,0.0,-0.3799202914483999,12.422902645434617,0.07290263232829375,-1.3112009256133206e-08,,,,,
tau5.5_r33_o19_h1,pre_onset,paired_increment,S-L,-0.04884924754742492,-0.0006770197219081453,3.552713678800501e-15,0.0,1.521643479909896,1.5216434799040144,0.0,-1.5698156870651303,-0.048172227825517666,-0.04817220716111592,2.0664405298020938e-08,0.04884924754742492,0.0,0.07708132364782119,-0.07708132364782119,0.0
tau5.5_r33_o19_h1,pre_onset,paired_increment,L-F,0.01850098611030404,0.0002568021931461384,0.0,0.0,-0.6019861175790826,-0.6019861175809638,0.0,0.6202302880557227,0.018244183917158097,0.018244170474758903,-1.3442399193763777e-08,0.01850098611030404,0.05781905257429988,0.05781905257429988,0.05781905257429988,0.0
tau5.5_r33_o19_h1,pre_onset,paired_increment,S-F,-0.030348261437120883,-0.0004202175287620069,3.552713678800501e-15,0.0,0.9196573623308133,0.9196573623230506,0.0,-0.9495853990094076,-0.02992804390835957,-0.029928036686357018,7.2220061042571615e-09,0.030348261437120883,0.0,0.019262271073521322,-0.019262271073521322,0.0
tau5.5_r33_o19_h1,service,absolute_branch,F,130898.5072907263,899.9502595075577,130000.00000027487,0.0,129998.56046728266,-1.4395329939834483,0.0,-0.0008959798291812149,129998.55703121873,-1.4404289738126295,0.0025400823215022683,,,,,
tau5.5_r33_o19_h1,service,absolute_branch,L,130964.17970045673,965.6124627374198,130000.00000027749,0.0,129999.19088986839,-0.8091104067752894,0.0,-0.6211034263352815,129998.56723771931,-1.430213833110571,0.002548725067754276,,,,,
tau5.5_r33_o19_h1,service,absolute_branch,S,131033.4600657369,1034.6035919457452,130000.00000028327,7.092943667983048,129997.90933020468,5.002273598765896,-7.092943667717918,0.9496967844669371,129998.85647379115,-1.140973284485085,0.002553207625169307,,,,,
tau5.5_r33_o19_h1,service,paired_increment,S-L,69.28036528016673,68.99112920832533,5.77711034566164e-09,7.092943667983048,-1.2815596637083218,5.811384005541186,-7.092943667717918,1.5708002108022185,0.2892360718396958,0.28924054862548587,4.482557415030897e-06,69.28036528016673,14248.765302167934,28428.22206928343,69.30853505244072,0.0
tau5.5_r33_o19_h1,service,paired_increment,L-F,65.67240973043954,65.66220322986214,2.6193447411060333e-09,0.0,0.6304225857311394,0.6304225872081588,0.0,-0.6202074465061003,0.010206500577623956,0.010215140702058534,8.642746252007782e-06,65.67240973043954,10678.509611392921,21291.38613134461,65.63309144123309,0.0
tau5.5_r33_o19_h1,service,paired_increment,S-F,134.95277501060627,134.65333243818748,8.396455086767673e-09,7.092943667983048,-0.6511370779771823,6.441806592749344,-7.092943667717918,0.9505927642961183,0.29944257241731975,0.2994556893275444,1.3125303667038679e-05,134.95277501060627,3635.9090398036433,7136.876453113613,134.94162649367354,0.0
tau5.5_r33_o19_h1,recovery,absolute_branch,F,327251.38069535664,2249.9459934853585,325000.00000347616,0.0,325001.43953592225,1.4395352591527626,0.0,0.0008938519191019623,325001.4347018713,1.4404291110718646,0.005730715929530561,,,,,
tau5.5_r33_o19_h1,recovery,absolute_branch,L,327251.35183961876,2249.9455966716177,325000.000003494,0.0,325001.4110998209,1.4110991771740373,0.0,0.0008710081440028716,325001.40624294715,1.4119701853180402,0.005730732111260295,,,,,
tau5.5_r33_o19_h1,recovery,absolute_branch,S,327251.1074224614,2249.9422357800195,325000.00000349426,-7.092956285841136,325001.17102812935,-5.921928849576943,7.09295628657128,-0.00011360134908500186,325001.1651866814,1.1709138356452513,0.005730648525059223,,,,,
tau5.5_r33_o19_h1,recovery,paired_increment,S-L,-0.2444171573733911,-0.003360891598276794,2.9103830456733704e-10,-7.092956285841136,-0.24007169157266617,-7.333028026750981,7.09295628657128,-0.0009846094930878735,-0.2410562657751143,-0.24105634967278888,-8.35862010717392e-08,0.2444171573733911,0.04866501450311323,0.34168488437331274,-0.24435485536708632,24.638340212248295
tau5.5_r33_o19_h1,recovery,paired_increment,L-F,-0.028855737880803645,-0.00039681374073552433,1.7811544239521027e-08,0.0,-0.028436101332772523,-0.02843608197872527,0.0,-2.2843775099090635e-05,-0.028458924149163067,-0.02845892575382436,1.618172973394394e-08,0.028855737880803645,0.004101617620504472,0.03705874965208768,-0.02885551441107874,2.9076525351793236
tau5.5_r33_o19_h1,recovery,paired_increment,S-F,-0.27327289525419474,-0.0037577053390123183,1.8102582544088364e-08,-7.092956285841136,-0.2685077929054387,-7.361464108729706,7.09295628657128,-0.0010074532681869641,-0.26951518992427737,-0.26951527542661324,-6.740447133779526e-08,0.27327289525419474,0.052471201758156776,0.3781527732944787,-0.27321036977816504,27.54599274742762
tau5.5_r33_o19_h1,post_deadline,absolute_branch,F,130899.96779754246,899.9703407045454,130000.00000025303,0.0,130000.00000265101,2.3925313143990934e-06,0.0,-2.517989116768149e-06,129999.99745683791,-1.2545780236905557e-07,0.002543289665482007,,,,,
tau5.5_r33_o19_h1,post_deadline,absolute_branch,L,130899.96779719263,899.970340699474,130000.00000027922,0.0,130000.00000228401,2.0303814380895346e-06,0.0,-2.516104615324366e-06,129999.99745649315,-4.857231772348314e-07,0.0025433003320358694,,,,,
tau5.5_r33_o19_h1,post_deadline,absolute_branch,S,130899.96778530878,899.9703405367422,130000.0000003291,1.2486725439647737e-05,129999.99999050138,2.736738679232076e-06,-1.2473625247366726e-05,-2.4334074169019004e-06,129999.99744477203,-1.2170293985036551e-05,0.002543386784964241,,,,,
tau5.5_r33_o19_h1,post_deadline,paired_increment,S-L,-1.1883850675076246e-05,-1.6273179426207207e-07,4.988396540284157e-08,1.2486725439647737e-05,-1.1782627552747726e-05,7.063572411425412e-07,-1.2473625247366726e-05,8.269719842246559e-08,-1.172111660707742e-05,-1.168457080780172e-05,8.645292837172747e-08,1.1883850675076246e-05,0.0,1.1860739920521185e-05,-1.1860739920521185e-05,0.0004605819160232727
tau5.5_r33_o19_h1,post_deadline,paired_increment,L-F,-3.498280420899391e-07,-5.071342457085848e-09,2.6193447411060333e-08,0.0,-3.66999302059412e-07,-3.6214987630955875e-07,0.0,1.8845014437829377e-09,-3.4476397559046745e-07,-3.602653748657758e-07,1.0666553862392902e-08,3.498280420899391e-07,2.3289932869373987e-09,3.696450130082716e-07,-3.649870264343968e-07,3.2193223724164e-05
tau5.5_r33_o19_h1,post_deadline,paired_increment,S-F,-1.2233678717166185e-05,-1.6780313671915792e-07,7.60774128139019e-08,1.2486725439647737e-05,-1.2149626854807138e-05,3.442073648329824e-07,-1.2473625247366726e-05,8.458169986624853e-08,-1.2065880582667887e-05,-1.2044836182667495e-05,9.711948223412037e-08,1.2233678717166185e-05,0.0,1.2225726946955584e-05,-1.2225726946955584e-05,0.0004927751397474367
tau5.5_r33_o19_h1,declared_onset_total,absolute_branch,F,589049.8557836254,4049.8665936974617,585000.0000040041,0.0,585000.0000058559,4.657700628740713e-06,0.0,-4.645899196020764e-06,584999.9891899279,1.1801432719948934e-08,0.010814087931066751,,,,,
tau5.5_r33_o19_h1,declared_onset_total,absolute_branch,L,589115.4993372681,4115.528400108512,585000.0000040507,0.0,585000.6019919734,0.601990800780186,0.0,-0.6202349342958939,584999.9709371595,-0.018244133515707972,0.010822757612913847,,,,,
tau5.5_r33_o19_h1,declared_onset_total,absolute_branch,S,589184.5352735071,4184.516168262507,585000.0000041067,-1.3113264771393424e-07,584999.0803488354,-0.9196525140723679,1.4522811397910118e-07,0.9495807497104352,585000.0191052447,0.029928380866181215,0.010827242862433195,,,,,
tau5.5_r33_o19_h1,declared_onset_total,paired_increment,S-L,69.03593623905908,68.9877681539947,5.5995769798755646e-08,-1.3113264771393424e-07,-1.5216431379085407,-1.5216433148525539,1.4522811397910118e-07,1.569815684006329,0.04816808516625315,0.04817251438188919,4.4852495193481445e-06,69.03593623905908,14248.813967182437,28428.563766028543,69.06416833633374,24.638340212248295
tau5.5_r33_o19_h1,declared_onset_total,paired_increment,L-F,65.64355364267249,65.66180641105029,4.6566128730773926e-08,0.0,0.6019861174281687,0.6019861430795572,0.0,-0.6202302883966979,-0.01825276843737811,-0.018244145317140692,8.66968184709549e-06,65.64355364267249,10678.513713012871,21291.42319046391,65.60423556183501,2.9076525351793236
tau5.5_r33_o19_h1,declared_onset_total,paired_increment,S-F,134.67948988173157,134.649574565045,1.0256189852952957e-07,-1.3113264771393424e-07,-0.919657020480372,-0.9196571717729967,1.4522811397910118e-07,0.9495853956096312,0.02991531672887504,0.029928369064748495,1.3154931366443634e-05,134.67948988173157,3635.961511005401,7137.254618112634,134.66840389816844,27.54599274742762
tau5.5_r33_o19_h1,checkpoint_total,absolute_branch,F,589062.3955319086,4049.9535112913586,585012.3500040041,0.0,585011.8831714174,-0.46682978084572824,0.0,0.5696604616618117,585012.4420206172,0.10283068081608349,0.010814067674800754,,,,,
tau5.5_r33_o19_h1,checkpoint_total,absolute_branch,L,589128.0575865374,4115.615574504602,585012.3500040506,0.0,585011.8831714172,-0.4668297553471348,0.0,0.5696604613208365,585012.4420120328,0.1028307059737017,0.010822723736055195,,,,,
tau5.5_r33_o19_h1,checkpoint_total,absolute_branch,S,589197.0446735289,4184.602665638875,585012.3500041066,-1.3113264771393424e-07,585011.8831717592,-0.4668295902956743,1.4522811397910118e-07,0.5696604582620353,585012.44200789,0.10283101319447496,0.01082722982391715,,,,,
tau5.5_r33_o19_h1,checkpoint_total,paired_increment,S-L,68.98708699143026,68.98709113427321,5.5995769798755646e-08,-1.3113264771393424e-07,3.420282155275345e-07,1.6505146049894392e-07,1.4522811397910118e-07,-3.05880121231894e-09,-4.142872057855129e-06,3.0722077326572617e-07,4.506087861955166e-06,68.98708699143026,14248.813967182437,28428.640847352195,68.98708701268588,24.638340212248295
tau5.5_r33_o19_h1,checkpoint_total,paired_increment,L-F,65.66205462883227,65.66206321324307,4.6566128730773926e-08,0.0,-2.3283064365386963e-10,2.5498593458905816e-08,0.0,-3.409752480365569e-10,-8.584349416196346e-06,2.515761821086926e-08,8.656061254441738e-06,65.66205462883227,10678.571532065445,21291.481009516483,65.66205461440931,2.9076525351793236
tau5.5_r33_o19_h1,checkpoint_total,paired_increment,S-F,134.64914162026253,134.6491543475163,1.0256189852952957e-07,-1.3113264771393424e-07,3.417953848838806e-07,1.9055005395784974e-07,1.4522811397910118e-07,-3.399776460355497e-09,-1.2727221474051476e-05,3.323783914765954e-07,1.3162149116396904e-05,134.64914162026253,3635.961511005401,7137.273880383707,134.6491416270949,27.54599274742762
tau5.5_r33_o19_h05,pre_onset,absolute_branch,F,12.539748402619479,0.08691760755329447,12.34999999999431,0.0,11.883165710770959,-0.46683428924006876,0.0,0.5696650778641015,12.452830795066184,0.10283078862403272,-6.447841371937102e-09,,,,,
tau5.5_r33_o19_h05,pre_onset,absolute_branch,L,12.558249382267494,0.08717441243524976,12.34999999999431,0.0,11.281179592418633,-1.0688204075740941,0.0,1.1898953691986094,12.471074969832245,0.12107496162451525,-8.213419278035872e-09,,,,,
tau5.5_r33_o19_h05,pre_onset,absolute_branch,S,12.509400144307625,0.08649738873818316,12.34999999999431,0.0,12.802823082781789,0.4528230827781954,0.0,-0.3799203317738318,12.422902755569442,0.07290275100436361,-4.570768652456536e-09,,,,,
tau5.5_r33_o19_h05,pre_onset,paired_increment,S-L,-0.048849237959869285,-0.0006770236970665977,0.0,0.0,1.5216434903631555,1.5216434903522895,0.0,-1.5698157009724412,-0.04817221426280227,-0.048172210620151645,3.6426506255793356e-09,0.048849237959869285,0.0,0.07708127103778975,-0.07708127103778975,0.0
tau5.5_r33_o19_h05,pre_onset,paired_increment,L-F,0.01850097964801556,0.00025680488195528595,0.0,0.0,-0.6019861183523254,-0.6019861183340254,0.0,0.6202302913345079,0.01824417476606044,0.018244173000482533,-1.7655779060987697e-09,0.01850097964801556,0.057819048909362195,0.057819048909362195,0.057819048909362195,0.0
tau5.5_r33_o19_h05,pre_onset,paired_increment,S-F,-0.030348258311853726,-0.00042021881511131176,0.0,0.0,0.9196573720108301,0.9196573720182641,0.0,-0.9495854096379333,-0.02992803949674183,-0.029928037619669112,1.877072719480566e-09,0.030348258311853726,0.0,0.01926222212842756,-0.01926222212842756,0.0
tau5.5_r33_o19_h05,service,absolute_branch,F,130898.50935993069,899.9504566091604,130000.00000027775,0.0,129998.56044504563,-1.4395552298847178,0.0,-0.000896000837713018,129998.55890332152,-1.4404512307224309,0.0006457255076384172,,,,,
tau5.5_r33_o19_h05,service,absolute_branch,L,130964.18177355868,965.612659897721,130000.0000002798,0.0,129999.19086397637,-0.8091362976629171,0.0,-0.6211034516655332,129998.56911366095,-1.4302397493284502,0.0006468695210060105,,,,,
tau5.5_r33_o19_h05,service,absolute_branch,S,131033.46216401877,1034.603809338789,130000.0000002527,7.092947934864489,129997.90930624589,5.002253905524412,-7.092947932862444,0.949696759761423,129998.85835467998,-1.1409972675766085,0.000648305140202865,,,,,
tau5.5_r33_o19_h05,service,paired_increment,S-L,69.2803904600878,68.99114944106805,-2.7110218070447445e-08,7.092947934864489,-1.2815577304863837,5.8113902031873295,-7.092947932862444,1.5708002114269561,0.28924101902521215,0.28924248175184175,1.4356191968545318e-06,69.2803904600878,14248.765327917394,28428.22209564192,69.30856019287033,0.0
tau5.5_r33_o19_h05,service,paired_increment,L-F,65.67241362799541,65.66220328856059,2.051820047199726e-09,0.0,0.6304189307411434,0.6304189322218008,0.0,-0.6202074508278201,0.01021033943106886,0.010211481393980648,1.1440133675932884e-06,65.67241362799541,10678.50963147969,21291.386167627184,65.63309533218947,0.0
tau5.5_r33_o19_h05,service,paired_increment,S-F,134.9528040880832,134.65335272962864,-2.505839802324772e-08,7.092947934864489,-0.6511387997452402,6.44180913540913,-7.092947932862444,0.950592760599136,0.299451358456281,0.2994539631458224,2.57963256444782e-06,134.9528040880832,3635.9090492287924,7136.876442932524,134.94165552505999,0.0
tau5.5_r33_o19_h05,recovery,absolute_branch,F,327251.38539356797,2249.946437480201,324999.9999959755,0.0,325001.4395601308,1.4395594552079274,0.0,0.0008918378709381614,325001.43895608775,1.4404512930788655,0.0014911808539181948,,,,,
tau5.5_r33_o19_h05,recovery,absolute_branch,L,327251.3565415172,2249.946040717482,324999.9999960083,0.0,325001.4111277246,1.4111270293979032,0.0,0.0008689957916203639,325001.4105007997,1.4119960251895236,0.0014912337646819651,,,,,
tau5.5_r33_o19_h05,recovery,absolute_branch,S,327251.11212234665,2249.942679798658,324999.9999960477,-7.092960555265192,325001.17105403636,-5.9219072028463415,7.09296055194136,-0.00011560051828496398,325001.169442548,1.1709377485767334,0.0014912482583895326,,,,,
tau5.5_r33_o19_h05,recovery,paired_increment,S-L,-0.24441917054355145,-0.0033609188240006915,3.9406586438417435e-08,-7.092960555265192,-0.24007368827005848,-7.333034232244245,7.09296055194136,-0.0009845963099053279,-0.24105825170408934,-0.24105827661279022,1.4493707567453384e-08,0.24441917054355145,0.04866544232435234,0.3416877604028614,-0.24435687575415674,24.638537650958824
tau5.5_r33_o19_h05,recovery,paired_increment,L-F,-0.028852050774730742,-0.0003967627189922496,3.277091309428215e-08,0.0,-0.028432406194042414,-0.028432425810024142,0.0,-2.284207931779747e-05,-0.028455288033001125,-0.02845526788934194,5.291076377034187e-08,0.028852050774730742,0.00410107724668401,0.03705395866040174,-0.028851804167033722,2.9072789482816006
tau5.5_r33_o19_h05,recovery,paired_increment,S-F,-0.2732712213182822,-0.003757681542992941,7.217749953269958e-08,-7.092960555265192,-0.2685060944641009,-7.361466658054269,7.09296055194136,-0.0010074383892231253,-0.26951353973709047,-0.26951354450213216,6.740447133779526e-08,0.2732712213182822,0.05247111443773496,0.37815090879666036,-0.2732086799211905,27.545816599240425
tau5.5_r33_o19_h05,post_deadline,absolute_branch,F,130899.96989217156,899.9705382808747,130000.00000013167,0.0,130000.00000061141,3.1456875149160624e-07,0.0,-4.820837489205587e-07,129999.99935389069,-1.6751499742895248e-07,0.0006460734584834427,,,,,
tau5.5_r33_o19_h05,post_deadline,absolute_branch,L,130899.96989179478,899.9705382758161,130000.00000018289,0.0,130000.00000024622,-5.201218300499022e-08,0.0,-4.807176310350769e-07,129999.99935351897,-5.327298140400671e-07,0.0006461311859311536,,,,,
tau5.5_r33_o19_h05,post_deadline,absolute_branch,S,130899.96987971774,899.9705381109106,130000.00000042806,1.2534141595665434e-05,129999.99998830014,5.260553734842688e-07,-1.2331511243246496e-05,-3.999448097147251e-07,129999.99934160683,-1.2205400679476952e-05,0.0006466158229159191,,,,,
tau5.5_r33_o19_h05,post_deadline,paired_increment,S-L,-1.2077041901648045e-05,-1.6490548659930937e-07,2.451706677675247e-07,1.2534141595665434e-05,-1.1946074664592743e-05,5.78067556489259e-07,-1.2331511243246496e-05,8.07728213203518e-08,-1.1912139598280191e-05,-1.1672670865436885e-05,4.846369847655296e-07,1.2077041901648045e-05,0.0,1.2037567753228391e-05,-1.2037567753228391e-05,0.00046013737328820525
tau5.5_r33_o19_h05,post_deadline,paired_increment,L-F,-3.7677818909287453e-07,-5.058609531261027e-09,5.122274160385132e-08,0.0,-3.651948645710945e-07,-3.6658093449659646e-07,0.0,1.366117885481799e-09,-3.7171412259340286e-07,-3.6521481661111466e-07,5.77274477109313e-08,3.7677818909287453e-07,1.1472380720077143e-09,3.7203744158614497e-07,-3.6974296544212953e-07,3.212011510811408e-05
tau5.5_r33_o19_h05,post_deadline,paired_increment,S-F,-1.2453820090740919e-05,-1.699640961305704e-07,2.9639340937137604e-07,1.2534141595665434e-05,-1.2311269529163837e-05,2.1148662199266255e-07,-1.2331511243246496e-05,8.21389392058336e-08,-1.2283853720873594e-05,-1.2037885682048e-05,5.423644324764609e-07,1.2453820090740919e-05,0.0,1.2407310718670521e-05,-1.2407310718670521e-05,0.0004922574883963193
tau5.5_r33_o19_h05,declared_onset_total,absolute_branch,F,589049.8646456702,4049.867432370236,584999.999996385,0.0,585000.0000057879,4.539891961030662e-06,0.0,-4.645050523777172e-06,584999.9972133,-1.0515856274651014e-07,0.0027829798636958003,,,,,
tau5.5_r33_o19_h05,declared_onset_total,absolute_branch,L,589115.5082068706,4115.529238891019,584999.999996471,0.0,585000.6019919473,0.6019906797228032,0.0,-0.6202349365915438,584999.9789679797,-0.01824425686874065,0.002784234471619129,,,,,
tau5.5_r33_o19_h05,declared_onset_total,absolute_branch,S,589184.5441660831,4184.517027248357,584999.9999967285,-8.625910766989576e-08,584999.0803485824,-0.9196527712665556,2.8756767278537154e-07,0.9495807592983283,585000.0271388347,0.029928275599445442,0.0027861694106832147,,,,,
tau5.5_r33_o19_h05,declared_onset_total,paired_increment,S-L,69.03595921245869,68.9877883573381,2.575106918811798e-07,-8.625910766989576e-08,-1.5216433649184182,-1.5216434509893588,2.8756767278537154e-07,1.5698156958898721,0.04817085503600538,0.04817253246818609,1.9349390640854836e-06,69.03595921245869,14248.813993359718,28428.56379543988,69.06419127954844,24.638537650958824
tau5.5_r33_o19_h05,declared_onset_total,paired_increment,L-F,65.6435612004716,65.6618065207831,8.603092283010483e-08,0.0,0.6019861593376845,0.6019861398308421,0.0,-0.62023029154102,-0.018245320301502943,-0.018244151710177903,1.2546079233288765e-06,65.6435612004716,10678.513732558084,21291.42322195789,65.60424315827947,2.9072789482816006
tau5.5_r33_o19_h05,declared_onset_total,paired_increment,S-F,134.6795204129303,134.6495948781212,3.4354161471128464e-07,-8.625910766989576e-08,-0.9196572055807337,-0.9196573111585167,2.8756767278537154e-07,0.9495854043488521,0.029925534734502435,0.02992838075800819,3.18954698741436e-06,134.6795204129303,3635.96152034323,7137.254606248631,134.668434437828,27.545816599240425
tau5.5_r33_o19_h05,checkpoint_total,absolute_branch,F,589062.4043940728,4049.9543499777897,585012.3499963849,0.0,585011.8831714987,-0.4668297493481077,0.0,0.5696604328135777,585012.450044095,0.10283068346546997,0.002782973344437778,,,,,
tau5.5_r33_o19_h05,checkpoint_total,absolute_branch,L,589128.066456253,4115.6164133034545,585012.349996471,0.0,585011.8831715396,-0.46682972785129095,0.0,0.5696604326070656,585012.4500429495,0.1028307047557746,0.0027842262061312795,,,,,
tau5.5_r33_o19_h05,checkpoint_total,absolute_branch,S,589197.0535662274,4184.603524637096,585012.3499967285,-8.625910766989576e-08,585011.8831716651,-0.46682968848836026,2.8756767278537154e-07,0.5696604275244965,585012.4500415904,0.10283102660380905,0.0027861647540703416,,,,,
tau5.5_r33_o19_h05,checkpoint_total,paired_increment,S-L,68.98710997449234,68.98711133364122,2.575106918811798e-07,-8.625910766989576e-08,1.2549571692943573e-07,3.9362930692732334e-08,2.8756767278537154e-07,-5.0825690323108574e-09,-1.359148882329464e-06,3.21848034445793e-07,1.9385479390621185e-06,68.98710997449234,14248.813993359718,28428.64087671092,68.98711000851064,24.638537650958824
tau5.5_r33_o19_h05,checkpoint_total,paired_increment,L-F,65.66206218011212,65.6620633256648,8.603092283010483e-08,0.0,4.0978193283081055e-08,2.1496816771104932e-08,0.0,-2.0651214072131552e-10,-1.1455267667770386e-06,2.1290304630383616e-08,1.2528616935014725e-06,65.66206218011212,10678.571551606994,21291.481041006802,65.66206220718885,2.9072789482816006
tau5.5_r33_o19_h05,checkpoint_total,paired_increment,S-F,134.64917215460446,134.64917465930603,3.4354161471128464e-07,-8.625910766989576e-08,1.6647391021251678e-07,6.085974746383727e-08,2.8756767278537154e-07,-5.289081173032173e-09,-2.5046756491065025e-06,3.4313833907617663e-07,3.191409632563591e-06,134.64917215460446,3635.96152034323,7137.27386847076,134.6491722156996,27.545816599240425
tau5.5_r33_o61_h1,pre_onset,absolute_branch,F,39.92059923706903,0.2744123279266246,39.65000000005771,0.0,34.59455410521994,-5.05544589481724,0.0,5.0516338695382785,39.6461869091424,-0.003812025278961073,1.0656363471639452e-06,,,,,
tau5.5_r33_o61_h1,pre_onset,absolute_branch,L,39.92059923706903,0.2744123279266246,39.65000000005771,0.0,34.59455410521994,-5.05544589481724,0.0,5.0516338695382785,39.6461869091424,-0.003812025278961073,1.0656363471639452e-06,,,,,
tau5.5_r33_o61_h1,pre_onset,absolute_branch,S,39.92059923706903,0.2744123279266246,39.65000000005771,0.0,34.59455410521994,-5.05544589481724,0.0,5.0516338695382785,39.6461869091424,-0.003812025278961073,1.0656363471639452e-06,,,,,
tau5.5_r33_o61_h1,pre_onset,paired_increment,S-L,0.0,0.0,0.0,0.0,0.0,0.0,0.0,0.0,0.0,0.0,0.0,0.0,0.0,0.0,0.0,0.0
tau5.5_r33_o61_h1,pre_onset,paired_increment,L-F,0.0,0.0,0.0,0.0,0.0,0.0,0.0,0.0,0.0,0.0,0.0,0.0,1.604392816082115e-07,1.604392816082115e-07,1.604392816082115e-07,0.0
tau5.5_r33_o61_h1,pre_onset,paired_increment,S-F,0.0,0.0,0.0,0.0,0.0,0.0,0.0,0.0,0.0,0.0,0.0,0.0,1.604392816082115e-07,1.604392816082115e-07,1.604392816082115e-07,0.0
tau5.5_r33_o61_h1,service,absolute_branch,F,130898.50722624094,899.9502586162441,130000.00000028059,0.0,129998.56059829156,-1.4394019842475245,0.0,-0.0010888759719875907,129998.5569676247,-1.4404908602195121,0.0025417956785531715,,,,,
tau5.5_r33_o61_h1,service,absolute_branch,L,130964.2121228556,965.6520795094331,130000.00000025454,0.0,129998.56375757403,-1.4362426978004805,0.0,-0.0011637429800259724,129998.56004334617,-1.4374064407805065,0.002550467601395212,,,,,
tau5.5_r33_o61_h1,service,absolute_branch,S,131033.42530088437,1034.6836089900096,130000.00000027483,7.092944809135926,129998.74301764843,5.8359621834460995,-7.092944808697212,0.0012322504226744968,129998.74169189436,-1.2557503748284375,0.0025580056390026584,,,,,
tau5.5_r33_o61_h1,service,paired_increment,S-L,69.21317802876001,69.03152948057652,2.028536982834339e-08,7.092944809135926,0.17926007440837566,7.27220488124658,-7.092944808697212,0.0023959934027004692,0.1816485481976997,0.18165606595206896,7.538037607446313e-06,69.21317802876001,14250.684542065275,28432.15593884867,69.21314528188205,0.0
tau5.5_r33_o61_h1,service,paired_increment,L-F,65.70489661466854,65.70182089318894,-2.6047928258776665e-08,0.0,0.0031592824670951813,0.0031592864470439963,0.0,-7.486700803838175e-05,0.0030757214699406177,0.0030844194390056145,8.671922842040658e-06,65.70489661466854,10680.640989367452,21295.577082316373,65.7048964185283,0.0
tau5.5_r33_o61_h1,service,paired_increment,S-F,134.91807464342855,134.73335037376546,-5.762558430433273e-09,7.092944809135926,0.18241935687547084,7.275364167693624,-7.092944808697212,0.0023211263946620875,0.18472426966764033,0.18474048539107457,1.620996044948697e-05,134.91807464342855,3636.148344209002,7137.378646717592,134.91804170041087,0.0
tau5.5_r33_o61_h1,recovery,absolute_branch,F,327251.3807572365,2249.9459943359184,325000.0000034727,0.0,325001.43941570085,1.4394150393745804,0.0,0.001075119639864397,325001.4347629006,1.4404901590144448,0.00573073117993772,,,,,
tau5.5_r33_o61_h1,recovery,absolute_branch,L,327251.3776309602,2249.9459512623152,325000.0000034027,0.0,325001.43625759386,1.4362569441218511,0.0,0.0011499790130073961,325001.4316796979,1.4374069231348585,0.005730627977754921,,,,,
tau5.5_r33_o61_h1,recovery,absolute_branch,S,327251.193453664,2249.943418532511,325000.00000344065,-7.092957511348703,325001.25700910215,-5.835949104803149,7.092957512388239,-0.001246101399942745,325001.2500351315,1.2557623061851473,0.005730615288484842,,,,,
tau5.5_r33_o61_h1,recovery,paired_increment,S-L,-0.18417729617794976,-0.002532729804443079,3.795139491558075e-08,-7.092957511348703,-0.17924849170958623,-7.272206048925,7.092957512388239,-0.002396080412950141,-0.18164456635713577,-0.18164461694971124,-1.2689270079135895e-08,0.18417729617794976,0.0390542182059639,0.26225295411681965,-0.18414451770489187,18.574403204642294
tau5.5_r33_o61_h1,recovery,paired_increment,L-F,-0.0031262763077393174,-4.30736031376e-05,-7.002381607890129e-08,0.0,-0.0031581069924868643,-0.003158095252729254,0.0,7.485937314299917e-05,-0.0030832026968710124,-0.0030832358795862547,-1.0320218279957771e-07,0.0031262763077393174,0.001566097124654334,0.006258466654490233,-0.0031262724051815648,0.31674631855457847
tau5.5_r33_o61_h1,recovery,paired_increment,S-F,-0.18730357248568907,-0.002575803407580679,-3.207242116332054e-08,-7.092957511348703,-0.1824065987020731,-7.275364144177729,7.092957512388239,-0.002321221039807142,-0.18472776905400679,-0.1847278528292975,-1.1589145287871361e-07,0.18730357248568907,0.040461359077181354,0.26819350826443616,-0.18727079011007344,18.889174316125718
tau5.5_r33_o61_h1,post_deadline,absolute_branch,F,130899.96779762558,899.9703407047887,130000.00000026671,0.0,130000.00000278489,2.5318477128166705e-06,0.0,-2.5830400431914313e-06,129999.99745692078,-5.1192330374760786e-08,0.0025432947295485064,,,,,
tau5.5_r33_o61_h1,post_deadline,absolute_branch,L,130899.96779645304,899.9703406888007,130000.00000030122,0.0,130000.0000016428,1.3815915735904127e-06,0.0,-2.575774999513669e-06,129999.99745576424,-1.1941834259232564e-06,0.0025433427945245057,,,,,
tau5.5_r33_o61_h1,post_deadline,absolute_branch,S,130899.96778512956,899.9703405335908,130000.00000033481,1.2574798845258779e-05,129999.99999039399,2.7179958124179393e-06,-1.25578444567509e-05,-2.4922670149862824e-06,129999.99744459597,-1.2332115659319243e-05,0.002543406721088104,,,,,
tau5.5_r33_o61_h1,post_deadline,paired_increment,S-L,-1.1323485523462296e-05,-1.5520981833105907e-07,3.3585820347070694e-08,1.2574798845258779e-05,-1.1248805094510317e-05,1.3364042388275266e-06,-1.25578444567509e-05,8.350798452738672e-08,-1.1168274795636535e-05,-1.1137932233395986e-05,6.392656359821558e-08,1.1323485523462296e-05,0.0,1.1310386252123967e-05,-1.1310386252123967e-05,0.0004611572985311341
tau5.5_r33_o61_h1,post_deadline,paired_increment,L-F,-1.1725351214408875e-06,-1.5988007362466305e-08,3.451714292168617e-08,0.0,-1.142092514783144e-06,-1.1502561392262578e-06,0.0,7.265043677762151e-09,-1.1565425666049123e-06,-1.1429910955484957e-06,4.806497599929571e-08,1.1725351214408875e-06,7.150694727898761e-10,1.1596649345010617e-06,-1.1582347955554818e-06,5.770370970026306e-05
tau5.5_r33_o61_h1,post_deadline,paired_increment,S-F,-1.2496020644903183e-05,-1.7119782569352537e-07,6.810296326875687e-08,1.2574798845258779e-05,-1.239089760929346e-05,1.8614809960126877e-07,-1.25578444567509e-05,9.077302820514888e-08,-1.2324817362241447e-05,-1.2280923328944482e-05,1.1199153959751129e-07,1.2496020644903183e-05,0.0,1.2468621047679448e-05,-1.2468621047679448e-05,0.0005188610082313971
tau5.5_r33_o61_h1,declared_onset_total,absolute_branch,F,589049.855781103,4049.866593656951,585000.00000402,0.0,585000.0000167773,1.558697476866655e-05,0.0,-1.6339372166385147e-05,584999.9891874461,-7.52397397718596e-07,0.010815821588039398,,,,,
tau5.5_r33_o61_h1,declared_onset_total,absolute_branch,L,589115.5575502688,4115.568371460549,585000.0000039585,0.0,585000.0000168107,1.5627912944182754e-05,0.0,-1.6339742018089964e-05,584999.9891788083,-7.118290739072108e-07,0.010824438300915062,,,,,
tau5.5_r33_o61_h1,declared_onset_total,absolute_branch,S,589184.5865396779,4184.597368056112,585000.0000040503,-1.274139317171117e-07,585000.0000171446,1.579663876327686e-05,1.4584657037630677e-07,-1.6343244283234526e-05,584999.9891716219,-4.0075894958135905e-07,0.010832027764990926,,,,,
tau5.5_r33_o61_h1,declared_onset_total,paired_increment,S-L,69.02898940909654,69.0289965955626,9.185168892145157e-08,-1.274139317171117e-07,3.3387914299964905e-07,1.6872581909410655e-07,1.4584657037630677e-07,-3.502265144561534e-09,-7.186434231698513e-06,3.110701243258518e-07,7.589464075863361e-06,69.02898940909654,14250.723596283482,28432.418203113175,69.02898945379093,18.574403204642294
tau5.5_r33_o61_h1,declared_onset_total,paired_increment,L-F,65.70176916581113,65.70177780359836,-6.158370524644852e-08,0.0,3.341119736433029e-08,4.0938175516203046e-08,0.0,-3.6985170481784735e-10,-8.63778404891491e-06,4.05683238113852e-08,8.616712875664234e-06,65.70176916581113,10680.642555465292,21295.583341942693,65.70176898788833,0.31674631855457847
tau5.5_r33_o61_h1,declared_onset_total,paired_increment,S-F,134.73075857490767,134.73077439916096,3.026798367500305e-08,-1.274139317171117e-07,3.6729034036397934e-07,2.096639946103096e-07,1.4584657037630677e-07,-3.872116849379381e-09,-1.5824218280613422e-05,3.51638448137237e-07,1.6206176951527596e-05,134.73075857490767,3636.1888055680793,7137.646852694479,134.7307584416797,18.889174316125718
tau5.5_r33_o61_h1,checkpoint_total,absolute_branch,F,589089.7763803401,4050.1410059848777,585039.6500040201,0.0,585034.5945708825,-5.055430307842471,0.0,5.051617530166112,585039.6353743552,-0.0038127776763587917,0.01081688713748008,,,,,
tau5.5_r33_o61_h1,checkpoint_total,absolute_branch,L,589155.4781495059,4115.842783788476,585039.6500039585,0.0,585034.5945709159,-5.055430266904295,0.0,5.05161752979626,585039.6353657175,-0.0038127371080349803,0.010825503966771066,,,,,
tau5.5_r33_o61_h1,checkpoint_total,absolute_branch,S,589224.507138915,4184.871780384038,585039.6500040503,-1.274139317171117e-07,585034.5945712498,-5.055430098178476,1.4584657037630677e-07,5.051617526293995,585039.635358531,-0.0038124260379106545,0.010833093314431608,,,,,
tau5.5_r33_o61_h1,checkpoint_total,paired_increment,S-L,69.02898940909654,69.0289965955626,9.185168892145157e-08,-1.274139317171117e-07,3.3387914299964905e-07,1.6872581909410655e-07,1.4584657037630677e-07,-3.502265144561534e-09,-7.186434231698513e-06,3.110701243258518e-07,7.5893476605415344e-06,69.02898940909654,14250.723596283482,28432.418203113175,69.02898945379093,18.574403204642294
tau5.5_r33_o61_h1,checkpoint_total,paired_increment,L-F,65.70176916581113,65.7017778035979,-6.158370524644852e-08,0.0,3.341119736433029e-08,4.0938175516203046e-08,0.0,-3.6985170481784735e-10,-8.63778404891491e-06,4.05683238113852e-08,8.616829290986061e-06,65.70176916581113,10680.64255562573,21295.58334210313,65.70176914832763,0.31674631855457847
tau5.5_r33_o61_h1,checkpoint_total,paired_increment,S-F,134.73075857490767,134.7307743991605,3.026798367500305e-08,-1.274139317171117e-07,3.6729034036397934e-07,2.096639946103096e-07,1.4584657037630677e-07,-3.872116849379381e-09,-1.5824218280613422e-05,3.51638448137237e-07,1.6206176951527596e-05,134.73075857490767,3636.1888057285178,7137.646852854918,134.730758602119,18.889174316125718
tau5.5_r33_o61_h05,pre_onset,absolute_branch,F,39.920599925955095,0.2744123930312226,39.65000000005768,0.0,34.59455384935951,-5.055446150741773,0.0,5.051633948596191,39.646187532923875,-0.0038122021455819777,2.64988223364071e-07,,,,,
tau5.5_r33_o61_h05,pre_onset,absolute_branch,L,39.920599925955095,0.2744123930312226,39.65000000005768,0.0,34.59455384935951,-5.055446150741773,0.0,5.051633948596191,39.646187532923875,-0.0038122021455819777,2.64988223364071e-07,,,,,
tau5.5_r33_o61_h05,pre_onset,absolute_branch,S,39.920599925955095,0.2744123930312226,39.65000000005768,0.0,34.59455384935951,-5.055446150741773,0.0,5.051633948596191,39.646187532923875,-0.0038122021455819777,2.64988223364071e-07,,,,,
tau5.5_r33_o61_h05,pre_onset,paired_increment,S-L,0.0,0.0,0.0,0.0,0.0,0.0,0.0,0.0,0.0,0.0,0.0,0.0,0.0,0.0,0.0,0.0
tau5.5_r33_o61_h05,pre_onset,paired_increment,L-F,0.0,0.0,0.0,0.0,0.0,0.0,0.0,0.0,0.0,0.0,0.0,0.0,1.607307345841556e-07,1.607307345841556e-07,1.607307345841556e-07,0.0
tau5.5_r33_o61_h05,pre_onset,paired_increment,S-F,0.0,0.0,0.0,0.0,0.0,0.0,0.0,0.0,0.0,0.0,0.0,0.0,1.607307345841556e-07,1.607307345841556e-07,1.607307345841556e-07,0.0
tau5.5_r33_o61_h05,service,absolute_branch,F,130898.5092958025,899.9504557261179,130000.00000027903,0.0,129998.56057503479,-1.439425240016135,0.0,-0.0010888997564961755,129998.55884007638,-1.440514139772631,0.0006460628792410716,,,,,
tau5.5_r33_o61_h05,service,absolute_branch,L,130964.21419642626,965.6522766698664,130000.00000029303,0.0,129998.56373043112,-1.4362698408840515,0.0,-0.0011637675928284352,129998.5619197564,-1.43743360847688,0.0006469281652243808,,,,,
tau5.5_r33_o61_h05,service,absolute_branch,S,131033.42740043592,1034.6838263714642,130000.00000026877,7.092948207916171,129998.74299087089,5.835938803087629,-7.092948208992311,0.0012322115525478239,129998.74357406446,-1.2557771943521345,0.000649009962216951,,,,,
tau5.5_r33_o61_h05,service,paired_increment,S-L,69.21320400966215,69.03154970159778,-2.4258042685687542e-08,7.092948207916171,0.1792604397633113,7.27220864397168,-7.092948208992311,0.002395979145376259,0.18165430806402583,0.18165641412474542,2.081796992570162e-06,69.21320400966215,14250.684565528312,28432.15595980006,69.21317125656243,0.0
tau5.5_r33_o61_h05,service,paired_increment,L-F,65.70490062375029,65.70182094374854,1.3998942449688911e-08,0.0,0.0031553963344777003,0.003155399132083403,0.0,-7.486783633225969e-05,0.003079680012888275,0.0030805312957511433,8.652859833091497e-07,65.70490062375029,10680.641009707302,21295.577118989033,65.70490042557182,0.0
tau5.5_r33_o61_h05,service,paired_increment,S-F,134.91810463341244,134.73337064534633,-1.025910023599863e-08,7.092948207916171,0.182415836097789,7.275364043103764,-7.092948208992311,0.0023211113090439994,0.1847339880769141,0.18473694542049657,2.9470829758793116e-06,134.91810463341244,3636.14835280916,7137.378633936185,134.91807168213433,0.0
tau5.5_r33_o61_h05,recovery,absolute_branch,F,327251.3854565695,2249.9464383457484,324999.99999597354,0.0,325001.43944104493,1.4394403717124078,0.0,0.001073056437633113,325001.4390182237,1.440513428150041,0.001491177943535149,,,,,
tau5.5_r33_o61_h05,recovery,absolute_branch,L,327251.38233418646,2249.9463953258773,324999.99999614153,0.0,325001.43628685246,1.4362861646986858,0.0,0.0011479168630046388,325001.4359388606,1.4374340815616904,0.0014913625200279057,,,,,
tau5.5_r33_o61_h05,recovery,absolute_branch,S,327251.19815651904,2249.943862591197,324999.9999960434,-7.092960911357453,325001.25703795475,-5.83592364606011,7.092960911693808,-0.0012481494332234888,325001.25429392786,1.255789116200475,0.0014912317274138331,,,,,
tau5.5_r33_o61_h05,recovery,paired_increment,S-L,-0.18417766742641106,-0.0025327346802441753,-9.813811630010605e-08,-7.092960911357453,-0.1792488977080211,-7.272209810758795,7.092960911693808,-0.0023960662962281276,-0.18164493271615356,-0.18164496536121533,-1.3079261407256126e-07,0.18417766742641106,0.039054430929811854,0.2622537973638603,-0.18414493550423663,18.574439107796934
tau5.5_r33_o61_h05,recovery,paired_increment,L-F,-0.0031223830301314592,-4.301987110011396e-05,1.6798730939626694e-07,0.0,-0.0031541924690827727,-0.0031542070137220435,0.0,7.486042537152571e-05,-0.0030793631449341774,-0.0030793465883505178,1.8457649275660515e-07,0.0031223830301314592,0.0015657697505317629,0.006253870020708089,-0.003122330519644563,0.31635119781458343
tau5.5_r33_o61_h05,recovery,paired_increment,S-F,-0.18730005045654252,-0.002575754551344289,6.984919309616089e-08,-7.092960911357453,-0.18240309017710388,-7.275364017772517,7.092960911693808,-0.002321205870856602,-0.18472429586108774,-0.18472431194956584,5.3783878684043884e-08,0.18730005045654252,0.040461042454479526,0.26818935093284024,-0.1872672660238812,18.88881307477459
tau5.5_r33_o61_h05,post_deadline,absolute_branch,F,130899.96989217796,899.9705382809516,130000.00000016426,0.0,130000.00000063446,3.3664036891423166e-07,0.0,-4.950344418830355e-07,129999.99935389702,-1.583940729688038e-07,0.000646108848741278,,,,,
tau5.5_r33_o61_h05,post_deadline,absolute_branch,L,130899.96989100036,899.9705382648194,130000.00000015163,0.0,129999.99999947281,-8.191200322471559e-07,0.0,-4.875211914168176e-07,129999.99935273554,-1.3066412236639735e-06,0.0006461094453698024,,,,,
tau5.5_r33_o61_h05,post_deadline,absolute_branch,S,130899.96987948741,899.970538107757,130000.00000043435,1.2614429925029232e-05,129999.99998807529,3.909772203769535e-07,-1.2415104720275849e-05,-4.059503453390789e-07,129999.99934137966,-1.2430077845237975e-05,0.0006466246122727171,,,,,
tau5.5_r33_o61_h05,post_deadline,paired_increment,S-L,-1.1512951459735632e-05,-1.5706245903857052e-07,2.827146090567112e-07,1.2614429925029232e-05,-1.1397525668144226e-05,1.2100972526241094e-06,-1.2415104720275849e-05,8.157084607773868e-08,-1.135587808676064e-05,-1.1123436621574001e-05,5.151669029146433e-07,1.1512951459735632e-05,0.0,1.1477592363953693e-05,-1.1477592363953693e-05,0.000460876655751008
tau5.5_r33_o61_h05,post_deadline,paired_increment,L-F,-1.1775991879403591e-06,-1.6132162272697315e-08,-1.2631062418222427e-08,0.0,-1.161650288850069e-06,-1.1557604011613876e-06,0.0,7.513250466217869e-09,-1.1614756658673286e-06,-1.1482471506951697e-06,5.966285243630409e-10,1.1775991879403591e-06,5.091656930743413e-10,1.1674469494028088e-06,-1.1664286180166599e-06,5.761829151396114e-05
tau5.5_r33_o61_h05,post_deadline,paired_increment,S-F,-1.2690550647675991e-05,-1.7319462131126784e-07,2.7008354663848877e-07,1.2614429925029232e-05,-1.2559175956994295e-05,5.4336851462721825e-08,-1.2415104720275849e-05,8.908409654395655e-08,-1.2517353752627969e-05,-1.227168377226917e-05,5.157635314390063e-07,1.2690550647675991e-05,0.0,1.2644020981970353e-05,-1.2644020981970353e-05,0.0005184949472649691
tau5.5_r33_o61_h05,declared_onset_total,absolute_branch,F,589049.86464455,4049.867432352818,584999.9999964169,0.0,585000.0000167142,1.5468336641788483e-05,0.0,-1.6338353304945485e-05,584999.9972121972,-8.700166631570028e-07,0.0027833497151732445,,,,,
tau5.5_r33_o61_h05,declared_onset_total,absolute_branch,L,589115.5664216131,4115.569210260563,584999.9999965862,0.0,585000.0000167565,1.5504694601986557e-05,0.0,-1.6338251015213245e-05,584999.9972113526,-8.335564132266882e-07,0.002784400130622089,,,,,
tau5.5_r33_o61_h05,declared_onset_total,absolute_branch,S,589184.5954364424,4184.598227070418,584999.9999967465,-8.901135692779306e-08,585000.000016901,1.5548004739684984e-05,2.875967766158283e-07,-1.6343831021004007e-05,584999.997209372,-5.082295047031948e-07,0.0027868662727996707,,,,,
tau5.5_r33_o61_h05,declared_onset_total,paired_increment,S-L,69.02901482931338,69.02901680985542,1.6030389815568924e-07,-8.901135692779306e-08,1.444714143872261e-07,4.331013769842684e-08,2.875967766158283e-07,-5.580005790761788e-09,-1.980573870241642e-06,3.2532690852349333e-07,2.466142177581787e-06,69.02901482931338,14250.72361995924,28432.41822507502,69.02901484346583,18.574439107796934
tau5.5_r33_o61_h05,declared_onset_total,paired_increment,L-F,65.70177706307732,65.7017779077446,1.6938429325819016e-07,0.0,4.225876182317734e-08,3.635796019807458e-08,0.0,1.0228973224002402e-10,-8.445931598544121e-07,3.64602499303146e-08,1.0504154488444328e-06,65.70177706307732,10680.642575477561,21295.583374026504,65.70177692862356,0.31635119781458343
tau5.5_r33_o61_h05,declared_onset_total,paired_increment,S-F,134.7307918923907,134.73079471760002,3.296881914138794e-07,-8.901135692779306e-08,1.8673017621040344e-07,7.966809789650142e-08,2.875967766158283e-07,-5.477716058521764e-09,-2.825167030096054e-06,3.6178715845380793e-07,3.51655762642622e-06,134.7307918923907,3636.188813851614,7137.64683593114,134.73079177208947,18.88881307477459
tau5.5_r33_o61_h05,checkpoint_total,absolute_branch,F,589089.7852444759,4050.141844745849,585039.6499964169,0.0,585034.5945705635,-5.055430682405131,0.0,5.051617610242886,585039.6433997301,-0.0038130721622451347,0.0027836146764457226,,,,,
tau5.5_r33_o61_h05,checkpoint_total,absolute_branch,L,589155.487021539,4115.843622653594,585039.6499965863,0.0,585034.5945706058,-5.055430646047171,0.0,5.0516176103451755,585039.6433988854,-0.0038130357019952044,0.002784665208309889,,,,,
tau5.5_r33_o61_h05,checkpoint_total,absolute_branch,S,589224.5160363683,4184.87263946345,585039.6499967466,-8.901135692779306e-08,585034.5945707503,-5.055430602737033,2.875967766158283e-07,5.05161760476517,585039.6433969049,-0.003812710375086681,0.002787131234072149,,,,,
tau5.5_r33_o61_h05,checkpoint_total,paired_increment,S-L,69.02901482931338,69.02901680985542,1.6030389815568924e-07,-8.901135692779306e-08,1.444714143872261e-07,4.331013769842684e-08,2.875967766158283e-07,-5.580005790761788e-09,-1.980457454919815e-06,3.2532690852349333e-07,2.46602576225996e-06,69.02901482931338,14250.72361995924,28432.41822507502,69.02901484346583,18.574439107796934
tau5.5_r33_o61_h05,checkpoint_total,paired_increment,L-F,65.70177706307732,65.70177790774505,1.6938429325819016e-07,0.0,4.225876182317734e-08,3.635796019807458e-08,0.0,1.0228973224002402e-10,-8.44709575176239e-07,3.64602499303146e-08,1.0505318641662598e-06,65.70177706307732,10680.64257563829,21295.583374187234,65.7017770893543,0.31635119781458343
tau5.5_r33_o61_h05,checkpoint_total,paired_increment,S-F,134.7307918923907,134.73079471760047,3.296881914138794e-07,-8.901135692779306e-08,1.8673017621040344e-07,7.966809789650142e-08,2.875967766158283e-07,-5.477716058521764e-09,-2.825167030096054e-06,3.6178715845380793e-07,3.51655762642622e-06,134.7307918923907,3636.1888140123447,7137.646836091872,134.7307919328202,18.88881307477459
