case,cycle,low_start_harmonic_MW,high_start_harmonic_MW,different_source_class
f0.25_cap0.5,0,1.5397463502604218,1.1698181144796578,False
f0.25_cap0.5,1,1.4688261726248613,1.4688261726243466,False
f0.25_cap0.5,2,1.4688261726248888,1.4688261726248888,False
f0.25_cap0.5,3,1.4688261726245309,1.4688261726245309,False
f0.25_cap0.5,4,1.4688261726245702,1.4688261726245702,False
f0.25_cap0.5,5,1.4688261726245408,1.4688261726245408,False
f0.25_cap0.5,6,1.4688261726245733,1.4688261726245733,False
f0.25_cap0.5,7,1.4688261726241805,1.4688261726241805,False
f0.25_cap0.5,8,1.4688261726242582,1.4688261726242582,False
f0.25_cap0.5,9,1.468826172624574,1.468826172624574,False
f0.25_cap0.5,10,1.4688261726246676,1.4688261726246676,False
f0.25_cap0.5,11,1.4688261726243836,1.4688261726243836,False
f0.25_cap0.5,12,1.4688261726244851,1.4688261726244851,False
f0.25_cap0.5,13,1.4688261726247862,1.4688261726247862,False
f0.25_cap0.5,14,1.468826172624619,1.468826172624619,False
f0.25_cap0.5,15,1.4688261726244065,1.4688261726244065,False
f0.25_cap0.5,16,1.4688261726245337,1.4688261726245337,False
f0.25_cap0.5,17,1.468826172582172,1.468826172582172,False
f0.25_cap0.5,18,1.468826172624173,1.468826172624173,False
f0.25_cap0.5,19,1.4688261726246008,1.4688261726246008,False
f0.25_cap0.5,20,1.4688261726141776,1.4688261726141776,False
f0.25_cap0.5,21,1.4688261726250238,1.4688261726250238,False
f0.25_cap0.5,22,1.468826172624596,1.468826172624596,False
f0.25_cap0.5,23,1.4688261726245686,1.4688261726245686,False
f0.25_cap0.5,24,1.4688261726248215,1.4688261726248215,False
f0.25_cap0.5,25,1.468826172624418,1.468826172624418,False
f0.25_cap0.5,26,1.4688261726149925,1.4688261726149925,False
f0.25_cap0.5,27,1.468826172624225,1.468826172624225,False
f0.25_cap0.5,28,1.4688261726250291,1.4688261726250291,False
f0.25_cap0.5,29,1.4688261726244245,1.4688261726244245,False
f0.25_cap0.5,30,1.4688261726247338,1.4688261726247338,False
f0.25_cap0.5,31,1.4688261725898748,1.4688261725898748,False
f0.25_cap0.5,32,1.4688261726249237,1.4688261726249237,False
f0.25_cap0.5,33,1.4688261726249403,1.4688261726249403,False
f0.25_cap0.5,34,1.468826172624784,1.468826172624784,False
f0.25_cap0.5,35,1.4688261726251939,1.4688261726251939,False
f0.25_cap0.5,36,1.4688261726249792,1.4688261726249792,False
f0.25_cap0.5,37,1.4688261726252847,1.4688261726252847,False
f0.25_cap0.5,38,1.4688261726247602,1.4688261726247602,False
f0.25_cap0.5,39,1.4688261725770404,1.4688261725770404,False
f0.25_cap0.5,40,1.4688261726243823,1.4688261726243823,False
f0.25_cap0.5,41,1.4688261726150502,1.4688261726150502,False
f0.25_cap0.5,42,1.4688261726248637,1.4688261726248637,False
f0.25_cap0.5,43,1.4688261726242773,1.4688261726242773,False
f0.25_cap0.5,44,1.4688261726251914,1.4688261726251914,False
f0.25_cap0.5,45,1.4688261726249632,1.4688261726249632,False
f0.25_cap0.5,46,1.4688261726244658,1.4688261726244658,False
f0.25_cap0.5,47,1.4688261726246212,1.4688261726246212,False
f0.25_cap0.5,48,1.4688261726138636,1.4688261726138636,False
f0.25_cap0.5,49,1.4688261726219312,1.4688261726219312,False
f0.25_cap0.5,50,1.468826172624946,1.468826172624946,False
f0.25_cap0.5,51,1.4688261726251597,1.4688261726251597,False
f0.25_cap0.5,52,1.4688261726247727,1.4688261726247727,False
f0.25_cap0.5,53,1.4688261726251015,1.4688261726251015,False
f0.25_cap0.5,54,1.4688261726254952,1.4688261726254952,False
f0.25_cap0.5,55,1.4688261726233849,1.4688261726233849,False
f0.25_cap0.5,56,1.4688261726243173,1.4688261726243173,False
f0.25_cap0.5,57,1.4688261726241953,1.4688261726241953,False
f0.25_cap0.5,58,1.4688261726249714,1.4688261726249714,False
f0.25_cap0.5,59,1.468826172624686,1.468826172624686,False
f0.25_cap0.5,60,1.4688261726243164,1.4688261726243164,False
f0.25_cap0.5,61,1.4688261726249519,1.4688261726249519,False
f0.25_cap0.5,62,1.4688261726246181,1.4688261726246181,False
f0.25_cap0.5,63,1.46882617262528,1.46882617262528,False
f0.25_cap0.5,64,1.4688261726249368,1.4688261726249368,False
f0.25_cap0.5,65,1.4688261726241156,1.4688261726241156,False
f0.25_cap0.5,66,1.4688261726249827,1.4688261726249827,False
f0.25_cap0.5,67,1.4688261726251626,1.4688261726251626,False
f0.25_cap0.5,68,1.4688261726250464,1.4688261726250464,False
f0.25_cap0.5,69,1.4688261726246923,1.4688261726246923,False
f0.25_cap0.5,70,1.4688261726242633,1.4688261726242633,False
f0.25_cap0.5,71,1.4688261726245504,1.4688261726245504,False
f0.25_cap0.5,72,1.468826172625418,1.468826172625418,False
f0.25_cap0.5,73,1.4688261726247134,1.4688261726247134,False
f0.25_cap0.5,74,1.4688261726247485,1.4688261726247485,False
f0.25_cap0.5,75,1.4688261726248655,1.4688261726248655,False
f0.25_cap0.5,76,1.4688261726242473,1.4688261726242473,False
f0.25_cap0.5,77,1.468826172615117,1.468826172615117,False
f0.25_cap0.5,78,1.4688261726251275,1.4688261726251275,False
f0.25_cap0.5,79,1.4688261726249052,1.4688261726249052,False
f0.25_cap0.5,80,1.4688261726249987,1.4688261726249987,False
f0.25_cap0.5,81,1.4688261726245089,1.4688261726245089,False
f0.25_cap0.5,82,1.468826172624739,1.468826172624739,False
f0.25_cap0.5,83,1.4688261726253764,1.4688261726253764,False
f0.25_cap0.5,84,1.4688261726247802,1.4688261726247802,False
f0.25_cap0.5,85,1.468826172624275,1.468826172624275,False
f0.25_cap0.5,86,1.4688261726241134,1.4688261726241134,False
f0.25_cap0.5,87,1.4688261726242897,1.4688261726242897,False
f0.25_cap0.5,88,1.468826172624671,1.468826172624671,False
f0.25_cap0.5,89,1.4688261726245868,1.4688261726245868,False
f0.25_cap0.5,90,1.4688261726247889,1.4688261726247889,False
f0.25_cap0.5,91,1.4688261726250496,1.4688261726250496,False
f0.25_cap0.5,92,1.4688261726250567,1.4688261726250567,False
f0.25_cap0.5,93,1.4688261726243579,1.4688261726243579,False
f0.25_cap0.5,94,1.468826172624694,1.468826172624694,False
f0.25_cap0.5,95,1.4688261726248855,1.4688261726248855,False
f0.25_cap0.5,96,1.468826172583527,1.468826172583527,False
f0.25_cap0.5,97,1.4688261726244638,1.4688261726244638,False
f0.25_cap0.5,98,1.468826172624282,1.468826172624282,False
f0.25_cap0.5,99,1.4688261726244707,1.4688261726244707,False
f0.25_cap0.5,100,1.468826172624774,1.468826172624774,False
f0.25_cap0.5,101,1.468826172624372,1.468826172624372,False
f0.25_cap0.5,102,1.4688261726246652,1.4688261726246652,False
f0.25_cap0.5,103,1.4688261726244312,1.4688261726244312,False
f0.25_cap0.5,104,1.4688261726241845,1.4688261726241845,False
f0.25_cap0.5,105,1.4688261726246148,1.4688261726246148,False
f0.25_cap0.5,106,1.4688261726244993,1.4688261726244993,False
f0.25_cap0.5,107,1.4688261726242853,1.4688261726242853,False
f0.25_cap0.5,108,1.4688261726244811,1.4688261726244811,False
f0.25_cap0.5,109,1.4688261726241811,1.4688261726241811,False
f0.25_cap0.5,110,1.4688261726246394,1.4688261726246394,False
f0.25_cap0.5,111,1.4688261726248433,1.4688261726248433,False
f0.25_cap0.5,112,1.4688261726248213,1.4688261726248213,False
f0.25_cap0.5,113,1.4688261726246739,1.4688261726246739,False
f0.25_cap0.5,114,1.4688261726253085,1.4688261726253085,False
f0.25_cap0.5,115,1.4688261726245555,1.4688261726245555,False
f0.25_cap0.5,116,1.4688261726247742,1.4688261726247742,False
f0.25_cap0.5,117,1.4688261726247342,1.4688261726247342,False
f0.25_cap0.5,118,1.4688261726241651,1.4688261726241651,False
f0.25_cap0.5,119,1.4688261726251208,1.4688261726251208,False
f0.25_cap0.5,120,1.4688261726249836,1.4688261726249836,False
f0.25_cap0.5,121,1.4688261726248388,1.4688261726248388,False
f0.25_cap0.5,122,1.4688261726250789,1.4688261726250789,False
f0.25_cap0.5,123,1.4688261726245966,1.4688261726245966,False
f0.25_cap0.5,124,1.4688261725793144,1.4688261725793144,False
f0.25_cap0.5,125,1.4688261726242848,1.4688261726242848,False
f0.25_cap0.5,126,1.4688261726246805,1.4688261726246805,False
f0.25_cap0.5,127,1.4688261726244412,1.4688261726244412,False
f0.25_cap0.5,128,1.4688261726247638,1.4688261726247638,False
f0.25_cap0.5,129,1.468826172624916,1.468826172624916,False
f0.25_cap0.5,130,1.4688261726248242,1.4688261726248242,False
f0.25_cap0.5,131,1.4688261726250746,1.4688261726250746,False
f0.25_cap0.5,132,1.4688261726245462,1.4688261726245462,False
f0.25_cap0.5,133,1.468826172624936,1.468826172624936,False
f0.25_cap0.5,134,1.468826172624821,1.468826172624821,False
f0.25_cap0.5,135,1.4688261726246015,1.4688261726246015,False
f0.25_cap0.5,136,1.468826172624923,1.468826172624923,False
f0.25_cap0.5,137,1.4688261726248295,1.4688261726248295,False
f0.25_cap0.5,138,1.4688261726245755,1.4688261726245755,False
f0.25_cap0.5,139,1.4688261726246143,1.4688261726246143,False
f0.25_cap0.5,140,1.4688261726250669,1.4688261726250669,False
f0.25_cap0.5,141,1.468826172624692,1.468826172624692,False
f0.25_cap0.5,142,1.4688261726247767,1.4688261726247767,False
f0.25_cap0.5,143,1.468826172622507,1.468826172622507,False
f0.25_cap0.5,144,1.4688261726248506,1.4688261726248506,False
f0.25_cap0.5,145,1.468826172624809,1.468826172624809,False
f0.25_cap0.5,146,1.4688261726246028,1.4688261726246028,False
f0.25_cap0.5,147,1.468826172624931,1.468826172624931,False
f0.25_cap0.5,148,1.4688261726243073,1.4688261726243073,False
f0.25_cap0.5,149,1.468826172624646,1.468826172624646,False
f0.25_cap0.5,150,1.4688261726244978,1.4688261726244978,False
f0.25_cap0.5,151,1.468826172624646,1.468826172624646,False
f0.25_cap0.5,152,1.468826172624724,1.468826172624724,False
f0.25_cap0.5,153,1.4688261726245277,1.4688261726245277,False
f0.25_cap0.5,154,1.4688261726247056,1.4688261726247056,False
f0.25_cap0.5,155,1.4688261726247063,1.4688261726247063,False
f0.25_cap0.5,156,1.4688261726246388,1.4688261726246388,False
f0.25_cap0.5,157,1.4688261726247973,1.4688261726247973,False
f0.25_cap0.5,158,1.4688261726249459,1.4688261726249459,False
f0.25_cap0.5,159,1.4688261726245244,1.4688261726245244,False
f0.25_cap0.5,160,1.468826172624808,1.468826172624808,False
f0.25_cap0.5,161,1.4688261726246792,1.4688261726246792,False
f0.25_cap0.5,162,1.4688261726250453,1.4688261726250453,False
f0.25_cap0.5,163,1.4688261726248923,1.4688261726248923,False
f0.25_cap0.5,164,1.4688261726248255,1.4688261726248255,False
f0.25_cap0.5,165,1.4688261726250806,1.4688261726250806,False
f0.25_cap0.5,166,1.4688261726248857,1.4688261726248857,False
f0.25_cap0.5,167,1.4688261726249772,1.4688261726249772,False
f0.25_cap0.5,168,1.4688261726245284,1.4688261726245284,False
f0.25_cap0.5,169,1.4688261726251075,1.4688261726251075,False
f0.25_cap0.5,170,1.4688261726244587,1.4688261726244587,False
f0.25_cap0.5,171,1.4688261726251417,1.4688261726251417,False
f0.25_cap0.5,172,1.468826172624285,1.468826172624285,False
f0.25_cap0.5,173,1.4688261726248126,1.4688261726248126,False
f0.25_cap0.5,174,1.468826172624869,1.468826172624869,False
f0.25_cap0.5,175,1.4688261726251137,1.4688261726251137,False
f0.25_cap0.5,176,1.4688261726248333,1.4688261726248333,False
f0.25_cap0.5,177,1.4688261726247847,1.4688261726247847,False
f0.25_cap0.5,178,1.4688261726248382,1.4688261726248382,False
f0.25_cap0.5,179,1.4688261726248835,1.4688261726248835,False
f0.25_cap0.5,180,1.4688261726245542,1.4688261726245542,False
f0.25_cap0.5,181,1.4688261726248293,1.4688261726248293,False
f0.25_cap0.5,182,1.4688261726247576,1.4688261726247576,False
f0.25_cap0.5,183,1.4688261726244025,1.4688261726244025,False
f0.25_cap0.5,184,1.4688261726247451,1.4688261726247451,False
f0.25_cap0.5,185,1.468826172625036,1.468826172625036,False
f0.25_cap0.5,186,1.4688261726249199,1.4688261726249199,False
f0.25_cap0.5,187,1.46882617262492,1.46882617262492,False
f0.25_cap0.5,188,1.4688261726248344,1.4688261726248344,False
f0.25_cap0.5,189,1.4688261726249237,1.4688261726249237,False
f0.25_cap0.5,190,1.4688261726250444,1.4688261726250444,False
f0.25_cap0.5,191,1.4688261726224512,1.4688261726224512,False
f0.25_cap0.5,192,1.4688261726242287,1.4688261726242287,False
f0.25_cap0.5,193,1.4688261726248626,1.4688261726248626,False
f0.25_cap0.5,194,1.4688261726247878,1.4688261726247878,False
f0.25_cap0.5,195,1.4688261726247087,1.4688261726247087,False
f0.25_cap0.5,196,1.4688261726246572,1.4688261726246572,False
f0.25_cap0.5,197,1.4688261726249483,1.4688261726249483,False
f0.25_cap0.5,198,1.4688261726248695,1.4688261726248695,False
f0.25_cap0.5,199,1.468826172624761,1.468826172624761,False
f0.25_cap2,0,0.8143022591709737,0.23658471205037826,True
f0.25_cap2,1,0.30890214138764416,0.2365681903108659,False
f0.25_cap2,2,0.2723018305412477,0.23655589189543472,False
f0.25_cap2,3,0.25691096514605694,0.23654664536618783,False
f0.25_cap2,4,0.24882345853552296,0.23653962599356987,False
f0.25_cap2,5,0.24414976000978145,0.23653424837164186,False
f0.25_cap2,6,0.24131274822556512,0.2365300932788975,False
f0.25_cap2,7,0.23954300890621347,0.23652685766474602,False
f0.25_cap2,8,0.238422241892547,0.2365243202938962,False
f0.25_cap2,9,0.23770712072349837,0.23652231802375415,False
f0.25_cap2,10,0.23724982078040344,0.23652072932692472,False
f0.25_cap2,11,0.2369579766726269,0.23651946276942337,False
f0.25_cap2,12,0.23677282336527286,0.23651844889396575,False
f0.25_cap2,13,0.2366565478355966,0.23651763445502355,False
f0.25_cap2,14,0.23658465719810942,0.2365169782877395,False
f0.25_cap2,15,0.23654123522166845,0.23651644831958676,False
f0.25_cap2,16,0.23651593276245975,0.23651601938729833,False
f0.25_cap2,17,0.2365020313472909,0.23651567162585388,False
f0.25_cap2,18,0.23649518560631733,0.23651538926759758,False
f0.25_cap2,19,0.2364926017349505,0.23651515973805448,False
f0.25_cap2,20,0.2364924989579353,0.23651497296865073,False
f0.25_cap2,21,0.23649375595159886,0.2365148208694784,False
f0.25_cap2,22,0.23649567867930188,0.23651469692149246,False
f0.25_cap2,23,0.23649784812866337,0.23651459585856843,False
f0.25_cap2,24,0.23650002069082138,0.2365145134179383,False
f0.25_cap2,25,0.23650206322155673,0.23651444614314532,False
f0.25_cap2,26,0.2365039109285974,0.2365143912274928,False
f0.25_cap2,27,0.236505540253303,0.2365143463892532,False
f0.25_cap2,28,0.23650695157284266,0.23651430977163224,False
f0.25_cap2,29,0.23650815830838082,0.23651427986244955,False
f0.25_cap2,30,0.23650918018895653,0.23651425542933574,False
f0.25_cap2,31,0.2365100391917891,0.23651423546744374,False
f0.25_cap2,32,0.23651075718954082,0.23651421915703869,False
f0.25_cap2,33,0.23651135467211032,0.23651420582917976,False
f0.25_cap2,34,0.2365118501324662,0.23651419493778586,False
f0.25_cap2,35,0.23651225985239246,0.236514186037023,False
f0.25_cap2,36,0.23651259791936932,0.23651417876274233,False
f0.25_cap2,37,0.23651287636891558,0.23651417281754006,False
f0.25_cap2,38,0.23651310538655562,0.23651416795843744,False
f0.25_cap2,39,0.23651329353031736,0.23651416398694097,False
f0.25_cap2,40,0.2365134479507824,0.2365141607408487,False
f0.25_cap2,41,0.23651357459660016,0.23651415808761342,False
f0.25_cap2,42,0.2365136783995825,0.23651415591895478,False
f0.25_cap2,43,0.23651376343728894,0.23651415414633262,False
f0.25_cap2,44,0.23651383307372495,0.23651415269741163,False
f0.25_cap2,45,0.23651389007935333,0.23651415151308713,False
f0.25_cap2,46,0.2365139367325634,0.236514150545026,False
f0.25_cap2,47,0.23651397490499082,0.23651414975373966,False
f0.25_cap2,48,0.23651400613267196,0.23651414910692622,False
f0.25_cap2,49,0.23651403167534796,0.23651414857823047,False
f0.25_cap2,50,0.23651405256546326,0.23651414814606964,False
f0.25_cap2,51,0.23651406964880659,0.23651414779281604,False
f0.25_cap2,52,0.23651408361796114,0.2365141475040591,False
f0.25_cap2,53,0.23651409503988702,0.2365141472680296,False
f0.25_cap2,54,0.2365141043785616,0.23651414707509955,False
f0.25_cap2,55,0.2365141120136237,0.23651414691739828,False
f0.25_cap2,56,0.23651411825562177,0.2365141467884819,False
f0.25_cap2,57,0.2365141233585939,0.23651414668311407,False
f0.25_cap2,58,0.2365141275302725,0.23651414659697279,False
f0.25_cap2,59,0.23651413094057114,0.23651414652657377,False
f0.25_cap2,60,0.23651413372838945,0.2365141464690172,False
f0.25_cap2,61,0.2365141360073288,0.2365141464219734,False
f0.25_cap2,62,0.23651413787025835,0.23651414638352167,False
f0.25_cap2,63,0.2365141393931065,0.23651414635209408,False
f0.25_cap2,64,0.23651414063792234,0.236514146326381,False
f0.25_cap2,65,0.23651414165549473,0.2365141463053784,False
f0.25_cap2,66,0.23651414248729066,0.23651414628820913,False
f0.25_cap2,67,0.23651414316723351,0.23651414627418632,False
f0.25_cap2,68,0.23651414372302826,0.23651414626271203,False
f0.25_cap2,69,0.23651414417734268,0.23651414625332995,False
f0.25_cap2,70,0.2365141445487136,0.2365141462456628,False
f0.25_cap2,71,0.2365141448522879,0.23651414623940478,False
f0.25_cap2,72,0.23651414510043242,0.23651414623428496,False
f0.25_cap2,73,0.23651414530326206,0.23651414623009176,False
f0.25_cap2,74,0.2365141454690705,0.23651414622667594,False
f0.25_cap2,75,0.2365141456046074,0.23651414622388606,False
f0.25_cap2,76,0.2365141457153812,0.23651414622159,False
f0.25_cap2,77,0.23651414580593966,0.2365141462197218,False
f0.25_cap2,78,0.23651414587996317,0.23651414621819525,False
f0.25_cap2,79,0.2365141459404708,0.23651414621694647,False
f0.25_cap2,80,0.2365141459899294,0.2365141462159252,False
f0.25_cap2,81,0.23651414603037105,0.23651414621510403,False
f0.25_cap2,82,0.2365141460634026,0.23651414621440578,False
f0.25_cap2,83,0.23651414609041865,0.23651414621385167,False
f0.25_cap2,84,0.23651414611249935,0.23651414621339445,False
f0.25_cap2,85,0.23651414613055313,0.23651414621302672,False
f0.25_cap2,86,0.236514146145309,0.23651414621272335,False
f0.25_cap2,87,0.23651414615736943,0.23651414621247607,False
f0.25_cap2,88,0.23651414616723068,0.2365141462122739,False
f0.25_cap2,89,0.23651414617527913,0.23651414621210007,False
f0.25_cap2,90,0.23651414618185687,0.23651414621195443,False
f0.25_cap2,91,0.23651414618725514,0.23651414621185804,False
f0.25_cap2,92,0.23651414619165131,0.23651414621176223,False
f0.25_cap2,93,0.23651414619524622,0.23651414621168437,False
f0.25_cap2,94,0.2365141461981921,0.23651414621162875,False
f0.25_cap2,95,0.23651414620060604,0.23651414621158795,False
f0.25_cap2,96,0.23651414620256883,0.2365141462115478,False
f0.25_cap2,97,0.23651414620416875,0.23651414621150796,False
f0.25_cap2,98,0.23651414620547911,0.23651414621147682,False
f0.25_cap2,99,0.23651414620656327,0.2365141462114673,False
f0.25_cap2,100,0.23651414620742475,0.23651414621143346,False
f0.25_cap2,101,0.23651414620814631,0.23651414621142205,False
f0.25_cap2,102,0.2365141462087401,0.23651414621141742,False
f0.25_cap2,103,0.2365141462092271,0.23651414621141512,False
f0.25_cap2,104,0.23651414620960315,0.23651414621139108,False
f0.25_cap2,105,0.23651414620991645,0.2365141462113803,False
f0.25_cap2,106,0.23651414621017872,0.2365141462113741,False
f0.25_cap2,107,0.23651414621039923,0.23651414621137626,False
f0.25_cap2,108,0.2365141462105743,0.23651414621137407,False
f0.25_cap2,109,0.23651414621070793,0.23651414621136227,False
f0.25_cap2,110,0.2365141462108364,0.23651414621136974,False
f0.25_cap2,111,0.23651414621093017,0.2365141462113664,False
f0.25_cap2,112,0.2365141462110094,0.23651414621136554,False
f0.25_cap2,113,0.23651414621106517,0.23651414621135747,False
f0.25_cap2,114,0.23651414621112563,0.23651414621136246,False
f0.25_cap2,115,0.23651414621115735,0.23651414621135258,False
f0.25_cap2,116,0.2365141462112019,0.23651414621135994,False
f0.25_cap2,117,0.23651414621123265,0.23651414621136316,False
f0.25_cap2,118,0.23651414621124836,0.23651414621135536,False
f0.25_cap2,119,0.23651414621128494,0.23651414621137315,False
f0.25_cap2,120,0.23651414621128203,0.23651414621135317,False
f0.25_cap2,121,0.23651414621130035,0.23651414621135847,False
f0.25_cap2,122,0.23651414621130412,0.23651414621135142,False
f0.25_cap2,123,0.23651414621131717,0.23651414621135672,False
f0.25_cap2,124,0.2365141462113253,0.23651414621135855,False
f0.25_cap2,125,0.23651414621133185,0.23651414621135847,False
f0.25_cap2,126,0.23651414621133549,0.23651414621135614,False
f0.25_cap2,127,0.2365141462113411,0.23651414621135933,False
f0.25_cap2,128,0.23651414621132852,0.23651414621134348,False
f0.25_cap2,129,0.23651414621134526,0.23651414621135586,False
f0.25_cap2,130,0.2365141462113348,0.23651414621134445,False
f0.25_cap2,131,0.23651414621133784,0.23651414621134573,False
f0.25_cap2,132,0.23651414621135858,0.23651414621136366,False
f0.25_cap2,133,0.23651414621136127,0.2365141462113661,False
f0.25_cap2,134,0.23651414621136116,0.23651414621136468,False
f0.25_cap2,135,0.23651414621135047,0.23651414621135552,False
f0.25_cap2,136,0.23651414621136102,0.236514146211363,False
f0.25_cap2,137,0.23651414621135988,0.23651414621136338,False
f0.25_cap2,138,0.23651414621133462,0.23651414621133787,False
f0.25_cap2,139,0.2365141462113612,0.23651414621136183,False
f0.25_cap2,140,0.23651414621135974,0.2365141462113611,False
f0.25_cap2,141,0.2365141462113501,0.23651414621135042,False
f0.25_cap2,142,0.23651414621134847,0.23651414621134914,False
f0.25_cap2,143,0.23651414621135622,0.2365141462113584,False
f0.25_cap2,144,0.23651414621134242,0.23651414621134287,False
f0.25_cap2,145,0.23651414621134176,0.23651414621134306,False
f0.25_cap2,146,0.23651414621134537,0.23651414621134495,False
f0.25_cap2,147,0.23651414621134875,0.2365141462113496,False
f0.25_cap2,148,0.23651414621135045,0.23651414621135003,False
f0.25_cap2,149,0.23651414621136202,0.2365141462113616,False
f0.25_cap2,150,0.23651414621135694,0.2365141462113572,False
f0.25_cap2,151,0.23651414621134959,0.23651414621135045,False
f0.25_cap2,152,0.23651414621136888,0.23651414621136868,False
f0.25_cap2,153,0.23651414621134498,0.2365141462113463,False
f0.25_cap2,154,0.2365141462113497,0.2365141462113495,False
f0.25_cap2,155,0.236514146211357,0.2365141462113587,False
f0.25_cap2,156,0.23651414621134498,0.2365141462113452,False
f0.25_cap2,157,0.23651414621134875,0.2365141462113477,False
f0.25_cap2,158,0.23651414621136288,0.23651414621136288,False
f0.25_cap2,159,0.2365141462113382,0.2365141462113389,False
f0.25_cap2,160,0.23651414621135905,0.2365141462113599,False
f0.25_cap2,161,0.23651414621134995,0.23651414621135017,False
f0.25_cap2,162,0.23651414621135206,0.2365141462113516,False
f0.25_cap2,163,0.23651414621137165,0.23651414621137185,False
f0.25_cap2,164,0.23651414621134648,0.23651414621134606,False
f0.25_cap2,165,0.23651414621134942,0.23651414621134942,False
f0.25_cap2,166,0.23651414621134859,0.23651414621134859,False
f0.25_cap2,167,0.23651414621133413,0.23651414621133413,False
f0.25_cap2,168,0.23651414621136196,0.23651414621136196,False
f0.25_cap2,169,0.23651414621132982,0.23651414621132982,False
f0.25_cap2,170,0.23651414621134784,0.23651414621134784,False
f0.25_cap2,171,0.236514146211346,0.236514146211346,False
f0.25_cap2,172,0.23651414621133898,0.23651414621133898,False
f0.25_cap2,173,0.23651414621135589,0.23651414621135589,False
f0.25_cap2,174,0.2365141462113725,0.2365141462113725,False
f0.25_cap2,175,0.2365141462113727,0.2365141462113727,False
f0.25_cap2,176,0.23651414621136832,0.23651414621136832,False
f0.25_cap2,177,0.23651414621135325,0.23651414621135325,False
f0.25_cap2,178,0.23651414621134928,0.23651414621134928,False
f0.25_cap2,179,0.23651414621133596,0.23651414621133596,False
f0.25_cap2,180,0.2365141462113346,0.2365141462113346,False
f0.25_cap2,181,0.23651414621134176,0.23651414621134176,False
f0.25_cap2,182,0.23651414621134187,0.23651414621134187,False
f0.25_cap2,183,0.23651414621134195,0.23651414621134195,False
f0.25_cap2,184,0.23651414621132882,0.23651414621132882,False
f0.25_cap2,185,0.23651414621134548,0.23651414621134548,False
f0.25_cap2,186,0.23651414621135208,0.23651414621135208,False
f0.25_cap2,187,0.23651414621136996,0.23651414621136996,False
f0.25_cap2,188,0.23651414621135344,0.23651414621135344,False
f0.25_cap2,189,0.23651414621136807,0.23651414621136807,False
f0.25_cap2,190,0.23651414621135672,0.23651414621135672,False
f0.25_cap2,191,0.23651414621134656,0.23651414621134656,False
f0.25_cap2,192,0.23651414621135206,0.23651414621135206,False
f0.25_cap2,193,0.2365141462113487,0.2365141462113487,False
f0.25_cap2,194,0.2365141462113495,0.2365141462113495,False
f0.25_cap2,195,0.23651414621134417,0.23651414621134417,False
f0.25_cap2,196,0.2365141462113659,0.2365141462113659,False
f0.25_cap2,197,0.23651414621136585,0.23651414621136585,False
f0.25_cap2,198,0.23651414621137373,0.23651414621137373,False
f0.25_cap2,199,0.2365141462113666,0.2365141462113666,False
f0.25_cap20,0,0.869766661135004,0.2196765797010607,True
f0.25_cap20,1,0.6393665421361837,0.21967656571829206,True
f0.25_cap20,2,0.5413845154287186,0.2196765519659916,True
f0.25_cap20,3,0.48334678104532375,0.21967653844034685,False
f0.25_cap20,4,0.44386827172378585,0.21967652513760996,False
f0.25_cap20,5,0.41483012701254374,0.21967651205409502,False
f0.25_cap20,6,0.3923606574282216,0.2196764991861771,False
f0.25_cap20,7,0.3743429105744708,0.21967648653029095,False
f0.25_cap20,8,0.35950720993723956,0.21967647408293453,False
f0.25_cap20,9,0.3470391426182472,0.21967646184065548,False
f0.25_cap20,10,0.33638889098485764,0.21967644980006573,False
f0.25_cap20,11,0.32716997834735045,0.21967643795783404,False
f0.25_cap20,12,0.31910171255358577,0.21967642631068418,False
f0.25_cap20,13,0.31197463997345287,0.21967641485539063,False
f0.25_cap20,14,0.3056288654141479,0.21967640358878543,False
f0.25_cap20,15,0.2999399300531988,0.21967639250774956,False
f0.25_cap20,16,0.2948093171072281,0.21967638160921713,False
f0.25_cap20,17,0.2901578928321383,0.2196763708901764,False
f0.25_cap20,18,0.28592126694280895,0.21967636034766247,False
f0.25_cap20,19,0.28204644192118006,0.21967634997875843,False
f0.25_cap20,20,0.2784893482793183,0.21967633978060142,False
f0.25_cap20,21,0.27521300157080547,0.2196763297503667,False
f0.25_cap20,22,0.2721861038959672,0.21967631988528638,False
f0.25_cap20,23,0.2693819685189267,0.21967631018263442,False
f0.25_cap20,24,0.2667776829268245,0.21967630063972696,False
f0.25_cap20,25,0.26435345027399965,0.21967629125393118,False
f0.25_cap20,26,0.2620920659588077,0.21967628202264858,False
f0.25_cap20,27,0.259978497747124,0.21967627294333783,False
f0.25_cap20,28,0.25799954607979914,0.21967626401348192,False
f0.25_cap20,29,0.2561435670795147,0.21967625523062104,False
f0.25_cap20,30,0.2544002450284905,0.21967624659232596,False
f0.25_cap20,31,0.2527604042075269,0.21967623809621986,False
f0.25_cap20,32,0.2512158522974794,0.2196762297399457,False
f0.25_cap20,33,0.24975924927441748,0.21967622152121108,False
f0.25_cap20,34,0.248383997036913,0.2196762134377278,False
f0.25_cap20,35,0.24708414600149525,0.21967620548728176,False
f0.25_cap20,36,0.24585431566879182,0.219676197667673,False
f0.25_cap20,37,0.24468962675783193,0.21967618997675167,False
f0.25_cap20,38,0.24358564297003796,0.21967618241238046,False
f0.25_cap20,39,0.24253832080986454,0.21967617497248243,False
f0.25_cap20,40,0.24154396617793716,0.21967616765501022,False
f0.25_cap20,41,0.24059919668314397,0.21967616045793284,False
f0.25_cap20,42,0.23970090880471198,0.21967615337927557,False
f0.25_cap20,43,0.23884624918392403,0.21967614641709,False
f0.25_cap20,44,0.23803258944596842,0.21967613956944076,False
f0.25_cap20,45,0.23725750405052815,0.21967613283444976,False
f0.25_cap20,46,0.23651875074993892,0.21967612621026203,False
f0.25_cap20,47,0.23581425330007935,0.21967611969505488,False
f0.25_cap20,48,0.23514208612352813,0.2196761132870166,False
f0.25_cap20,49,0.2345004606699569,0.21967610698439557,False
f0.25_cap20,50,0.2338877132561565,0.21967610078545088,False
f0.25_cap20,51,0.23330229419989373,0.21967609468848104,False
f0.25_cap20,52,0.23274275808801237,0.2196760886917876,False
f0.25_cap20,53,0.2322077550415807,0.21967608279373307,False
f0.25_cap20,54,0.23169602285950247,0.21967607699269248,False
f0.25_cap20,55,0.23120637993821422,0.21967607128707053,False
f0.25_cap20,56,0.2307377188783462,0.21967606567527864,False
f0.25_cap20,57,0.23028900070112251,0.21967606015578553,False
f0.25_cap20,58,0.22985924960672888,0.21967605472707014,False
f0.25_cap20,59,0.22944754821577956,0.21967604938764068,False
f0.25_cap20,60,0.22905303324203857,0.2196760441360093,False
f0.25_cap20,61,0.22867489155101245,0.21967603897074786,False
f0.25_cap20,62,0.22831235656423385,0.21967603389042792,False
f0.25_cap20,63,0.22796470497406413,0.21967602889365775,False
f0.25_cap20,64,0.22763125373770005,0.21967602397904154,False
f0.25_cap20,65,0.22731135732284993,0.2196760191452478,False
f0.25_cap20,66,0.2270044051803085,0.2196760143909391,False
f0.25_cap20,67,0.22670981942185572,0.21967600971481072,False
f0.25_cap20,68,0.22642705268385166,0.21967600511556462,False
f0.25_cap20,69,0.22615558615930856,0.2196760005919355,False
f0.25_cap20,70,0.22589492778285178,0.2196759961426905,False
f0.25_cap20,71,0.22564461055467214,0.21967599176659885,False
f0.25_cap20,72,0.22540419099111733,0.2196759874624566,False
f0.25_cap20,73,0.22517324769065483,0.2196759832290806,False
f0.25_cap20,74,0.22495138000518786,0.21967597906530573,False
f0.25_cap20,75,0.22473820680765225,0.21967597496998972,False
f0.25_cap20,76,0.2245333653477052,0.21967597094199473,False
f0.25_cap20,77,0.22433651018820244,0.21967596698021472,False
f0.25_cap20,78,0.22414731221569412,0.21967596308357176,False
f0.25_cap20,79,0.22396545771889584,0.21967595925098782,False
f0.25_cap20,80,0.22379064752975145,0.21967595548140662,False
f0.25_cap20,81,0.22362259622201675,0.21967595177381052,False
f0.25_cap20,82,0.2234610313627743,0.21967594812713176,False
f0.25_cap20,83,0.22330569281308238,0.2196759445404119,False
f0.25_cap20,84,0.22315633207345695,0.21967594101265256,False
f0.25_cap20,85,0.22301271167130068,0.21967593754287928,False
f0.25_cap20,86,0.22287460458683536,0.21967593413014158,False
f0.25_cap20,87,0.2227417937147874,0.21967593077350978,False
f0.25_cap20,88,0.22261407135913777,0.21967592747204184,False
f0.25_cap20,89,0.22249123875868362,0.21967592422483576,False
f0.25_cap20,90,0.2223731056410358,0.21967592103100667,False
f0.25_cap20,91,0.22225948980312413,0.2196759178896727,False
f0.25_cap20,92,0.22215021671638466,0.2196759147999732,False
f0.25_cap20,93,0.22204511915485398,0.2196759117610521,False
f0.25_cap20,94,0.22194403684464553,0.2196759087720847,False
f0.25_cap20,95,0.22184681613332766,0.21967590583224172,False
f0.25_cap20,96,0.22175330967791657,0.21967590294071102,False
f0.25_cap20,97,0.2216633761502041,0.21967590009669677,False
f0.25_cap20,98,0.22157687995832995,0.21967589729943135,False
f0.25_cap20,99,0.2214936909834524,0.21967589454813868,False
f0.25_cap20,100,0.22141368433069267,0.21967589184206163,False
f0.25_cap20,101,0.22133674009332735,0.21967588918045597,False
f0.25_cap20,102,0.22126274312944105,0.21967588656259376,False
f0.25_cap20,103,0.221191582850264,0.2196758839877571,False
f0.25_cap20,104,0.22112315301945457,0.21967588145523143,False
f0.25_cap20,105,0.22105735156270973,0.2196758789643148,False
f0.25_cap20,106,0.22099408038703844,0.21967587651434037,False
f0.25_cap20,107,0.2209332452090764,0.21967587410462514,False
f0.25_cap20,108,0.2208747553920389,0.2196758717345105,False
f0.25_cap20,109,0.22081852379067085,0.21967586940334524,False
f0.25_cap20,110,0.22076446660381494,0.2196758671104911,False
f0.25_cap20,111,0.22071250323411234,0.21967586485531088,False
f0.25_cap20,112,0.2206625561544704,0.21967586263718716,False
f0.25_cap20,113,0.22061455078087616,0.21967586045550355,False
f0.25_cap20,114,0.22056841535126126,0.21967585830967878,False
f0.25_cap20,115,0.22052408080996921,0.21967585619911476,False
f0.25_cap20,116,0.22048148069766585,0.21967585412322788,False
f0.25_cap20,117,0.22044055104629098,0.21967585208145185,False
f0.25_cap20,118,0.22040123027882996,0.2196758500732287,False
f0.25_cap20,119,0.22036345911361344,0.21967584809800741,False
f0.25_cap20,120,0.2203271804729308,0.21967584615523417,False
f0.25_cap20,121,0.22029233939575663,0.2196758442443769,False
f0.25_cap20,122,0.22025888295432147,0.21967584236492313,False
f0.25_cap20,123,0.22022676017433704,0.21967584051634978,False
f0.25_cap20,124,0.2201959219587447,0.2196758386981504,False
f0.25_cap20,125,0.22016632101476571,0.2196758369098265,False
f0.25_cap20,126,0.22013791178407874,0.21967583515089065,False
f0.25_cap20,127,0.2201106503759834,0.21967583342084726,False
f0.25_cap20,128,0.22008449450344497,0.21967583171922384,False
f0.25_cap20,129,0.22005940342181873,0.21967583004556293,False
f0.25_cap20,130,0.22003533787010351,0.21967582839940086,False
f0.25_cap20,131,0.22001226001471166,0.21967582678028563,False
f0.25_cap20,132,0.21999013339553383,0.21967582518777157,False
f0.25_cap20,133,0.2199689228742446,0.21967582362142582,False
f0.25_cap20,134,0.2199485945846913,0.2196758220808116,False
f0.25_cap20,135,0.2199291158853506,0.21967582056550902,False
f0.25_cap20,136,0.21991045531367673,0.21967581907510175,False
f0.25_cap20,137,0.21989258254229305,0.2196758176091748,False
f0.25_cap20,138,0.21987546833695662,0.21967581616732887,False
f0.25_cap20,139,0.219859084516186,0.2196758147491784,False
f0.25_cap20,140,0.2198434039124636,0.21967581335432512,False
f0.25_cap20,141,0.21982840033500867,0.21967581198238756,False
f0.25_cap20,142,0.21981404853401054,0.21967581063298944,False
f0.25_cap20,143,0.21980032416621573,0.21967580930575945,False
f0.25_cap20,144,0.21978720376190053,0.2196758080003339,False
f0.25_cap20,145,0.21977466469310294,0.21967580671635675,False
f0.25_cap20,146,0.21976268514306244,0.2196758054534699,False
f0.25_cap20,147,0.21975124407686908,0.21967580421133012,False
f0.25_cap20,148,0.21974032121320314,0.21967580298959796,False
f0.25_cap20,149,0.21972989699716694,0.21967580178794144,False
f0.25_cap20,150,0.21971995257411805,0.21967580060601902,False
f0.25_cap20,151,0.2197104697645485,0.21967579944351415,False
f0.25_cap20,152,0.21970143103985204,0.2196757983001091,False
f0.25_cap20,153,0.21969281949901528,0.21967579717548052,False
f0.25_cap20,154,0.2196846188461998,0.21967579606932608,False
f0.25_cap20,155,0.21967681336914566,0.21967579498134837,False
f0.25_cap20,156,0.219669387918345,0.21967579391124165,False
f0.25_cap20,157,0.219662327887053,0.21967579285871733,False
f0.25_cap20,158,0.21965561919196494,0.21967579182347927,False
f0.25_cap20,159,0.21964924825465637,0.2196757908052485,False
f0.25_cap20,160,0.21964320198367604,0.21967578980374494,False
f0.25_cap20,161,0.21963746775729218,0.2196757888186931,False
f0.25_cap20,162,0.21963203340688925,0.21967578784982106,False
f0.25_cap20,163,0.2196268872009325,0.21967578689686273,False
f0.25_cap20,164,0.21962201782956564,0.21967578595956497,False
f0.25_cap20,165,0.21961741438968838,0.2196757850376583,False
f0.25_cap20,166,0.21961306637066835,0.21967578413090194,False
f0.25_cap20,167,0.21960896364047128,0.2196757832390318,False
f0.25_cap20,168,0.21960509643237514,0.2196757823618187,False
f0.25_cap20,169,0.2196014553320772,0.21967578149901154,False
f0.25_cap20,170,0.21959803126533964,0.21967578065038018,False
f0.25_cap20,171,0.21959481548601736,0.21967577981568917,False
f0.25_cap20,172,0.21959179956454405,0.219675778994704,False
f0.25_cap20,173,0.21958897537682567,0.21967577818721565,False
f0.25_cap20,174,0.21958633509348677,0.21967577739298494,False
f0.25_cap20,175,0.21958387116957204,0.2196757766117979,False
f0.25_cap20,176,0.2195815763345521,0.2196757758434443,False
f0.25_cap20,177,0.21957944358268774,0.2196757750877063,False
f0.25_cap20,178,0.2195774661637812,0.21967577434438199,False
f0.25_cap20,179,0.2195756375741898,0.2196757736132746,False
f0.25_cap20,180,0.21957395154817114,0.21967577289417062,False
f0.25_cap20,181,0.21957240204959455,0.21967577218688517,False
f0.25_cap20,182,0.21957098326382776,0.2196757714912097,False
f0.25_cap20,183,0.21956968959004372,0.21967577080696954,False
f0.25_cap20,184,0.2195685156336527,0.219675770133962,False
f0.25_cap20,185,0.21956745619913545,0.2196757694720133,False
f0.25_cap20,186,0.21956650628301425,0.219675768820936,False
f0.25_cap20,187,0.21956566106714015,0.21967576818055054,False
f0.25_cap20,188,0.21956491591219532,0.21967576755068685,False
f0.25_cap20,189,0.21956426635140036,0.21967576693117652,False
f0.25_cap20,190,0.21956370808444792,0.21967576632182942,False
f0.25_cap20,191,0.21956323697169422,0.21967576572249659,False
f0.25_cap20,192,0.219562849028481,0.21967576513300818,False
f0.25_cap20,193,0.21956254041968423,0.21967576455319698,False
f0.25_cap20,194,0.21956230745447877,0.21967576398290625,False
f0.25_cap20,195,0.21956214658125012,0.2196757634219927,False
f0.25_cap20,196,0.21956205438266924,0.21967576287028545,False
f0.25_cap20,197,0.21956202757099053,0.2196757623276433,False
f0.25_cap20,198,0.21956206298346972,0.21967576179391757,False
f0.25_cap20,199,0.21956215757794428,0.21967576126895152,False
f0.5_cap0.5,0,1.5397463502607056,1.1698181144802318,False
f0.5_cap0.5,1,1.468826172624152,1.4688261726236371,False
f0.5_cap0.5,2,1.4688261726252707,1.4688261726252707,False
f0.5_cap0.5,3,1.4688261726249712,1.4688261726249712,False
f0.5_cap0.5,4,1.4688261726243195,1.4688261726243195,False
f0.5_cap0.5,5,1.46882617262452,1.46882617262452,False
f0.5_cap0.5,6,1.46882617262476,1.46882617262476,False
f0.5_cap0.5,7,1.4688261726247536,1.4688261726247536,False
f0.5_cap0.5,8,1.4688261726243539,1.4688261726243539,False
f0.5_cap0.5,9,1.4688261726246123,1.4688261726246123,False
f0.5_cap0.5,10,1.4688261726247613,1.4688261726247613,False
f0.5_cap0.5,11,1.46882617262456,1.46882617262456,False
f0.5_cap0.5,12,1.4688261726248328,1.4688261726248328,False
f0.5_cap0.5,13,1.4688261726246628,1.4688261726246628,False
f0.5_cap0.5,14,1.468826172624619,1.468826172624619,False
f0.5_cap0.5,15,1.4688261726242082,1.4688261726242082,False
f0.5_cap0.5,16,1.4688261726243743,1.4688261726243743,False
f0.5_cap0.5,17,1.4688261726246261,1.4688261726246261,False
f0.5_cap0.5,18,1.468826172624531,1.468826172624531,False
f0.5_cap0.5,19,1.4688261726241925,1.4688261726241925,False
f0.5_cap0.5,20,1.4688261726245162,1.4688261726245162,False
f0.5_cap0.5,21,1.4688261726253649,1.4688261726253649,False
f0.5_cap0.5,22,1.4688261726242338,1.4688261726242338,False
f0.5_cap0.5,23,1.4688261726248184,1.4688261726248184,False
f0.5_cap0.5,24,1.4688261726246161,1.4688261726246161,False
f0.5_cap0.5,25,1.4688261726249383,1.4688261726249383,False
f0.5_cap0.5,26,1.4688261726245937,1.4688261726245937,False
f0.5_cap0.5,27,1.46882617262437,1.46882617262437,False
f0.5_cap0.5,28,1.4688261726246359,1.4688261726246359,False
f0.5_cap0.5,29,1.4688261726252407,1.4688261726252407,False
f0.5_cap0.5,30,1.4688261726242484,1.4688261726242484,False
f0.5_cap0.5,31,1.4688261726248326,1.4688261726248326,False
f0.5_cap0.5,32,1.4688261726247438,1.4688261726247438,False
f0.5_cap0.5,33,1.4688261726244856,1.4688261726244856,False
f0.5_cap0.5,34,1.4688261726251348,1.4688261726251348,False
f0.5_cap0.5,35,1.4688261726237763,1.4688261726237763,False
f0.5_cap0.5,36,1.4688261726249623,1.4688261726249623,False
f0.5_cap0.5,37,1.46882617262456,1.46882617262456,False
f0.5_cap0.5,38,1.4688261726155256,1.4688261726155256,False
f0.5_cap0.5,39,1.4688261726245095,1.4688261726245095,False
f0.5_cap0.5,40,1.4688261726249203,1.4688261726249203,False
f0.5_cap0.5,41,1.468826172624383,1.468826172624383,False
f0.5_cap0.5,42,1.4688261726248488,1.4688261726248488,False
f0.5_cap0.5,43,1.4688261726243899,1.4688261726243899,False
f0.5_cap0.5,44,1.468826172622079,1.468826172622079,False
f0.5_cap0.5,45,1.4688261726249052,1.4688261726249052,False
f0.5_cap0.5,46,1.4688261726251053,1.4688261726251053,False
f0.5_cap0.5,47,1.4688261726247158,1.4688261726247158,False
f0.5_cap0.5,48,1.4688261726244702,1.4688261726244702,False
f0.5_cap0.5,49,1.46882617262487,1.46882617262487,False
f0.5_cap0.5,50,1.468826172624956,1.468826172624956,False
f0.5_cap0.5,51,1.468826172625112,1.468826172625112,False
f0.5_cap0.5,52,1.4688261726212146,1.4688261726212146,False
f0.5_cap0.5,53,1.4688261726248801,1.4688261726248801,False
f0.5_cap0.5,54,1.4688261726245273,1.4688261726245273,False
f0.5_cap0.5,55,1.4688261726244969,1.4688261726244969,False
f0.5_cap0.5,56,1.4688261726251786,1.4688261726251786,False
f0.5_cap0.5,57,1.4688261726244825,1.4688261726244825,False
f0.5_cap0.5,58,1.4688261726248455,1.4688261726248455,False
f0.5_cap0.5,59,1.4688261726251424,1.4688261726251424,False
f0.5_cap0.5,60,1.4688261726251417,1.4688261726251417,False
f0.5_cap0.5,61,1.4688261726249494,1.4688261726249494,False
f0.5_cap0.5,62,1.4688261726233265,1.4688261726233265,False
f0.5_cap0.5,63,1.4688261726221026,1.4688261726221026,False
f0.5_cap0.5,64,1.4688261726244143,1.4688261726244143,False
f0.5_cap0.5,65,1.4688261726247418,1.4688261726247418,False
f0.5_cap0.5,66,1.4688261726248482,1.4688261726248482,False
f0.5_cap0.5,67,1.4688261726242993,1.4688261726242993,False
f0.5_cap0.5,68,1.4688261726245317,1.4688261726245317,False
f0.5_cap0.5,69,1.4688261726249325,1.4688261726249325,False
f0.5_cap0.5,70,1.4688261726249388,1.4688261726249388,False
f0.5_cap0.5,71,1.4688261726245193,1.4688261726245193,False
f0.5_cap0.5,72,1.4688261726223728,1.4688261726223728,False
f0.5_cap0.5,73,1.4688261726246918,1.4688261726246918,False
f0.5_cap0.5,74,1.4688261726247582,1.4688261726247582,False
f0.5_cap0.5,75,1.4688261726252636,1.4688261726252636,False
f0.5_cap0.5,76,1.4688261726253258,1.4688261726253258,False
f0.5_cap0.5,77,1.4688261726251919,1.4688261726251919,False
f0.5_cap0.5,78,1.4688261726253873,1.4688261726253873,False
f0.5_cap0.5,79,1.4688261726243268,1.4688261726243268,False
f0.5_cap0.5,80,1.468826172625062,1.468826172625062,False
f0.5_cap0.5,81,1.468826172624328,1.468826172624328,False
f0.5_cap0.5,82,1.468826172624469,1.468826172624469,False
f0.5_cap0.5,83,1.4688261726241947,1.4688261726241947,False
f0.5_cap0.5,84,1.4688261726246565,1.4688261726246565,False
f0.5_cap0.5,85,1.4688261726241896,1.4688261726241896,False
f0.5_cap0.5,86,1.468826172625451,1.468826172625451,False
f0.5_cap0.5,87,1.4688261726245257,1.4688261726245257,False
f0.5_cap0.5,88,1.4688261726252125,1.4688261726252125,False
f0.5_cap0.5,89,1.468826172624805,1.468826172624805,False
f0.5_cap0.5,90,1.4688261726247915,1.4688261726247915,False
f0.5_cap0.5,91,1.468826172624311,1.468826172624311,False
f0.5_cap0.5,92,1.468826172624153,1.468826172624153,False
f0.5_cap0.5,93,1.4688261726242686,1.4688261726242686,False
f0.5_cap0.5,94,1.468826172624942,1.468826172624942,False
f0.5_cap0.5,95,1.4688261726248142,1.4688261726248142,False
f0.5_cap0.5,96,1.4688261726236944,1.4688261726236944,False
f0.5_cap0.5,97,1.4688261726250469,1.4688261726250469,False
f0.5_cap0.5,98,1.468826172624438,1.468826172624438,False
f0.5_cap0.5,99,1.4688261726251157,1.4688261726251157,False
f0.5_cap0.5,100,1.4688261726248284,1.4688261726248284,False
f0.5_cap0.5,101,1.468826172624351,1.468826172624351,False
f0.5_cap0.5,102,1.468826172625051,1.468826172625051,False
f0.5_cap0.5,103,1.4688261726251814,1.4688261726251814,False
f0.5_cap0.5,104,1.4688261726243994,1.4688261726243994,False
f0.5_cap0.5,105,1.4688261726249137,1.4688261726249137,False
f0.5_cap0.5,106,1.4688261726245209,1.4688261726245209,False
f0.5_cap0.5,107,1.4688261726251066,1.4688261726251066,False
f0.5_cap0.5,108,1.468826172624677,1.468826172624677,False
f0.5_cap0.5,109,1.468826172625093,1.468826172625093,False
f0.5_cap0.5,110,1.4688261726249021,1.4688261726249021,False
f0.5_cap0.5,111,1.4688261726248126,1.4688261726248126,False
f0.5_cap0.5,112,1.468826172625408,1.468826172625408,False
f0.5_cap0.5,113,1.4688261726245924,1.4688261726245924,False
f0.5_cap0.5,114,1.4688261726160887,1.4688261726160887,False
f0.5_cap0.5,115,1.468826172624783,1.468826172624783,False
f0.5_cap0.5,116,1.4688261726249687,1.4688261726249687,False
f0.5_cap0.5,117,1.4688261726251666,1.4688261726251666,False
f0.5_cap0.5,118,1.468826172623455,1.468826172623455,False
f0.5_cap0.5,119,1.4688261726247465,1.4688261726247465,False
f0.5_cap0.5,120,1.4688261726243879,1.4688261726243879,False
f0.5_cap0.5,121,1.4688261726247067,1.4688261726247067,False
f0.5_cap0.5,122,1.4688261726247165,1.4688261726247165,False
f0.5_cap0.5,123,1.4688261726244858,1.4688261726244858,False
f0.5_cap0.5,124,1.4688261726241079,1.4688261726241079,False
f0.5_cap0.5,125,1.468826172624332,1.468826172624332,False
f0.5_cap0.5,126,1.4688261726248728,1.4688261726248728,False
f0.5_cap0.5,127,1.4688261726250085,1.4688261726250085,False
f0.5_cap0.5,128,1.4688261726248202,1.4688261726248202,False
f0.5_cap0.5,129,1.4688261726248621,1.4688261726248621,False
f0.5_cap0.5,130,1.4688261726247513,1.4688261726247513,False
f0.5_cap0.5,131,1.4688261726248248,1.4688261726248248,False
f0.5_cap0.5,132,1.4688261726248162,1.4688261726248162,False
f0.5_cap0.5,133,1.4688261726246328,1.4688261726246328,False
f0.5_cap0.5,134,1.4688261726248624,1.4688261726248624,False
f0.5_cap0.5,135,1.4688261726247605,1.4688261726247605,False
f0.5_cap0.5,136,1.4688261726249292,1.4688261726249292,False
f0.5_cap0.5,137,1.468826172624815,1.468826172624815,False
f0.5_cap0.5,138,1.4688261726247747,1.4688261726247747,False
f0.5_cap0.5,139,1.4688261726249867,1.4688261726249867,False
f0.5_cap0.5,140,1.4688261726247478,1.4688261726247478,False
f0.5_cap0.5,141,1.4688261726247038,1.4688261726247038,False
f0.5_cap0.5,142,1.4688261726248806,1.4688261726248806,False
f0.5_cap0.5,143,1.4688261726246203,1.4688261726246203,False
f0.5_cap0.5,144,1.4688261726248668,1.4688261726248668,False
f0.5_cap0.5,145,1.4688261726246545,1.4688261726246545,False
f0.5_cap0.5,146,1.4688261726247254,1.4688261726247254,False
f0.5_cap0.5,147,1.468826172625131,1.468826172625131,False
f0.5_cap0.5,148,1.4688261726248264,1.4688261726248264,False
f0.5_cap0.5,149,1.4688261726249876,1.4688261726249876,False
f0.5_cap0.5,150,1.468826172625006,1.468826172625006,False
f0.5_cap0.5,151,1.4688261726247838,1.4688261726247838,False
f0.5_cap0.5,152,1.4688261726248388,1.4688261726248388,False
f0.5_cap0.5,153,1.468826172625096,1.468826172625096,False
f0.5_cap0.5,154,1.4688261726251175,1.4688261726251175,False
f0.5_cap0.5,155,1.4688261726248073,1.4688261726248073,False
f0.5_cap0.5,156,1.4688261726246528,1.4688261726246528,False
f0.5_cap0.5,157,1.4688261726245642,1.4688261726245642,False
f0.5_cap0.5,158,1.4688261726249208,1.4688261726249208,False
f0.5_cap0.5,159,1.4688261726252623,1.4688261726252623,False
f0.5_cap0.5,160,1.4688261726248149,1.4688261726248149,False
f0.5_cap0.5,161,1.4688261726246576,1.4688261726246576,False
f0.5_cap0.5,162,1.4688261726247942,1.4688261726247942,False
f0.5_cap0.5,163,1.4688261726247807,1.4688261726247807,False
f0.5_cap0.5,164,1.468826172624888,1.468826172624888,False
f0.5_cap0.5,165,1.4688261726248513,1.4688261726248513,False
f0.5_cap0.5,166,1.4688261726246858,1.4688261726246858,False
f0.5_cap0.5,167,1.4688261726248881,1.4688261726248881,False
f0.5_cap0.5,168,1.4688261726248242,1.4688261726248242,False
f0.5_cap0.5,169,1.468826172625149,1.468826172625149,False
f0.5_cap0.5,170,1.4688261726247118,1.4688261726247118,False
f0.5_cap0.5,171,1.4688261726248961,1.4688261726248961,False
f0.5_cap0.5,172,1.4688261726247493,1.4688261726247493,False
f0.5_cap0.5,173,1.4688261726249734,1.4688261726249734,False
f0.5_cap0.5,174,1.4688261726247278,1.4688261726247278,False
f0.5_cap0.5,175,1.4688261726249892,1.4688261726249892,False
f0.5_cap0.5,176,1.4688261726248524,1.4688261726248524,False
f0.5_cap0.5,177,1.4688261726249323,1.4688261726249323,False
f0.5_cap0.5,178,1.4688261726251877,1.4688261726251877,False
f0.5_cap0.5,179,1.4688261726250063,1.4688261726250063,False
f0.5_cap0.5,180,1.4688261726246257,1.4688261726246257,False
f0.5_cap0.5,181,1.468826172624374,1.468826172624374,False
f0.5_cap0.5,182,1.4688261726246659,1.4688261726246659,False
f0.5_cap0.5,183,1.4688261726247571,1.4688261726247571,False
f0.5_cap0.5,184,1.4688261726246838,1.4688261726246838,False
f0.5_cap0.5,185,1.468826172624585,1.468826172624585,False
f0.5_cap0.5,186,1.4688261726250686,1.4688261726250686,False
f0.5_cap0.5,187,1.4688261726248355,1.4688261726248355,False
f0.5_cap0.5,188,1.468826172624842,1.468826172624842,False
f0.5_cap0.5,189,1.4688261726250535,1.4688261726250535,False
f0.5_cap0.5,190,1.4688261726247902,1.4688261726247902,False
f0.5_cap0.5,191,1.4688261726246679,1.4688261726246679,False
f0.5_cap0.5,192,1.4688261726245562,1.4688261726245562,False
f0.5_cap0.5,193,1.468826172624629,1.468826172624629,False
f0.5_cap0.5,194,1.468826172624753,1.468826172624753,False
f0.5_cap0.5,195,1.4688261726248617,1.4688261726248617,False
f0.5_cap0.5,196,1.4688261726248415,1.4688261726248415,False
f0.5_cap0.5,197,1.468826172625055,1.468826172625055,False
f0.5_cap0.5,198,1.468826172624877,1.468826172624877,False
f0.5_cap0.5,199,1.4688261726247207,1.4688261726247207,False
f0.5_cap2,0,0.8143022591709775,0.23658471205037535,True
f0.5_cap2,1,0.308902141387683,0.23656819031086704,False
f0.5_cap2,2,0.27230183054128265,0.23655589189543672,False
f0.5_cap2,3,0.256910965146076,0.23654664536618358,False
f0.5_cap2,4,0.24882345853552634,0.23653962599357406,False
f0.5_cap2,5,0.24414976000979546,0.23653424837164408,False
f0.5_cap2,6,0.24131274822558427,0.23653009327890237,False
f0.5_cap2,7,0.23954300890623267,0.23652685766474915,False
f0.5_cap2,8,0.23842224189256642,0.2365243202938986,False
f0.5_cap2,9,0.23770712072351408,0.23652231802375678,False
f0.5_cap2,10,0.23724982078041787,0.2365207293269265,False
f0.5_cap2,11,0.2369579766726403,0.23651946276942667,False
f0.5_cap2,12,0.2367728233652847,0.23651844889396775,False
f0.5_cap2,13,0.23665654783560772,0.23651763445502705,False
f0.5_cap2,14,0.23658465719812022,0.23651697828774063,False
f0.5_cap2,15,0.2365412352216792,0.2365164483195896,False
f0.5_cap2,16,0.23651593276246646,0.2365160193873003,False
f0.5_cap2,17,0.23650203134729977,0.2365156716258563,False
f0.5_cap2,18,0.23649518560632488,0.23651538926760193,False
f0.5_cap2,19,0.23649260173495676,0.23651515973805667,False
f0.5_cap2,20,0.23649249895794305,0.23651497296865398,False
f0.5_cap2,21,0.23649375595160793,0.23651482086948356,False
f0.5_cap2,22,0.23649567867930535,0.2365146969214951,False
f0.5_cap2,23,0.2364978481286685,0.23651459585857232,False
f0.5_cap2,24,0.23650002069082815,0.2365145134179427,False
f0.5_cap2,25,0.23650206322155845,0.23651444614314657,False
f0.5_cap2,26,0.23650391092860276,0.23651439122749582,False
f0.5_cap2,27,0.23650554025330994,0.23651434638925728,False
f0.5_cap2,28,0.2365069515728444,0.2365143097716353,False
f0.5_cap2,29,0.23650815830838476,0.23651427986245152,False
f0.5_cap2,30,0.2365091801889601,0.23651425542934024,False
f0.5_cap2,31,0.2365100391917936,0.2365142354674475,False
f0.5_cap2,32,0.23651075718954467,0.2365142191570413,False
f0.5_cap2,33,0.23651135467210946,0.23651420582917823,False
f0.5_cap2,34,0.2365118501324682,0.2365141949377876,False
f0.5_cap2,35,0.23651225985239052,0.23651418603702154,False
f0.5_cap2,36,0.2365125979193733,0.23651417876274475,False
f0.5_cap2,37,0.23651287636891966,0.23651417281754308,False
f0.5_cap2,38,0.23651310538655693,0.23651416795843858,False
f0.5_cap2,39,0.23651329353031572,0.23651416398693995,False
f0.5_cap2,40,0.2365134479507852,0.23651416074085124,False
f0.5_cap2,41,0.23651357459660644,0.23651415808761928,False
f0.5_cap2,42,0.23651367839958087,0.23651415591895183,False
f0.5_cap2,43,0.23651376343729325,0.2365141541463365,False
f0.5_cap2,44,0.2365138330737289,0.23651415269741535,False
f0.5_cap2,45,0.2365138900793594,0.23651415151309327,False
f0.5_cap2,46,0.2365139367325628,0.23651415054502514,False
f0.5_cap2,47,0.23651397490498954,0.23651414975373816,False
f0.5_cap2,48,0.2365140061326791,0.23651414910693422,False
f0.5_cap2,49,0.23651403167534238,0.2365141485782258,False
f0.5_cap2,50,0.23651405256546093,0.2365141481460673,False
f0.5_cap2,51,0.23651406964880978,0.23651414779281724,False
f0.5_cap2,52,0.23651408361796397,0.2365141475040633,False
f0.5_cap2,53,0.23651409503988727,0.23651414726803288,False
f0.5_cap2,54,0.23651410437856557,0.236514147075102,False
f0.5_cap2,55,0.23651411201362313,0.23651414691739772,False
f0.5_cap2,56,0.23651411825562288,0.23651414678848431,False
f0.5_cap2,57,0.2365141233585901,0.23651414668311047,False
f0.5_cap2,58,0.23651412753027748,0.23651414659698028,False
f0.5_cap2,59,0.2365141309405825,0.23651414652658304,False
f0.5_cap2,60,0.2365141337283897,0.23651414646901678,False
f0.5_cap2,61,0.23651413600733354,0.23651414642197716,False
f0.5_cap2,62,0.23651413787026027,0.23651414638352208,False
f0.5_cap2,63,0.23651413939311,0.23651414635209714,False
f0.5_cap2,64,0.236514140637923,0.23651414632638185,False
f0.5_cap2,65,0.23651414165549475,0.23651414630537795,False
f0.5_cap2,66,0.23651414248729435,0.23651414628821343,False
f0.5_cap2,67,0.23651414316723424,0.2365141462741864,False
f0.5_cap2,68,0.23651414372303176,0.23651414626271547,False
f0.5_cap2,69,0.2365141441773485,0.2365141462533351,False
f0.5_cap2,70,0.23651414454871994,0.2365141462456686,False
f0.5_cap2,71,0.23651414485229055,0.23651414623940573,False
f0.5_cap2,72,0.23651414510043256,0.23651414623428527,False
f0.5_cap2,73,0.23651414530327092,0.23651414623009911,False
f0.5_cap2,74,0.23651414546907096,0.23651414622667638,False
f0.5_cap2,75,0.23651414560460116,0.23651414622387965,False
f0.5_cap2,76,0.2365141457153898,0.23651414622159794,False
f0.5_cap2,77,0.2365141458059421,0.2365141462197263,False
f0.5_cap2,78,0.2365141458799601,0.23651414621819294,False
f0.5_cap2,79,0.23651414594046952,0.23651414621694605,False
f0.5_cap2,80,0.23651414598992823,0.23651414621592465,False
f0.5_cap2,81,0.2365141460303737,0.23651414621510722,False
f0.5_cap2,82,0.23651414606340407,0.23651414621440578,False
f0.5_cap2,83,0.23651414609041047,0.23651414621384328,False
f0.5_cap2,84,0.2365141461124939,0.23651414621338876,False
f0.5_cap2,85,0.236514146130563,0.23651414621303615,False
f0.5_cap2,86,0.23651414614531197,0.23651414621272832,False
f0.5_cap2,87,0.2365141461573793,0.23651414621248507,False
f0.5_cap2,88,0.23651414616723085,0.2365141462122747,False
f0.5_cap2,89,0.23651414617527886,0.23651414621209763,False
f0.5_cap2,90,0.23651414618186872,0.23651414621196531,False
f0.5_cap2,91,0.23651414618725197,0.2365141462118534,False
f0.5_cap2,92,0.23651414619165104,0.23651414621175987,False
f0.5_cap2,93,0.23651414619524538,0.23651414621168412,False
f0.5_cap2,94,0.2365141461981965,0.23651414621163355,False
f0.5_cap2,95,0.2365141462006039,0.23651414621158923,False
f0.5_cap2,96,0.23651414620257183,0.2365141462115504,False
f0.5_cap2,97,0.23651414620417335,0.23651414621151123,False
f0.5_cap2,98,0.23651414620548514,0.23651414621148417,False
f0.5_cap2,99,0.23651414620653705,0.23651414621143996,False
f0.5_cap2,100,0.2365141462074292,0.23651414621143718,False
f0.5_cap2,101,0.23651414620814148,0.2365141462114185,False
f0.5_cap2,102,0.2365141462087359,0.23651414621141423,False
f0.5_cap2,103,0.23651414620922384,0.23651414621141145,False
f0.5_cap2,104,0.2365141462096019,0.23651414621139108,False
f0.5_cap2,105,0.2365141462099233,0.23651414621138653,False
f0.5_cap2,106,0.23651414621018158,0.2365141462113779,False
f0.5_cap2,107,0.2365141462103984,0.2365141462113748,False
f0.5_cap2,108,0.2365141462105725,0.2365141462113726,False
f0.5_cap2,109,0.23651414621071773,0.23651414621137035,False
f0.5_cap2,110,0.23651414621084066,0.23651414621137395,False
f0.5_cap2,111,0.2365141462109384,0.23651414621137465,False
f0.5_cap2,112,0.2365141462110125,0.23651414621136907,False
f0.5_cap2,113,0.2365141462110673,0.23651414621135833,False
f0.5_cap2,114,0.23651414621113082,0.23651414621136985,False
f0.5_cap2,115,0.23651414621116595,0.23651414621135908,False
f0.5_cap2,116,0.23651414621119365,0.23651414621135258,False
f0.5_cap2,117,0.23651414621123212,0.23651414621136263,False
f0.5_cap2,118,0.2365141462112696,0.23651414621137676,False
f0.5_cap2,119,0.23651414621127717,0.23651414621136366,False
f0.5_cap2,120,0.23651414621128763,0.23651414621135874,False
f0.5_cap2,121,0.23651414621129827,0.23651414621135636,False
f0.5_cap2,122,0.23651414621130365,0.23651414621135164,False
f0.5_cap2,123,0.23651414621132658,0.23651414621136624,False
f0.5_cap2,124,0.23651414621132416,0.23651414621135694,False
f0.5_cap2,125,0.2365141462113343,0.23651414621135877,False
f0.5_cap2,126,0.2365141462113407,0.23651414621136246,False
f0.5_cap2,127,0.23651414621133374,0.23651414621135222,False
f0.5_cap2,128,0.23651414621134476,0.23651414621135952,False
f0.5_cap2,129,0.23651414621134215,0.23651414621135441,False
f0.5_cap2,130,0.23651414621134295,0.23651414621135175,False
f0.5_cap2,131,0.2365141462113553,0.2365141462113636,False
f0.5_cap2,132,0.2365141462113497,0.23651414621135602,False
f0.5_cap2,133,0.23651414621134156,0.23651414621134725,False
f0.5_cap2,134,0.23651414621135355,0.23651414621135755,False
f0.5_cap2,135,0.23651414621136232,0.23651414621136502,False
f0.5_cap2,136,0.23651414621136138,0.23651414621136405,False
f0.5_cap2,137,0.2365141462113568,0.23651414621135947,False
f0.5_cap2,138,0.23651414621134878,0.2365141462113499,False
f0.5_cap2,139,0.23651414621135639,0.2365141462113575,False
f0.5_cap2,140,0.2365141462113581,0.23651414621135883,False
f0.5_cap2,141,0.23651414621136563,0.23651414621136696,False
f0.5_cap2,142,0.23651414621135974,0.2365141462113606,False
f0.5_cap2,143,0.23651414621135544,0.23651414621135614,False
f0.5_cap2,144,0.23651414621135095,0.23651414621135142,False
f0.5_cap2,145,0.23651414621135222,0.2365141462113535,False
f0.5_cap2,146,0.2365141462113607,0.23651414621136094,False
f0.5_cap2,147,0.23651414621135036,0.2365141462113497,False
f0.5_cap2,148,0.23651414621135416,0.23651414621135458,False
f0.5_cap2,149,0.23651414621136357,0.23651414621136377,False
f0.5_cap2,150,0.23651414621136632,0.23651414621136757,False
f0.5_cap2,151,0.23651414621135958,0.2365141462113592,False
f0.5_cap2,152,0.2365141462113778,0.2365141462113767,False
f0.5_cap2,153,0.23651414621137198,0.23651414621137218,False
f0.5_cap2,154,0.23651414621135736,0.2365141462113567,False
f0.5_cap2,155,0.23651414621136277,0.23651414621136277,False
f0.5_cap2,156,0.2365141462113685,0.23651414621136976,False
f0.5_cap2,157,0.23651414621135974,0.23651414621135994,False
f0.5_cap2,158,0.2365141462113549,0.23651414621135508,False
f0.5_cap2,159,0.2365141462113634,0.23651414621136388,False
f0.5_cap2,160,0.2365141462113603,0.2365141462113605,False
f0.5_cap2,161,0.23651414621135294,0.2365141462113538,False
f0.5_cap2,162,0.23651414621137,0.23651414621137043,False
f0.5_cap2,163,0.23651414621133873,0.23651414621133854,False
f0.5_cap2,164,0.2365141462113543,0.2365141462113543,False
f0.5_cap2,165,0.23651414621136452,0.23651414621136452,False
f0.5_cap2,166,0.23651414621136732,0.2365141462113677,False
f0.5_cap2,167,0.23651414621136546,0.23651414621136546,False
f0.5_cap2,168,0.23651414621136008,0.23651414621136094,False
f0.5_cap2,169,0.2365141462113587,0.2365141462113587,False
f0.5_cap2,170,0.23651414621136418,0.23651414621136418,False
f0.5_cap2,171,0.23651414621134317,0.23651414621134317,False
f0.5_cap2,172,0.2365141462113502,0.2365141462113502,False
f0.5_cap2,173,0.2365141462113597,0.2365141462113597,False
f0.5_cap2,174,0.23651414621137476,0.23651414621137476,False
f0.5_cap2,175,0.2365141462113697,0.2365141462113697,False
f0.5_cap2,176,0.2365141462113839,0.2365141462113839,False
f0.5_cap2,177,0.23651414621137248,0.23651414621137248,False
f0.5_cap2,178,0.23651414621135566,0.23651414621135566,False
f0.5_cap2,179,0.2365141462113544,0.2365141462113544,False
f0.5_cap2,180,0.23651414621136269,0.23651414621136269,False
f0.5_cap2,181,0.23651414621135666,0.23651414621135666,False
f0.5_cap2,182,0.23651414621136368,0.23651414621136368,False
f0.5_cap2,183,0.23651414621137207,0.23651414621137207,False
f0.5_cap2,184,0.23651414621136255,0.23651414621136255,False
f0.5_cap2,185,0.23651414621135847,0.23651414621135847,False
f0.5_cap2,186,0.2365141462113591,0.2365141462113591,False
f0.5_cap2,187,0.23651414621137798,0.23651414621137798,False
f0.5_cap2,188,0.23651414621135097,0.23651414621135097,False
f0.5_cap2,189,0.23651414621135683,0.23651414621135683,False
f0.5_cap2,190,0.23651414621135697,0.23651414621135697,False
f0.5_cap2,191,0.23651414621136763,0.23651414621136763,False
f0.5_cap2,192,0.23651414621137218,0.23651414621137218,False
f0.5_cap2,193,0.23651414621137506,0.23651414621137506,False
f0.5_cap2,194,0.23651414621135006,0.23651414621135006,False
f0.5_cap2,195,0.23651414621134398,0.23651414621134398,False
f0.5_cap2,196,0.23651414621135636,0.23651414621135636,False
f0.5_cap2,197,0.23651414621135522,0.23651414621135522,False
f0.5_cap2,198,0.2365141462113863,0.2365141462113863,False
f0.5_cap2,199,0.2365141462113498,0.2365141462113498,False
f0.5_cap20,0,0.8697666611350113,0.2196765797010585,True
f0.5_cap20,1,0.6393665421361985,0.21967656571829208,True
f0.5_cap20,2,0.5413845154287289,0.21967655196599248,True
f0.5_cap20,3,0.483346781045329,0.21967653844034774,False
f0.5_cap20,4,0.4438682717237812,0.21967652513761218,False
f0.5_cap20,5,0.4148301270125409,0.2196765120540968,False
f0.5_cap20,6,0.3923606574282229,0.21967649918617888,False
f0.5_cap20,7,0.3743429105744747,0.21967648653029362,False
f0.5_cap20,8,0.3595072099372453,0.21967647408293675,False
f0.5_cap20,9,0.3470391426182552,0.2196764618406568,False
f0.5_cap20,10,0.33638889098486835,0.21967644980006706,False
f0.5_cap20,11,0.3271699783473632,0.21967643795783626,False
f0.5_cap20,12,0.31910171255359954,0.21967642631068596,False
f0.5_cap20,13,0.31197463997346575,0.21967641485539285,False
f0.5_cap20,14,0.30562886541416034,0.21967640358878587,False
f0.5_cap20,15,0.29993993005321135,0.21967639250774912,False
f0.5_cap20,16,0.29480931710724007,0.2196763816092189,False
f0.5_cap20,17,0.29015789283214644,0.2196763708901764,False
f0.5_cap20,18,0.28592126694281517,0.21967636034766425,False
f0.5_cap20,19,0.28204644192118283,0.21967634997875843,False
f0.5_cap20,20,0.27848934827931876,0.21967633978060275,False
f0.5_cap20,21,0.27521300157080636,0.21967632975036847,False
f0.5_cap20,22,0.27218610389596853,0.21967631988528816,False
f0.5_cap20,23,0.26938196851892804,0.2196763101826362,False
f0.5_cap20,24,0.26677768292682585,0.21967630063972873,False
f0.5_cap20,25,0.2643534502740001,0.219676291253932,False
f0.5_cap20,26,0.2620920659588085,0.2196762820226508,False
f0.5_cap20,27,0.2599784977471258,0.21967627294333872,False
f0.5_cap20,28,0.25799954607979997,0.2196762640134828,False
f0.5_cap20,29,0.25614356707951647,0.2196762552306228,False
f0.5_cap20,30,0.2544002450284923,0.21967624659232818,False
f0.5_cap20,31,0.25276040420752915,0.21967623809622125,False
f0.5_cap20,32,0.2512158522974816,0.21967622973994747,False
f0.5_cap20,33,0.2497592492744188,0.21967622152121197,False
f0.5_cap20,34,0.24838399703691516,0.21967621343773042,False
f0.5_cap20,35,0.24708414600149797,0.21967620548728264,False
f0.5_cap20,36,0.2458543156687927,0.21967619766767477,False
f0.5_cap20,37,0.2446896267578346,0.2196761899767535,False
f0.5_cap20,38,0.24358564297004068,0.21967618241238135,False
f0.5_cap20,39,0.24253832080986676,0.2196761749724842,False
f0.5_cap20,40,0.24154396617793894,0.21967616765501333,False
f0.5_cap20,41,0.2405991966831453,0.21967616045793417,False
f0.5_cap20,42,0.23970090880471426,0.2196761533792765,False
f0.5_cap20,43,0.23884624918392625,0.21967614641709132,False
f0.5_cap20,44,0.23803258944597064,0.21967613956944165,False
f0.5_cap20,45,0.23725750405053037,0.21967613283445198,False
f0.5_cap20,46,0.23651875074993897,0.21967612621026336,False
f0.5_cap20,47,0.23581425330008024,0.2196761196950566,False
f0.5_cap20,48,0.23514208612352858,0.21967611328701883,False
f0.5_cap20,49,0.23450046066995783,0.21967610698439513,False
f0.5_cap20,50,0.2338877132561565,0.21967610078545266,False
f0.5_cap20,51,0.23330229419989557,0.21967609468848193,False
f0.5_cap20,52,0.2327427580880137,0.21967608869178937,False
f0.5_cap20,53,0.2322077550415816,0.21967608279373488,False
f0.5_cap20,54,0.23169602285950514,0.2196760769926942,False
f0.5_cap20,55,0.23120637993821516,0.21967607128707278,False
f0.5_cap20,56,0.23073771887834793,0.21967606567527953,False
f0.5_cap20,57,0.23028900070112512,0.21967606015578642,False
f0.5_cap20,58,0.2298592496067302,0.21967605472707014,False
f0.5_cap20,59,0.22944754821578134,0.21967604938764118,False
f0.5_cap20,60,0.22905303324204085,0.21967604413601063,False
f0.5_cap20,61,0.22867489155101467,0.2196760389707483,False
f0.5_cap20,62,0.2283123565642365,0.21967603389042928,False
f0.5_cap20,63,0.2279647049740659,0.21967602889365953,False
f0.5_cap20,64,0.22763125373770182,0.21967602397904376,False
f0.5_cap20,65,0.22731135732285176,0.2196760191452495,False
f0.5_cap20,66,0.22700440518031023,0.21967601439093998,False
f0.5_cap20,67,0.2267098194218566,0.2196760097148125,False
f0.5_cap20,68,0.22642705268385344,0.21967600511556643,False
f0.5_cap20,69,0.22615558615930945,0.2196760005919373,False
f0.5_cap20,70,0.225894927782854,0.2196759961426923,False
f0.5_cap20,71,0.22564461055467347,0.2196759917665993,False
f0.5_cap20,72,0.22540419099111822,0.2196759874624583,False
f0.5_cap20,73,0.22517324769065528,0.21967598322908194,False
f0.5_cap20,74,0.22495138000518963,0.21967597906530706,False
f0.5_cap20,75,0.22473820680765186,0.21967597496999106,False
f0.5_cap20,76,0.22453336534770565,0.21967597094199695,False
f0.5_cap20,77,0.22433651018820197,0.21967596698021694,False
f0.5_cap20,78,0.22414731221569328,0.2196759630835731,False
f0.5_cap20,79,0.2239654577188954,0.2196759592509887,False
f0.5_cap20,80,0.2237906475297514,0.2196759554814101,False
f0.5_cap20,81,0.2236225962220163,0.2196759517738127,False
f0.5_cap20,82,0.2234610313627743,0.21967594812713306,False
f0.5_cap20,83,0.2233056928130815,0.21967594454041411,False
f0.5_cap20,84,0.22315633207345606,0.2196759410126539,False
f0.5_cap20,85,0.22301271167130068,0.21967593754288234,False
f0.5_cap20,86,0.22287460458683492,0.21967593413014336,False
f0.5_cap20,87,0.2227417937147874,0.219675930773512,False
f0.5_cap20,88,0.22261407135913766,0.21967592747204406,False
f0.5_cap20,89,0.22249123875868496,0.2196759242248371,False
f0.5_cap20,90,0.22237310564103488,0.219675921031008,False
f0.5_cap20,91,0.22225948980312363,0.21967591788967453,False
f0.5_cap20,92,0.22215021671638513,0.21967591479997403,False
f0.5_cap20,93,0.22204511915485403,0.21967591176105433,False
f0.5_cap20,94,0.2219440368446451,0.21967590877208737,False
f0.5_cap20,95,0.2218468161333277,0.21967590583224184,False
f0.5_cap20,96,0.2217533096779174,0.21967590294071324,False
f0.5_cap20,97,0.2216633761502032,0.2196759000966986,False
f0.5_cap20,98,0.22157687995832862,0.21967589729943351,False
f0.5_cap20,99,0.2214936909834515,0.21967589454814093,False
f0.5_cap20,100,0.22141368433069133,0.21967589184206385,False
f0.5_cap20,101,0.22133674009332602,0.21967588918045775,False
f0.5_cap20,102,0.22126274312944055,0.21967588656259554,False
f0.5_cap20,103,0.221191582850264,0.21967588398776064,False
f0.5_cap20,104,0.22112315301945287,0.21967588145523192,False
f0.5_cap20,105,0.22105735156270928,0.21967587896431703,False
f0.5_cap20,106,0.2209940803870362,0.21967587651434214,False
f0.5_cap20,107,0.22093324520907595,0.2196758741046287,False
f0.5_cap20,108,0.22087475539203713,0.21967587173451356,False
f0.5_cap20,109,0.22081852379066913,0.21967586940334663,False
f0.5_cap20,110,0.22076446660381405,0.219675867110492,False
f0.5_cap20,111,0.22071250323411057,0.21967586485531265,False
f0.5_cap20,112,0.22066255615446823,0.21967586263718888,False
f0.5_cap20,113,0.22061455078087572,0.21967586045550622,False
f0.5_cap20,114,0.2205684153512612,0.21967585830968095,False
f0.5_cap20,115,0.22052408080996833,0.21967585619911656,False
f0.5_cap20,116,0.22048148069766457,0.21967585412323007,False
f0.5_cap20,117,0.22044055104629054,0.2196758520814558,False
f0.5_cap20,118,0.2204012302788299,0.21967585007323132,False
f0.5_cap20,119,0.2203634591136121,0.21967584809800964,False
f0.5_cap20,120,0.22032718047293082,0.2196758461552364,False
f0.5_cap20,121,0.22029233939575746,0.21967584424438044,False
f0.5_cap20,122,0.22025888295432147,0.2196758423649249,False
f0.5_cap20,123,0.22022676017433704,0.2196758405163529,False
f0.5_cap20,124,0.2201959219587447,0.21967583869815308,False
f0.5_cap20,125,0.22016632101476533,0.21967583690982834,False
f0.5_cap20,126,0.22013791178407957,0.2196758351508942,False
f0.5_cap20,127,0.2201106503759834,0.21967583342085167,False
f0.5_cap20,128,0.22008449450344542,0.21967583171922608,False
f0.5_cap20,129,0.22005940342181873,0.21967583004556387,False
f0.5_cap20,130,0.22003533787010263,0.21967582839940397,False
f0.5_cap20,131,0.22001226001471128,0.2196758267802874,False
f0.5_cap20,132,0.21999013339553428,0.21967582518777473,False
f0.5_cap20,133,0.2199689228742446,0.2196758236214285,False
f0.5_cap20,134,0.2199485945846913,0.21967582208081515,False
f0.5_cap20,135,0.21992911588534883,0.2196758205655099,False
f0.5_cap20,136,0.21991045531367412,0.21967581907510358,False
f0.5_cap20,137,0.21989258254229083,0.21967581760917662,False
f0.5_cap20,138,0.21987546833695618,0.21967581616733287,False
f0.5_cap20,139,0.21985908451618466,0.21967581474918152,False
f0.5_cap20,140,0.2198434039124596,0.21967581335432734,False
f0.5_cap20,141,0.21982840033500692,0.2196758119823915,False
f0.5_cap20,142,0.2198140485340075,0.21967581063299343,False
f0.5_cap20,143,0.21980032416621395,0.21967580930576439,False
f0.5_cap20,144,0.2197872037618983,0.2196758080003379,False
f0.5_cap20,145,0.21977466469309895,0.21967580671635986,False
f0.5_cap20,146,0.21976268514305888,0.21967580545347257,False
f0.5_cap20,147,0.21975124407686686,0.21967580421133456,False
f0.5_cap20,148,0.21974032121320047,0.21967580298960235,False
f0.5_cap20,149,0.21972989699716516,0.21967580178794588,False
f0.5_cap20,150,0.21971995257411583,0.21967580060602485,False
f0.5_cap20,151,0.21971046976454717,0.2196757994435186,False
f0.5_cap20,152,0.219701431039849,0.21967579830011222,False
f0.5_cap20,153,0.21969281949901262,0.2196757971754854,False
f0.5_cap20,154,0.21968461884619803,0.21967579606933008,False
f0.5_cap20,155,0.21967681336914166,0.2196757949813528,False
f0.5_cap20,156,0.2196693879183441,0.2196757939112456,False
f0.5_cap20,157,0.2196623278870499,0.21967579285872,False
f0.5_cap20,158,0.21965561919196183,0.2196757918234837,False
f0.5_cap20,159,0.21964924825465587,0.21967579080525382,False
f0.5_cap20,160,0.21964320198367382,0.21967578980374938,False
f0.5_cap20,161,0.21963746775729173,0.21967578881869626,False
f0.5_cap20,162,0.2196320334068888,0.21967578784982647,False
f0.5_cap20,163,0.21962688720093212,0.2196757868968694,False
f0.5_cap20,164,0.21962201782956473,0.2196757859595694,False
f0.5_cap20,165,0.21961741438968665,0.2196757850376623,False
f0.5_cap20,166,0.2196130663706688,0.21967578413090505,False
f0.5_cap20,167,0.21960896364047305,0.21967578323903708,False
f0.5_cap20,168,0.21960509643237514,0.21967578236182314,False
f0.5_cap20,169,0.21960145533207587,0.21967578149901648,False
f0.5_cap20,170,0.21959803126533792,0.2196757806503833,False
f0.5_cap20,171,0.21959481548601825,0.21967577981569272,False
f0.5_cap20,172,0.2195917995645445,0.21967577899470844,False
f0.5_cap20,173,0.21958897537682567,0.2196757781872201,False
f0.5_cap20,174,0.21958633509348593,0.21967577739298805,False
f0.5_cap20,175,0.21958387116956982,0.21967577661180102,False
f0.5_cap20,176,0.2195815763345512,0.21967577584344913,False
f0.5_cap20,177,0.21957944358268774,0.21967577508770847,False
f0.5_cap20,178,0.21957746616378349,0.21967577434438604,False
f0.5_cap20,179,0.21957563757419113,0.2196757736132795,False
f0.5_cap20,180,0.21957395154817202,0.21967577289417506,False
f0.5_cap20,181,0.21957240204959555,0.21967577218688922,False
f0.5_cap20,182,0.21957098326383126,0.21967577149121542,False
f0.5_cap20,183,0.21956968959004505,0.21967577080697537,False
f0.5_cap20,184,0.21956851563365315,0.21967577013396505,False
f0.5_cap20,185,0.21956745619913456,0.21967576947201636,False
f0.5_cap20,186,0.21956650628301336,0.21967576882093867,False
f0.5_cap20,187,0.21956566106714065,0.21967576818055365,False
f0.5_cap20,188,0.21956491591219707,0.21967576755069346,False
f0.5_cap20,189,0.21956426635140128,0.21967576693118007,False
f0.5_cap20,190,0.21956370808444797,0.2196757663218343,False
f0.5_cap20,191,0.21956323697169466,0.2196757657224997,False
f0.5_cap20,192,0.21956284902848272,0.21967576513301212,False
f0.5_cap20,193,0.21956254041968737,0.2196757645532032,False
f0.5_cap20,194,0.21956230745447922,0.2196757639829111,False
f0.5_cap20,195,0.219562146581251,0.21967576342199535,False
f0.5_cap20,196,0.2195620543826684,0.21967576287028945,False
f0.5_cap20,197,0.21956202757099136,0.21967576232764724,False
f0.5_cap20,198,0.21956206298347145,0.2196757617939211,False
f0.5_cap20,199,0.21956215757794567,0.21967576126895602,False
f0.75_cap0.5,0,1.5397463502609565,1.1698181144804416,False
f0.75_cap0.5,1,1.4688261726243355,1.4688261726238216,False
f0.75_cap0.5,2,1.4688261726245622,1.4688261726245622,False
f0.75_cap0.5,3,1.468826172624572,1.468826172624572,False
f0.75_cap0.5,4,1.468826172624466,1.468826172624466,False
f0.75_cap0.5,5,1.4688261726247545,1.4688261726247545,False
f0.75_cap0.5,6,1.4688261726245777,1.4688261726245777,False
f0.75_cap0.5,7,1.4688261726246081,1.4688261726246081,False
f0.75_cap0.5,8,1.468826172625377,1.468826172625377,False
f0.75_cap0.5,9,1.4688261726248841,1.4688261726248841,False
f0.75_cap0.5,10,1.4688261726249188,1.4688261726249188,False
f0.75_cap0.5,11,1.468826172624786,1.468826172624786,False
f0.75_cap0.5,12,1.4688261726239522,1.4688261726239522,False
f0.75_cap0.5,13,1.46882617262432,1.46882617262432,False
f0.75_cap0.5,14,1.4688261726249812,1.4688261726249812,False
f0.75_cap0.5,15,1.4688261726244807,1.4688261726244807,False
f0.75_cap0.5,16,1.468826172625121,1.468826172625121,False
f0.75_cap0.5,17,1.468826172624668,1.468826172624668,False
f0.75_cap0.5,18,1.4688261726245884,1.4688261726245884,False
f0.75_cap0.5,19,1.4688261726241878,1.4688261726241878,False
f0.75_cap0.5,20,1.4688261726243326,1.4688261726243326,False
f0.75_cap0.5,21,1.468826172624864,1.468826172624864,False
f0.75_cap0.5,22,1.4688261726243022,1.4688261726243022,False
f0.75_cap0.5,23,1.468826172625468,1.468826172625468,False
f0.75_cap0.5,24,1.4688261726244196,1.4688261726244196,False
f0.75_cap0.5,25,1.4688261726247211,1.4688261726247211,False
f0.75_cap0.5,26,1.4688261726242273,1.4688261726242273,False
f0.75_cap0.5,27,1.4688261726244538,1.4688261726244538,False
f0.75_cap0.5,28,1.4688261726242773,1.4688261726242773,False
f0.75_cap0.5,29,1.4688261726247356,1.4688261726247356,False
f0.75_cap0.5,30,1.4688261726246425,1.4688261726246425,False
f0.75_cap0.5,31,1.4688261726238814,1.4688261726238814,False
f0.75_cap0.5,32,1.4688261726244665,1.4688261726244665,False
f0.75_cap0.5,33,1.468826172624358,1.468826172624358,False
f0.75_cap0.5,34,1.4688261726246978,1.4688261726246978,False
f0.75_cap0.5,35,1.4688261726244884,1.4688261726244884,False
f0.75_cap0.5,36,1.4688261726244594,1.4688261726244594,False
f0.75_cap0.5,37,1.4688261726237954,1.4688261726237954,False
f0.75_cap0.5,38,1.4688261726245948,1.4688261726245948,False
f0.75_cap0.5,39,1.4688261726244858,1.4688261726244858,False
f0.75_cap0.5,40,1.4688261726246117,1.4688261726246117,False
f0.75_cap0.5,41,1.4688261726250094,1.4688261726250094,False
f0.75_cap0.5,42,1.4688261726244372,1.4688261726244372,False
f0.75_cap0.5,43,1.4688261726246996,1.4688261726246996,False
f0.75_cap0.5,44,1.468826172624952,1.468826172624952,False
f0.75_cap0.5,45,1.4688261726244443,1.4688261726244443,False
f0.75_cap0.5,46,1.4688261726247913,1.4688261726247913,False
f0.75_cap0.5,47,1.468826172625222,1.468826172625222,False
f0.75_cap0.5,48,1.4688261726243932,1.4688261726243932,False
f0.75_cap0.5,49,1.4688261726244851,1.4688261726244851,False
f0.75_cap0.5,50,1.4688261726250937,1.4688261726250937,False
f0.75_cap0.5,51,1.4688261726243963,1.4688261726243963,False
f0.75_cap0.5,52,1.4688261726245504,1.4688261726245504,False
f0.75_cap0.5,53,1.4688261726245273,1.4688261726245273,False
f0.75_cap0.5,54,1.4688261726241465,1.4688261726241465,False
f0.75_cap0.5,55,1.4688261726248797,1.4688261726248797,False
f0.75_cap0.5,56,1.46882617262465,1.46882617262465,False
f0.75_cap0.5,57,1.468826172624536,1.468826172624536,False
f0.75_cap0.5,58,1.4688261726247256,1.4688261726247256,False
f0.75_cap0.5,59,1.468826172625253,1.468826172625253,False
f0.75_cap0.5,60,1.4688261726243979,1.4688261726243979,False
f0.75_cap0.5,61,1.4688261726249259,1.4688261726249259,False
f0.75_cap0.5,62,1.4688261726247653,1.4688261726247653,False
f0.75_cap0.5,63,1.4688261726241543,1.4688261726241543,False
f0.75_cap0.5,64,1.4688261726249703,1.4688261726249703,False
f0.75_cap0.5,65,1.4688261726251355,1.4688261726251355,False
f0.75_cap0.5,66,1.4688261726244964,1.4688261726244964,False
f0.75_cap0.5,67,1.4688261726251204,1.4688261726251204,False
f0.75_cap0.5,68,1.4688261726251144,1.4688261726251144,False
f0.75_cap0.5,69,1.468826172624247,1.468826172624247,False
f0.75_cap0.5,70,1.468826172624756,1.468826172624756,False
f0.75_cap0.5,71,1.4688261726245173,1.4688261726245173,False
f0.75_cap0.5,72,1.468826172614802,1.468826172614802,False
f0.75_cap0.5,73,1.4688261726243905,1.4688261726243905,False
f0.75_cap0.5,74,1.4688261726251235,1.4688261726251235,False
f0.75_cap0.5,75,1.4688261726244738,1.4688261726244738,False
f0.75_cap0.5,76,1.468826172624491,1.468826172624491,False
f0.75_cap0.5,77,1.4688261726245562,1.4688261726245562,False
f0.75_cap0.5,78,1.4688261726243221,1.4688261726243221,False
f0.75_cap0.5,79,1.46882617262439,1.46882617262439,False
f0.75_cap0.5,80,1.4688261726243472,1.4688261726243472,False
f0.75_cap0.5,81,1.4688261726251477,1.4688261726251477,False
f0.75_cap0.5,82,1.4688261726244087,1.4688261726244087,False
f0.75_cap0.5,83,1.4688261726246155,1.4688261726246155,False
f0.75_cap0.5,84,1.4688261726246337,1.4688261726246337,False
f0.75_cap0.5,85,1.4688261726247291,1.4688261726247291,False
f0.75_cap0.5,86,1.468826172624974,1.468826172624974,False
f0.75_cap0.5,87,1.4688261726249279,1.4688261726249279,False
f0.75_cap0.5,88,1.4688261726245848,1.4688261726245848,False
f0.75_cap0.5,89,1.4688261726246112,1.4688261726246112,False
f0.75_cap0.5,90,1.4688261726245184,1.4688261726245184,False
f0.75_cap0.5,91,1.4688261726245966,1.4688261726245966,False
f0.75_cap0.5,92,1.468826172625859,1.468826172625859,False
f0.75_cap0.5,93,1.46882617262337,1.46882617262337,False
f0.75_cap0.5,94,1.4688261726245246,1.4688261726245246,False
f0.75_cap0.5,95,1.468826172624856,1.468826172624856,False
f0.75_cap0.5,96,1.4688261726242182,1.4688261726242182,False
f0.75_cap0.5,97,1.4688261726245448,1.4688261726245448,False
f0.75_cap0.5,98,1.4688261726246337,1.4688261726246337,False
f0.75_cap0.5,99,1.4688261726244736,1.4688261726244736,False
f0.75_cap0.5,100,1.4688261726243539,1.4688261726243539,False
f0.75_cap0.5,101,1.468826172624372,1.468826172624372,False
f0.75_cap0.5,102,1.4688261726243281,1.4688261726243281,False
f0.75_cap0.5,103,1.4688261726244576,1.4688261726244576,False
f0.75_cap0.5,104,1.468826172624709,1.468826172624709,False
f0.75_cap0.5,105,1.4688261726239191,1.4688261726239191,False
f0.75_cap0.5,106,1.4688261726240504,1.4688261726240504,False
f0.75_cap0.5,107,1.4688261726249263,1.4688261726249263,False
f0.75_cap0.5,108,1.4688261726243517,1.4688261726243517,False
f0.75_cap0.5,109,1.4688261726249852,1.4688261726249852,False
f0.75_cap0.5,110,1.468826172624879,1.468826172624879,False
f0.75_cap0.5,111,1.468826172624738,1.468826172624738,False
f0.75_cap0.5,112,1.4688261726247158,1.4688261726247158,False
f0.75_cap0.5,113,1.4688261726243255,1.4688261726243255,False
f0.75_cap0.5,114,1.4688261726241854,1.4688261726241854,False
f0.75_cap0.5,115,1.468826172624878,1.468826172624878,False
f0.75_cap0.5,116,1.4688261725773593,1.4688261725773593,False
f0.75_cap0.5,117,1.4688261726241967,1.4688261726241967,False
f0.75_cap0.5,118,1.4688261726242688,1.4688261726242688,False
f0.75_cap0.5,119,1.4688261726247331,1.4688261726247331,False
f0.75_cap0.5,120,1.4688261726240293,1.4688261726240293,False
f0.75_cap0.5,121,1.468826172624449,1.468826172624449,False
f0.75_cap0.5,122,1.4688261726242604,1.4688261726242604,False
f0.75_cap0.5,123,1.4688261726243996,1.4688261726243996,False
f0.75_cap0.5,124,1.4688261726244867,1.4688261726244867,False
f0.75_cap0.5,125,1.4688261726247158,1.4688261726247158,False
f0.75_cap0.5,126,1.46882617262451,1.46882617262451,False
f0.75_cap0.5,127,1.4688261726256167,1.4688261726256167,False
f0.75_cap0.5,128,1.468826172624309,1.468826172624309,False
f0.75_cap0.5,129,1.4688261726239882,1.4688261726239882,False
f0.75_cap0.5,130,1.4688261726250242,1.4688261726250242,False
f0.75_cap0.5,131,1.468826172624465,1.468826172624465,False
f0.75_cap0.5,132,1.4688261726240939,1.4688261726240939,False
f0.75_cap0.5,133,1.468826172624864,1.468826172624864,False
f0.75_cap0.5,134,1.4688261726250296,1.4688261726250296,False
f0.75_cap0.5,135,1.4688261726239997,1.4688261726239997,False
f0.75_cap0.5,136,1.468826172624938,1.468826172624938,False
f0.75_cap0.5,137,1.4688261726244678,1.4688261726244678,False
f0.75_cap0.5,138,1.4688261726242695,1.4688261726242695,False
f0.75_cap0.5,139,1.4688261726243266,1.4688261726243266,False
f0.75_cap0.5,140,1.4688261726249685,1.4688261726249685,False
f0.75_cap0.5,141,1.4688261726241654,1.4688261726241654,False
f0.75_cap0.5,142,1.4688261726247243,1.4688261726247243,False
f0.75_cap0.5,143,1.4688261726247513,1.4688261726247513,False
f0.75_cap0.5,144,1.4688261726242382,1.4688261726242382,False
f0.75_cap0.5,145,1.4688261726248872,1.4688261726248872,False
f0.75_cap0.5,146,1.4688261726251635,1.4688261726251635,False
f0.75_cap0.5,147,1.4688261726242882,1.4688261726242882,False
f0.75_cap0.5,148,1.4688261726245213,1.4688261726245213,False
f0.75_cap0.5,149,1.468826172624434,1.468826172624434,False
f0.75_cap0.5,150,1.4688261726240994,1.4688261726240994,False
f0.75_cap0.5,151,1.468826172625044,1.468826172625044,False
f0.75_cap0.5,152,1.468826172624957,1.468826172624957,False
f0.75_cap0.5,153,1.4688261726240754,1.4688261726240754,False
f0.75_cap0.5,154,1.4688261726249365,1.4688261726249365,False
f0.75_cap0.5,155,1.4688261726245653,1.4688261726245653,False
f0.75_cap0.5,156,1.4688261726243361,1.4688261726243361,False
f0.75_cap0.5,157,1.4688261726244776,1.4688261726244776,False
f0.75_cap0.5,158,1.4688261726246037,1.4688261726246037,False
f0.75_cap0.5,159,1.4688261726254168,1.4688261726254168,False
f0.75_cap0.5,160,1.4688261726248766,1.4688261726248766,False
f0.75_cap0.5,161,1.4688261726244298,1.4688261726244298,False
f0.75_cap0.5,162,1.4688261726244953,1.4688261726244953,False
f0.75_cap0.5,163,1.4688261726244887,1.4688261726244887,False
f0.75_cap0.5,164,1.4688261726245124,1.4688261726245124,False
f0.75_cap0.5,165,1.4688261726244947,1.4688261726244947,False
f0.75_cap0.5,166,1.468826172624504,1.468826172624504,False
f0.75_cap0.5,167,1.468826172624267,1.468826172624267,False
f0.75_cap0.5,168,1.4688261726242904,1.4688261726242904,False
f0.75_cap0.5,169,1.4688261726248737,1.4688261726248737,False
f0.75_cap0.5,170,1.4688261726253544,1.4688261726253544,False
f0.75_cap0.5,171,1.4688261726241214,1.4688261726241214,False
f0.75_cap0.5,172,1.4688261726250877,1.4688261726250877,False
f0.75_cap0.5,173,1.4688261726245566,1.4688261726245566,False
f0.75_cap0.5,174,1.468826172624499,1.468826172624499,False
f0.75_cap0.5,175,1.4688261726243912,1.4688261726243912,False
f0.75_cap0.5,176,1.468826172624726,1.468826172624726,False
f0.75_cap0.5,177,1.4688261726245593,1.4688261726245593,False
f0.75_cap0.5,178,1.4688261726252323,1.4688261726252323,False
f0.75_cap0.5,179,1.4688261726241711,1.4688261726241711,False
f0.75_cap0.5,180,1.4688261726250686,1.4688261726250686,False
f0.75_cap0.5,181,1.4688261725788978,1.4688261725788978,False
f0.75_cap0.5,182,1.4688261726246783,1.4688261726246783,False
f0.75_cap0.5,183,1.468826172624771,1.468826172624771,False
f0.75_cap0.5,184,1.468826172624579,1.468826172624579,False
f0.75_cap0.5,185,1.468826172624854,1.468826172624854,False
f0.75_cap0.5,186,1.4688261726246667,1.4688261726246667,False
f0.75_cap0.5,187,1.4688261726243959,1.4688261726243959,False
f0.75_cap0.5,188,1.4688261726245129,1.4688261726245129,False
f0.75_cap0.5,189,1.4688261726242269,1.4688261726242269,False
f0.75_cap0.5,190,1.4688261726247802,1.4688261726247802,False
f0.75_cap0.5,191,1.4688261726238143,1.4688261726238143,False
f0.75_cap0.5,192,1.468826172624454,1.468826172624454,False
f0.75_cap0.5,193,1.468826172625276,1.468826172625276,False
f0.75_cap0.5,194,1.468826172624666,1.468826172624666,False
f0.75_cap0.5,195,1.4688261726242582,1.4688261726242582,False
f0.75_cap0.5,196,1.4688261726246215,1.4688261726246215,False
f0.75_cap0.5,197,1.4688261726252172,1.4688261726252172,False
f0.75_cap0.5,198,1.4688261726241685,1.4688261726241685,False
f0.75_cap0.5,199,1.4688261726241125,1.4688261726241125,False
f0.75_cap2,0,0.814302259170976,0.2365847120503671,True
f0.75_cap2,1,0.3089021413876825,0.2365681903108778,False
f0.75_cap2,2,0.27230183054131313,0.23655589189544632,False
f0.75_cap2,3,0.25691096514610196,0.23654664536618905,False
f0.75_cap2,4,0.2488234585355281,0.2365396259935757,False
f0.75_cap2,5,0.24414976000980346,0.23653424837164216,False
f0.75_cap2,6,0.24131274822559448,0.23653009327890154,False
f0.75_cap2,7,0.23954300890625743,0.23652685766476114,False
f0.75_cap2,8,0.23842224189258693,0.23652432029390505,False
f0.75_cap2,9,0.23770712072350844,0.23652231802373802,False
f0.75_cap2,10,0.2372498207804393,0.23652072932693938,False
f0.75_cap2,11,0.23695797667263366,0.23651946276941077,False
f0.75_cap2,12,0.23677282336530364,0.23651844889397883,False
f0.75_cap2,13,0.2366565478355984,0.23651763445501028,False
f0.75_cap2,14,0.23658465719816216,0.23651697828777832,False
f0.75_cap2,15,0.23654123522166934,0.2365164483195767,False
f0.75_cap2,16,0.236515932762456,0.23651601938728675,False
f0.75_cap2,17,0.23650203134733824,0.23651567162589343,False
f0.75_cap2,18,0.23649518560631438,0.2365153892675898,False
f0.75_cap2,19,0.23649260173494704,0.2365151597380438,False
f0.75_cap2,20,0.23649249895792665,0.23651497296863674,False
f0.75_cap2,21,0.23649375595164263,0.23651482086951875,False
f0.75_cap2,22,0.2364956786792957,0.2365146969214835,False
f0.75_cap2,23,0.23649784812865368,0.23651459585855614,False
f0.75_cap2,24,0.23650002069081386,0.23651451341792792,False
f0.75_cap2,25,0.23650206322160014,0.236514446143188,False
f0.75_cap2,26,0.23650391092864598,0.2365143912275392,False
f0.75_cap2,27,0.23650554025324286,0.2365143463891898,False
f0.75_cap2,28,0.2365069515728884,0.23651430977167903,False
f0.75_cap2,29,0.23650815830842475,0.2365142798624921,False
f0.75_cap2,30,0.23650918018889777,0.23651425542927698,False
f0.75_cap2,31,0.2365100391918317,0.2365142354674851,False
f0.75_cap2,32,0.2365107571895795,0.23651421915707777,False
f0.75_cap2,33,0.23651135467203338,0.23651420582910296,False
f0.75_cap2,34,0.23651185013250742,0.23651419493782638,False
f0.75_cap2,35,0.23651225985242705,0.23651418603705696,False
f0.75_cap2,36,0.2365125979192974,0.23651417876266997,False
f0.75_cap2,37,0.23651287636895363,0.23651417281757764,False
f0.75_cap2,38,0.23651310538659362,0.23651416795847596,False
f0.75_cap2,39,0.2365132935302467,0.23651416398687009,False
f0.75_cap2,40,0.23651344795081805,0.23651416074088433,False
f0.75_cap2,41,0.23651357459653813,0.2365141580875513,False
f0.75_cap2,42,0.2365136783996206,0.236514155918991,False
f0.75_cap2,43,0.23651376343732844,0.2365141541463722,False
f0.75_cap2,44,0.23651383307366391,0.2365141526973491,False
f0.75_cap2,45,0.23651389007938803,0.23651415151312297,False
f0.75_cap2,46,0.23651393673260035,0.2365141505450619,False
f0.75_cap2,47,0.23651397490491582,0.236514149753665,False
f0.75_cap2,48,0.23651400613271623,0.23651414910697016,False
f0.75_cap2,49,0.23651403167528348,0.23651414857816683,False
f0.75_cap2,50,0.2365140525656157,0.2365141481462215,False
f0.75_cap2,51,0.23651406964873764,0.2365141477927477,False
f0.75_cap2,52,0.2365140836178949,0.23651414750399505,False
f0.75_cap2,53,0.23651409504003462,0.2365141472681788,False
f0.75_cap2,54,0.23651410437849432,0.23651414707503032,False
f0.75_cap2,55,0.23651411201355094,0.23651414691732353,False
f0.75_cap2,56,0.2365141182557708,0.23651414678863147,False
f0.75_cap2,57,0.23651412335853023,0.23651414668304974,False
f0.75_cap2,58,0.23651412753021248,0.23651414659691422,False
f0.75_cap2,59,0.2365141309407135,0.2365141465267144,False
f0.75_cap2,60,0.23651413372832997,0.23651414646895788,False
f0.75_cap2,61,0.23651413600726634,0.23651414642191002,False
f0.75_cap2,62,0.2365141378704085,0.23651414638367302,False
f0.75_cap2,63,0.23651413939304083,0.23651414635202872,False
f0.75_cap2,64,0.23651414063787127,0.23651414632632797,False
f0.75_cap2,65,0.23651414165566004,0.2365141463055442,False
f0.75_cap2,66,0.2365141424872386,0.23651414628815837,False
f0.75_cap2,67,0.23651414316717878,0.23651414627412923,False
f0.75_cap2,68,0.23651414372318225,0.23651414626286726,False
f0.75_cap2,69,0.23651414417729072,0.23651414625327674,False
f0.75_cap2,70,0.2365141445486793,0.23651414624562872,False
f0.75_cap2,71,0.23651414485244895,0.2365141462395658,False
f0.75_cap2,72,0.2365141451003744,0.23651414623422767,False
f0.75_cap2,73,0.23651414530321602,0.23651414623004688,False
f0.75_cap2,74,0.23651414546922675,0.23651414622683342,False
f0.75_cap2,75,0.23651414560454934,0.23651414622382855,False
f0.75_cap2,76,0.23651414571533083,0.2365141462215397,False
f0.75_cap2,77,0.23651414580609184,0.23651414621987274,False
f0.75_cap2,78,0.23651414587991074,0.23651414621814415,False
f0.75_cap2,79,0.2365141459404234,0.23651414621690026,False
f0.75_cap2,80,0.2365141459898847,0.2365141462158804,False
f0.75_cap2,81,0.23651414603051393,0.2365141462152471,False
f0.75_cap2,82,0.23651414606336763,0.2365141462143705,False
f0.75_cap2,83,0.23651414609037252,0.23651414621380518,False
f0.75_cap2,84,0.23651414611265617,0.23651414621355152,False
f0.75_cap2,85,0.2365141461305042,0.23651414621297953,False
f0.75_cap2,86,0.23651414614525293,0.23651414621266784,False
f0.75_cap2,87,0.23651414615753918,0.2365141462126451,False
f0.75_cap2,88,0.23651414616718117,0.23651414621222583,False
f0.75_cap2,89,0.23651414617523406,0.23651414621205527,False
f0.75_cap2,90,0.23651414618202363,0.23651414621212144,False
f0.75_cap2,91,0.23651414618720373,0.23651414621180583,False
f0.75_cap2,92,0.2365141461916087,0.23651414621171912,False
f0.75_cap2,93,0.23651414619540892,0.23651414621184805,False
f0.75_cap2,94,0.2365141461981495,0.23651414621158567,False
f0.75_cap2,95,0.23651414620053451,0.23651414621151853,False
f0.75_cap2,96,0.2365141462024923,0.23651414621146968,False
f0.75_cap2,97,0.23651414620429287,0.23651414621163308,False
f0.75_cap2,98,0.23651414620562108,0.23651414621162023,False
f0.75_cap2,99,0.23651414620626987,0.23651414621117264,False
f0.75_cap2,100,0.23651414620755803,0.236514146211568,False
f0.75_cap2,101,0.23651414620829292,0.23651414621156744,False
f0.75_cap2,102,0.23651414620845043,0.23651414621112857,False
f0.75_cap2,103,0.23651414620936315,0.2365141462115533,False
f0.75_cap2,104,0.23651414620974232,0.23651414621153202,False
f0.75_cap2,105,0.23651414620963399,0.2365141462110971,False
f0.75_cap2,106,0.23651414621032077,0.23651414621151626,False
f0.75_cap2,107,0.23651414621054306,0.23651414621151967,False
f0.75_cap2,108,0.23651414621029956,0.23651414621109945,False
f0.75_cap2,109,0.23651414621086228,0.23651414621151468,False
f0.75_cap2,110,0.23651414621095612,0.2365141462114903,False
f0.75_cap2,111,0.2365141462106412,0.2365141462110783,False
f0.75_cap2,112,0.23651414621114245,0.2365141462114991,False
f0.75_cap2,113,0.23651414621121694,0.2365141462115084,False
f0.75_cap2,114,0.2365141462108412,0.2365141462110802,False
f0.75_cap2,115,0.23651414621130365,0.23651414621149847,False
f0.75_cap2,116,0.23651414621134265,0.23651414621150213,False
f0.75_cap2,117,0.23651414621094552,0.2365141462110766,False
f0.75_cap2,118,0.236514146211394,0.23651414621149994,False
f0.75_cap2,119,0.2365141462114057,0.23651414621149416,False
f0.75_cap2,120,0.2365141462109926,0.23651414621106256,False
f0.75_cap2,121,0.23651414621143177,0.23651414621149053,False
f0.75_cap2,122,0.23651414621144837,0.23651414621149622,False
f0.75_cap2,123,0.23651414621102987,0.23651414621106787,False
f0.75_cap2,124,0.23651414621147177,0.23651414621150502,False
f0.75_cap2,125,0.23651414621147335,0.23651414621149935,False
f0.75_cap2,126,0.2365141462110493,0.23651414621107106,False
f0.75_cap2,127,0.23651414621147568,0.2365141462114938,False
f0.75_cap2,128,0.23651414621148964,0.23651414621150324,False
f0.75_cap2,129,0.23651414621105166,0.2365141462110633,False
f0.75_cap2,130,0.23651414621148095,0.23651414621149083,False
f0.75_cap2,131,0.23651414621148303,0.23651414621149036,False
f0.75_cap2,132,0.23651414621106653,0.23651414621107217,False
f0.75_cap2,133,0.23651414621148195,0.23651414621148756,False
f0.75_cap2,134,0.23651414621150574,0.23651414621150996,False
f0.75_cap2,135,0.23651414621107247,0.23651414621107614,False
f0.75_cap2,136,0.2365141462115026,0.23651414621150457,False
f0.75_cap2,137,0.23651414621150216,0.23651414621150418,False
f0.75_cap2,138,0.23651414621106867,0.23651414621106973,False
f0.75_cap2,139,0.23651414621148678,0.2365141462114881,False
f0.75_cap2,140,0.23651414621149103,0.23651414621149108,False
f0.75_cap2,141,0.23651414621105876,0.2365141462110597,False
f0.75_cap2,142,0.23651414621149514,0.23651414621149644,False
f0.75_cap2,143,0.23651414621149708,0.23651414621149833,False
f0.75_cap2,144,0.23651414621106906,0.23651414621107006,False
f0.75_cap2,145,0.23651414621150393,0.23651414621150418,False
f0.75_cap2,146,0.23651414621149827,0.23651414621149863,False
f0.75_cap2,147,0.23651414621106634,0.23651414621106828,False
f0.75_cap2,148,0.23651414621149724,0.23651414621149855,False
f0.75_cap2,149,0.23651414621150277,0.23651414621150152,False
f0.75_cap2,150,0.2365141462110752,0.23651414621107458,False
f0.75_cap2,151,0.23651414621150618,0.23651414621150682,False
f0.75_cap2,152,0.23651414621148695,0.23651414621148664,False
f0.75_cap2,153,0.23651414621107544,0.23651414621107675,False
f0.75_cap2,154,0.23651414621148592,0.2365141462114843,False
f0.75_cap2,155,0.2365141462115072,0.23651414621150685,False
f0.75_cap2,156,0.23651414621106884,0.23651414621106884,False
f0.75_cap2,157,0.23651414621150232,0.23651414621150268,False
f0.75_cap2,158,0.23651414621150066,0.23651414621150066,False
f0.75_cap2,159,0.2365141462110738,0.23651414621107317,False
f0.75_cap2,160,0.23651414621148548,0.23651414621148703,False
f0.75_cap2,161,0.23651414621108016,0.23651414621107988,False
f0.75_cap2,162,0.23651414621149053,0.23651414621149083,False
f0.75_cap2,163,0.2365141462114845,0.23651414621148484,False
f0.75_cap2,164,0.23651414621107958,0.23651414621107864,False
f0.75_cap2,165,0.2365141462114948,0.2365141462114945,False
f0.75_cap2,166,0.23651414621149575,0.23651414621149505,False
f0.75_cap2,167,0.23651414621107872,0.2365141462110784,False
f0.75_cap2,168,0.23651414621148803,0.23651414621148803,False
f0.75_cap2,169,0.23651414621149458,0.23651414621149458,False
f0.75_cap2,170,0.2365141462110557,0.2365141462110557,False
f0.75_cap2,171,0.23651414621151257,0.2365141462115119,False
f0.75_cap2,172,0.23651414621150801,0.23651414621150801,False
f0.75_cap2,173,0.2365141462110851,0.2365141462110851,False
f0.75_cap2,174,0.23651414621150674,0.23651414621150674,False
f0.75_cap2,175,0.23651414621150488,0.23651414621150488,False
f0.75_cap2,176,0.236514146211062,0.236514146211062,False
f0.75_cap2,177,0.23651414621150316,0.23651414621150316,False
f0.75_cap2,178,0.23651414621148328,0.23651414621148328,False
f0.75_cap2,179,0.23651414621106773,0.23651414621106773,False
f0.75_cap2,180,0.23651414621149228,0.23651414621149228,False
f0.75_cap2,181,0.2365141462114944,0.2365141462114944,False
f0.75_cap2,182,0.23651414621109593,0.23651414621109593,False
f0.75_cap2,183,0.23651414621148867,0.23651414621148867,False
f0.75_cap2,184,0.23651414621149708,0.23651414621149708,False
f0.75_cap2,185,0.23651414621106776,0.23651414621106776,False
f0.75_cap2,186,0.2365141462114715,0.2365141462114715,False
f0.75_cap2,187,0.23651414621148056,0.23651414621148056,False
f0.75_cap2,188,0.2365141462110801,0.2365141462110801,False
f0.75_cap2,189,0.2365141462115175,0.2365141462115175,False
f0.75_cap2,190,0.23651414621149194,0.23651414621149194,False
f0.75_cap2,191,0.23651414621106562,0.23651414621106562,False
f0.75_cap2,192,0.23651414621151445,0.23651414621151445,False
f0.75_cap2,193,0.23651414621108877,0.23651414621108877,False
f0.75_cap2,194,0.23651414621192354,0.23651414621192354,False
f0.75_cap2,195,0.23651414621107084,0.23651414621107084,False
f0.75_cap2,196,0.23651414621111294,0.23651414621111294,False
f0.75_cap2,197,0.23651414621189962,0.23651414621189962,False
f0.75_cap2,198,0.23651414621111147,0.23651414621111147,False
f0.75_cap2,199,0.23651414621106662,0.23651414621106662,False
f0.75_cap20,0,0.8697666611350067,0.21967657970105647,True
f0.75_cap20,1,0.6393665421361964,0.21967656571829186,True
f0.75_cap20,2,0.5413845154287376,0.21967655196598893,True
f0.75_cap20,3,0.48334678104533935,0.2196765384403497,False
f0.75_cap20,4,0.4438682717237798,0.2196765251376064,False
f0.75_cap20,5,0.4148301270125364,0.21967651205409225,False
f0.75_cap20,6,0.392360657428221,0.2196764991861742,False
f0.75_cap20,7,0.3743429105744876,0.2196764865303028,False
f0.75_cap20,8,0.3595072099372541,0.2196764740829433,False
f0.75_cap20,9,0.3470391426182362,0.2196764618406368,False
f0.75_cap20,10,0.3363888909848807,0.21967644980007717,False
f0.75_cap20,11,0.32716997834734635,0.2196764379578198,False
f0.75_cap20,12,0.3191017125536108,0.2196764263106967,False
f0.75_cap20,13,0.31197463997344926,0.2196764148553759,False
f0.75_cap20,14,0.30562886541419837,0.21967640358882434,False
f0.75_cap20,15,0.2999399300531942,0.219676392507734,False
f0.75_cap20,16,0.2948093171072224,0.21967638160920122,False
f0.75_cap20,17,0.2901578928321847,0.21967637089021527,False
f0.75_cap20,18,0.28592126694279774,0.21967636034764748,False
f0.75_cap20,19,0.28204644192116896,0.21967634997874286,False
f0.75_cap20,20,0.2784893482793019,0.21967633978058412,False
f0.75_cap20,21,0.27521300157084366,0.21967632975040524,False
f0.75_cap20,22,0.27218610389595405,0.219676319885273,False
f0.75_cap20,23,0.26938196851891216,0.2196763101826186,False
f0.75_cap20,24,0.2667776829268078,0.21967630063971189,False
f0.75_cap20,25,0.26435345027403706,0.21967629125396929,False
f0.75_cap20,26,0.26209206595884516,0.21967628202268918,False
f0.75_cap20,27,0.25997849774705173,0.21967627294326728,False
f0.75_cap20,28,0.2579995460798362,0.21967626401351925,False
f0.75_cap20,29,0.25614356707955116,0.21967625523066053,False
f0.75_cap20,30,0.25440024502841924,0.21967624659225918,False
f0.75_cap20,31,0.2527604042075627,0.21967623809625764,False
f0.75_cap20,32,0.2512158522975166,0.21967622973998563,False
f0.75_cap20,33,0.249759249274339,0.21967622152113653,False
f0.75_cap20,34,0.24838399703694905,0.2196762134377677,False
f0.75_cap20,35,0.24708414600153292,0.21967620548732103,False
f0.75_cap20,36,0.24585431566871999,0.2196761976676042,False
f0.75_cap20,37,0.24468962675786315,0.21967618997678587,False
f0.75_cap20,38,0.24358564297007534,0.21967618241241885,False
f0.75_cap20,39,0.24253832080979443,0.21967617497241426,False
f0.75_cap20,40,0.2415439661779727,0.21967616765504716,False
f0.75_cap20,41,0.2405991966830758,0.21967616045786562,False
f0.75_cap20,42,0.23970090880475184,0.21967615337931456,False
f0.75_cap20,43,0.2388462491839593,0.21967614641712363,False
f0.75_cap20,44,0.23803258944589878,0.21967613956937113,False
f0.75_cap20,45,0.23725750405056872,0.21967613283449028,False
f0.75_cap20,46,0.23651875074997514,0.21967612621029892,False
f0.75_cap20,47,0.23581425330000272,0.21967611969498035,False
f0.75_cap20,48,0.2351420861235659,0.21967611328705708,False
f0.75_cap20,49,0.23450046066988714,0.21967610698432705,False
f0.75_cap20,50,0.23388771325630148,0.2196761007855982,False
f0.75_cap20,51,0.23330229419981507,0.21967609468840474,False
f0.75_cap20,52,0.2327427580879399,0.21967608869171926,False
f0.75_cap20,53,0.23220775504172506,0.21967608279388248,False
f0.75_cap20,54,0.23169602285943278,0.21967607699262529,False
f0.75_cap20,55,0.23120637993813345,0.21967607128699396,False
f0.75_cap20,56,0.23073771887849007,0.2196760656754247,False
f0.75_cap20,57,0.2302890007010544,0.21967606015571678,False
f0.75_cap20,58,0.22985924960665965,0.21967605472700202,False
f0.75_cap20,59,0.22944754821591917,0.21967604938777918,False
f0.75_cap20,60,0.22905303324196818,0.21967604413594016,False
f0.75_cap20,61,0.2286748915509421,0.2196760389706793,False
f0.75_cap20,62,0.22831235656438253,0.21967603389057871,False
f0.75_cap20,63,0.227964704973984,0.219676028893582,False
f0.75_cap20,64,0.22763125373762985,0.21967602397897493,False
f0.75_cap20,65,0.22731135732299856,0.2196760191453994,False
f0.75_cap20,66,0.2270044051802377,0.2196760143908738,False
f0.75_cap20,67,0.22670981942177865,0.21967600971473814,False
f0.75_cap20,68,0.22642705268399077,0.21967600511570828,False
f0.75_cap20,69,0.22615558615923836,0.21967600059186862,False
f0.75_cap20,70,0.22589492778278308,0.21967599614262578,False
f0.75_cap20,71,0.22564461055482216,0.2196759917667497,False
f0.75_cap20,72,0.22540419099104603,0.21967598746239086,False
f0.75_cap20,73,0.2251732476905845,0.21967598322901405,False
f0.75_cap20,74,0.22495138000533277,0.21967597906545322,False
f0.75_cap20,75,0.2247382068075748,0.21967597496991534,False
f0.75_cap20,76,0.22453336534762636,0.2196759709419219,False
f0.75_cap20,77,0.22433651018834694,0.21967596698036373,False
f0.75_cap20,78,0.22414731221562154,0.21967596308350623,False
f0.75_cap20,79,0.22396545771882742,0.21967595925092182,False
f0.75_cap20,80,0.22379064752968347,0.219675955481344,False
f0.75_cap20,81,0.22362259622214556,0.21967595177394425,False
f0.75_cap20,82,0.2234610313627031,0.2196759481270658,False
f0.75_cap20,83,0.22330569281301055,0.2196759445403438,False
f0.75_cap20,84,0.2231563320736035,0.21967594101280308,False
f0.75_cap20,85,0.22301271167123368,0.21967593754281647,False
f0.75_cap20,86,0.2228746045867664,0.21967593413007658,False
f0.75_cap20,87,0.22274179371492675,0.21967593077365194,False
f0.75_cap20,88,0.22261407135906341,0.2196759274719691,False
f0.75_cap20,89,0.2224912387586159,0.21967592422476892,False
f0.75_cap20,90,0.22237310564118265,0.2196759210311558,False
f0.75_cap20,91,0.22225948980305385,0.21967591788960555,False
f0.75_cap20,92,0.22215021671631782,0.21967591479990659,False
f0.75_cap20,93,0.2220451191550015,0.21967591176120474,False
f0.75_cap20,94,0.2219440368445701,0.21967590877201396,False
f0.75_cap20,95,0.22184681613324944,0.21967590583216662,False
f0.75_cap20,96,0.22175330967783885,0.21967590294063738,False
f0.75_cap20,97,0.2216633761503496,0.21967590009684476,False
f0.75_cap20,98,0.22157687995847483,0.21967589729957893,False
f0.75_cap20,99,0.22149369098316124,0.2196758945478531,False
f0.75_cap20,100,0.2214136843308386,0.21967589184221095,False
f0.75_cap20,101,0.22133674009347262,0.21967588918060374,False
f0.75_cap20,102,0.22126274312915026,0.2196758865623076,False
f0.75_cap20,103,0.22119158285040255,0.2196758839878985,False
f0.75_cap20,104,0.22112315301959298,0.21967588145537081,False
f0.75_cap20,105,0.22105735156241993,0.21967587896402907,False
f0.75_cap20,106,0.22099408038718155,0.21967587651448642,False
f0.75_cap20,107,0.22093324520922386,0.21967587410477446,False
f0.75_cap20,108,0.22087475539175078,0.21967587173422726,False
f0.75_cap20,109,0.22081852379081526,0.21967586940349257,False
f0.75_cap20,110,0.22076446660395288,0.21967586711063064,False
f0.75_cap20,111,0.22071250323381864,0.21967586485501997,False
f0.75_cap20,112,0.2206625561546075,0.21967586263732905,False
f0.75_cap20,113,0.22061455078102177,0.2196758604556543,False
f0.75_cap20,114,0.22056841535097144,0.21967585830939182,False
f0.75_cap20,115,0.22052408081011413,0.21967585619926122,False
f0.75_cap20,116,0.22048148069781073,0.21967585412337765,False
f0.75_cap20,117,0.22044055104600357,0.2196758520811693,False
f0.75_cap20,118,0.22040123027897013,0.2196758500733727,False
f0.75_cap20,119,0.22036345911374683,0.21967584809814386,False
f0.75_cap20,120,0.2203271804726371,0.21967584615494298,False
f0.75_cap20,121,0.22029233939590354,0.21967584424452558,False
f0.75_cap20,122,0.22025888295446497,0.2196758423650704,False
f0.75_cap20,123,0.22022676017404563,0.21967584051606184,False
f0.75_cap20,124,0.2201959219588914,0.21967583869829999,False
f0.75_cap20,125,0.22016632101491587,0.21967583690997866,False
f0.75_cap20,126,0.22013791178378356,0.21967583515060077,False
f0.75_cap20,127,0.22011065037611713,0.21967583342098718,False
f0.75_cap20,128,0.2200844945035915,0.21967583171937327,False
f0.75_cap20,129,0.22005940342153163,0.21967583004528052,False
f0.75_cap20,130,0.22003533787024876,0.21967582839955105,False
f0.75_cap20,131,0.22001226001485422,0.219675826780432,False
f0.75_cap20,132,0.2199901333952486,0.21967582518748946,False
f0.75_cap20,133,0.21996892287438635,0.21967582362157118,False
f0.75_cap20,134,0.21994859458483004,0.2196758220809568,False
f0.75_cap20,135,0.21992911588505365,0.2196758205652184,False
f0.75_cap20,136,0.21991045531381373,0.21967581907524314,False
f0.75_cap20,137,0.2198925825424324,0.2196758176093182,False
f0.75_cap20,138,0.2198754683366692,0.2196758161670472,False
f0.75_cap20,139,0.2198590845163321,0.21967581474932824,False
f0.75_cap20,140,0.21984340391260587,0.21967581335447633,False
f0.75_cap20,141,0.21982840033472215,0.21967581198210515,False
f0.75_cap20,142,0.21981404853415554,0.2196758106331402,False
f0.75_cap20,143,0.2198003241663607,0.21967580930590958,False
f0.75_cap20,144,0.21978720376161506,0.21967580800005418,False
f0.75_cap20,145,0.21977466469324608,0.21967580671650477,False
f0.75_cap20,146,0.21976268514320627,0.2196758054536204,False
f0.75_cap20,147,0.21975124407657992,0.21967580421104788,False
f0.75_cap20,148,0.21974032121335071,0.21967580298975245,False
f0.75_cap20,149,0.2197298969973051,0.21967580178808474,False
f0.75_cap20,150,0.21971995257382154,0.2196758006057296,False
f0.75_cap20,151,0.21971046976468603,0.21967579944365834,False
f0.75_cap20,152,0.21970143103999115,0.21967579830025222,False
f0.75_cap20,153,0.21969281949872335,0.21967579717519478,False
f0.75_cap20,154,0.21968461884634544,0.2196757960694755,False
f0.75_cap20,155,0.219676813369289,0.21967579498149614,False
f0.75_cap20,156,0.21966938791805918,0.21967579391096115,False
f0.75_cap20,157,0.2196623278872004,0.21967579285886804,False
f0.75_cap20,158,0.2196556191921109,0.21967579182362879,False
f0.75_cap20,159,0.219649248254367,0.21967579080496316,False
f0.75_cap20,160,0.2196432019838206,0.2196757898038942,False
f0.75_cap20,161,0.21963746775701007,0.21967578881841235,False
f0.75_cap20,162,0.21963203340703427,0.21967578784997008,False
f0.75_cap20,163,0.21962688720107215,0.21967578689700654,False
f0.75_cap20,164,0.21962201782928062,0.21967578595928383,False
f0.75_cap20,165,0.21961741438982693,0.21967578503779991,False
f0.75_cap20,166,0.21961306637080846,0.21967578413104333,False
f0.75_cap20,167,0.21960896364017862,0.21967578323874243,False
f0.75_cap20,168,0.21960509643251272,0.21967578236195962,False
f0.75_cap20,169,0.21960145533222736,0.21967578149916353,False
f0.75_cap20,170,0.21959803126504635,0.2196757806500884,False
f0.75_cap20,171,0.21959481548615958,0.21967577981583072,False
f0.75_cap20,172,0.21959179956469377,0.21967577899485594,False
f0.75_cap20,173,0.21958897537652416,0.2196757781869157,False
f0.75_cap20,174,0.21958633509362252,0.2196757773931205,False
f0.75_cap20,175,0.21958387116970193,0.2196757766119318,False
f0.75_cap20,176,0.21958157633425068,0.21967577584314688,False
f0.75_cap20,177,0.21957944358283354,0.21967577508785227,False
f0.75_cap20,178,0.21957746616391957,0.21967577434452187,False
f0.75_cap20,179,0.2195756375739016,0.21967577361298887,False
f0.75_cap20,180,0.21957395154832218,0.2196757728943229,False
f0.75_cap20,181,0.21957240204973597,0.2196757721870297,False
f0.75_cap20,182,0.21957098326354768,0.21967577149093,False
f0.75_cap20,183,0.2195696895901819,0.21967577080710865,False
f0.75_cap20,184,0.21956851563380073,0.21967577013411063,False
f0.75_cap20,185,0.21956745619885157,0.2196757694717297,False
f0.75_cap20,186,0.21956650628315524,0.21967576882107898,False
f0.75_cap20,187,0.21956566106729,0.21967576818070308,False
f0.75_cap20,188,0.2195649159119065,0.2196757675503987,False
f0.75_cap20,189,0.219564266351541,0.2196757669313172,False
f0.75_cap20,190,0.21956370808458986,0.21967576632197333,False
f0.75_cap20,191,0.21956323697139843,0.21967576572220152,False
f0.75_cap20,192,0.21956284902862497,0.21967576513315484,False
f0.75_cap20,193,0.21956254041940043,0.2196757645529148,False
f0.75_cap20,194,0.21956230745506503,0.2196757639834939,False
f0.75_cap20,195,0.21956214658096107,0.21967576342170247,False
f0.75_cap20,196,0.2195620543823928,0.2196757628700121,False
f0.75_cap20,197,0.2195620275715684,0.2196757623282236,False
f0.75_cap20,198,0.21956206298318678,0.21967576179363532,False
f0.75_cap20,199,0.21956215757766484,0.2196757612686738,False
