path,bytes,original_sha256,kind,reason
recovery_phase2/V2/identity_1.csv,4925821,07dc00cdda9996a801c3385273fba433a58db6e9c7a3af489a6d8f2492ec4043,raw_numeric,raw recovery trajectory/snapshot; regenerable from source
recovery_phase2/V2/identity_1.npz,1247944,48281bbaadf207fd32f1bb008197d071b134ce16b15db6baa775555588226baa,raw_numeric,raw recovery trace archive; regenerable from source
recovery_phase2/V2/identity_1_bins.npz,1371,d648a3db0e682d3d823e2977dd7ae343dc7a5f6d9e1291950f286f582ec7dc0a,raw_numeric,raw recovery trace archive; regenerable from source
recovery_phase2/V2/identity_1_dense.npz,6036014,752f91502eb1e858453316b79e85691107eda303ab4a8779286c82f925177833,raw_numeric,raw recovery trace archive; regenerable from source
recovery_phase2/V2/identity_1_snapshots.csv,1776,6e139fcd183eb49f8cf656226b06a2dbde97c2f2f2c9ad270c4effc4a5884afb,raw_numeric,raw recovery trajectory/snapshot; regenerable from source
recovery_phase2/V2/identity_1_snapshots.npz,4697,8c43f684080d063845d169851493b2f5101fa3a85cdb1b42467c8893d8e2b2c4,raw_numeric,raw recovery trace archive; regenerable from source
recovery_phase2/V2/identity_2.csv,4925821,07dc00cdda9996a801c3385273fba433a58db6e9c7a3af489a6d8f2492ec4043,raw_numeric,raw recovery trajectory/snapshot; regenerable from source
recovery_phase2/V2/identity_2.npz,1247944,48281bbaadf207fd32f1bb008197d071b134ce16b15db6baa775555588226baa,raw_numeric,raw recovery trace archive; regenerable from source
recovery_phase2/V2/identity_2_bins.npz,1371,d648a3db0e682d3d823e2977dd7ae343dc7a5f6d9e1291950f286f582ec7dc0a,raw_numeric,raw recovery trace archive; regenerable from source
recovery_phase2/V2/identity_2_dense.npz,6036014,752f91502eb1e858453316b79e85691107eda303ab4a8779286c82f925177833,raw_numeric,raw recovery trace archive; regenerable from source
recovery_phase2/V2/identity_2_snapshots.csv,1776,6e139fcd183eb49f8cf656226b06a2dbde97c2f2f2c9ad270c4effc4a5884afb,raw_numeric,raw recovery trajectory/snapshot; regenerable from source
recovery_phase2/V2/identity_2_snapshots.npz,4697,8c43f684080d063845d169851493b2f5101fa3a85cdb1b42467c8893d8e2b2c4,raw_numeric,raw recovery trace archive; regenerable from source
recovery_phase2/V2/nominal_h05_s0.csv,4926077,102a2d63e9576c8276222a889d33c0c22e99e3c7013e08ede0524f686b0c1942,raw_numeric,raw recovery trajectory/snapshot; regenerable from source
recovery_phase2/V2/nominal_h05_s0.npz,1237481,443b6b531ca0a1bbf9c9a63f049d3f65c3d66552344f7f8d0bda8bf813a6f39b,raw_numeric,raw recovery trace archive; regenerable from source
recovery_phase2/V2/nominal_h05_s0_bins.npz,1372,b49639e686a8ca7eb4e94a13d655ce4e1331ef7e3f7bd4a0b8cc248c1c69785e,raw_numeric,raw recovery trace archive; regenerable from source
recovery_phase2/V2/nominal_h05_s0_dense.npz,6090346,ab43071f83be9749552c29d0c8a1bc74e0597c5b121027672dc422fc60f9eccb,raw_numeric,raw recovery trace archive; regenerable from source
recovery_phase2/V2/nominal_h05_s0_snapshots.csv,1773,40767cae324d306bba4f48c34895cb3d3d8d2c14abcde3e4a5f321eed799c1bd,raw_numeric,raw recovery trajectory/snapshot; regenerable from source
recovery_phase2/V2/nominal_h05_s0_snapshots.npz,4693,6259134553ade4adc29d680325320ddcc05a431f0d5f14d366304e69234b5f6c,raw_numeric,raw recovery trace archive; regenerable from source
recovery_phase2/V2/nominal_h05_s1.csv,5740334,dc4243a57ca32c56e3ef6c05219937b16cb1bbd4a03f3cce99a6d67605d0c44e,raw_numeric,raw recovery trajectory/snapshot; regenerable from source
recovery_phase2/V2/nominal_h05_s1.npz,1441958,e081e7e6159c73c6fd3bc88730bf1c567690db7dc2d1612187d63a7dadf6bb5d,raw_numeric,raw recovery trace archive; regenerable from source
recovery_phase2/V2/nominal_h05_s1_bins.npz,1447,548ef2458a44eaa0d105811a7df72c12639ba1bf0407e44fe454af9654e786ac,raw_numeric,raw recovery trace archive; regenerable from source
recovery_phase2/V2/nominal_h05_s1_dense.npz,6678536,41ad53fdc3e9bb856ab58b072c42da1b3c947e65f0e39858caa9a4d8f6d53e35,raw_numeric,raw recovery trace archive; regenerable from source
recovery_phase2/V2/nominal_h05_s1_snapshots.csv,1978,e3a7515c0f0e0cd89b679e818a1a98cf7d93bb69285dae5919606d4effb6472a,raw_numeric,raw recovery trajectory/snapshot; regenerable from source
recovery_phase2/V2/nominal_h05_s1_snapshots.npz,4754,ed0ac577c0a55bd924e8ea1447629862d2e8659cc1068266920456431521484d,raw_numeric,raw recovery trace archive; regenerable from source
recovery_phase2/V2/nominal_h1_s0.csv,4925821,07dc00cdda9996a801c3385273fba433a58db6e9c7a3af489a6d8f2492ec4043,raw_numeric,raw recovery trajectory/snapshot; regenerable from source
recovery_phase2/V2/nominal_h1_s0.npz,1247944,48281bbaadf207fd32f1bb008197d071b134ce16b15db6baa775555588226baa,raw_numeric,raw recovery trace archive; regenerable from source
recovery_phase2/V2/nominal_h1_s0_bins.npz,1371,d648a3db0e682d3d823e2977dd7ae343dc7a5f6d9e1291950f286f582ec7dc0a,raw_numeric,raw recovery trace archive; regenerable from source
recovery_phase2/V2/nominal_h1_s0_dense.npz,6036014,752f91502eb1e858453316b79e85691107eda303ab4a8779286c82f925177833,raw_numeric,raw recovery trace archive; regenerable from source
recovery_phase2/V2/nominal_h1_s0_snapshots.csv,1776,6e139fcd183eb49f8cf656226b06a2dbde97c2f2f2c9ad270c4effc4a5884afb,raw_numeric,raw recovery trajectory/snapshot; regenerable from source
recovery_phase2/V2/nominal_h1_s0_snapshots.npz,4697,8c43f684080d063845d169851493b2f5101fa3a85cdb1b42467c8893d8e2b2c4,raw_numeric,raw recovery trace archive; regenerable from source
recovery_phase2/V2/nominal_h1_s1.csv,5740459,fbceb05d41e915d44291315856d6b1ce0c04e3ede97647a3492b35d1b7cc659c,raw_numeric,raw recovery trajectory/snapshot; regenerable from source
recovery_phase2/V2/nominal_h1_s1.npz,1457190,8df281cd19088e0af90efe64833ea3e97b6faa4973de07fd7a48393b2e31be31,raw_numeric,raw recovery trace archive; regenerable from source
recovery_phase2/V2/nominal_h1_s1_bins.npz,1439,90e73d82a660633dbd7c185d6ffd4f929ad827474228706c2bb0199bceb3dfa1,raw_numeric,raw recovery trace archive; regenerable from source
recovery_phase2/V2/nominal_h1_s1_dense.npz,6628376,6a41236caccb8a56f86bf6a38a27375edae41ff5235a3139dc6c7dec8f2f52ff,raw_numeric,raw recovery trace archive; regenerable from source
recovery_phase2/V2/nominal_h1_s1_snapshots.csv,1988,f7ef96102d64e1037c33f8137720e4635913498a6c04c4ec22c283739928ddbc,raw_numeric,raw recovery trajectory/snapshot; regenerable from source
recovery_phase2/V2/nominal_h1_s1_snapshots.npz,4756,57b3fd609b4da06d976a19656b795ce77e903d25a8c44f2bcaa19bc88a03645f,raw_numeric,raw recovery trace archive; regenerable from source
recovery_phase2/V2/tau4.5_r27_o19_h05_s0.csv,4926697,a2cde03ddb976ef12242198cc5c7dc3909daaa8e074214babed9af61380fd4ba,raw_numeric,raw recovery trajectory/snapshot; regenerable from source
recovery_phase2/V2/tau4.5_r27_o19_h05_s0.npz,1237692,0fd5a834dce2d1daa23d0dbf13fbab85508006a17d423684b84084c5ef96990c,raw_numeric,raw recovery trace archive; regenerable from source
recovery_phase2/V2/tau4.5_r27_o19_h05_s0_bins.npz,1372,e54ad05aec4490a9444e2a6f7eb642127218b3d1060d09f91581f88f4e28e620,raw_numeric,raw recovery trace archive; regenerable from source
recovery_phase2/V2/tau4.5_r27_o19_h05_s0_dense.npz,6090673,b32ede00bb4a8392ade157f27a96ecc9402b74815717f971d854cadd3f3cd0a8,raw_numeric,raw recovery trace archive; regenerable from source
recovery_phase2/V2/tau4.5_r27_o19_h05_s0_snapshots.csv,1863,e012c960c1cec57c0ca5c0899710f5d712179d7c807c8973685fdd4aa17a5599,raw_numeric,raw recovery trajectory/snapshot; regenerable from source
recovery_phase2/V2/tau4.5_r27_o19_h05_s0_snapshots.npz,4821,6e2916ca305bcaa544fe99b4bf3ce0068cc6ebc455d2cfd0d23d031033eeed6e,raw_numeric,raw recovery trace archive; regenerable from source
recovery_phase2/V2/tau4.5_r27_o19_h05_s1.csv,5660034,450a42158f52f02404ef116ee051eacd87f4f71f62d67270300bafe96e6d8bd1,raw_numeric,raw recovery trajectory/snapshot; regenerable from source
recovery_phase2/V2/tau4.5_r27_o19_h05_s1.npz,1624984,f154fffde92c1519d09b8dde25f102f91ecfd05d9147da548593a363a7cde5c5,raw_numeric,raw recovery trace archive; regenerable from source
recovery_phase2/V2/tau4.5_r27_o19_h05_s1_bins.npz,1445,acf203a05eff397a8794a7213b72a2767a91530d1639e1ed662bb375d69838e3,raw_numeric,raw recovery trace archive; regenerable from source
recovery_phase2/V2/tau4.5_r27_o19_h05_s1_dense.npz,7673615,e0c5e9544c13c775340eb5621e2ea7de1a9aac4cb041c40ab0eed85f15e0f0c6,raw_numeric,raw recovery trace archive; regenerable from source
recovery_phase2/V2/tau4.5_r27_o19_h05_s1_snapshots.csv,2054,9c2bfea607bcd821d5ee7b35a30ee588823169d70f2784e717ea211d97f4cfc5,raw_numeric,raw recovery trajectory/snapshot; regenerable from source
recovery_phase2/V2/tau4.5_r27_o19_h05_s1_snapshots.npz,4941,9df997b46e1e5c2e15752ccc0bb9506d7254c89fb601e05e4d409c7ea1c27604,raw_numeric,raw recovery trace archive; regenerable from source
recovery_phase2/V2/tau4.5_r27_o19_h1_s0.csv,4926321,27c151fe1501c25d1083e4ae55fac719a32707a523d098bb3df31942cfc5f20b,raw_numeric,raw recovery trajectory/snapshot; regenerable from source
recovery_phase2/V2/tau4.5_r27_o19_h1_s0.npz,1248267,e08b4e04dbdf16a6ae649d6a8463ac85bbdfc4cd6a85c3d4cfbbfbe861a307f8,raw_numeric,raw recovery trace archive; regenerable from source
recovery_phase2/V2/tau4.5_r27_o19_h1_s0_bins.npz,1367,a26df836564ecb1c6b64df7d0f2cd0876003d0aa6a2328474cfea095e8bdb3f9,raw_numeric,raw recovery trace archive; regenerable from source
recovery_phase2/V2/tau4.5_r27_o19_h1_s0_dense.npz,6035890,c558037f1b0cba90b5d15bb93072316f23a73fa1baddff99525c3ad012f24305,raw_numeric,raw recovery trace archive; regenerable from source
recovery_phase2/V2/tau4.5_r27_o19_h1_s0_snapshots.csv,1869,c8c5b2f530cc51e0389c4c60565f7ec8e3c4acd39aea77cccae78348bcee2729,raw_numeric,raw recovery trajectory/snapshot; regenerable from source
recovery_phase2/V2/tau4.5_r27_o19_h1_s0_snapshots.npz,4827,e519226dd714bf1fafce93709bca70dda83e60d5fa9c60d8c5367b730b3e8b9a,raw_numeric,raw recovery trace archive; regenerable from source
recovery_phase2/V2/tau4.5_r27_o19_h1_s1.csv,5659433,76b9a28eb4a1208992241748c7af1d44c6f905982f30da1825be29ec747bc3b5,raw_numeric,raw recovery trajectory/snapshot; regenerable from source
recovery_phase2/V2/tau4.5_r27_o19_h1_s1.npz,1621574,a77eb7ebe23cadffc1537dec65076a98e0b416f8a015b40c683601973a9fe670,raw_numeric,raw recovery trace archive; regenerable from source
recovery_phase2/V2/tau4.5_r27_o19_h1_s1_bins.npz,1440,845e1188e31e6c90dea83a06a3e32257525c4ba0a82246ba02b816920def65a3,raw_numeric,raw recovery trace archive; regenerable from source
recovery_phase2/V2/tau4.5_r27_o19_h1_s1_dense.npz,7619351,d0217c80e60407dca1dd9d5fc4dc2995f9bc80fa9a2e3965b44f489e3e276098,raw_numeric,raw recovery trace archive; regenerable from source
recovery_phase2/V2/tau4.5_r27_o19_h1_s1_snapshots.csv,2061,6711f5f089810321cceb635ae0a8cbb1ba4b4c5ff0b1e05fbf2af383ad102863,raw_numeric,raw recovery trajectory/snapshot; regenerable from source
recovery_phase2/V2/tau4.5_r27_o19_h1_s1_snapshots.npz,4941,2018a189c7934ed2b5deecdc1bae161d59c9e9776857384199a22d5ca1f08de2,raw_numeric,raw recovery trace archive; regenerable from source
recovery_phase2/V2/tau4.5_r27_o61_h05_s0.csv,4926786,8902666d1a757ea883824bee8c4fdbbf17687b7a40095d660a4c0dfb358b6ccd,raw_numeric,raw recovery trajectory/snapshot; regenerable from source
recovery_phase2/V2/tau4.5_r27_o61_h05_s0.npz,1237720,7184f4221190713fe9694c3ea617ca99e3418a1a92d4af812f6ad0976c49a44b,raw_numeric,raw recovery trace archive; regenerable from source
recovery_phase2/V2/tau4.5_r27_o61_h05_s0_bins.npz,1371,5dfffc144634463c18786b2b866ffc64b58933499a451d164ab5968120635bda,raw_numeric,raw recovery trace archive; regenerable from source
recovery_phase2/V2/tau4.5_r27_o61_h05_s0_dense.npz,6090322,b6a4e664f757c99d90731b1071c79732d9b5604a0cc96e8b727f643d0ee3768d,raw_numeric,raw recovery trace archive; regenerable from source
recovery_phase2/V2/tau4.5_r27_o61_h05_s0_snapshots.csv,1868,b7c162fb63ffcef3a8b5b82ca43e71271775e8a094b1610bf0cc298945903062,raw_numeric,raw recovery trajectory/snapshot; regenerable from source
recovery_phase2/V2/tau4.5_r27_o61_h05_s0_snapshots.npz,4827,87a02810a0d07b912bcf9d62e62913374ae319984b15f70e4cba30c4cf36d2a2,raw_numeric,raw recovery trace archive; regenerable from source
recovery_phase2/V2/tau4.5_r27_o61_h05_s1.csv,5659385,9ca10bb86bbdc72f74382082e7cfa5db44d1fce0ae9e9c6368570fa10bf3166c,raw_numeric,raw recovery trajectory/snapshot; regenerable from source
recovery_phase2/V2/tau4.5_r27_o61_h05_s1.npz,1625478,cfd7a28d5840d4aadeb4d5efbece667de5a1245202f36f8a37e49fe67e456f44,raw_numeric,raw recovery trace archive; regenerable from source
recovery_phase2/V2/tau4.5_r27_o61_h05_s1_bins.npz,1445,54ebb567c1bbe475ac3f550ed78fee8c0f9c5939f70ae939876a37a2b84fdd85,raw_numeric,raw recovery trace archive; regenerable from source
recovery_phase2/V2/tau4.5_r27_o61_h05_s1_dense.npz,7673238,5dc4e5d4d60918c21e6d269d0a07820358146008578c5ae118c948c71431f20d,raw_numeric,raw recovery trace archive; regenerable from source
recovery_phase2/V2/tau4.5_r27_o61_h05_s1_snapshots.csv,2057,137f80c4d5e1b90f08231a24580a12351987f6839ed9a1264762fd1d882a26e0,raw_numeric,raw recovery trajectory/snapshot; regenerable from source
recovery_phase2/V2/tau4.5_r27_o61_h05_s1_snapshots.npz,4931,61797396545b6fea8d94e895b577aec3b71f1c4ad26975a4c8af967e9a3cb5b3,raw_numeric,raw recovery trace archive; regenerable from source
recovery_phase2/V2/tau4.5_r27_o61_h1_s0.csv,4926623,fd26e91e11cedc399c818e1d3eca323f675df1373db04d356d5addfd2b16d1ef,raw_numeric,raw recovery trajectory/snapshot; regenerable from source
recovery_phase2/V2/tau4.5_r27_o61_h1_s0.npz,1247576,16cb7625e8c02f71282bb8d5e6209984aaf14529839decb093c2c564435fa7c6,raw_numeric,raw recovery trace archive; regenerable from source
recovery_phase2/V2/tau4.5_r27_o61_h1_s0_bins.npz,1367,eb704f60ed3c017653888b34cc54e52d3fa32b109b7fd481bfba19a458f6806c,raw_numeric,raw recovery trace archive; regenerable from source
recovery_phase2/V2/tau4.5_r27_o61_h1_s0_dense.npz,6036157,14cf3f9e7fec6e40ddeb8d55e840696e0eb48c0f77bcf4ec308522e88973d538,raw_numeric,raw recovery trace archive; regenerable from source
recovery_phase2/V2/tau4.5_r27_o61_h1_s0_snapshots.csv,1870,fa144c42fc4bb0b6ea769976d8cc1bc9ff49b638f0481f5fc857d1e7eb261dd6,raw_numeric,raw recovery trajectory/snapshot; regenerable from source
recovery_phase2/V2/tau4.5_r27_o61_h1_s0_snapshots.npz,4831,67ae2986e377b13ccc94b5bac9a6829907f03be24f1dc69cfb15546c06f798a7,raw_numeric,raw recovery trace archive; regenerable from source
recovery_phase2/V2/tau4.5_r27_o61_h1_s1.csv,5658697,d18b5e01d736231451aa79369e887b3894baddce358e4e1deb9cb9a1a29e44e2,raw_numeric,raw recovery trajectory/snapshot; regenerable from source
recovery_phase2/V2/tau4.5_r27_o61_h1_s1.npz,1621763,607acdb93ea8f5d64c9b6d11d3706bf65ef54fe2d338fcda671cccef2ca91711,raw_numeric,raw recovery trace archive; regenerable from source
recovery_phase2/V2/tau4.5_r27_o61_h1_s1_bins.npz,1443,de1f0e2878f53a290f062ed9ac54a9c36fb645c72307a71c7dccfbe9be189b09,raw_numeric,raw recovery trace archive; regenerable from source
recovery_phase2/V2/tau4.5_r27_o61_h1_s1_dense.npz,7618917,6dd1a4803b5af70460c2d27da223f1e161fdb3dfca07e7c217ee660a8eb7cc9a,raw_numeric,raw recovery trace archive; regenerable from source
recovery_phase2/V2/tau4.5_r27_o61_h1_s1_snapshots.csv,2065,a452bc488896340cc0e8c26b7d73409fde31f5eefcb3e35215086d91242fa572,raw_numeric,raw recovery trajectory/snapshot; regenerable from source
recovery_phase2/V2/tau4.5_r27_o61_h1_s1_snapshots.npz,4926,fe1332db383c64e7e87f00f71e747e663fa0efbd1a985952926146e027a8a9d2,raw_numeric,raw recovery trace archive; regenerable from source
recovery_phase2/V2/tau4.5_r33_o19_h05_s0.csv,4926697,a2cde03ddb976ef12242198cc5c7dc3909daaa8e074214babed9af61380fd4ba,raw_numeric,raw recovery trajectory/snapshot; regenerable from source
recovery_phase2/V2/tau4.5_r33_o19_h05_s0.npz,1237692,0fd5a834dce2d1daa23d0dbf13fbab85508006a17d423684b84084c5ef96990c,raw_numeric,raw recovery trace archive; regenerable from source
recovery_phase2/V2/tau4.5_r33_o19_h05_s0_bins.npz,1372,e54ad05aec4490a9444e2a6f7eb642127218b3d1060d09f91581f88f4e28e620,raw_numeric,raw recovery trace archive; regenerable from source
recovery_phase2/V2/tau4.5_r33_o19_h05_s0_dense.npz,6090673,b32ede00bb4a8392ade157f27a96ecc9402b74815717f971d854cadd3f3cd0a8,raw_numeric,raw recovery trace archive; regenerable from source
recovery_phase2/V2/tau4.5_r33_o19_h05_s0_snapshots.csv,1863,e012c960c1cec57c0ca5c0899710f5d712179d7c807c8973685fdd4aa17a5599,raw_numeric,raw recovery trajectory/snapshot; regenerable from source
recovery_phase2/V2/tau4.5_r33_o19_h05_s0_snapshots.npz,4821,6e2916ca305bcaa544fe99b4bf3ce0068cc6ebc455d2cfd0d23d031033eeed6e,raw_numeric,raw recovery trace archive; regenerable from source
recovery_phase2/V2/tau4.5_r33_o19_h05_s1.csv,5723124,f87b39422ebaf4347e2eca7ce648ef27c37ca7de6ff165ab9ab69ee381d88a11,raw_numeric,raw recovery trajectory/snapshot; regenerable from source
recovery_phase2/V2/tau4.5_r33_o19_h05_s1.npz,1549358,b5460b0d0029b12699f95d64b1098c9138b430ee23538c41897176bc46037f3c,raw_numeric,raw recovery trace archive; regenerable from source
recovery_phase2/V2/tau4.5_r33_o19_h05_s1_bins.npz,1446,47fd4b0fe7d50f5a20a4103d939514b63353f9568726be537b25837a3d5aed22,raw_numeric,raw recovery trace archive; regenerable from source
recovery_phase2/V2/tau4.5_r33_o19_h05_s1_dense.npz,7495710,2567651c302549aa53c4aa055a66092b4870049fd17dc581a5735e62d9880e9e,raw_numeric,raw recovery trace archive; regenerable from source
recovery_phase2/V2/tau4.5_r33_o19_h05_s1_snapshots.csv,2068,8afbe7050de25a46c93ff1a3166c743ca67c2cc53fbceaebcbe099fafa3ab2c0,raw_numeric,raw recovery trajectory/snapshot; regenerable from source
recovery_phase2/V2/tau4.5_r33_o19_h05_s1_snapshots.npz,4928,af777326e5f7ee3e55c9d5eb0a72fc9e1912f087993def1fc9456e45019b4e5c,raw_numeric,raw recovery trace archive; regenerable from source
recovery_phase2/V2/tau4.5_r33_o19_h1_s0.csv,4926321,27c151fe1501c25d1083e4ae55fac719a32707a523d098bb3df31942cfc5f20b,raw_numeric,raw recovery trajectory/snapshot; regenerable from source
recovery_phase2/V2/tau4.5_r33_o19_h1_s0.npz,1248267,e08b4e04dbdf16a6ae649d6a8463ac85bbdfc4cd6a85c3d4cfbbfbe861a307f8,raw_numeric,raw recovery trace archive; regenerable from source
recovery_phase2/V2/tau4.5_r33_o19_h1_s0_bins.npz,1367,a26df836564ecb1c6b64df7d0f2cd0876003d0aa6a2328474cfea095e8bdb3f9,raw_numeric,raw recovery trace archive; regenerable from source
recovery_phase2/V2/tau4.5_r33_o19_h1_s0_dense.npz,6035890,c558037f1b0cba90b5d15bb93072316f23a73fa1baddff99525c3ad012f24305,raw_numeric,raw recovery trace archive; regenerable from source
recovery_phase2/V2/tau4.5_r33_o19_h1_s0_snapshots.csv,1869,c8c5b2f530cc51e0389c4c60565f7ec8e3c4acd39aea77cccae78348bcee2729,raw_numeric,raw recovery trajectory/snapshot; regenerable from source
recovery_phase2/V2/tau4.5_r33_o19_h1_s0_snapshots.npz,4827,e519226dd714bf1fafce93709bca70dda83e60d5fa9c60d8c5367b730b3e8b9a,raw_numeric,raw recovery trace archive; regenerable from source
recovery_phase2/V2/tau4.5_r33_o19_h1_s1.csv,5722438,b5e516b38add69e3bf9bc9cfaa8bd748a298f3f5de1d98cf5f266ddb9ff28159,raw_numeric,raw recovery trajectory/snapshot; regenerable from source
recovery_phase2/V2/tau4.5_r33_o19_h1_s1.npz,1552927,1054199bf2a188251baca0a530cbf177cedf70430d7e1e7e72707781411a59e4,raw_numeric,raw recovery trace archive; regenerable from source
recovery_phase2/V2/tau4.5_r33_o19_h1_s1_bins.npz,1442,d60480d912e92dca5271a2ea834359a4645deb32db2bdf80a115582ff12d21b1,raw_numeric,raw recovery trace archive; regenerable from source
recovery_phase2/V2/tau4.5_r33_o19_h1_s1_dense.npz,7440078,2a5c3065e979dfe2de9cb840c581d80c3e1346e1b41a60458845edf2f21b4613,raw_numeric,raw recovery trace archive; regenerable from source
recovery_phase2/V2/tau4.5_r33_o19_h1_s1_snapshots.csv,2074,e5a49a6fa7d7f068007baf53aa6ea8f2bd08b394d5f3a4c836bee0edbecf6677,raw_numeric,raw recovery trajectory/snapshot; regenerable from source
recovery_phase2/V2/tau4.5_r33_o19_h1_s1_snapshots.npz,4930,2c55402df9d23b04924f622962997140266fc7b9d70e7d78379e4092e3420823,raw_numeric,raw recovery trace archive; regenerable from source
recovery_phase2/V2/tau4.5_r33_o61_h05_s0.csv,4926786,8902666d1a757ea883824bee8c4fdbbf17687b7a40095d660a4c0dfb358b6ccd,raw_numeric,raw recovery trajectory/snapshot; regenerable from source
recovery_phase2/V2/tau4.5_r33_o61_h05_s0.npz,1237720,7184f4221190713fe9694c3ea617ca99e3418a1a92d4af812f6ad0976c49a44b,raw_numeric,raw recovery trace archive; regenerable from source
recovery_phase2/V2/tau4.5_r33_o61_h05_s0_bins.npz,1371,5dfffc144634463c18786b2b866ffc64b58933499a451d164ab5968120635bda,raw_numeric,raw recovery trace archive; regenerable from source
recovery_phase2/V2/tau4.5_r33_o61_h05_s0_dense.npz,6090322,b6a4e664f757c99d90731b1071c79732d9b5604a0cc96e8b727f643d0ee3768d,raw_numeric,raw recovery trace archive; regenerable from source
recovery_phase2/V2/tau4.5_r33_o61_h05_s0_snapshots.csv,1868,b7c162fb63ffcef3a8b5b82ca43e71271775e8a094b1610bf0cc298945903062,raw_numeric,raw recovery trajectory/snapshot; regenerable from source
recovery_phase2/V2/tau4.5_r33_o61_h05_s0_snapshots.npz,4827,87a02810a0d07b912bcf9d62e62913374ae319984b15f70e4cba30c4cf36d2a2,raw_numeric,raw recovery trace archive; regenerable from source
recovery_phase2/V2/tau4.5_r33_o61_h05_s1.csv,5722755,7bd3f40ee6605328e9fe6e5c888eba5a50cbfc098d4ede3bb8c00008afa814ac,raw_numeric,raw recovery trajectory/snapshot; regenerable from source
recovery_phase2/V2/tau4.5_r33_o61_h05_s1.npz,1549629,c5fd5cd901c80c9b9b751780fb34505f13190a76b707a0071364fb5e9eb72922,raw_numeric,raw recovery trace archive; regenerable from source
recovery_phase2/V2/tau4.5_r33_o61_h05_s1_bins.npz,1446,63cc2837dfb9b7420179d403a85b5279c551cecc10b83d8650f275e3774ad362,raw_numeric,raw recovery trace archive; regenerable from source
recovery_phase2/V2/tau4.5_r33_o61_h05_s1_dense.npz,7496458,227f17b9a76744fd8942e983d439e6ca5e47f6729572f9772bb555e9e1eacae2,raw_numeric,raw recovery trace archive; regenerable from source
recovery_phase2/V2/tau4.5_r33_o61_h05_s1_snapshots.csv,2073,3224cc36d877a1552df81c29c3e4e1b2212c5da103304e5d22851ff6d3968ed5,raw_numeric,raw recovery trajectory/snapshot; regenerable from source
recovery_phase2/V2/tau4.5_r33_o61_h05_s1_snapshots.npz,4916,7915a2200ba3ef5b08fad8492f1307a06be416ab0e000300f4b2aa4df0eaa7c0,raw_numeric,raw recovery trace archive; regenerable from source
recovery_phase2/V2/tau4.5_r33_o61_h1_s0.csv,4926623,fd26e91e11cedc399c818e1d3eca323f675df1373db04d356d5addfd2b16d1ef,raw_numeric,raw recovery trajectory/snapshot; regenerable from source
recovery_phase2/V2/tau4.5_r33_o61_h1_s0.npz,1247576,16cb7625e8c02f71282bb8d5e6209984aaf14529839decb093c2c564435fa7c6,raw_numeric,raw recovery trace archive; regenerable from source
recovery_phase2/V2/tau4.5_r33_o61_h1_s0_bins.npz,1367,eb704f60ed3c017653888b34cc54e52d3fa32b109b7fd481bfba19a458f6806c,raw_numeric,raw recovery trace archive; regenerable from source
recovery_phase2/V2/tau4.5_r33_o61_h1_s0_dense.npz,6036157,14cf3f9e7fec6e40ddeb8d55e840696e0eb48c0f77bcf4ec308522e88973d538,raw_numeric,raw recovery trace archive; regenerable from source
recovery_phase2/V2/tau4.5_r33_o61_h1_s0_snapshots.csv,1870,fa144c42fc4bb0b6ea769976d8cc1bc9ff49b638f0481f5fc857d1e7eb261dd6,raw_numeric,raw recovery trajectory/snapshot; regenerable from source
recovery_phase2/V2/tau4.5_r33_o61_h1_s0_snapshots.npz,4831,67ae2986e377b13ccc94b5bac9a6829907f03be24f1dc69cfb15546c06f798a7,raw_numeric,raw recovery trace archive; regenerable from source
recovery_phase2/V2/tau4.5_r33_o61_h1_s1.csv,5721688,9e843dd3ff3a624346ee8b19cc796f5dcc5896e30f82cbc66211d9e94b2044ab,raw_numeric,raw recovery trajectory/snapshot; regenerable from source
recovery_phase2/V2/tau4.5_r33_o61_h1_s1.npz,1553444,2e5f9a67235ccea673fe32d7790d827394a8f1fc1110505f257b52a1b8fbad9a,raw_numeric,raw recovery trace archive; regenerable from source
recovery_phase2/V2/tau4.5_r33_o61_h1_s1_bins.npz,1437,c10e129d771c64e9568249c912b0e15a4c30f71d34cd167d54390f70ff1b93e8,raw_numeric,raw recovery trace archive; regenerable from source
recovery_phase2/V2/tau4.5_r33_o61_h1_s1_dense.npz,7440775,d99a1e0d3c02338c73306ff631460b0f77e3b5d6b6208212d607b722b3696b62,raw_numeric,raw recovery trace archive; regenerable from source
recovery_phase2/V2/tau4.5_r33_o61_h1_s1_snapshots.csv,2072,f5a4aaf800e6a2fbee07039073b46a1cbd3a1351a72f522a2e0aa245d94e9d5c,raw_numeric,raw recovery trajectory/snapshot; regenerable from source
recovery_phase2/V2/tau4.5_r33_o61_h1_s1_snapshots.npz,4919,8863f17eb90a163840038329a75af9695fa7a6450e4fdafab06c17b2fb7971a2,raw_numeric,raw recovery trace archive; regenerable from source
recovery_phase2/V2/tau4_r25_o37_h05_s0.csv,4926804,2ddad3cc5948a9162e4971815fbeab2b78a51d753287292d7c29b3520bbd2f53,raw_numeric,raw recovery trajectory/snapshot; regenerable from source
recovery_phase2/V2/tau4_r25_o37_h05_s0.npz,1237388,d2e2073026dfe82b0c4d37bca62f3c1f361e42a9599c9a26fab506ce804d2137,raw_numeric,raw recovery trace archive; regenerable from source
recovery_phase2/V2/tau4_r25_o37_h05_s0_bins.npz,1373,754d37317a0a8f0cb8f98638845ed1226137769996e15747513fe91529781fef,raw_numeric,raw recovery trace archive; regenerable from source
recovery_phase2/V2/tau4_r25_o37_h05_s0_dense.npz,6090631,d47330ded3f1f0bcaf1d4c27826de11769d81b14e4d50a29143fe25c409675ef,raw_numeric,raw recovery trace archive; regenerable from source
recovery_phase2/V2/tau4_r25_o37_h05_s0_snapshots.csv,1854,146a2fc8d41ae713331e95052f97e61c9818005cb403975fe56cadc94d552b7c,raw_numeric,raw recovery trajectory/snapshot; regenerable from source
recovery_phase2/V2/tau4_r25_o37_h05_s0_snapshots.npz,4818,ef253f5d4a56c4682b0964b82b0d3cee02656cce4a9a767008dbcf6683ff9ac0,raw_numeric,raw recovery trace archive; regenerable from source
recovery_phase2/V2/tau4_r25_o37_h05_s1.csv,5647047,5af514d120d7c2254a9eaeaa9dd072bbc4aca3c90a6fc1822c282639de1861bb,raw_numeric,raw recovery trajectory/snapshot; regenerable from source
recovery_phase2/V2/tau4_r25_o37_h05_s1.npz,1633627,5ee5ddbaa357f94cca24e935dd4ec9585cee7604c185971445ffe19a4b734785,raw_numeric,raw recovery trace archive; regenerable from source
recovery_phase2/V2/tau4_r25_o37_h05_s1_bins.npz,1444,28a947d63f2da16a783f86e77cc12037bf900878205c24a06b9daca994301d61,raw_numeric,raw recovery trace archive; regenerable from source
recovery_phase2/V2/tau4_r25_o37_h05_s1_dense.npz,7686533,a7bbd341e3784980d01a4652bb3b0b35216d38314bf6fde0f6155e710917cb01,raw_numeric,raw recovery trace archive; regenerable from source
recovery_phase2/V2/tau4_r25_o37_h05_s1_snapshots.csv,2047,84b095996cc13a91480fe91766cbba13c53d0eb28b8ff04fd4cb7a2a75e394f8,raw_numeric,raw recovery trajectory/snapshot; regenerable from source
recovery_phase2/V2/tau4_r25_o37_h05_s1_snapshots.npz,4943,a9d988b2b404168ae3465dc464e453e2c4c70d4861cca94335705b02d78f59ac,raw_numeric,raw recovery trace archive; regenerable from source
recovery_phase2/V2/tau4_r25_o37_h1_s0.csv,4926589,25ed12c3005d9dde369eb7333fdc88544318d2d1e4973ae579127eb4fd9807d3,raw_numeric,raw recovery trajectory/snapshot; regenerable from source
recovery_phase2/V2/tau4_r25_o37_h1_s0.npz,1248021,aac8327fe69310f646a12950c03a324bffcdbe8578d1a902fdb8a96094d019dd,raw_numeric,raw recovery trace archive; regenerable from source
recovery_phase2/V2/tau4_r25_o37_h1_s0_bins.npz,1365,1b8cdca52a61bb108d9da3d9e7a872352cf5bb18f18bebf29d60389db57e015c,raw_numeric,raw recovery trace archive; regenerable from source
recovery_phase2/V2/tau4_r25_o37_h1_s0_dense.npz,6035995,4a5b64913f4f0f630857352ba3d567e47f5895e39ba1478f339bd8210d17e9be,raw_numeric,raw recovery trace archive; regenerable from source
recovery_phase2/V2/tau4_r25_o37_h1_s0_snapshots.csv,1860,624c98628777da554459251a6d1e03f1e22e8da76d3a332a1071fe30ab7a3bc5,raw_numeric,raw recovery trajectory/snapshot; regenerable from source
recovery_phase2/V2/tau4_r25_o37_h1_s0_snapshots.npz,4824,364368eed6323f9820a50b0d6f069415a3de86e8fe05dff0d038ac79a0dff794,raw_numeric,raw recovery trace archive; regenerable from source
recovery_phase2/V2/tau4_r25_o37_h1_s1.csv,5645870,6bdbec850343c35f9f46648d09e6890da420cf1941fa5c2bca0649cf7289a37d,raw_numeric,raw recovery trajectory/snapshot; regenerable from source
recovery_phase2/V2/tau4_r25_o37_h1_s1.npz,1629046,247837c3a1054b8c600d5d18844f12ba430e4a211e46f519f5c4e14d8261521d,raw_numeric,raw recovery trace archive; regenerable from source
recovery_phase2/V2/tau4_r25_o37_h1_s1_bins.npz,1438,fe064c3d415d3c0ee5c078105e56133e532d36d329615205a2826fac84834c3d,raw_numeric,raw recovery trace archive; regenerable from source
recovery_phase2/V2/tau4_r25_o37_h1_s1_dense.npz,7632316,6daf6f03819ed40e2cbf240062e38d85e142323d73ceebb1a95973ba08de6365,raw_numeric,raw recovery trace archive; regenerable from source
recovery_phase2/V2/tau4_r25_o37_h1_s1_snapshots.csv,2052,98c8524c6a341576c9a02274937bc96aedfe85fb8e8c20aa0433079a462633f9,raw_numeric,raw recovery trajectory/snapshot; regenerable from source
recovery_phase2/V2/tau4_r25_o37_h1_s1_snapshots.npz,4946,45ec2601bd2a50926485b34cce9edb7a51a1d2dd239bc3f8f11308eab5d2e885,raw_numeric,raw recovery trace archive; regenerable from source
recovery_phase2/V2/tau4_r25_o73_h05_s0.csv,4926806,80aa14ecd5c31880b6c7ed6e3a9861009f719e1172294d6cd6c4376e4fc1ff20,raw_numeric,raw recovery trajectory/snapshot; regenerable from source
recovery_phase2/V2/tau4_r25_o73_h05_s0.npz,1237900,83b811945f8225cf97b07b0fde9c61ff71f495448868d14375d2d3fa8ac9a4b4,raw_numeric,raw recovery trace archive; regenerable from source
recovery_phase2/V2/tau4_r25_o73_h05_s0_bins.npz,1370,bac2efad6254cd145d6a973a84be7267a57104196c15c4ae86566d4a5c2fbcc9,raw_numeric,raw recovery trace archive; regenerable from source
recovery_phase2/V2/tau4_r25_o73_h05_s0_dense.npz,6090298,caf0ed2b1a17a40c62ff98ea0473d564fe2ce61b9481a535c446c93e934463ab,raw_numeric,raw recovery trace archive; regenerable from source
recovery_phase2/V2/tau4_r25_o73_h05_s0_snapshots.csv,1866,147306e91db417c37b3f86a1620d84653f80f2784b6c9fd62910e5453868d9c3,raw_numeric,raw recovery trajectory/snapshot; regenerable from source
recovery_phase2/V2/tau4_r25_o73_h05_s0_snapshots.npz,4825,e987ae2a39befccd3901b3dea01e1d62a909c26f7303ad09b17dd9f16efb0b29,raw_numeric,raw recovery trace archive; regenerable from source
recovery_phase2/V2/tau4_r25_o73_h05_s1.csv,5646915,a8aa4071ddeedb54307122f8dceba2d27d4257e7b44ad467f4410984f83deb8f,raw_numeric,raw recovery trajectory/snapshot; regenerable from source
recovery_phase2/V2/tau4_r25_o73_h05_s1.npz,1633703,a784583e158ab6db68f93063bbd584e7d9c68f064d43e7447d1a1d41f07659a0,raw_numeric,raw recovery trace archive; regenerable from source
recovery_phase2/V2/tau4_r25_o73_h05_s1_bins.npz,1444,aafecf4ddd729b24764c5483a924fbd735afd852b2b741744cbe1c0e7ed91d69,raw_numeric,raw recovery trace archive; regenerable from source
recovery_phase2/V2/tau4_r25_o73_h05_s1_dense.npz,7686551,9df8a45ced3b6fce09f78f8cff4bcfcde445ab794b907052d60e16ff6651f27c,raw_numeric,raw recovery trace archive; regenerable from source
recovery_phase2/V2/tau4_r25_o73_h05_s1_snapshots.csv,2057,38df4d7e053d34443499aed0889876c3b44314d231bdefb13b0c033715fba2c4,raw_numeric,raw recovery trajectory/snapshot; regenerable from source
recovery_phase2/V2/tau4_r25_o73_h05_s1_snapshots.npz,4930,7920cd3a27472197b5070737688c98591291f91de015566a054e094d528f7045,raw_numeric,raw recovery trace archive; regenerable from source
recovery_phase2/V2/tau4_r25_o73_h1_s0.csv,4926620,fc72a03876851da01db5d59ca42576cae4196677ee58cbcda26f726914796870,raw_numeric,raw recovery trajectory/snapshot; regenerable from source
recovery_phase2/V2/tau4_r25_o73_h1_s0.npz,1247963,129fd90090589c40a3618871fdf19f2b45d26c2bd8429638c434d4861de5f09a,raw_numeric,raw recovery trace archive; regenerable from source
recovery_phase2/V2/tau4_r25_o73_h1_s0_bins.npz,1368,ebc0100ff01a4a6c0bd9ca2f278f65b09fd6ebc7cf249d3ec66fba4572294879,raw_numeric,raw recovery trace archive; regenerable from source
recovery_phase2/V2/tau4_r25_o73_h1_s0_dense.npz,6036159,bc42a1ddf07d8fc38d27703163b6ab8619b2c4d69bf9635dfcbeabf826be2446,raw_numeric,raw recovery trace archive; regenerable from source
recovery_phase2/V2/tau4_r25_o73_h1_s0_snapshots.csv,1869,b5388ea9c2c971017e39ee3dd35fb2dcc666423684598ca0ef4af434b55df788,raw_numeric,raw recovery trajectory/snapshot; regenerable from source
recovery_phase2/V2/tau4_r25_o73_h1_s0_snapshots.npz,4828,2c0442bcdf545c0659fe530504cf71f0a09f32f34ab71431b2a3010a4d570ccd,raw_numeric,raw recovery trace archive; regenerable from source
recovery_phase2/V2/tau4_r25_o73_h1_s1.csv,5645911,fce9af638a211d92408d5e711e451d5c3957419ad02b0282a73cae4ffbdbce03,raw_numeric,raw recovery trajectory/snapshot; regenerable from source
recovery_phase2/V2/tau4_r25_o73_h1_s1.npz,1628946,437591b0b8ec081adc35118af04f8fd9915ec9736a6593ce6bb7b7ffba7e83be,raw_numeric,raw recovery trace archive; regenerable from source
recovery_phase2/V2/tau4_r25_o73_h1_s1_bins.npz,1442,355b84672f7f9043b6269dac764088ba8b50a7825475a16a867dbbf4395b4e83,raw_numeric,raw recovery trace archive; regenerable from source
recovery_phase2/V2/tau4_r25_o73_h1_s1_dense.npz,7632599,598922dd87e1589cead27aa1b915a9aa8841c3d1103f45dc0346c1df0007599a,raw_numeric,raw recovery trace archive; regenerable from source
recovery_phase2/V2/tau4_r25_o73_h1_s1_snapshots.csv,2058,ad5233e623f9c8e6ab2c79f70cc14f0044b8bcb97deff3fcb6778c734d935054,raw_numeric,raw recovery trajectory/snapshot; regenerable from source
recovery_phase2/V2/tau4_r25_o73_h1_s1_snapshots.npz,4933,40c3ab5a3c9d180928797927061de183b96122fa81b7af82cad5f6c0e9c7fa25,raw_numeric,raw recovery trace archive; regenerable from source
recovery_phase2/V2/tau4_r35_o37_h05_s0.csv,4926804,2ddad3cc5948a9162e4971815fbeab2b78a51d753287292d7c29b3520bbd2f53,raw_numeric,raw recovery trajectory/snapshot; regenerable from source
recovery_phase2/V2/tau4_r35_o37_h05_s0.npz,1237388,d2e2073026dfe82b0c4d37bca62f3c1f361e42a9599c9a26fab506ce804d2137,raw_numeric,raw recovery trace archive; regenerable from source
recovery_phase2/V2/tau4_r35_o37_h05_s0_bins.npz,1373,754d37317a0a8f0cb8f98638845ed1226137769996e15747513fe91529781fef,raw_numeric,raw recovery trace archive; regenerable from source
recovery_phase2/V2/tau4_r35_o37_h05_s0_dense.npz,6090631,d47330ded3f1f0bcaf1d4c27826de11769d81b14e4d50a29143fe25c409675ef,raw_numeric,raw recovery trace archive; regenerable from source
recovery_phase2/V2/tau4_r35_o37_h05_s0_snapshots.csv,1854,146a2fc8d41ae713331e95052f97e61c9818005cb403975fe56cadc94d552b7c,raw_numeric,raw recovery trajectory/snapshot; regenerable from source
recovery_phase2/V2/tau4_r35_o37_h05_s0_snapshots.npz,4818,ef253f5d4a56c4682b0964b82b0d3cee02656cce4a9a767008dbcf6683ff9ac0,raw_numeric,raw recovery trace archive; regenerable from source
recovery_phase2/V2/tau4_r35_o37_h05_s1.csv,5685948,0b2aba0a0b5a3b5f5d47fd5a9e0f95829b2dccc50f481929b86aa018535e4946,raw_numeric,raw recovery trajectory/snapshot; regenerable from source
recovery_phase2/V2/tau4_r35_o37_h05_s1.npz,1579106,27a9c38ff64f0081a451ec0a3f1ff339822164cd517ccc254f2437e762dddf1d,raw_numeric,raw recovery trace archive; regenerable from source
recovery_phase2/V2/tau4_r35_o37_h05_s1_bins.npz,1442,fadc7d234f756ca6ddb02f34eab73a882cb25f38967d89ceddf5f58ad9f480eb,raw_numeric,raw recovery trace archive; regenerable from source
recovery_phase2/V2/tau4_r35_o37_h05_s1_dense.npz,7577485,7d49a85eb76443cc835934744b3d6aeda92f2cf7c026ff11ad4bc22e67a979df,raw_numeric,raw recovery trace archive; regenerable from source
recovery_phase2/V2/tau4_r35_o37_h05_s1_snapshots.csv,2059,b9abd9ab9f340b207283306bbcfa924781f2ac58f8063328a63ea2a1ad167332,raw_numeric,raw recovery trajectory/snapshot; regenerable from source
recovery_phase2/V2/tau4_r35_o37_h05_s1_snapshots.npz,4932,9fb997a8e2f4b23b497bb07448a45280ddfa03916bc3d3c1acc0a833f71b2b2d,raw_numeric,raw recovery trace archive; regenerable from source
recovery_phase2/V2/tau4_r35_o37_h1_s0.csv,4926589,25ed12c3005d9dde369eb7333fdc88544318d2d1e4973ae579127eb4fd9807d3,raw_numeric,raw recovery trajectory/snapshot; regenerable from source
recovery_phase2/V2/tau4_r35_o37_h1_s0.npz,1248021,aac8327fe69310f646a12950c03a324bffcdbe8578d1a902fdb8a96094d019dd,raw_numeric,raw recovery trace archive; regenerable from source
recovery_phase2/V2/tau4_r35_o37_h1_s0_bins.npz,1365,1b8cdca52a61bb108d9da3d9e7a872352cf5bb18f18bebf29d60389db57e015c,raw_numeric,raw recovery trace archive; regenerable from source
recovery_phase2/V2/tau4_r35_o37_h1_s0_dense.npz,6035995,4a5b64913f4f0f630857352ba3d567e47f5895e39ba1478f339bd8210d17e9be,raw_numeric,raw recovery trace archive; regenerable from source
recovery_phase2/V2/tau4_r35_o37_h1_s0_snapshots.csv,1860,624c98628777da554459251a6d1e03f1e22e8da76d3a332a1071fe30ab7a3bc5,raw_numeric,raw recovery trajectory/snapshot; regenerable from source
recovery_phase2/V2/tau4_r35_o37_h1_s0_snapshots.npz,4824,364368eed6323f9820a50b0d6f069415a3de86e8fe05dff0d038ac79a0dff794,raw_numeric,raw recovery trace archive; regenerable from source
recovery_phase2/V2/tau4_r35_o37_h1_s1.csv,5685895,415c1806947cf4c4e86dbd9a094c537829b3e0d8d6da005723a79b90ea795d4c,raw_numeric,raw recovery trajectory/snapshot; regenerable from source
recovery_phase2/V2/tau4_r35_o37_h1_s1.npz,1578800,727b6736b4b059390850ed2bbdbd32b21b2f35727c3637593733fcf73051a991,raw_numeric,raw recovery trace archive; regenerable from source
recovery_phase2/V2/tau4_r35_o37_h1_s1_bins.npz,1441,72fb7aa8c7bc34d86122af2cdf0384c4222a30558683569972d454884cd9e427,raw_numeric,raw recovery trace archive; regenerable from source
recovery_phase2/V2/tau4_r35_o37_h1_s1_dense.npz,7523109,e380f56e5dbcd8f92392ac105fb28f2484db2dfca41d8f0b45531d7ebe040069,raw_numeric,raw recovery trace archive; regenerable from source
recovery_phase2/V2/tau4_r35_o37_h1_s1_snapshots.csv,2062,a569cf4bf080e88f3f21a60f020bb574f05a41fd6ff4dfd2934745b49fdd4af6,raw_numeric,raw recovery trajectory/snapshot; regenerable from source
recovery_phase2/V2/tau4_r35_o37_h1_s1_snapshots.npz,4933,4ad2835df9b715e4e206fe59d26c7f2dfa756bea23090ac4077b16d9ade5d30c,raw_numeric,raw recovery trace archive; regenerable from source
recovery_phase2/V2/tau4_r35_o73_h05_s0.csv,4926806,80aa14ecd5c31880b6c7ed6e3a9861009f719e1172294d6cd6c4376e4fc1ff20,raw_numeric,raw recovery trajectory/snapshot; regenerable from source
recovery_phase2/V2/tau4_r35_o73_h05_s0.npz,1237900,83b811945f8225cf97b07b0fde9c61ff71f495448868d14375d2d3fa8ac9a4b4,raw_numeric,raw recovery trace archive; regenerable from source
recovery_phase2/V2/tau4_r35_o73_h05_s0_bins.npz,1370,bac2efad6254cd145d6a973a84be7267a57104196c15c4ae86566d4a5c2fbcc9,raw_numeric,raw recovery trace archive; regenerable from source
recovery_phase2/V2/tau4_r35_o73_h05_s0_dense.npz,6090298,caf0ed2b1a17a40c62ff98ea0473d564fe2ce61b9481a535c446c93e934463ab,raw_numeric,raw recovery trace archive; regenerable from source
recovery_phase2/V2/tau4_r35_o73_h05_s0_snapshots.csv,1866,147306e91db417c37b3f86a1620d84653f80f2784b6c9fd62910e5453868d9c3,raw_numeric,raw recovery trajectory/snapshot; regenerable from source
recovery_phase2/V2/tau4_r35_o73_h05_s0_snapshots.npz,4825,e987ae2a39befccd3901b3dea01e1d62a909c26f7303ad09b17dd9f16efb0b29,raw_numeric,raw recovery trace archive; regenerable from source
recovery_phase2/V2/tau4_r35_o73_h05_s1.csv,5685904,1a9657d0b84578eede23bba92c2d62dd999e170268f838f13c827db525ba9431,raw_numeric,raw recovery trajectory/snapshot; regenerable from source
recovery_phase2/V2/tau4_r35_o73_h05_s1.npz,1578513,a80edc86343a300b4f2496ad6f2b9929a2dbb3ca43f3afece57418d9563d7b34,raw_numeric,raw recovery trace archive; regenerable from source
recovery_phase2/V2/tau4_r35_o73_h05_s1_bins.npz,1445,1b3cb009e7f45165920dbe0228573dbe158aa18b100de34f454fc7dc8ae6bb98,raw_numeric,raw recovery trace archive; regenerable from source
recovery_phase2/V2/tau4_r35_o73_h05_s1_dense.npz,7576841,a6fad699eef0e6b01c80a03784d28366f436f6a182a24348b44a3ff884491cef,raw_numeric,raw recovery trace archive; regenerable from source
recovery_phase2/V2/tau4_r35_o73_h05_s1_snapshots.csv,2068,907d4a806e4c08e21d01b748d4cfc9d301e1f3fb1aff45224994c6d292c04ad1,raw_numeric,raw recovery trajectory/snapshot; regenerable from source
recovery_phase2/V2/tau4_r35_o73_h05_s1_snapshots.npz,4914,deda8b4e4cdb2a5a6e9096936a48bfcdaa6d3c5ca94921d0e274d5bb0f415c55,raw_numeric,raw recovery trace archive; regenerable from source
recovery_phase2/V2/tau4_r35_o73_h1_s0.csv,4926620,fc72a03876851da01db5d59ca42576cae4196677ee58cbcda26f726914796870,raw_numeric,raw recovery trajectory/snapshot; regenerable from source
recovery_phase2/V2/tau4_r35_o73_h1_s0.npz,1247963,129fd90090589c40a3618871fdf19f2b45d26c2bd8429638c434d4861de5f09a,raw_numeric,raw recovery trace archive; regenerable from source
recovery_phase2/V2/tau4_r35_o73_h1_s0_bins.npz,1368,ebc0100ff01a4a6c0bd9ca2f278f65b09fd6ebc7cf249d3ec66fba4572294879,raw_numeric,raw recovery trace archive; regenerable from source
recovery_phase2/V2/tau4_r35_o73_h1_s0_dense.npz,6036159,bc42a1ddf07d8fc38d27703163b6ab8619b2c4d69bf9635dfcbeabf826be2446,raw_numeric,raw recovery trace archive; regenerable from source
recovery_phase2/V2/tau4_r35_o73_h1_s0_snapshots.csv,1869,b5388ea9c2c971017e39ee3dd35fb2dcc666423684598ca0ef4af434b55df788,raw_numeric,raw recovery trajectory/snapshot; regenerable from source
recovery_phase2/V2/tau4_r35_o73_h1_s0_snapshots.npz,4828,2c0442bcdf545c0659fe530504cf71f0a09f32f34ab71431b2a3010a4d570ccd,raw_numeric,raw recovery trace archive; regenerable from source
recovery_phase2/V2/tau4_r35_o73_h1_s1.csv,5685312,34813207c6cdf5ef21d135ea7da00651a87962df8bbdbacdaa4444b11561740e,raw_numeric,raw recovery trajectory/snapshot; regenerable from source
recovery_phase2/V2/tau4_r35_o73_h1_s1.npz,1578148,17cb86d83de6a53a6c8b6cba2880846671506b2bd82cb651031ca129ba8a94e2,raw_numeric,raw recovery trace archive; regenerable from source
recovery_phase2/V2/tau4_r35_o73_h1_s1_bins.npz,1438,5b3c25e7a673a449c71d612451e00063fc6cd0c9fdb0b1fe5a5edf0709f83df5,raw_numeric,raw recovery trace archive; regenerable from source
recovery_phase2/V2/tau4_r35_o73_h1_s1_dense.npz,7523148,1a7f2d808b61b9f955dca75777172a46c251e9160bd1b045db6d4a8f631b3b28,raw_numeric,raw recovery trace archive; regenerable from source
recovery_phase2/V2/tau4_r35_o73_h1_s1_snapshots.csv,2068,2b868ce1372310fd405e516f0070a299fa8418e28f1024bc2eed217813e0f6b3,raw_numeric,raw recovery trajectory/snapshot; regenerable from source
recovery_phase2/V2/tau4_r35_o73_h1_s1_snapshots.npz,4915,d4933c16c00d8d99af29cde707b27a674190a8357bc6fffeaf7d1bf201758ec5,raw_numeric,raw recovery trace archive; regenerable from source
recovery_phase2/V2/tau5.5_r27_o19_h05_s0.csv,4926697,a2cde03ddb976ef12242198cc5c7dc3909daaa8e074214babed9af61380fd4ba,raw_numeric,raw recovery trajectory/snapshot; regenerable from source
recovery_phase2/V2/tau5.5_r27_o19_h05_s0.npz,1237692,0fd5a834dce2d1daa23d0dbf13fbab85508006a17d423684b84084c5ef96990c,raw_numeric,raw recovery trace archive; regenerable from source
recovery_phase2/V2/tau5.5_r27_o19_h05_s0_bins.npz,1372,e54ad05aec4490a9444e2a6f7eb642127218b3d1060d09f91581f88f4e28e620,raw_numeric,raw recovery trace archive; regenerable from source
recovery_phase2/V2/tau5.5_r27_o19_h05_s0_dense.npz,6090673,b32ede00bb4a8392ade157f27a96ecc9402b74815717f971d854cadd3f3cd0a8,raw_numeric,raw recovery trace archive; regenerable from source
recovery_phase2/V2/tau5.5_r27_o19_h05_s0_snapshots.csv,1863,e012c960c1cec57c0ca5c0899710f5d712179d7c807c8973685fdd4aa17a5599,raw_numeric,raw recovery trajectory/snapshot; regenerable from source
recovery_phase2/V2/tau5.5_r27_o19_h05_s0_snapshots.npz,4821,6e2916ca305bcaa544fe99b4bf3ce0068cc6ebc455d2cfd0d23d031033eeed6e,raw_numeric,raw recovery trace archive; regenerable from source
recovery_phase2/V2/tau5.5_r27_o19_h05_s1.csv,5667097,c4c9be8cb36fb404d8bcddf05614edacf647fe9b0f1fdcf4c0d294fd5a2c775b,raw_numeric,raw recovery trajectory/snapshot; regenerable from source
recovery_phase2/V2/tau5.5_r27_o19_h05_s1.npz,1603850,78cd862851bcdd25396308680113f6bc36f8bad3a2e0b46c5e237750c7a843f8,raw_numeric,raw recovery trace archive; regenerable from source
recovery_phase2/V2/tau5.5_r27_o19_h05_s1_bins.npz,1442,3266a95387c04655ad6333f3dc24e770457ba80169203c1acad7ed20485ec144,raw_numeric,raw recovery trace archive; regenerable from source
recovery_phase2/V2/tau5.5_r27_o19_h05_s1_dense.npz,7627086,e95f430097ff8e71985cf9c92e183957c1c898fda4f7d0164704bbeb575cce20,raw_numeric,raw recovery trace archive; regenerable from source
recovery_phase2/V2/tau5.5_r27_o19_h05_s1_snapshots.csv,2063,9b18a7a9e1dedb1cbf321445c888a165fccad473a42f8d63d5872138e48b6a1d,raw_numeric,raw recovery trajectory/snapshot; regenerable from source
recovery_phase2/V2/tau5.5_r27_o19_h05_s1_snapshots.npz,4932,b61c9b01f2550fd9a37ff4189992b4f468438aa291a2c8d6c940fee0edfb058f,raw_numeric,raw recovery trace archive; regenerable from source
recovery_phase2/V2/tau5.5_r27_o19_h1_s0.csv,4926321,27c151fe1501c25d1083e4ae55fac719a32707a523d098bb3df31942cfc5f20b,raw_numeric,raw recovery trajectory/snapshot; regenerable from source
recovery_phase2/V2/tau5.5_r27_o19_h1_s0.npz,1248267,e08b4e04dbdf16a6ae649d6a8463ac85bbdfc4cd6a85c3d4cfbbfbe861a307f8,raw_numeric,raw recovery trace archive; regenerable from source
recovery_phase2/V2/tau5.5_r27_o19_h1_s0_bins.npz,1367,a26df836564ecb1c6b64df7d0f2cd0876003d0aa6a2328474cfea095e8bdb3f9,raw_numeric,raw recovery trace archive; regenerable from source
recovery_phase2/V2/tau5.5_r27_o19_h1_s0_dense.npz,6035890,c558037f1b0cba90b5d15bb93072316f23a73fa1baddff99525c3ad012f24305,raw_numeric,raw recovery trace archive; regenerable from source
recovery_phase2/V2/tau5.5_r27_o19_h1_s0_snapshots.csv,1869,c8c5b2f530cc51e0389c4c60565f7ec8e3c4acd39aea77cccae78348bcee2729,raw_numeric,raw recovery trajectory/snapshot; regenerable from source
recovery_phase2/V2/tau5.5_r27_o19_h1_s0_snapshots.npz,4827,e519226dd714bf1fafce93709bca70dda83e60d5fa9c60d8c5367b730b3e8b9a,raw_numeric,raw recovery trace archive; regenerable from source
recovery_phase2/V2/tau5.5_r27_o19_h1_s1.csv,5667004,098db3d38fede3e9a58a74247c983fdfc369248822ef97eb5c75350b1dee3cef,raw_numeric,raw recovery trajectory/snapshot; regenerable from source
recovery_phase2/V2/tau5.5_r27_o19_h1_s1.npz,1604028,633ef60086407456a69766e0b951e94e8de5892cc4ba2b98932a7a04e78ab94f,raw_numeric,raw recovery trace archive; regenerable from source
recovery_phase2/V2/tau5.5_r27_o19_h1_s1_bins.npz,1440,3721ca6a6f1e5e09fad122421877e3d902d8ce8d3cd42b8173bf3e0f353a3cf1,raw_numeric,raw recovery trace archive; regenerable from source
recovery_phase2/V2/tau5.5_r27_o19_h1_s1_dense.npz,7572530,2b40576316c1492239656ddce058e5d8b00b1aa1971f51bb687a143771a66e5c,raw_numeric,raw recovery trace archive; regenerable from source
recovery_phase2/V2/tau5.5_r27_o19_h1_s1_snapshots.csv,2068,381e19bb657eff9273d24a1bee734c6f32803234d3c5967141dfd779b84b548d,raw_numeric,raw recovery trajectory/snapshot; regenerable from source
recovery_phase2/V2/tau5.5_r27_o19_h1_s1_snapshots.npz,4936,cc8c643283b8adb5197bd12f998f0a65df45675631142a7e976cbd060585995e,raw_numeric,raw recovery trace archive; regenerable from source
recovery_phase2/V2/tau5.5_r27_o61_h05_s0.csv,4926786,8902666d1a757ea883824bee8c4fdbbf17687b7a40095d660a4c0dfb358b6ccd,raw_numeric,raw recovery trajectory/snapshot; regenerable from source
recovery_phase2/V2/tau5.5_r27_o61_h05_s0.npz,1237720,7184f4221190713fe9694c3ea617ca99e3418a1a92d4af812f6ad0976c49a44b,raw_numeric,raw recovery trace archive; regenerable from source
recovery_phase2/V2/tau5.5_r27_o61_h05_s0_bins.npz,1371,5dfffc144634463c18786b2b866ffc64b58933499a451d164ab5968120635bda,raw_numeric,raw recovery trace archive; regenerable from source
recovery_phase2/V2/tau5.5_r27_o61_h05_s0_dense.npz,6090322,b6a4e664f757c99d90731b1071c79732d9b5604a0cc96e8b727f643d0ee3768d,raw_numeric,raw recovery trace archive; regenerable from source
recovery_phase2/V2/tau5.5_r27_o61_h05_s0_snapshots.csv,1868,b7c162fb63ffcef3a8b5b82ca43e71271775e8a094b1610bf0cc298945903062,raw_numeric,raw recovery trajectory/snapshot; regenerable from source
recovery_phase2/V2/tau5.5_r27_o61_h05_s0_snapshots.npz,4827,87a02810a0d07b912bcf9d62e62913374ae319984b15f70e4cba30c4cf36d2a2,raw_numeric,raw recovery trace archive; regenerable from source
recovery_phase2/V2/tau5.5_r27_o61_h05_s1.csv,5666871,5c2e715c02f92bfda50e9f3cafc47083f7a3bf282621b33abb7632a74f2023b8,raw_numeric,raw recovery trajectory/snapshot; regenerable from source
recovery_phase2/V2/tau5.5_r27_o61_h05_s1.npz,1603936,46f5a177f84e7b20e7fb99bd428b3e834836a176b376610bd98284b1de7d8251,raw_numeric,raw recovery trace archive; regenerable from source
recovery_phase2/V2/tau5.5_r27_o61_h05_s1_bins.npz,1448,9c8d8d619b09fac882ec57a4c5c6fe2683c02a45a79de3c5486912305be61f34,raw_numeric,raw recovery trace archive; regenerable from source
recovery_phase2/V2/tau5.5_r27_o61_h05_s1_dense.npz,7626565,587e89839bd3dd7a4facb7f15405657a656526ffca1bd506d729f7a249086e90,raw_numeric,raw recovery trace archive; regenerable from source
recovery_phase2/V2/tau5.5_r27_o61_h05_s1_snapshots.csv,2060,23036dd090970611e78eccf2e1e14df65189b507933ce5c6de9be3d0bfd1e7cc,raw_numeric,raw recovery trajectory/snapshot; regenerable from source
recovery_phase2/V2/tau5.5_r27_o61_h05_s1_snapshots.npz,4917,6406803b8f2ca75766480c02c585c6c3da4f2b640337cc964bc042c3f10671ea,raw_numeric,raw recovery trace archive; regenerable from source
recovery_phase2/V2/tau5.5_r27_o61_h1_s0.csv,4926623,fd26e91e11cedc399c818e1d3eca323f675df1373db04d356d5addfd2b16d1ef,raw_numeric,raw recovery trajectory/snapshot; regenerable from source
recovery_phase2/V2/tau5.5_r27_o61_h1_s0.npz,1247576,16cb7625e8c02f71282bb8d5e6209984aaf14529839decb093c2c564435fa7c6,raw_numeric,raw recovery trace archive; regenerable from source
recovery_phase2/V2/tau5.5_r27_o61_h1_s0_bins.npz,1367,eb704f60ed3c017653888b34cc54e52d3fa32b109b7fd481bfba19a458f6806c,raw_numeric,raw recovery trace archive; regenerable from source
recovery_phase2/V2/tau5.5_r27_o61_h1_s0_dense.npz,6036157,14cf3f9e7fec6e40ddeb8d55e840696e0eb48c0f77bcf4ec308522e88973d538,raw_numeric,raw recovery trace archive; regenerable from source
recovery_phase2/V2/tau5.5_r27_o61_h1_s0_snapshots.csv,1870,fa144c42fc4bb0b6ea769976d8cc1bc9ff49b638f0481f5fc857d1e7eb261dd6,raw_numeric,raw recovery trajectory/snapshot; regenerable from source
recovery_phase2/V2/tau5.5_r27_o61_h1_s0_snapshots.npz,4831,67ae2986e377b13ccc94b5bac9a6829907f03be24f1dc69cfb15546c06f798a7,raw_numeric,raw recovery trace archive; regenerable from source
recovery_phase2/V2/tau5.5_r27_o61_h1_s1.csv,5666455,f98b0fd84924a9d73bc1c0f9ec5f46c8f2f88d3752ee4a488e12539acf47cbf6,raw_numeric,raw recovery trajectory/snapshot; regenerable from source
recovery_phase2/V2/tau5.5_r27_o61_h1_s1.npz,1604478,1116d6d1ed2071acca46a61c1cd98125b95cb1ea50011bb7b19e61668e4bc3d0,raw_numeric,raw recovery trace archive; regenerable from source
recovery_phase2/V2/tau5.5_r27_o61_h1_s1_bins.npz,1442,29a874dce16eff641f58ac95dc170fc9d58eacde48b4989cc8eeab2a38777340,raw_numeric,raw recovery trace archive; regenerable from source
recovery_phase2/V2/tau5.5_r27_o61_h1_s1_dense.npz,7571910,2af6516e876a48bcb477eda6036065fe3caa383043eaa6e875bd42f96f902188,raw_numeric,raw recovery trace archive; regenerable from source
recovery_phase2/V2/tau5.5_r27_o61_h1_s1_snapshots.csv,2062,5333b60884fe5fd9631a3dc260a549094ee8efe46222a50b69283d77d4e87184,raw_numeric,raw recovery trajectory/snapshot; regenerable from source
recovery_phase2/V2/tau5.5_r27_o61_h1_s1_snapshots.npz,4926,09ac646e8ce4654c5a44dc8ca199084ed01b457d49b858215657fddcd07b85a9,raw_numeric,raw recovery trace archive; regenerable from source
recovery_phase2/V2/tau5.5_r33_o19_h05_s0.csv,4926697,a2cde03ddb976ef12242198cc5c7dc3909daaa8e074214babed9af61380fd4ba,raw_numeric,raw recovery trajectory/snapshot; regenerable from source
recovery_phase2/V2/tau5.5_r33_o19_h05_s0.npz,1237692,0fd5a834dce2d1daa23d0dbf13fbab85508006a17d423684b84084c5ef96990c,raw_numeric,raw recovery trace archive; regenerable from source
recovery_phase2/V2/tau5.5_r33_o19_h05_s0_bins.npz,1372,e54ad05aec4490a9444e2a6f7eb642127218b3d1060d09f91581f88f4e28e620,raw_numeric,raw recovery trace archive; regenerable from source
recovery_phase2/V2/tau5.5_r33_o19_h05_s0_dense.npz,6090673,b32ede00bb4a8392ade157f27a96ecc9402b74815717f971d854cadd3f3cd0a8,raw_numeric,raw recovery trace archive; regenerable from source
recovery_phase2/V2/tau5.5_r33_o19_h05_s0_snapshots.csv,1863,e012c960c1cec57c0ca5c0899710f5d712179d7c807c8973685fdd4aa17a5599,raw_numeric,raw recovery trajectory/snapshot; regenerable from source
recovery_phase2/V2/tau5.5_r33_o19_h05_s0_snapshots.npz,4821,6e2916ca305bcaa544fe99b4bf3ce0068cc6ebc455d2cfd0d23d031033eeed6e,raw_numeric,raw recovery trace archive; regenerable from source
recovery_phase2/V2/tau5.5_r33_o19_h05_s1.csv,5703819,db9e969d479cecd80b731c8e38b25580929f70e8cca7c2bdcf5359bf5137d211,raw_numeric,raw recovery trajectory/snapshot; regenerable from source
recovery_phase2/V2/tau5.5_r33_o19_h05_s1.npz,1555257,839a6cac72f9f75e8ab08e0afba1696bde5389922eba1ae4690a256fd113134b,raw_numeric,raw recovery trace archive; regenerable from source
recovery_phase2/V2/tau5.5_r33_o19_h05_s1_bins.npz,1443,c01e7ee06915f5318c363375ff20d95d13555b8a420090e22075061af85da832,raw_numeric,raw recovery trace archive; regenerable from source
recovery_phase2/V2/tau5.5_r33_o19_h05_s1_dense.npz,7531120,bcc6470f7b14c9040b39b6d1f2e3b3ac3ee834a0255dab618e97093dd64c7e16,raw_numeric,raw recovery trace archive; regenerable from source
recovery_phase2/V2/tau5.5_r33_o19_h05_s1_snapshots.csv,2068,e82ab6bcef57cda3b21ba62fe2dcdeed2b086522f80a24fea80a7a2a5b2f56f9,raw_numeric,raw recovery trajectory/snapshot; regenerable from source
recovery_phase2/V2/tau5.5_r33_o19_h05_s1_snapshots.npz,4922,0c14f15b6816178a7c40c275de859ff360c85fb60a5507985c891bc8de1f485a,raw_numeric,raw recovery trace archive; regenerable from source
recovery_phase2/V2/tau5.5_r33_o19_h1_s0.csv,4926321,27c151fe1501c25d1083e4ae55fac719a32707a523d098bb3df31942cfc5f20b,raw_numeric,raw recovery trajectory/snapshot; regenerable from source
recovery_phase2/V2/tau5.5_r33_o19_h1_s0.npz,1248267,e08b4e04dbdf16a6ae649d6a8463ac85bbdfc4cd6a85c3d4cfbbfbe861a307f8,raw_numeric,raw recovery trace archive; regenerable from source
recovery_phase2/V2/tau5.5_r33_o19_h1_s0_bins.npz,1367,a26df836564ecb1c6b64df7d0f2cd0876003d0aa6a2328474cfea095e8bdb3f9,raw_numeric,raw recovery trace archive; regenerable from source
recovery_phase2/V2/tau5.5_r33_o19_h1_s0_dense.npz,6035890,c558037f1b0cba90b5d15bb93072316f23a73fa1baddff99525c3ad012f24305,raw_numeric,raw recovery trace archive; regenerable from source
recovery_phase2/V2/tau5.5_r33_o19_h1_s0_snapshots.csv,1869,c8c5b2f530cc51e0389c4c60565f7ec8e3c4acd39aea77cccae78348bcee2729,raw_numeric,raw recovery trajectory/snapshot; regenerable from source
recovery_phase2/V2/tau5.5_r33_o19_h1_s0_snapshots.npz,4827,e519226dd714bf1fafce93709bca70dda83e60d5fa9c60d8c5367b730b3e8b9a,raw_numeric,raw recovery trace archive; regenerable from source
recovery_phase2/V2/tau5.5_r33_o19_h1_s1.csv,5702989,f4e4fa8b6a3b3ac0574a497667259b8a509d56392563f7bbc8cdff06a59921a2,raw_numeric,raw recovery trajectory/snapshot; regenerable from source
recovery_phase2/V2/tau5.5_r33_o19_h1_s1.npz,1559461,5adaed5a37c4fe85acc00ae46418cca257849dfdef5fda0e3f8df158011b57e4,raw_numeric,raw recovery trace archive; regenerable from source
recovery_phase2/V2/tau5.5_r33_o19_h1_s1_bins.npz,1442,98fde37f432996f1d3c487154dc3723647ba5c3cb7b06d10893e6608f2c6e0dd,raw_numeric,raw recovery trace archive; regenerable from source
recovery_phase2/V2/tau5.5_r33_o19_h1_s1_dense.npz,7476439,2cf9e723617dd9d5f43cde5fb7ff3887bc55ca17c3c8f605330b3577ba93a393,raw_numeric,raw recovery trace archive; regenerable from source
recovery_phase2/V2/tau5.5_r33_o19_h1_s1_snapshots.csv,2074,82438e8d479c8cddc240ce9bdb212cf859fb6df7dc6330d4ce34c94d4055133c,raw_numeric,raw recovery trajectory/snapshot; regenerable from source
recovery_phase2/V2/tau5.5_r33_o19_h1_s1_snapshots.npz,4928,29c41471fe9167bed62491d47fbd202e917abf40d477b88ebbc8810891a98bd3,raw_numeric,raw recovery trace archive; regenerable from source
recovery_phase2/V2/tau5.5_r33_o61_h05_s0.csv,4926786,8902666d1a757ea883824bee8c4fdbbf17687b7a40095d660a4c0dfb358b6ccd,raw_numeric,raw recovery trajectory/snapshot; regenerable from source
recovery_phase2/V2/tau5.5_r33_o61_h05_s0.npz,1237720,7184f4221190713fe9694c3ea617ca99e3418a1a92d4af812f6ad0976c49a44b,raw_numeric,raw recovery trace archive; regenerable from source
recovery_phase2/V2/tau5.5_r33_o61_h05_s0_bins.npz,1371,5dfffc144634463c18786b2b866ffc64b58933499a451d164ab5968120635bda,raw_numeric,raw recovery trace archive; regenerable from source
recovery_phase2/V2/tau5.5_r33_o61_h05_s0_dense.npz,6090322,b6a4e664f757c99d90731b1071c79732d9b5604a0cc96e8b727f643d0ee3768d,raw_numeric,raw recovery trace archive; regenerable from source
recovery_phase2/V2/tau5.5_r33_o61_h05_s0_snapshots.csv,1868,b7c162fb63ffcef3a8b5b82ca43e71271775e8a094b1610bf0cc298945903062,raw_numeric,raw recovery trajectory/snapshot; regenerable from source
recovery_phase2/V2/tau5.5_r33_o61_h05_s0_snapshots.npz,4827,87a02810a0d07b912bcf9d62e62913374ae319984b15f70e4cba30c4cf36d2a2,raw_numeric,raw recovery trace archive; regenerable from source
recovery_phase2/V2/tau5.5_r33_o61_h05_s1.csv,5703671,f604cb01bbbb68fafb494778bcb3f6e9a1f72fec0088d8b551db77038c9ab5af,raw_numeric,raw recovery trajectory/snapshot; regenerable from source
recovery_phase2/V2/tau5.5_r33_o61_h05_s1.npz,1555458,4efc574f6719a1485079ffb190a435fdc605d3cd13f81edaba91aecf2fb79f4b,raw_numeric,raw recovery trace archive; regenerable from source
recovery_phase2/V2/tau5.5_r33_o61_h05_s1_bins.npz,1445,27c96878e816758555f10a6a1c1f39141329115a0d9ca5e123333051ac72114f,raw_numeric,raw recovery trace archive; regenerable from source
recovery_phase2/V2/tau5.5_r33_o61_h05_s1_dense.npz,7531790,7a5812eeddd8bcc0f9c5f7df342233ce1c62c4aca85ba3d6706abb8ed57cdb9e,raw_numeric,raw recovery trace archive; regenerable from source
recovery_phase2/V2/tau5.5_r33_o61_h05_s1_snapshots.csv,2067,cee63ea17f8bedb4a4ff65db070ff9f36701a1c7443669e0d81d7267d9fe9a77,raw_numeric,raw recovery trajectory/snapshot; regenerable from source
recovery_phase2/V2/tau5.5_r33_o61_h05_s1_snapshots.npz,4909,bae960836ef31e4fcf746cd76b02809a62a43b738e9b62493c53745c88b463a7,raw_numeric,raw recovery trace archive; regenerable from source
recovery_phase2/V2/tau5.5_r33_o61_h1_s0.csv,4926623,fd26e91e11cedc399c818e1d3eca323f675df1373db04d356d5addfd2b16d1ef,raw_numeric,raw recovery trajectory/snapshot; regenerable from source
recovery_phase2/V2/tau5.5_r33_o61_h1_s0.npz,1247576,16cb7625e8c02f71282bb8d5e6209984aaf14529839decb093c2c564435fa7c6,raw_numeric,raw recovery trace archive; regenerable from source
recovery_phase2/V2/tau5.5_r33_o61_h1_s0_bins.npz,1367,eb704f60ed3c017653888b34cc54e52d3fa32b109b7fd481bfba19a458f6806c,raw_numeric,raw recovery trace archive; regenerable from source
recovery_phase2/V2/tau5.5_r33_o61_h1_s0_dense.npz,6036157,14cf3f9e7fec6e40ddeb8d55e840696e0eb48c0f77bcf4ec308522e88973d538,raw_numeric,raw recovery trace archive; regenerable from source
recovery_phase2/V2/tau5.5_r33_o61_h1_s0_snapshots.csv,1870,fa144c42fc4bb0b6ea769976d8cc1bc9ff49b638f0481f5fc857d1e7eb261dd6,raw_numeric,raw recovery trajectory/snapshot; regenerable from source
recovery_phase2/V2/tau5.5_r33_o61_h1_s0_snapshots.npz,4831,67ae2986e377b13ccc94b5bac9a6829907f03be24f1dc69cfb15546c06f798a7,raw_numeric,raw recovery trace archive; regenerable from source
recovery_phase2/V2/tau5.5_r33_o61_h1_s1.csv,5703049,8076c67bb129f208580d0c26d59b6f2b5b9dd30ee55ff73806d30f015eccb910,raw_numeric,raw recovery trajectory/snapshot; regenerable from source
recovery_phase2/V2/tau5.5_r33_o61_h1_s1.npz,1559455,ed66afee0e28f686edef9b39fff0693b47fc97e3f425396bc7d763de946f9451,raw_numeric,raw recovery trace archive; regenerable from source
recovery_phase2/V2/tau5.5_r33_o61_h1_s1_bins.npz,1440,ccbfde3133b56d9da84b679ae5ec56e6cb3e93d8bd18ac84630eacc71b2b4923,raw_numeric,raw recovery trace archive; regenerable from source
recovery_phase2/V2/tau5.5_r33_o61_h1_s1_dense.npz,7476205,1f1044eecc0b245227e31de6255ba254b4403206a5817662e57e86b2d309bdaa,raw_numeric,raw recovery trace archive; regenerable from source
recovery_phase2/V2/tau5.5_r33_o61_h1_s1_snapshots.csv,2073,d33d00e26976ac097dc0cb503a6f6a2e933227f9b6fae8ace40a0e76d49b3e7b,raw_numeric,raw recovery trajectory/snapshot; regenerable from source
recovery_phase2/V2/tau5.5_r33_o61_h1_s1_snapshots.npz,4910,274d9141668ef38a18c4afb375742b7401c19fbd37b1e0cf6d222d91010383f7,raw_numeric,raw recovery trace archive; regenerable from source
recovery_phase2/V2/tau6_r25_o37_h05_s0.csv,4926804,2ddad3cc5948a9162e4971815fbeab2b78a51d753287292d7c29b3520bbd2f53,raw_numeric,raw recovery trajectory/snapshot; regenerable from source
recovery_phase2/V2/tau6_r25_o37_h05_s0.npz,1237388,d2e2073026dfe82b0c4d37bca62f3c1f361e42a9599c9a26fab506ce804d2137,raw_numeric,raw recovery trace archive; regenerable from source
recovery_phase2/V2/tau6_r25_o37_h05_s0_bins.npz,1373,754d37317a0a8f0cb8f98638845ed1226137769996e15747513fe91529781fef,raw_numeric,raw recovery trace archive; regenerable from source
recovery_phase2/V2/tau6_r25_o37_h05_s0_dense.npz,6090631,d47330ded3f1f0bcaf1d4c27826de11769d81b14e4d50a29143fe25c409675ef,raw_numeric,raw recovery trace archive; regenerable from source
recovery_phase2/V2/tau6_r25_o37_h05_s0_snapshots.csv,1854,146a2fc8d41ae713331e95052f97e61c9818005cb403975fe56cadc94d552b7c,raw_numeric,raw recovery trajectory/snapshot; regenerable from source
recovery_phase2/V2/tau6_r25_o37_h05_s0_snapshots.npz,4818,ef253f5d4a56c4682b0964b82b0d3cee02656cce4a9a767008dbcf6683ff9ac0,raw_numeric,raw recovery trace archive; regenerable from source
recovery_phase2/V2/tau6_r25_o37_h05_s1.csv,5665373,fb6aef91f456698b2b1bb878ff85db39bc99fd6009d01f421b6b76eb4f4865e0,raw_numeric,raw recovery trajectory/snapshot; regenerable from source
recovery_phase2/V2/tau6_r25_o37_h05_s1.npz,1612627,cccc740820b88e4f2f77c440f1f2504245c02de74f924a58798143ddf9c5e496,raw_numeric,raw recovery trace archive; regenerable from source
recovery_phase2/V2/tau6_r25_o37_h05_s1_bins.npz,1443,19cd1472c7105ca743d05b5a6433be7814eb511bf727e92ab5e57f16d4e8c9f7,raw_numeric,raw recovery trace archive; regenerable from source
recovery_phase2/V2/tau6_r25_o37_h05_s1_dense.npz,7644253,4f196bde15de2b88c88557e4c0d3363a6cabd3813d06d926423f47b77fb99d62,raw_numeric,raw recovery trace archive; regenerable from source
recovery_phase2/V2/tau6_r25_o37_h05_s1_snapshots.csv,2047,066e529c587393c7acc5605d230c72e70029317df12e4024314d1200b9d9b87b,raw_numeric,raw recovery trajectory/snapshot; regenerable from source
recovery_phase2/V2/tau6_r25_o37_h05_s1_snapshots.npz,4940,6ecec732524178643205c09629ed211d7ac78dbf93c99788886e5275199001af,raw_numeric,raw recovery trace archive; regenerable from source
recovery_phase2/V2/tau6_r25_o37_h1_s0.csv,4926589,25ed12c3005d9dde369eb7333fdc88544318d2d1e4973ae579127eb4fd9807d3,raw_numeric,raw recovery trajectory/snapshot; regenerable from source
recovery_phase2/V2/tau6_r25_o37_h1_s0.npz,1248021,aac8327fe69310f646a12950c03a324bffcdbe8578d1a902fdb8a96094d019dd,raw_numeric,raw recovery trace archive; regenerable from source
recovery_phase2/V2/tau6_r25_o37_h1_s0_bins.npz,1365,1b8cdca52a61bb108d9da3d9e7a872352cf5bb18f18bebf29d60389db57e015c,raw_numeric,raw recovery trace archive; regenerable from source
recovery_phase2/V2/tau6_r25_o37_h1_s0_dense.npz,6035995,4a5b64913f4f0f630857352ba3d567e47f5895e39ba1478f339bd8210d17e9be,raw_numeric,raw recovery trace archive; regenerable from source
recovery_phase2/V2/tau6_r25_o37_h1_s0_snapshots.csv,1860,624c98628777da554459251a6d1e03f1e22e8da76d3a332a1071fe30ab7a3bc5,raw_numeric,raw recovery trajectory/snapshot; regenerable from source
recovery_phase2/V2/tau6_r25_o37_h1_s0_snapshots.npz,4824,364368eed6323f9820a50b0d6f069415a3de86e8fe05dff0d038ac79a0dff794,raw_numeric,raw recovery trace archive; regenerable from source
recovery_phase2/V2/tau6_r25_o37_h1_s1.csv,5664677,9cdcb557f9cdaff1bfba36f32a9d0fce011ad6e2e4d5e6bbb7c192cd18d0d8e1,raw_numeric,raw recovery trajectory/snapshot; regenerable from source
recovery_phase2/V2/tau6_r25_o37_h1_s1.npz,1611006,df76976fe0fb6067afa7e57d734be1e6e982bd625f095494be57a255bfd80e84,raw_numeric,raw recovery trace archive; regenerable from source
recovery_phase2/V2/tau6_r25_o37_h1_s1_bins.npz,1436,c1b6f04be9ee8474b66c950310e9bed35dc86f51ab085ca86a744d0673bc8547,raw_numeric,raw recovery trace archive; regenerable from source
recovery_phase2/V2/tau6_r25_o37_h1_s1_dense.npz,7589356,04b71114fcbf697b3a8466128186d8067aca848865611a4ad9d1202085b9c34b,raw_numeric,raw recovery trace archive; regenerable from source
recovery_phase2/V2/tau6_r25_o37_h1_s1_snapshots.csv,2056,b6391d8fb6940aa3eb1d00c4fdc82906f9bb01108525d2db4689c9ae0fb0a9ac,raw_numeric,raw recovery trajectory/snapshot; regenerable from source
recovery_phase2/V2/tau6_r25_o37_h1_s1_snapshots.npz,4944,37554d4c972e2d4564d4f52af33d3024c9916576065c3f0d38bb5206655f346f,raw_numeric,raw recovery trace archive; regenerable from source
recovery_phase2/V2/tau6_r25_o73_h05_s0.csv,4926806,80aa14ecd5c31880b6c7ed6e3a9861009f719e1172294d6cd6c4376e4fc1ff20,raw_numeric,raw recovery trajectory/snapshot; regenerable from source
recovery_phase2/V2/tau6_r25_o73_h05_s0.npz,1237900,83b811945f8225cf97b07b0fde9c61ff71f495448868d14375d2d3fa8ac9a4b4,raw_numeric,raw recovery trace archive; regenerable from source
recovery_phase2/V2/tau6_r25_o73_h05_s0_bins.npz,1370,bac2efad6254cd145d6a973a84be7267a57104196c15c4ae86566d4a5c2fbcc9,raw_numeric,raw recovery trace archive; regenerable from source
recovery_phase2/V2/tau6_r25_o73_h05_s0_dense.npz,6090298,caf0ed2b1a17a40c62ff98ea0473d564fe2ce61b9481a535c446c93e934463ab,raw_numeric,raw recovery trace archive; regenerable from source
recovery_phase2/V2/tau6_r25_o73_h05_s0_snapshots.csv,1866,147306e91db417c37b3f86a1620d84653f80f2784b6c9fd62910e5453868d9c3,raw_numeric,raw recovery trajectory/snapshot; regenerable from source
recovery_phase2/V2/tau6_r25_o73_h05_s0_snapshots.npz,4825,e987ae2a39befccd3901b3dea01e1d62a909c26f7303ad09b17dd9f16efb0b29,raw_numeric,raw recovery trace archive; regenerable from source
recovery_phase2/V2/tau6_r25_o73_h05_s1.csv,5665389,11f675cfbd54bc534d7414e417c49ff3c41828cd8528cb10dd92fcda017bdd6d,raw_numeric,raw recovery trajectory/snapshot; regenerable from source
recovery_phase2/V2/tau6_r25_o73_h05_s1.npz,1612255,6f8f6eef91ea94c8e6d08f80b891112519c9b56c06de0d9678e719a97f3c6255,raw_numeric,raw recovery trace archive; regenerable from source
recovery_phase2/V2/tau6_r25_o73_h05_s1_bins.npz,1447,bb254af7ccd4afa9f68b20620465e7425e7a71f7fe30f320ec6a554834bbeb87,raw_numeric,raw recovery trace archive; regenerable from source
recovery_phase2/V2/tau6_r25_o73_h05_s1_dense.npz,7644068,42c643b62ab50c80eccf7ca0be06a59cd207c89f38ce4963a145ba9dc75e946a,raw_numeric,raw recovery trace archive; regenerable from source
recovery_phase2/V2/tau6_r25_o73_h05_s1_snapshots.csv,2056,f503fd00451033235276b5a6ceb9ebdda2a928bffec1f159e064958c7fb84934,raw_numeric,raw recovery trajectory/snapshot; regenerable from source
recovery_phase2/V2/tau6_r25_o73_h05_s1_snapshots.npz,4916,5600a87b82d57a001b757c2abdd0bddbe8c9ea418a8f1118dca01f541b561744,raw_numeric,raw recovery trace archive; regenerable from source
recovery_phase2/V2/tau6_r25_o73_h1_s0.csv,4926620,fc72a03876851da01db5d59ca42576cae4196677ee58cbcda26f726914796870,raw_numeric,raw recovery trajectory/snapshot; regenerable from source
recovery_phase2/V2/tau6_r25_o73_h1_s0.npz,1247963,129fd90090589c40a3618871fdf19f2b45d26c2bd8429638c434d4861de5f09a,raw_numeric,raw recovery trace archive; regenerable from source
recovery_phase2/V2/tau6_r25_o73_h1_s0_bins.npz,1368,ebc0100ff01a4a6c0bd9ca2f278f65b09fd6ebc7cf249d3ec66fba4572294879,raw_numeric,raw recovery trace archive; regenerable from source
recovery_phase2/V2/tau6_r25_o73_h1_s0_dense.npz,6036159,bc42a1ddf07d8fc38d27703163b6ab8619b2c4d69bf9635dfcbeabf826be2446,raw_numeric,raw recovery trace archive; regenerable from source
recovery_phase2/V2/tau6_r25_o73_h1_s0_snapshots.csv,1869,b5388ea9c2c971017e39ee3dd35fb2dcc666423684598ca0ef4af434b55df788,raw_numeric,raw recovery trajectory/snapshot; regenerable from source
recovery_phase2/V2/tau6_r25_o73_h1_s0_snapshots.npz,4828,2c0442bcdf545c0659fe530504cf71f0a09f32f34ab71431b2a3010a4d570ccd,raw_numeric,raw recovery trace archive; regenerable from source
recovery_phase2/V2/tau6_r25_o73_h1_s1.csv,5664388,5baa09fcddddd01ef8e94fc1d09d87ca90473a8a684c3bd3b86e0b82b0ba24ec,raw_numeric,raw recovery trajectory/snapshot; regenerable from source
recovery_phase2/V2/tau6_r25_o73_h1_s1.npz,1611048,60e190ce523a881dbbe59cc8f6dad1d88f8da81e95899fcd26cde727e5a7139d,raw_numeric,raw recovery trace archive; regenerable from source
recovery_phase2/V2/tau6_r25_o73_h1_s1_bins.npz,1444,6b964221434f4b2241603fff58a835ec1244e1b924f713ed0dd847bc72229ec1,raw_numeric,raw recovery trace archive; regenerable from source
recovery_phase2/V2/tau6_r25_o73_h1_s1_dense.npz,7589850,eba60c810b34a1b0663365ee3a27574351cdd9e7d554dfca2a5086e9142f0eb8,raw_numeric,raw recovery trace archive; regenerable from source
recovery_phase2/V2/tau6_r25_o73_h1_s1_snapshots.csv,2066,7768d57edf450f1b2f572a993d6c89d94020c775ce250d4013f0f532e50c2da6,raw_numeric,raw recovery trajectory/snapshot; regenerable from source
recovery_phase2/V2/tau6_r25_o73_h1_s1_snapshots.npz,4918,1c83c579392c7ef2acf6ea4c8a1a9cd21a9d47a15eebaef6b516233e48353b31,raw_numeric,raw recovery trace archive; regenerable from source
recovery_phase2/V2/tau6_r35_o37_h05_s0.csv,4926804,2ddad3cc5948a9162e4971815fbeab2b78a51d753287292d7c29b3520bbd2f53,raw_numeric,raw recovery trajectory/snapshot; regenerable from source
recovery_phase2/V2/tau6_r35_o37_h05_s0.npz,1237388,d2e2073026dfe82b0c4d37bca62f3c1f361e42a9599c9a26fab506ce804d2137,raw_numeric,raw recovery trace archive; regenerable from source
recovery_phase2/V2/tau6_r35_o37_h05_s0_bins.npz,1373,754d37317a0a8f0cb8f98638845ed1226137769996e15747513fe91529781fef,raw_numeric,raw recovery trace archive; regenerable from source
recovery_phase2/V2/tau6_r35_o37_h05_s0_dense.npz,6090631,d47330ded3f1f0bcaf1d4c27826de11769d81b14e4d50a29143fe25c409675ef,raw_numeric,raw recovery trace archive; regenerable from source
recovery_phase2/V2/tau6_r35_o37_h05_s0_snapshots.csv,1854,146a2fc8d41ae713331e95052f97e61c9818005cb403975fe56cadc94d552b7c,raw_numeric,raw recovery trajectory/snapshot; regenerable from source
recovery_phase2/V2/tau6_r35_o37_h05_s0_snapshots.npz,4818,ef253f5d4a56c4682b0964b82b0d3cee02656cce4a9a767008dbcf6683ff9ac0,raw_numeric,raw recovery trace archive; regenerable from source
recovery_phase2/V2/tau6_r35_o37_h05_s1.csv,5698077,44c92d993f5dc489d18c50cb1010f1e6ab8d9fac662ba911cdc7ee2e0c22322a,raw_numeric,raw recovery trajectory/snapshot; regenerable from source
recovery_phase2/V2/tau6_r35_o37_h05_s1.npz,1564654,9a1c116df0d41b6ad3155c1057618adae0980f818fc68f02576bef709452b96b,raw_numeric,raw recovery trace archive; regenerable from source
recovery_phase2/V2/tau6_r35_o37_h05_s1_bins.npz,1449,0bfe001e30c9c344be64ba5aaf5dbfc44ccaa764eab5a550877256c7955f1f99,raw_numeric,raw recovery trace archive; regenerable from source
recovery_phase2/V2/tau6_r35_o37_h05_s1_dense.npz,7558797,06f4eb1edd30949bcfb831f6bfef90337ef0a289c121c8e6ebefe93a55119d14,raw_numeric,raw recovery trace archive; regenerable from source
recovery_phase2/V2/tau6_r35_o37_h05_s1_snapshots.csv,2059,31aaf74d46603181b74f1be63578657fdd31b74294f5b6ff1a6af814bbea4dd8,raw_numeric,raw recovery trajectory/snapshot; regenerable from source
recovery_phase2/V2/tau6_r35_o37_h05_s1_snapshots.npz,4924,52763d84f034830fa94622de4f0d726533c13f8470c1761d304166af944d04f0,raw_numeric,raw recovery trace archive; regenerable from source
recovery_phase2/V2/tau6_r35_o37_h1_s0.csv,4926589,25ed12c3005d9dde369eb7333fdc88544318d2d1e4973ae579127eb4fd9807d3,raw_numeric,raw recovery trajectory/snapshot; regenerable from source
recovery_phase2/V2/tau6_r35_o37_h1_s0.npz,1248021,aac8327fe69310f646a12950c03a324bffcdbe8578d1a902fdb8a96094d019dd,raw_numeric,raw recovery trace archive; regenerable from source
recovery_phase2/V2/tau6_r35_o37_h1_s0_bins.npz,1365,1b8cdca52a61bb108d9da3d9e7a872352cf5bb18f18bebf29d60389db57e015c,raw_numeric,raw recovery trace archive; regenerable from source
recovery_phase2/V2/tau6_r35_o37_h1_s0_dense.npz,6035995,4a5b64913f4f0f630857352ba3d567e47f5895e39ba1478f339bd8210d17e9be,raw_numeric,raw recovery trace archive; regenerable from source
recovery_phase2/V2/tau6_r35_o37_h1_s0_snapshots.csv,1860,624c98628777da554459251a6d1e03f1e22e8da76d3a332a1071fe30ab7a3bc5,raw_numeric,raw recovery trajectory/snapshot; regenerable from source
recovery_phase2/V2/tau6_r35_o37_h1_s0_snapshots.npz,4824,364368eed6323f9820a50b0d6f069415a3de86e8fe05dff0d038ac79a0dff794,raw_numeric,raw recovery trace archive; regenerable from source
recovery_phase2/V2/tau6_r35_o37_h1_s1.csv,5698375,3d95c84a297e4506191cc773252e30ec153980fe938c0fb9795e930b4c50c875,raw_numeric,raw recovery trajectory/snapshot; regenerable from source
recovery_phase2/V2/tau6_r35_o37_h1_s1.npz,1567590,6f9aeec39395cb290c521ded0190af67285c9ddf4283aa2a2b564f19569c9d42,raw_numeric,raw recovery trace archive; regenerable from source
recovery_phase2/V2/tau6_r35_o37_h1_s1_bins.npz,1439,5d06b6a607d381eece920f12bcee26db197d0d87131d136f0e871a86f963631f,raw_numeric,raw recovery trace archive; regenerable from source
recovery_phase2/V2/tau6_r35_o37_h1_s1_dense.npz,7504105,bf4d68bb9e6e71d75c9117f9b0f38e0dbd35eb6206838d0f3465aa51de996a5b,raw_numeric,raw recovery trace archive; regenerable from source
recovery_phase2/V2/tau6_r35_o37_h1_s1_snapshots.csv,2063,caf02aba406c66f699d94368aa7fff243c599e4d7f9163b08b23e17c5494cbb9,raw_numeric,raw recovery trajectory/snapshot; regenerable from source
recovery_phase2/V2/tau6_r35_o37_h1_s1_snapshots.npz,4927,3ed540c1a997fb79deaabf635b9631a3c14572453b4f6bf5df37ddf9948d919b,raw_numeric,raw recovery trace archive; regenerable from source
recovery_phase2/V2/tau6_r35_o73_h05_s0.csv,4926806,80aa14ecd5c31880b6c7ed6e3a9861009f719e1172294d6cd6c4376e4fc1ff20,raw_numeric,raw recovery trajectory/snapshot; regenerable from source
recovery_phase2/V2/tau6_r35_o73_h05_s0.npz,1237900,83b811945f8225cf97b07b0fde9c61ff71f495448868d14375d2d3fa8ac9a4b4,raw_numeric,raw recovery trace archive; regenerable from source
recovery_phase2/V2/tau6_r35_o73_h05_s0_bins.npz,1370,bac2efad6254cd145d6a973a84be7267a57104196c15c4ae86566d4a5c2fbcc9,raw_numeric,raw recovery trace archive; regenerable from source
recovery_phase2/V2/tau6_r35_o73_h05_s0_dense.npz,6090298,caf0ed2b1a17a40c62ff98ea0473d564fe2ce61b9481a535c446c93e934463ab,raw_numeric,raw recovery trace archive; regenerable from source
recovery_phase2/V2/tau6_r35_o73_h05_s0_snapshots.csv,1866,147306e91db417c37b3f86a1620d84653f80f2784b6c9fd62910e5453868d9c3,raw_numeric,raw recovery trajectory/snapshot; regenerable from source
recovery_phase2/V2/tau6_r35_o73_h05_s0_snapshots.npz,4825,e987ae2a39befccd3901b3dea01e1d62a909c26f7303ad09b17dd9f16efb0b29,raw_numeric,raw recovery trace archive; regenerable from source
recovery_phase2/V2/tau6_r35_o73_h05_s1.csv,5698339,245b33f95d08a0c162830f3d167868299ca97ca47cbb9ab281a68f3be5b949ad,raw_numeric,raw recovery trajectory/snapshot; regenerable from source
recovery_phase2/V2/tau6_r35_o73_h05_s1.npz,1564980,32c84c7660fb224e6fc8e61462fd630cae16e4217236873d61b0d1e945a960fb,raw_numeric,raw recovery trace archive; regenerable from source
recovery_phase2/V2/tau6_r35_o73_h05_s1_bins.npz,1448,bc2635cc6773d096bb3571f635dc346e3752914daebba467de5c9908cb9c5418,raw_numeric,raw recovery trace archive; regenerable from source
recovery_phase2/V2/tau6_r35_o73_h05_s1_dense.npz,7558407,81046c2c0e0d8085d85a139302aa0d8479888768e883e98435ce5cdc1597caef,raw_numeric,raw recovery trace archive; regenerable from source
recovery_phase2/V2/tau6_r35_o73_h05_s1_snapshots.csv,2067,cc50f6ed632aa26938d58a2761175d6de2fcc0b96567f4e0b768b0044e231858,raw_numeric,raw recovery trajectory/snapshot; regenerable from source
recovery_phase2/V2/tau6_r35_o73_h05_s1_snapshots.npz,4909,7ea0dda3bccc325d832fd6e3b1208fae76bdb4d75862065b9de4313e44820cc9,raw_numeric,raw recovery trace archive; regenerable from source
recovery_phase2/V2/tau6_r35_o73_h1_s0.csv,4926620,fc72a03876851da01db5d59ca42576cae4196677ee58cbcda26f726914796870,raw_numeric,raw recovery trajectory/snapshot; regenerable from source
recovery_phase2/V2/tau6_r35_o73_h1_s0.npz,1247963,129fd90090589c40a3618871fdf19f2b45d26c2bd8429638c434d4861de5f09a,raw_numeric,raw recovery trace archive; regenerable from source
recovery_phase2/V2/tau6_r35_o73_h1_s0_bins.npz,1368,ebc0100ff01a4a6c0bd9ca2f278f65b09fd6ebc7cf249d3ec66fba4572294879,raw_numeric,raw recovery trace archive; regenerable from source
recovery_phase2/V2/tau6_r35_o73_h1_s0_dense.npz,6036159,bc42a1ddf07d8fc38d27703163b6ab8619b2c4d69bf9635dfcbeabf826be2446,raw_numeric,raw recovery trace archive; regenerable from source
recovery_phase2/V2/tau6_r35_o73_h1_s0_snapshots.csv,1869,b5388ea9c2c971017e39ee3dd35fb2dcc666423684598ca0ef4af434b55df788,raw_numeric,raw recovery trajectory/snapshot; regenerable from source
recovery_phase2/V2/tau6_r35_o73_h1_s0_snapshots.npz,4828,2c0442bcdf545c0659fe530504cf71f0a09f32f34ab71431b2a3010a4d570ccd,raw_numeric,raw recovery trace archive; regenerable from source
recovery_phase2/V2/tau6_r35_o73_h1_s1.csv,5698083,1720ee31293dd40d6ccce861070c1ba8a6c39118f05bb312965f2be89242853a,raw_numeric,raw recovery trajectory/snapshot; regenerable from source
recovery_phase2/V2/tau6_r35_o73_h1_s1.npz,1567114,40cfd27f1e1db9c96a8c90b4555325db7bc8bc86cdf08eeb2e402d7b46047315,raw_numeric,raw recovery trace archive; regenerable from source
recovery_phase2/V2/tau6_r35_o73_h1_s1_bins.npz,1439,bdd5096420ca6efc4e2bf06c5578e07f5b467a14ebca3ec6aac5e4a93e4f946d,raw_numeric,raw recovery trace archive; regenerable from source
recovery_phase2/V2/tau6_r35_o73_h1_s1_dense.npz,7504362,e97fa09198ddd5069a4dc3f83dd332366ae7b8d87f2537871eab8659bbe66c2a,raw_numeric,raw recovery trace archive; regenerable from source
recovery_phase2/V2/tau6_r35_o73_h1_s1_snapshots.csv,2072,f487588bd716d8926bfe9d5dac28b6c3ce6ae9a752bc1b17d47d128e0dc8d6f2,raw_numeric,raw recovery trajectory/snapshot; regenerable from source
recovery_phase2/V2/tau6_r35_o73_h1_s1_snapshots.npz,4912,701dfe683328c36917ff4faa5d8d793787deefadbadb93e59b39a067e21dae3f,raw_numeric,raw recovery trace archive; regenerable from source
recovery_phase2/V2/warmup_h05.csv,736287,bdd0f2557b8e5dadf153ad1e01fb63febbbe8a59c1a95a855797d8b414032291,raw_numeric,raw recovery trajectory/snapshot; regenerable from source
recovery_phase2/V2/warmup_h05.npz,159563,28f1e801bbc428d6ed9ae7338a61b2648e5af1c6926c8792dfaec878e60ac5d8,raw_numeric,raw recovery trace archive; regenerable from source
recovery_phase2/V2/warmup_h05_bins.npz,1132,e8cf32ce0895e44491abfcb2b3d036c2e842cae5dd0a46ff6c03936a10476c06,raw_numeric,raw recovery trace archive; regenerable from source
recovery_phase2/V2/warmup_h05_dense.npz,4196,b4163c1fefde5a5afcc0341bd6a3aa44aa6c5834cccf882f3645731d13141962,raw_numeric,raw recovery trace archive; regenerable from source
recovery_phase2/V2/warmup_h05_snapshots.csv,590,5f95bbd001cd8fd64dc81de5d63318542bd4ddec4973146e9d2499722f573eaa,raw_numeric,raw recovery trajectory/snapshot; regenerable from source
recovery_phase2/V2/warmup_h05_snapshots.npz,4424,ba026254c8d6cc8b848da522f296e6b0f0446413a3daad27b624a4fccd353983,raw_numeric,raw recovery trace archive; regenerable from source
recovery_phase2/V2/warmup_h1.csv,734366,3ce1a61ce9dce1569527c991b9e8883e84b9576128a46f296639205ab7f37cda,raw_numeric,raw recovery trajectory/snapshot; regenerable from source
recovery_phase2/V2/warmup_h1.npz,159317,eafe11e91421e2ee59fd9a9adfbc26e8f7da19864feb4fc77ab31313177ec2dd,raw_numeric,raw recovery trace archive; regenerable from source
recovery_phase2/V2/warmup_h1_bins.npz,1132,e8cf32ce0895e44491abfcb2b3d036c2e842cae5dd0a46ff6c03936a10476c06,raw_numeric,raw recovery trace archive; regenerable from source
recovery_phase2/V2/warmup_h1_dense.npz,4196,b4163c1fefde5a5afcc0341bd6a3aa44aa6c5834cccf882f3645731d13141962,raw_numeric,raw recovery trace archive; regenerable from source
recovery_phase2/V2/warmup_h1_snapshots.csv,592,87ae1e31174fb34fa7f0d049ee684c597becaa9b9cf7efaa0b883027b45a1ca4,raw_numeric,raw recovery trajectory/snapshot; regenerable from source
recovery_phase2/V2/warmup_h1_snapshots.npz,4424,189a4d25079b3422444d761b385e2df0e3544dfc021f651b423b55cbae5da9c1,raw_numeric,raw recovery trace archive; regenerable from source
recovery_phase2/audit/reproduce_tau4_r25_o73_h05_s1.csv,5641629,68dc5816b34ef5711e5d4e7a054ccd3e2f1c83a6a53676c8a79651d5163cb700,raw_numeric,raw recovery trajectory/snapshot; regenerable from source
recovery_phase2/audit/reproduce_tau4_r25_o73_h05_s1_dense.csv,43361001,a80689933acc6c001400558a050b4df919984bff314d534c55f4f45312e789da,raw_numeric,raw recovery trajectory/snapshot; regenerable from source
recovery_phase2/audit/reproduce_tau4_r25_o73_h05_s1_snapshots.csv,2062,99cbe5ed83b75389c62b3c5d40722dcd26ea23a4d1bb6c1fd824a78bacaf7fac,raw_numeric,raw recovery trajectory/snapshot; regenerable from source
recovery_phase2/audit/v2/FULL_ENERGY_LEDGER.csv,162006,a7708202bd69fb22578467a788b3fb3b8ccdfd4b11da7ac5242b7774c182f2db,raw_numeric,raw recovery trajectory/snapshot; regenerable from source
recovery_phase2/audit/v2/reproduce_tau4.5_r27_o19_h05_s1.csv,5660034,450a42158f52f02404ef116ee051eacd87f4f71f62d67270300bafe96e6d8bd1,raw_numeric,raw recovery trajectory/snapshot; regenerable from source
recovery_phase2/audit/v2/reproduce_tau4.5_r27_o19_h05_s1_dense.csv,43506965,6504ee033963cfc3a2d6a8c646c658a3ab350f47997b06fc1aacc5865780b28a,raw_numeric,raw recovery trajectory/snapshot; regenerable from source
recovery_phase2/audit/v2/reproduce_tau4.5_r27_o19_h05_s1_snapshots.csv,2054,9c2bfea607bcd821d5ee7b35a30ee588823169d70f2784e717ea211d97f4cfc5,raw_numeric,raw recovery trajectory/snapshot; regenerable from source
recovery_phase2/identity_1.csv,4915024,5bb00fadb18f81ad57078e51031db0254f3460aa1cc91f3c31d4b5eaae82f872,raw_numeric,raw recovery trajectory/snapshot; regenerable from source
recovery_phase2/identity_1.npz,1249333,56b21b8dc47e371629d506c3d3b27eb27b383aed1f8d983030a66047d5816aa9,raw_numeric,raw recovery trace archive; regenerable from source
recovery_phase2/identity_1_bins.npz,1369,6478aa406fe2c48abb485d9a85d0da923b868f2fa7b1fbfedaf420b5d7b3fdd3,raw_numeric,raw recovery trace archive; regenerable from source
recovery_phase2/identity_1_dense.npz,6036099,d481e1734df481efb12d07776d553e354b84dda207b61b402ae80a3b0c78465f,raw_numeric,raw recovery trace archive; regenerable from source
recovery_phase2/identity_1_snapshots.csv,1768,7ea0935b746c012885f5fb4c9ba220f86f9917ffd2aa92bdef10cfe8acf1e2f8,raw_numeric,raw recovery trajectory/snapshot; regenerable from source
recovery_phase2/identity_1_snapshots.npz,4696,a232ff32135bf8f649db4d4622a94838e35c99e977b7cfed7f801f6955199204,raw_numeric,raw recovery trace archive; regenerable from source
recovery_phase2/identity_2.csv,4915024,5bb00fadb18f81ad57078e51031db0254f3460aa1cc91f3c31d4b5eaae82f872,raw_numeric,raw recovery trajectory/snapshot; regenerable from source
recovery_phase2/identity_2.npz,1249333,56b21b8dc47e371629d506c3d3b27eb27b383aed1f8d983030a66047d5816aa9,raw_numeric,raw recovery trace archive; regenerable from source
recovery_phase2/identity_2_bins.npz,1369,6478aa406fe2c48abb485d9a85d0da923b868f2fa7b1fbfedaf420b5d7b3fdd3,raw_numeric,raw recovery trace archive; regenerable from source
recovery_phase2/identity_2_dense.npz,6036099,d481e1734df481efb12d07776d553e354b84dda207b61b402ae80a3b0c78465f,raw_numeric,raw recovery trace archive; regenerable from source
recovery_phase2/identity_2_snapshots.csv,1768,7ea0935b746c012885f5fb4c9ba220f86f9917ffd2aa92bdef10cfe8acf1e2f8,raw_numeric,raw recovery trajectory/snapshot; regenerable from source
recovery_phase2/identity_2_snapshots.npz,4696,a232ff32135bf8f649db4d4622a94838e35c99e977b7cfed7f801f6955199204,raw_numeric,raw recovery trace archive; regenerable from source
recovery_phase2/nominal_h05_s0.csv,4928007,1e51ff568586c9263178827b2fa7f7caefcb7c72488ec3258440974986234dc1,raw_numeric,raw recovery trajectory/snapshot; regenerable from source
recovery_phase2/nominal_h05_s0.npz,1238457,404587d924e61bc42925408721685e23b2f7219983c3ccbad4fda20371e64b84,raw_numeric,raw recovery trace archive; regenerable from source
recovery_phase2/nominal_h05_s0_bins.npz,1372,e22404329f962c4e429d46d993619e9c88c512c5d7a0de7fa65b7e1da88cc026,raw_numeric,raw recovery trace archive; regenerable from source
recovery_phase2/nominal_h05_s0_dense.npz,6090940,1789fdce34e1b0d144ae533ce0e4d23ffb97a1d2d78bd3d2d245c23a2824b5ed,raw_numeric,raw recovery trace archive; regenerable from source
recovery_phase2/nominal_h05_s0_snapshots.csv,1774,13e1f03a6b1993be1d02ce67972e167640da2ff38ffb034c976136ddb692aedd,raw_numeric,raw recovery trajectory/snapshot; regenerable from source
recovery_phase2/nominal_h05_s0_snapshots.npz,4694,7dc54bb01d0839a6194fe9c2eb3b13456619ab812569753fb627b33d0a81b02e,raw_numeric,raw recovery trace archive; regenerable from source
recovery_phase2/nominal_h05_s1.csv,5742314,5bac1d56f0014f7b5756fd29167ee5440e482fc9fd82f632bef07585ec310430,raw_numeric,raw recovery trajectory/snapshot; regenerable from source
recovery_phase2/nominal_h05_s1.npz,1442605,b9b9c39b8da856e9288132b94685dcbf941df2d3688592ef0a96724fe1aafd16,raw_numeric,raw recovery trace archive; regenerable from source
recovery_phase2/nominal_h05_s1_bins.npz,1446,fcefacc1f18ed669ddaef27bf7bb6b1a4133b61c765bb63675531b8668ad077e,raw_numeric,raw recovery trace archive; regenerable from source
recovery_phase2/nominal_h05_s1_dense.npz,6689186,f08570dff3d145265c65ddf67c908806afc0dc1662c5c2d94438870f5cd133a1,raw_numeric,raw recovery trace archive; regenerable from source
recovery_phase2/nominal_h05_s1_snapshots.csv,1984,f6c3afa19e1bb9c9a3f73f18b67ead78e15e3a8e600734008ead52e0d455e299,raw_numeric,raw recovery trajectory/snapshot; regenerable from source
recovery_phase2/nominal_h05_s1_snapshots.npz,4756,796717842fbc31ce46b32db5e37206a8a0ffd2d058e1d1719489d09ee4d8a06b,raw_numeric,raw recovery trace archive; regenerable from source
recovery_phase2/nominal_h1_s0.csv,4915024,5bb00fadb18f81ad57078e51031db0254f3460aa1cc91f3c31d4b5eaae82f872,raw_numeric,raw recovery trajectory/snapshot; regenerable from source
recovery_phase2/nominal_h1_s0.npz,1249333,56b21b8dc47e371629d506c3d3b27eb27b383aed1f8d983030a66047d5816aa9,raw_numeric,raw recovery trace archive; regenerable from source
recovery_phase2/nominal_h1_s0_bins.npz,1369,6478aa406fe2c48abb485d9a85d0da923b868f2fa7b1fbfedaf420b5d7b3fdd3,raw_numeric,raw recovery trace archive; regenerable from source
recovery_phase2/nominal_h1_s0_dense.npz,6036099,d481e1734df481efb12d07776d553e354b84dda207b61b402ae80a3b0c78465f,raw_numeric,raw recovery trace archive; regenerable from source
recovery_phase2/nominal_h1_s0_snapshots.csv,1768,7ea0935b746c012885f5fb4c9ba220f86f9917ffd2aa92bdef10cfe8acf1e2f8,raw_numeric,raw recovery trajectory/snapshot; regenerable from source
recovery_phase2/nominal_h1_s0_snapshots.npz,4696,a232ff32135bf8f649db4d4622a94838e35c99e977b7cfed7f801f6955199204,raw_numeric,raw recovery trace archive; regenerable from source
recovery_phase2/nominal_h1_s1.csv,5729789,982deaa289a8407bbd665562c36b1830e01c1c44f4dd1cd088a6f3dba44a4498,raw_numeric,raw recovery trajectory/snapshot; regenerable from source
recovery_phase2/nominal_h1_s1.npz,1458204,a6a0585802d6c1e50dc1037e7f3335e04e0f595c8dc270b754b8135bbdd6bce3,raw_numeric,raw recovery trace archive; regenerable from source
recovery_phase2/nominal_h1_s1_bins.npz,1439,fed8f2694423def82dddd9fec3f37695ec5f474396d712f3f7c304a9edacc7a8,raw_numeric,raw recovery trace archive; regenerable from source
recovery_phase2/nominal_h1_s1_dense.npz,6628078,7f80a4fe7e97ad607e9c863a2993256cff48d760896954fe7feb27a0ec9243e9,raw_numeric,raw recovery trace archive; regenerable from source
recovery_phase2/nominal_h1_s1_snapshots.csv,1981,1f70cf10fc9edae24aae0eade60ac0177a8826f0591ea7f6a11ee4ae0f96636d,raw_numeric,raw recovery trajectory/snapshot; regenerable from source
recovery_phase2/nominal_h1_s1_snapshots.npz,4757,85c6a105f417770cd4899f1d5ec20a57a618e9ac37fa4077ab19fd757227d48d,raw_numeric,raw recovery trace archive; regenerable from source
recovery_phase2/tau4_r25_o37_h05_s0.csv,4928659,7968e2774dd0c544f8a5f6c0ba5dfec65e86d3819d575636185de4d63ea12867,raw_numeric,raw recovery trajectory/snapshot; regenerable from source
recovery_phase2/tau4_r25_o37_h05_s0.npz,1238901,13c9ff20d657d707f05eb82c54eac18cc2542cb2c19fedbc4e1ed405d5144727,raw_numeric,raw recovery trace archive; regenerable from source
recovery_phase2/tau4_r25_o37_h05_s0_bins.npz,1372,da255423b31ba892bed19d4ae67c3f2cb658f87ced57b33becbafa261e54e017,raw_numeric,raw recovery trace archive; regenerable from source
recovery_phase2/tau4_r25_o37_h05_s0_dense.npz,6090922,6d2e54bc1a3fe93ab8f93d39f5b35203215d6c30b84f7bce474922ecccdb1ee6,raw_numeric,raw recovery trace archive; regenerable from source
recovery_phase2/tau4_r25_o37_h05_s0_snapshots.csv,1864,86409e75930fa92500e86e35b7124a5079334b5c4706f2f6a810c06059db60d0,raw_numeric,raw recovery trajectory/snapshot; regenerable from source
recovery_phase2/tau4_r25_o37_h05_s0_snapshots.npz,4817,98abe17bb7823d6e569101b338aac74ab73469a5ac6b1893cdc32754997b3dd5,raw_numeric,raw recovery trace archive; regenerable from source
recovery_phase2/tau4_r25_o37_h05_s1.csv,5641554,35f9ea2e496ff4fb3c9734b3b55c3493180b30143bda83ea7fa5eb1709d58fdf,raw_numeric,raw recovery trajectory/snapshot; regenerable from source
recovery_phase2/tau4_r25_o37_h05_s1.npz,1656133,c7e0af9c0ec4182c59065d7185b0d9c217b2f12fa1f0d680279410a353bb916d,raw_numeric,raw recovery trace archive; regenerable from source
recovery_phase2/tau4_r25_o37_h05_s1_bins.npz,1444,541c01d1e397e6ffaae30b644ee81ff70002527a130adc78d064d03d5f7d567d,raw_numeric,raw recovery trace archive; regenerable from source
recovery_phase2/tau4_r25_o37_h05_s1_dense.npz,7686687,2dee57642fa40882829972e8f8c6eae4447392b76e6d55f6cccb6d9e6952b802,raw_numeric,raw recovery trace archive; regenerable from source
recovery_phase2/tau4_r25_o37_h05_s1_snapshots.csv,2051,d0acd206d46218c36088499b8e081fb3e5f3cbf79b2fa7d54607002bf5cfaaed,raw_numeric,raw recovery trajectory/snapshot; regenerable from source
recovery_phase2/tau4_r25_o37_h05_s1_snapshots.npz,4948,f4d5ba8dfc122526753cb85fdc5f13dcdb4fbbf3059908736109fbaa08916bfa,raw_numeric,raw recovery trace archive; regenerable from source
recovery_phase2/tau4_r25_o37_h1_s0.csv,4915717,164a73559484630c7a9574a67ff91709f5edf5fb927f443b3e437dd9d122ab1f,raw_numeric,raw recovery trajectory/snapshot; regenerable from source
recovery_phase2/tau4_r25_o37_h1_s0.npz,1249353,0f82fe46a548ddf30797dbcce7c3b75ea70542b3bfcd539aad673901f79e5512,raw_numeric,raw recovery trace archive; regenerable from source
recovery_phase2/tau4_r25_o37_h1_s0_bins.npz,1365,81e4a1fecf744eda95c7e9a073219a6629790f479ae5cf2a3c3846ce56d45bd8,raw_numeric,raw recovery trace archive; regenerable from source
recovery_phase2/tau4_r25_o37_h1_s0_dense.npz,6036434,194be1bcc2cfc68fbe74710d2965f2be1eec9e83d5fd8ea1740d10ceff8459f1,raw_numeric,raw recovery trace archive; regenerable from source
recovery_phase2/tau4_r25_o37_h1_s0_snapshots.csv,1851,6af742cf0a1f47ead7c88f801369c563c6af35be689665c2743156eccd3fb9f2,raw_numeric,raw recovery trajectory/snapshot; regenerable from source
recovery_phase2/tau4_r25_o37_h1_s0_snapshots.npz,4821,336d8885867c48754eaca760091807f3feb81b2aaa6379cb850c5549e80181b1,raw_numeric,raw recovery trace archive; regenerable from source
recovery_phase2/tau4_r25_o37_h1_s1.csv,5627862,47ddb5dda49a4acb8325e4a0566c3e8b7b4d54a03f705c046a5627faa237cdc4,raw_numeric,raw recovery trajectory/snapshot; regenerable from source
recovery_phase2/tau4_r25_o37_h1_s1.npz,1651816,a51541dc138026c63374e9f914b8235816c688c901b66c6eb69aa00480e082c1,raw_numeric,raw recovery trace archive; regenerable from source
recovery_phase2/tau4_r25_o37_h1_s1_bins.npz,1437,4b5425e3f62b85fdefa27471798c1180223e306efa15dbe54b60fcb098522164,raw_numeric,raw recovery trace archive; regenerable from source
recovery_phase2/tau4_r25_o37_h1_s1_dense.npz,7632772,5934e231ee8ff033f63ec65f7fcf233842c212c81a9623e809abd30d869373b5,raw_numeric,raw recovery trace archive; regenerable from source
recovery_phase2/tau4_r25_o37_h1_s1_snapshots.csv,2046,63f61c687e09562b22acd6bf863dd90c9c0480c9d7d718294771697d7c2f72eb,raw_numeric,raw recovery trajectory/snapshot; regenerable from source
recovery_phase2/tau4_r25_o37_h1_s1_snapshots.npz,4950,2d23e3416f0819e78f7ff54632e718bf652ac40838da635d11aebfdfe7b16af3,raw_numeric,raw recovery trace archive; regenerable from source
recovery_phase2/tau4_r25_o73_h05_s0.csv,4928842,dec76dd79f879290f033f18bebd883d8224bd43a8ca2d50b7f1e5e1dba5be199,raw_numeric,raw recovery trajectory/snapshot; regenerable from source
recovery_phase2/tau4_r25_o73_h05_s0.npz,1239226,af1f4031d067ed204b1aa7b7eafcebbf49ee8b99e6af0177d4905cf7d279ea60,raw_numeric,raw recovery trace archive; regenerable from source
recovery_phase2/tau4_r25_o73_h05_s0_bins.npz,1368,b0f4146b9eced0d91be421462e92ac4af7c4f4e31278c3ab4692cc7eb7ab5a97,raw_numeric,raw recovery trace archive; regenerable from source
recovery_phase2/tau4_r25_o73_h05_s0_dense.npz,6090513,8bd63909cef229d9f43c176ec93a03d6e72d7fd9870a37ae019db17560fda29a,raw_numeric,raw recovery trace archive; regenerable from source
recovery_phase2/tau4_r25_o73_h05_s0_snapshots.csv,1871,b33cc0ce39e67918728c2d2fee385a9b3c8a2f06a604bf667458f70a027dca11,raw_numeric,raw recovery trajectory/snapshot; regenerable from source
recovery_phase2/tau4_r25_o73_h05_s0_snapshots.npz,4825,6eeaf1cda658e5525b61b5bc83e025f142a628a62a767b61c024cd9049a19982,raw_numeric,raw recovery trace archive; regenerable from source
recovery_phase2/tau4_r25_o73_h05_s1.csv,5641629,68dc5816b34ef5711e5d4e7a054ccd3e2f1c83a6a53676c8a79651d5163cb700,raw_numeric,raw recovery trajectory/snapshot; regenerable from source
recovery_phase2/tau4_r25_o73_h05_s1.npz,1655741,4db473a9a9202d1bcfcbaf273684a92cb9532de2dca63329f06a4072f6f4036e,raw_numeric,raw recovery trace archive; regenerable from source
recovery_phase2/tau4_r25_o73_h05_s1_bins.npz,1443,4e322fd208ccfddb276f038e29b2620abd18442a50c7f2976af90be34cf279e4,raw_numeric,raw recovery trace archive; regenerable from source
recovery_phase2/tau4_r25_o73_h05_s1_dense.npz,7686624,c5c79b58781924ba1c157d70867a274357f245d5bb0509974ead3a7df71f68ff,raw_numeric,raw recovery trace archive; regenerable from source
recovery_phase2/tau4_r25_o73_h05_s1_snapshots.csv,2062,99cbe5ed83b75389c62b3c5d40722dcd26ea23a4d1bb6c1fd824a78bacaf7fac,raw_numeric,raw recovery trajectory/snapshot; regenerable from source
recovery_phase2/tau4_r25_o73_h05_s1_snapshots.npz,4939,2f5165e960b2be5ddb2cac4832a36985b0db797637aecbb8605ad484e55f61a1,raw_numeric,raw recovery trace archive; regenerable from source
recovery_phase2/tau4_r25_o73_h1_s0.csv,4915703,1f8b0ae0f66a1ee0dee9b3ebb89000d7517394855a521c41b9d1ea19fbef9845,raw_numeric,raw recovery trajectory/snapshot; regenerable from source
recovery_phase2/tau4_r25_o73_h1_s0.npz,1249312,2d77ed5d8f5972c418f9aabcad1229021cccf38ade20c88802cc870c728390f1,raw_numeric,raw recovery trace archive; regenerable from source
recovery_phase2/tau4_r25_o73_h1_s0_bins.npz,1366,f8da43bb0fdaa65533938787d7d1308b45ab382950726314b6f366594814b12b,raw_numeric,raw recovery trace archive; regenerable from source
recovery_phase2/tau4_r25_o73_h1_s0_dense.npz,6036147,a6a89d8ed9ff897e992c1286514aa45d42f9cbdb4dba5d8298ed9b59cf9df846,raw_numeric,raw recovery trace archive; regenerable from source
recovery_phase2/tau4_r25_o73_h1_s0_snapshots.csv,1864,db21b17846ebceaedd0bf3513147bebfbae9cd1393bf8d3d3fa920027e014db5,raw_numeric,raw recovery trajectory/snapshot; regenerable from source
recovery_phase2/tau4_r25_o73_h1_s0_snapshots.npz,4826,9180b148a4cc588a8b641a7a03e1dd30c77e795d2774c53ba951cdeafc9236fe,raw_numeric,raw recovery trace archive; regenerable from source
recovery_phase2/tau4_r25_o73_h1_s1.csv,5627960,07e597682b47a2502dc4073b58b0e7653bbcb2984c2005154157b20ab049ecdb,raw_numeric,raw recovery trajectory/snapshot; regenerable from source
recovery_phase2/tau4_r25_o73_h1_s1.npz,1651628,24f32814e2309edd6a7f9a5d1db11d86a61d0cc1fddec3819730d6e23321e2cd,raw_numeric,raw recovery trace archive; regenerable from source
recovery_phase2/tau4_r25_o73_h1_s1_bins.npz,1443,05bd7837403c385d41d3560fe6217744e6d43fcaef36cbda60e62aac2acfc6e1,raw_numeric,raw recovery trace archive; regenerable from source
recovery_phase2/tau4_r25_o73_h1_s1_dense.npz,7632917,fee89d9b53b7549a1e796e62c3742c109f3c71bbdbc45092be766b0cd3d7a651,raw_numeric,raw recovery trace archive; regenerable from source
recovery_phase2/tau4_r25_o73_h1_s1_snapshots.csv,2047,dfa96c1ac90995cd9f240e78fd59e5f1a008e893f3af7ffc9edc35eee71993af,raw_numeric,raw recovery trajectory/snapshot; regenerable from source
recovery_phase2/tau4_r25_o73_h1_s1_snapshots.npz,4937,745073dad3acf5e03237e90269ffe5526635f9bfb01d8d5d6f707e225488ee07,raw_numeric,raw recovery trace archive; regenerable from source
recovery_phase2/tau4_r35_o37_h05_s0.csv,4928659,7968e2774dd0c544f8a5f6c0ba5dfec65e86d3819d575636185de4d63ea12867,raw_numeric,raw recovery trajectory/snapshot; regenerable from source
recovery_phase2/tau4_r35_o37_h05_s0.npz,1238901,13c9ff20d657d707f05eb82c54eac18cc2542cb2c19fedbc4e1ed405d5144727,raw_numeric,raw recovery trace archive; regenerable from source
recovery_phase2/tau4_r35_o37_h05_s0_bins.npz,1372,da255423b31ba892bed19d4ae67c3f2cb658f87ced57b33becbafa261e54e017,raw_numeric,raw recovery trace archive; regenerable from source
recovery_phase2/tau4_r35_o37_h05_s0_dense.npz,6090922,6d2e54bc1a3fe93ab8f93d39f5b35203215d6c30b84f7bce474922ecccdb1ee6,raw_numeric,raw recovery trace archive; regenerable from source
recovery_phase2/tau4_r35_o37_h05_s0_snapshots.csv,1864,86409e75930fa92500e86e35b7124a5079334b5c4706f2f6a810c06059db60d0,raw_numeric,raw recovery trajectory/snapshot; regenerable from source
recovery_phase2/tau4_r35_o37_h05_s0_snapshots.npz,4817,98abe17bb7823d6e569101b338aac74ab73469a5ac6b1893cdc32754997b3dd5,raw_numeric,raw recovery trace archive; regenerable from source
recovery_phase2/tau4_r35_o37_h05_s1.csv,5689516,5cd1a7f29b03b2c0a99eb407e95d9d5528b2b22aa43e3e3ba471543cd7b5eee3,raw_numeric,raw recovery trajectory/snapshot; regenerable from source
recovery_phase2/tau4_r35_o37_h05_s1.npz,1593918,de037068300fc1b881742ac3da83c7881cbc81fdeb5f512e28ef9416de46d341,raw_numeric,raw recovery trace archive; regenerable from source
recovery_phase2/tau4_r35_o37_h05_s1_bins.npz,1441,cafc48640d562aca391c1ba45c3fe2234a2b4fed4f758a706bd834b5d5a56e84,raw_numeric,raw recovery trace archive; regenerable from source
recovery_phase2/tau4_r35_o37_h05_s1_dense.npz,7577940,248965ab5e4fa25153f92a075c093d1cf84de28226f4d1f0fd38b70457ba46e2,raw_numeric,raw recovery trace archive; regenerable from source
recovery_phase2/tau4_r35_o37_h05_s1_snapshots.csv,2059,9b0cb40e173ffce9b2b3a91917ad6bec130b3866f078d52df0dcf05a6a7555d1,raw_numeric,raw recovery trajectory/snapshot; regenerable from source
recovery_phase2/tau4_r35_o37_h05_s1_snapshots.npz,4925,4cb2b08de0e8b7ea88ec1be5ed0bbe91463b2938f0421bd71c9615caeae84d48,raw_numeric,raw recovery trace archive; regenerable from source
recovery_phase2/tau4_r35_o37_h1_s0.csv,4915717,164a73559484630c7a9574a67ff91709f5edf5fb927f443b3e437dd9d122ab1f,raw_numeric,raw recovery trajectory/snapshot; regenerable from source
recovery_phase2/tau4_r35_o37_h1_s0.npz,1249353,0f82fe46a548ddf30797dbcce7c3b75ea70542b3bfcd539aad673901f79e5512,raw_numeric,raw recovery trace archive; regenerable from source
recovery_phase2/tau4_r35_o37_h1_s0_bins.npz,1365,81e4a1fecf744eda95c7e9a073219a6629790f479ae5cf2a3c3846ce56d45bd8,raw_numeric,raw recovery trace archive; regenerable from source
recovery_phase2/tau4_r35_o37_h1_s0_dense.npz,6036434,194be1bcc2cfc68fbe74710d2965f2be1eec9e83d5fd8ea1740d10ceff8459f1,raw_numeric,raw recovery trace archive; regenerable from source
recovery_phase2/tau4_r35_o37_h1_s0_snapshots.csv,1851,6af742cf0a1f47ead7c88f801369c563c6af35be689665c2743156eccd3fb9f2,raw_numeric,raw recovery trajectory/snapshot; regenerable from source
recovery_phase2/tau4_r35_o37_h1_s0_snapshots.npz,4821,336d8885867c48754eaca760091807f3feb81b2aaa6379cb850c5549e80181b1,raw_numeric,raw recovery trace archive; regenerable from source
recovery_phase2/tau4_r35_o37_h1_s1.csv,5675660,a725bb6a9d9f0d56423aca8da7b3888140b77ac37eacd429806c341aa99badd1,raw_numeric,raw recovery trajectory/snapshot; regenerable from source
recovery_phase2/tau4_r35_o37_h1_s1.npz,1592466,ad39c88ef17824f6f277eb4604dd872094b3ec1c154acbf66436f6de48a4acd9,raw_numeric,raw recovery trace archive; regenerable from source
recovery_phase2/tau4_r35_o37_h1_s1_bins.npz,1435,896843fe361e313cc06f57ecf1b3443d5ba2c69b42adb16ede9801dc48c62112,raw_numeric,raw recovery trace archive; regenerable from source
recovery_phase2/tau4_r35_o37_h1_s1_dense.npz,7523609,6bb8c975c318880a8007239573f48d135df13e840197dab07a11bed837d023be,raw_numeric,raw recovery trace archive; regenerable from source
recovery_phase2/tau4_r35_o37_h1_s1_snapshots.csv,2049,a46662e33ca107aa2d023cf1f41133bff45154608bc75e308239ef9953fa3430,raw_numeric,raw recovery trajectory/snapshot; regenerable from source
recovery_phase2/tau4_r35_o37_h1_s1_snapshots.npz,4926,b8a280589f56101a7c51ff417bd6bfac86d6196b4f0e68530852d4108464f910,raw_numeric,raw recovery trace archive; regenerable from source
recovery_phase2/tau4_r35_o73_h05_s0.csv,4928842,dec76dd79f879290f033f18bebd883d8224bd43a8ca2d50b7f1e5e1dba5be199,raw_numeric,raw recovery trajectory/snapshot; regenerable from source
recovery_phase2/tau4_r35_o73_h05_s0.npz,1239226,af1f4031d067ed204b1aa7b7eafcebbf49ee8b99e6af0177d4905cf7d279ea60,raw_numeric,raw recovery trace archive; regenerable from source
recovery_phase2/tau4_r35_o73_h05_s0_bins.npz,1368,b0f4146b9eced0d91be421462e92ac4af7c4f4e31278c3ab4692cc7eb7ab5a97,raw_numeric,raw recovery trace archive; regenerable from source
recovery_phase2/tau4_r35_o73_h05_s0_dense.npz,6090513,8bd63909cef229d9f43c176ec93a03d6e72d7fd9870a37ae019db17560fda29a,raw_numeric,raw recovery trace archive; regenerable from source
recovery_phase2/tau4_r35_o73_h05_s0_snapshots.csv,1871,b33cc0ce39e67918728c2d2fee385a9b3c8a2f06a604bf667458f70a027dca11,raw_numeric,raw recovery trajectory/snapshot; regenerable from source
recovery_phase2/tau4_r35_o73_h05_s0_snapshots.npz,4825,6eeaf1cda658e5525b61b5bc83e025f142a628a62a767b61c024cd9049a19982,raw_numeric,raw recovery trace archive; regenerable from source
recovery_phase2/tau4_r35_o73_h05_s1.csv,5689545,f3c338c82b7e464a29fa339a7c9757dea7e418d0ab1ba6801e7ab544e407c01a,raw_numeric,raw recovery trajectory/snapshot; regenerable from source
recovery_phase2/tau4_r35_o73_h05_s1.npz,1593662,7246648d62bc0d9e5bc068d2f83e82b6510a79ddccc3fd0d2eb8991c932f7613,raw_numeric,raw recovery trace archive; regenerable from source
recovery_phase2/tau4_r35_o73_h05_s1_bins.npz,1445,e80e4e54b5a0cdffa29b4aa14709315763eba8be9cb1f1bdafcd95fcc4bc7328,raw_numeric,raw recovery trace archive; regenerable from source
recovery_phase2/tau4_r35_o73_h05_s1_dense.npz,7577970,282d3331638c489cac645940f8be61700cb790478cbc0214f3a641a9944d9184,raw_numeric,raw recovery trace archive; regenerable from source
recovery_phase2/tau4_r35_o73_h05_s1_snapshots.csv,2069,dfe3af84962c1dfb8b0b3bc9273c13e3eff6fc1d1193fabeb9633a957415b605,raw_numeric,raw recovery trajectory/snapshot; regenerable from source
recovery_phase2/tau4_r35_o73_h05_s1_snapshots.npz,4912,212345bef6bf276e0cc4974d7e35c58408ce351fceee449889dd96b13d43ca55,raw_numeric,raw recovery trace archive; regenerable from source
recovery_phase2/tau4_r35_o73_h1_s0.csv,4915703,1f8b0ae0f66a1ee0dee9b3ebb89000d7517394855a521c41b9d1ea19fbef9845,raw_numeric,raw recovery trajectory/snapshot; regenerable from source
recovery_phase2/tau4_r35_o73_h1_s0.npz,1249312,2d77ed5d8f5972c418f9aabcad1229021cccf38ade20c88802cc870c728390f1,raw_numeric,raw recovery trace archive; regenerable from source
recovery_phase2/tau4_r35_o73_h1_s0_bins.npz,1366,f8da43bb0fdaa65533938787d7d1308b45ab382950726314b6f366594814b12b,raw_numeric,raw recovery trace archive; regenerable from source
recovery_phase2/tau4_r35_o73_h1_s0_dense.npz,6036147,a6a89d8ed9ff897e992c1286514aa45d42f9cbdb4dba5d8298ed9b59cf9df846,raw_numeric,raw recovery trace archive; regenerable from source
recovery_phase2/tau4_r35_o73_h1_s0_snapshots.csv,1864,db21b17846ebceaedd0bf3513147bebfbae9cd1393bf8d3d3fa920027e014db5,raw_numeric,raw recovery trajectory/snapshot; regenerable from source
recovery_phase2/tau4_r35_o73_h1_s0_snapshots.npz,4826,9180b148a4cc588a8b641a7a03e1dd30c77e795d2774c53ba951cdeafc9236fe,raw_numeric,raw recovery trace archive; regenerable from source
recovery_phase2/tau4_r35_o73_h1_s1.csv,5675727,1d42a6e0ef0a2f231f8c79b4cb1d8a3e064746e210343b5595cdca3f78f2bc28,raw_numeric,raw recovery trajectory/snapshot; regenerable from source
recovery_phase2/tau4_r35_o73_h1_s1.npz,1592022,7e850ad19cfbfbbdd9bd99675c8f594de94e611e69211b5f1cd1c6d43257dcb6,raw_numeric,raw recovery trace archive; regenerable from source
recovery_phase2/tau4_r35_o73_h1_s1_bins.npz,1443,1614369a0c3d6c2f337e3fca448d1f863af9671b6ff38d5e49a37d32c8118690,raw_numeric,raw recovery trace archive; regenerable from source
recovery_phase2/tau4_r35_o73_h1_s1_dense.npz,7523209,89d2b7956d2d7e2f5a525eed9f69c51a50a671ef66ab0737cb978ae805dbcb94,raw_numeric,raw recovery trace archive; regenerable from source
recovery_phase2/tau4_r35_o73_h1_s1_snapshots.csv,2058,da6c3e9cd66e4b56a4dd7a4221af503ddb61fd0748fe1a7b20945e243762fdf9,raw_numeric,raw recovery trajectory/snapshot; regenerable from source
recovery_phase2/tau4_r35_o73_h1_s1_snapshots.npz,4912,f060688b4250a17d33e77ed0f43b1d2211c02587a46a3191cceea59fc48ca520,raw_numeric,raw recovery trace archive; regenerable from source
recovery_phase2/tau6_r25_o37_h05_s0.csv,4928659,7968e2774dd0c544f8a5f6c0ba5dfec65e86d3819d575636185de4d63ea12867,raw_numeric,raw recovery trajectory/snapshot; regenerable from source
recovery_phase2/tau6_r25_o37_h05_s0.npz,1238901,13c9ff20d657d707f05eb82c54eac18cc2542cb2c19fedbc4e1ed405d5144727,raw_numeric,raw recovery trace archive; regenerable from source
recovery_phase2/tau6_r25_o37_h05_s0_bins.npz,1372,da255423b31ba892bed19d4ae67c3f2cb658f87ced57b33becbafa261e54e017,raw_numeric,raw recovery trace archive; regenerable from source
recovery_phase2/tau6_r25_o37_h05_s0_dense.npz,6090922,6d2e54bc1a3fe93ab8f93d39f5b35203215d6c30b84f7bce474922ecccdb1ee6,raw_numeric,raw recovery trace archive; regenerable from source
recovery_phase2/tau6_r25_o37_h05_s0_snapshots.csv,1864,86409e75930fa92500e86e35b7124a5079334b5c4706f2f6a810c06059db60d0,raw_numeric,raw recovery trajectory/snapshot; regenerable from source
recovery_phase2/tau6_r25_o37_h05_s0_snapshots.npz,4817,98abe17bb7823d6e569101b338aac74ab73469a5ac6b1893cdc32754997b3dd5,raw_numeric,raw recovery trace archive; regenerable from source
recovery_phase2/tau6_r25_o37_h05_s1.csv,5666294,a724cc9cd16b2851d07ac64be83e29011194a6f4e58a447929bb7b1c04fd9110,raw_numeric,raw recovery trajectory/snapshot; regenerable from source
recovery_phase2/tau6_r25_o37_h05_s1.npz,1643403,1a9d7dad1aed7a541c0a3f9abac210d1461e46c0605219505d36934514722beb,raw_numeric,raw recovery trace archive; regenerable from source
recovery_phase2/tau6_r25_o37_h05_s1_bins.npz,1443,c2cca603f914b1a510e9d76b5935e18cab02bf0ba02731b9a753fb88ab82a005,raw_numeric,raw recovery trace archive; regenerable from source
recovery_phase2/tau6_r25_o37_h05_s1_dense.npz,7644091,4ba65a517ea1bcd28f0746f8e65951d284ef5d18f962a7c734ae041317f5858b,raw_numeric,raw recovery trace archive; regenerable from source
recovery_phase2/tau6_r25_o37_h05_s1_snapshots.csv,2057,914727ebb093ec57d0fe127ec15f659cc41946dbece896789e1c56aa979be1e1,raw_numeric,raw recovery trajectory/snapshot; regenerable from source
recovery_phase2/tau6_r25_o37_h05_s1_snapshots.npz,4945,f4c9a91a1a5af88f268ea909807178240a4ac9a5fe164c2cb5bfc4ebf6beee8c,raw_numeric,raw recovery trace archive; regenerable from source
recovery_phase2/tau6_r25_o37_h1_s0.csv,4915717,164a73559484630c7a9574a67ff91709f5edf5fb927f443b3e437dd9d122ab1f,raw_numeric,raw recovery trajectory/snapshot; regenerable from source
recovery_phase2/tau6_r25_o37_h1_s0.npz,1249353,0f82fe46a548ddf30797dbcce7c3b75ea70542b3bfcd539aad673901f79e5512,raw_numeric,raw recovery trace archive; regenerable from source
recovery_phase2/tau6_r25_o37_h1_s0_bins.npz,1365,81e4a1fecf744eda95c7e9a073219a6629790f479ae5cf2a3c3846ce56d45bd8,raw_numeric,raw recovery trace archive; regenerable from source
recovery_phase2/tau6_r25_o37_h1_s0_dense.npz,6036434,194be1bcc2cfc68fbe74710d2965f2be1eec9e83d5fd8ea1740d10ceff8459f1,raw_numeric,raw recovery trace archive; regenerable from source
recovery_phase2/tau6_r25_o37_h1_s0_snapshots.csv,1851,6af742cf0a1f47ead7c88f801369c563c6af35be689665c2743156eccd3fb9f2,raw_numeric,raw recovery trajectory/snapshot; regenerable from source
recovery_phase2/tau6_r25_o37_h1_s0_snapshots.npz,4821,336d8885867c48754eaca760091807f3feb81b2aaa6379cb850c5549e80181b1,raw_numeric,raw recovery trace archive; regenerable from source
recovery_phase2/tau6_r25_o37_h1_s1.csv,5652637,fccbea32f87e29fe4227dad092359c6030c414daced113f22895302715d180d7,raw_numeric,raw recovery trajectory/snapshot; regenerable from source
recovery_phase2/tau6_r25_o37_h1_s1.npz,1639566,77d35f9150d7c2e6873f24f505c973efe5fc97c9c04e7a3403dd395e23f1576d,raw_numeric,raw recovery trace archive; regenerable from source
recovery_phase2/tau6_r25_o37_h1_s1_bins.npz,1437,13aac8747c2989f9b46dccf28278912075e05894cf7e2fc52c8790c5f30a548d,raw_numeric,raw recovery trace archive; regenerable from source
recovery_phase2/tau6_r25_o37_h1_s1_dense.npz,7590101,374dbc5a1db03610ec0ee610e7dc3a567494ad8c66cc16b92c75b5188c4a2697,raw_numeric,raw recovery trace archive; regenerable from source
recovery_phase2/tau6_r25_o37_h1_s1_snapshots.csv,2049,50241cf4428e24a4b49a55f0bab4fa1ea16d128a6c53bb5c206e70197eef7fa5,raw_numeric,raw recovery trajectory/snapshot; regenerable from source
recovery_phase2/tau6_r25_o37_h1_s1_snapshots.npz,4946,b23feea1c626b21823aa129c3cfa4e2097e9cdb115f0bb1c43a9a99b13f0edeb,raw_numeric,raw recovery trace archive; regenerable from source
recovery_phase2/tau6_r25_o73_h05_s0.csv,4928842,dec76dd79f879290f033f18bebd883d8224bd43a8ca2d50b7f1e5e1dba5be199,raw_numeric,raw recovery trajectory/snapshot; regenerable from source
recovery_phase2/tau6_r25_o73_h05_s0.npz,1239226,af1f4031d067ed204b1aa7b7eafcebbf49ee8b99e6af0177d4905cf7d279ea60,raw_numeric,raw recovery trace archive; regenerable from source
recovery_phase2/tau6_r25_o73_h05_s0_bins.npz,1368,b0f4146b9eced0d91be421462e92ac4af7c4f4e31278c3ab4692cc7eb7ab5a97,raw_numeric,raw recovery trace archive; regenerable from source
recovery_phase2/tau6_r25_o73_h05_s0_dense.npz,6090513,8bd63909cef229d9f43c176ec93a03d6e72d7fd9870a37ae019db17560fda29a,raw_numeric,raw recovery trace archive; regenerable from source
recovery_phase2/tau6_r25_o73_h05_s0_snapshots.csv,1871,b33cc0ce39e67918728c2d2fee385a9b3c8a2f06a604bf667458f70a027dca11,raw_numeric,raw recovery trajectory/snapshot; regenerable from source
recovery_phase2/tau6_r25_o73_h05_s0_snapshots.npz,4825,6eeaf1cda658e5525b61b5bc83e025f142a628a62a767b61c024cd9049a19982,raw_numeric,raw recovery trace archive; regenerable from source
recovery_phase2/tau6_r25_o73_h05_s1.csv,5666146,805bd260e6add4a56375b32a3e14f9660356bed2f075bc8d5507790eb1d2efff,raw_numeric,raw recovery trajectory/snapshot; regenerable from source
recovery_phase2/tau6_r25_o73_h05_s1.npz,1642971,091519cf47f272a562913e570344452085260f71f88cc3bbbc30fff27f3288fd,raw_numeric,raw recovery trace archive; regenerable from source
recovery_phase2/tau6_r25_o73_h05_s1_bins.npz,1447,fac6b80b6be7acf4c816d2dc945e433878d06030da32d1f2af83429a0a023cc0,raw_numeric,raw recovery trace archive; regenerable from source
recovery_phase2/tau6_r25_o73_h05_s1_dense.npz,7644341,cd5a757ca3c0233bfb1291bb0c2172a0cc020fc2d2c9f6c9050e1307629fd961,raw_numeric,raw recovery trace archive; regenerable from source
recovery_phase2/tau6_r25_o73_h05_s1_snapshots.csv,2063,fa307b613c86bd28a7e300fdc2f36d445b1d6b7fd593b0400857493c28744946,raw_numeric,raw recovery trajectory/snapshot; regenerable from source
recovery_phase2/tau6_r25_o73_h05_s1_snapshots.npz,4918,5516b065400c5ec52456b431a7c2553d8948426f2fb88a99711455811e223ea8,raw_numeric,raw recovery trace archive; regenerable from source
recovery_phase2/tau6_r25_o73_h1_s0.csv,4915703,1f8b0ae0f66a1ee0dee9b3ebb89000d7517394855a521c41b9d1ea19fbef9845,raw_numeric,raw recovery trajectory/snapshot; regenerable from source
recovery_phase2/tau6_r25_o73_h1_s0.npz,1249312,2d77ed5d8f5972c418f9aabcad1229021cccf38ade20c88802cc870c728390f1,raw_numeric,raw recovery trace archive; regenerable from source
recovery_phase2/tau6_r25_o73_h1_s0_bins.npz,1366,f8da43bb0fdaa65533938787d7d1308b45ab382950726314b6f366594814b12b,raw_numeric,raw recovery trace archive; regenerable from source
recovery_phase2/tau6_r25_o73_h1_s0_dense.npz,6036147,a6a89d8ed9ff897e992c1286514aa45d42f9cbdb4dba5d8298ed9b59cf9df846,raw_numeric,raw recovery trace archive; regenerable from source
recovery_phase2/tau6_r25_o73_h1_s0_snapshots.csv,1864,db21b17846ebceaedd0bf3513147bebfbae9cd1393bf8d3d3fa920027e014db5,raw_numeric,raw recovery trajectory/snapshot; regenerable from source
recovery_phase2/tau6_r25_o73_h1_s0_snapshots.npz,4826,9180b148a4cc588a8b641a7a03e1dd30c77e795d2774c53ba951cdeafc9236fe,raw_numeric,raw recovery trace archive; regenerable from source
recovery_phase2/tau6_r25_o73_h1_s1.csv,5652585,6eb487c09f566dfc97a2858f2f01dd342efa9fddfab351f0c685c6052d83c8a3,raw_numeric,raw recovery trajectory/snapshot; regenerable from source
recovery_phase2/tau6_r25_o73_h1_s1.npz,1639090,0426bd6971945583a75e5f0a34e04628a7e901b73da09e63bf9d423e9bbbfcf7,raw_numeric,raw recovery trace archive; regenerable from source
recovery_phase2/tau6_r25_o73_h1_s1_bins.npz,1441,71fb8dc2a7c38c5c88770f3ba412002390d11dfe65ef9e57689520fc7afc9cd2,raw_numeric,raw recovery trace archive; regenerable from source
recovery_phase2/tau6_r25_o73_h1_s1_dense.npz,7590018,6750ac545f23ba13ce6b928009563ca498ba38cbe7dce0ac7d26171dd5a2099c,raw_numeric,raw recovery trace archive; regenerable from source
recovery_phase2/tau6_r25_o73_h1_s1_snapshots.csv,2057,bbad65a191de6a3ebf28e86cae81d6c8223509bd28eba2bb4a1cee600addb4a9,raw_numeric,raw recovery trajectory/snapshot; regenerable from source
recovery_phase2/tau6_r25_o73_h1_s1_snapshots.npz,4923,c331074ebd5361194b7de0d636308f12b2403ffc3fc462ef5b687947021c72fc,raw_numeric,raw recovery trace archive; regenerable from source
recovery_phase2/tau6_r35_o37_h05_s0.csv,4928659,7968e2774dd0c544f8a5f6c0ba5dfec65e86d3819d575636185de4d63ea12867,raw_numeric,raw recovery trajectory/snapshot; regenerable from source
recovery_phase2/tau6_r35_o37_h05_s0.npz,1238901,13c9ff20d657d707f05eb82c54eac18cc2542cb2c19fedbc4e1ed405d5144727,raw_numeric,raw recovery trace archive; regenerable from source
recovery_phase2/tau6_r35_o37_h05_s0_bins.npz,1372,da255423b31ba892bed19d4ae67c3f2cb658f87ced57b33becbafa261e54e017,raw_numeric,raw recovery trace archive; regenerable from source
recovery_phase2/tau6_r35_o37_h05_s0_dense.npz,6090922,6d2e54bc1a3fe93ab8f93d39f5b35203215d6c30b84f7bce474922ecccdb1ee6,raw_numeric,raw recovery trace archive; regenerable from source
recovery_phase2/tau6_r35_o37_h05_s0_snapshots.csv,1864,86409e75930fa92500e86e35b7124a5079334b5c4706f2f6a810c06059db60d0,raw_numeric,raw recovery trajectory/snapshot; regenerable from source
recovery_phase2/tau6_r35_o37_h05_s0_snapshots.npz,4817,98abe17bb7823d6e569101b338aac74ab73469a5ac6b1893cdc32754997b3dd5,raw_numeric,raw recovery trace archive; regenerable from source
recovery_phase2/tau6_r35_o37_h05_s1.csv,5700597,8537c9f81b10ef66b460abe60fb0cd674238efa95e35740787707734db8d4cda,raw_numeric,raw recovery trajectory/snapshot; regenerable from source
recovery_phase2/tau6_r35_o37_h05_s1.npz,1572299,2964deb13a23cbadd39333daab111ba2b851b71d7ecb6a83a114e6f9f12cb63d,raw_numeric,raw recovery trace archive; regenerable from source
recovery_phase2/tau6_r35_o37_h05_s1_bins.npz,1448,bd263bcaec7bd4302588baace77985badeec833ba0e32ba4ee37d5990cea6ad4,raw_numeric,raw recovery trace archive; regenerable from source
recovery_phase2/tau6_r35_o37_h05_s1_dense.npz,7558876,61a7f2fdd431e7fe1d4e0c287c96378da0ed599647b3b3e938aae4b81ee742ba,raw_numeric,raw recovery trace archive; regenerable from source
recovery_phase2/tau6_r35_o37_h05_s1_snapshots.csv,2060,7abb798da87a42b041d02d9056452e91fb8b00b62c9f2272003a657bd3cca7ac,raw_numeric,raw recovery trajectory/snapshot; regenerable from source
recovery_phase2/tau6_r35_o37_h05_s1_snapshots.npz,4926,283e67461f10ca4f3b51c554d35c849431f2c2a96e7a703725a0f7fe8d562d9f,raw_numeric,raw recovery trace archive; regenerable from source
recovery_phase2/tau6_r35_o37_h1_s0.csv,4915717,164a73559484630c7a9574a67ff91709f5edf5fb927f443b3e437dd9d122ab1f,raw_numeric,raw recovery trajectory/snapshot; regenerable from source
recovery_phase2/tau6_r35_o37_h1_s0.npz,1249353,0f82fe46a548ddf30797dbcce7c3b75ea70542b3bfcd539aad673901f79e5512,raw_numeric,raw recovery trace archive; regenerable from source
recovery_phase2/tau6_r35_o37_h1_s0_bins.npz,1365,81e4a1fecf744eda95c7e9a073219a6629790f479ae5cf2a3c3846ce56d45bd8,raw_numeric,raw recovery trace archive; regenerable from source
recovery_phase2/tau6_r35_o37_h1_s0_dense.npz,6036434,194be1bcc2cfc68fbe74710d2965f2be1eec9e83d5fd8ea1740d10ceff8459f1,raw_numeric,raw recovery trace archive; regenerable from source
recovery_phase2/tau6_r35_o37_h1_s0_snapshots.csv,1851,6af742cf0a1f47ead7c88f801369c563c6af35be689665c2743156eccd3fb9f2,raw_numeric,raw recovery trajectory/snapshot; regenerable from source
recovery_phase2/tau6_r35_o37_h1_s0_snapshots.npz,4821,336d8885867c48754eaca760091807f3feb81b2aaa6379cb850c5549e80181b1,raw_numeric,raw recovery trace archive; regenerable from source
recovery_phase2/tau6_r35_o37_h1_s1.csv,5687293,ec30c08a1d5e9e5129f868ceb5494b38d48b5dff1a89262d50b10ac861a05e42,raw_numeric,raw recovery trajectory/snapshot; regenerable from source
recovery_phase2/tau6_r35_o37_h1_s1.npz,1574810,65afb579cdb730fc56ebd8ea70e9d2d8c8ad8bb3a4b5c9026390a98df15bb7eb,raw_numeric,raw recovery trace archive; regenerable from source
recovery_phase2/tau6_r35_o37_h1_s1_bins.npz,1440,b5132913db763889a3080a42ef93c3c4c473293783dd5363a57005682181c347,raw_numeric,raw recovery trace archive; regenerable from source
recovery_phase2/tau6_r35_o37_h1_s1_dense.npz,7503375,06a072910ada098f530bd36876489842e5e013cd20b416d08f1387f659361246,raw_numeric,raw recovery trace archive; regenerable from source
recovery_phase2/tau6_r35_o37_h1_s1_snapshots.csv,2052,23e765e42a3ff48668411534a219555728df0e856aed96e27d04a598bc61047b,raw_numeric,raw recovery trajectory/snapshot; regenerable from source
recovery_phase2/tau6_r35_o37_h1_s1_snapshots.npz,4927,a4bef5045f7cc655364e5f568193e3923ac4f84fa8acff61d1e13b7aedec4fae,raw_numeric,raw recovery trace archive; regenerable from source
recovery_phase2/tau6_r35_o73_h05_s0.csv,4928842,dec76dd79f879290f033f18bebd883d8224bd43a8ca2d50b7f1e5e1dba5be199,raw_numeric,raw recovery trajectory/snapshot; regenerable from source
recovery_phase2/tau6_r35_o73_h05_s0.npz,1239226,af1f4031d067ed204b1aa7b7eafcebbf49ee8b99e6af0177d4905cf7d279ea60,raw_numeric,raw recovery trace archive; regenerable from source
recovery_phase2/tau6_r35_o73_h05_s0_bins.npz,1368,b0f4146b9eced0d91be421462e92ac4af7c4f4e31278c3ab4692cc7eb7ab5a97,raw_numeric,raw recovery trace archive; regenerable from source
recovery_phase2/tau6_r35_o73_h05_s0_dense.npz,6090513,8bd63909cef229d9f43c176ec93a03d6e72d7fd9870a37ae019db17560fda29a,raw_numeric,raw recovery trace archive; regenerable from source
recovery_phase2/tau6_r35_o73_h05_s0_snapshots.csv,1871,b33cc0ce39e67918728c2d2fee385a9b3c8a2f06a604bf667458f70a027dca11,raw_numeric,raw recovery trajectory/snapshot; regenerable from source
recovery_phase2/tau6_r35_o73_h05_s0_snapshots.npz,4825,6eeaf1cda658e5525b61b5bc83e025f142a628a62a767b61c024cd9049a19982,raw_numeric,raw recovery trace archive; regenerable from source
recovery_phase2/tau6_r35_o73_h05_s1.csv,5700326,15decd79d666a24465d6422f328a5007cc191a72046185cb6da334908fb36667,raw_numeric,raw recovery trajectory/snapshot; regenerable from source
recovery_phase2/tau6_r35_o73_h05_s1.npz,1572048,bb27c8a965378e6c30b1f8c764bb964880f10e08e56ec31d8bf148f7fb3f7d5f,raw_numeric,raw recovery trace archive; regenerable from source
recovery_phase2/tau6_r35_o73_h05_s1_bins.npz,1447,4139b1090040c0359eb64a0c1490ea11cf8f2779b1ca3b618a68bbd3f8a1638a,raw_numeric,raw recovery trace archive; regenerable from source
recovery_phase2/tau6_r35_o73_h05_s1_dense.npz,7558949,cdf2db4a95901e5287c5d3320301ec5e6af86aba48983913b71a1d0366e08873,raw_numeric,raw recovery trace archive; regenerable from source
recovery_phase2/tau6_r35_o73_h05_s1_snapshots.csv,2071,04094866ceeb7b5e6663af9c8164fa6fe450d65819dc927bacaf5ac37482a459,raw_numeric,raw recovery trajectory/snapshot; regenerable from source
recovery_phase2/tau6_r35_o73_h05_s1_snapshots.npz,4909,84ddafc59d1da7caf520b6191240e4fd2eddd56a7e3ef26bab75949f4537d95f,raw_numeric,raw recovery trace archive; regenerable from source
recovery_phase2/tau6_r35_o73_h1_s0.csv,4915703,1f8b0ae0f66a1ee0dee9b3ebb89000d7517394855a521c41b9d1ea19fbef9845,raw_numeric,raw recovery trajectory/snapshot; regenerable from source
recovery_phase2/tau6_r35_o73_h1_s0.npz,1249312,2d77ed5d8f5972c418f9aabcad1229021cccf38ade20c88802cc870c728390f1,raw_numeric,raw recovery trace archive; regenerable from source
recovery_phase2/tau6_r35_o73_h1_s0_bins.npz,1366,f8da43bb0fdaa65533938787d7d1308b45ab382950726314b6f366594814b12b,raw_numeric,raw recovery trace archive; regenerable from source
recovery_phase2/tau6_r35_o73_h1_s0_dense.npz,6036147,a6a89d8ed9ff897e992c1286514aa45d42f9cbdb4dba5d8298ed9b59cf9df846,raw_numeric,raw recovery trace archive; regenerable from source
recovery_phase2/tau6_r35_o73_h1_s0_snapshots.csv,1864,db21b17846ebceaedd0bf3513147bebfbae9cd1393bf8d3d3fa920027e014db5,raw_numeric,raw recovery trajectory/snapshot; regenerable from source
recovery_phase2/tau6_r35_o73_h1_s0_snapshots.npz,4826,9180b148a4cc588a8b641a7a03e1dd30c77e795d2774c53ba951cdeafc9236fe,raw_numeric,raw recovery trace archive; regenerable from source
recovery_phase2/tau6_r35_o73_h1_s1.csv,5687326,95dd450542813759011b9f9eeebd7de38e87abd78bd510a75eb12463cac73530,raw_numeric,raw recovery trajectory/snapshot; regenerable from source
recovery_phase2/tau6_r35_o73_h1_s1.npz,1574628,665ca875ef14b34a6bad3e320e182576fae8779b5293dda124d9ba875d2247ee,raw_numeric,raw recovery trace archive; regenerable from source
recovery_phase2/tau6_r35_o73_h1_s1_bins.npz,1439,0c0ec6c98e723fbb703077135387e0b446b7ac40c85fe2030889e76e689841ef,raw_numeric,raw recovery trace archive; regenerable from source
recovery_phase2/tau6_r35_o73_h1_s1_dense.npz,7503984,7ce7591f62ef5bcc300712c0c4bfaac18831d8646d79cda96af239b67009b5ee,raw_numeric,raw recovery trace archive; regenerable from source
recovery_phase2/tau6_r35_o73_h1_s1_snapshots.csv,2058,5288ebbba692f30e7ed0a40ac08a1fa1b04c23348906807f4f75f34d2cce049d,raw_numeric,raw recovery trajectory/snapshot; regenerable from source
recovery_phase2/tau6_r35_o73_h1_s1_snapshots.npz,4913,00b91fbacabcc5dbdc4edacaeea08e386d8154cce58ae3c3b87b00a94dfdb619,raw_numeric,raw recovery trace archive; regenerable from source
recovery_phase2/warmup_h05.csv,736347,b1dfed78cdb01cca7a351e91f244c9ec42c6b61300171efa131021cafc86d5b7,raw_numeric,raw recovery trajectory/snapshot; regenerable from source
recovery_phase2/warmup_h05.npz,159884,e54cdc305b96be8df5353c1df3017a2c043e065f435ff7e8bf7c3aa7bc5e6023,raw_numeric,raw recovery trace archive; regenerable from source
recovery_phase2/warmup_h05_bins.npz,1132,e8cf32ce0895e44491abfcb2b3d036c2e842cae5dd0a46ff6c03936a10476c06,raw_numeric,raw recovery trace archive; regenerable from source
recovery_phase2/warmup_h05_dense.npz,4196,b4163c1fefde5a5afcc0341bd6a3aa44aa6c5834cccf882f3645731d13141962,raw_numeric,raw recovery trace archive; regenerable from source
recovery_phase2/warmup_h05_snapshots.csv,592,372088f7e66b89fee4abff93d0ecb5fb01a59f4c7496eb8225463b4057ce37d2,raw_numeric,raw recovery trajectory/snapshot; regenerable from source
recovery_phase2/warmup_h05_snapshots.npz,4424,bf96cb50ca8dbec9b0a38e6092f2ec72ec8fe363e84ebf19f4ad90bf3f3f9669,raw_numeric,raw recovery trace archive; regenerable from source
recovery_phase2/warmup_h1.csv,734318,b7091b9895e2c44be1029ee4b0b414fb7fd31e115590c32b8ede1814f3c4d66e,raw_numeric,raw recovery trajectory/snapshot; regenerable from source
recovery_phase2/warmup_h1.npz,159598,22ae33b6d5ddcbac4cd970ca4dc7035feb02893a7e529f2a8e39b08b0c7cb42e,raw_numeric,raw recovery trace archive; regenerable from source
recovery_phase2/warmup_h1_bins.npz,1132,e8cf32ce0895e44491abfcb2b3d036c2e842cae5dd0a46ff6c03936a10476c06,raw_numeric,raw recovery trace archive; regenerable from source
recovery_phase2/warmup_h1_dense.npz,4196,b4163c1fefde5a5afcc0341bd6a3aa44aa6c5834cccf882f3645731d13141962,raw_numeric,raw recovery trace archive; regenerable from source
recovery_phase2/warmup_h1_snapshots.csv,591,d82926feb0d3a1dfd71e5f5fa7939e292464e275040bced6c29c4e2db5b67bb0,raw_numeric,raw recovery trajectory/snapshot; regenerable from source
recovery_phase2/warmup_h1_snapshots.npz,4424,28619046c16a4cb898576103a7cfa0243ffa5c8176cbc67630df7e8867a91fbd,raw_numeric,raw recovery trace archive; regenerable from source
recovery_phase3_workload_match/nominal_h05_L.csv,4925690,1ad53a1fa4d32c4d827443c01ca581d3152619b7fafd82f9159710a139541837,raw_numeric,raw recovery trajectory/snapshot; regenerable from source
recovery_phase3_workload_match/nominal_h05_L.npz,1258879,d88eb54fc37c8c1a4ad329a9c79ff38a75c65c7b5dbca8b3075463836e9b3848,raw_numeric,raw recovery trace archive; regenerable from source
recovery_phase3_workload_match/nominal_h05_L_bins.npz,1411,dae85685cd708f2bbc54abced28621b2ef91cd9fbde4378f4a29f933155547d6,raw_numeric,raw recovery trace archive; regenerable from source
recovery_phase3_workload_match/nominal_h05_L_dense.npz,6090253,051c75bf659b14b347d3f9c30829525f5f18c55dde9efc430a53d41513ecbe2a,raw_numeric,raw recovery trace archive; regenerable from source
recovery_phase3_workload_match/nominal_h05_L_snapshots.csv,1770,ecab4160eff619679a2fe7ffc1f8f349d281a13c86d032593449af534e383fac,raw_numeric,raw recovery trajectory/snapshot; regenerable from source
recovery_phase3_workload_match/nominal_h05_L_snapshots.npz,4690,fc65c8ccb5887451f6d2fcfe2372ce78b3fef517ede122c8b19b4af8bd4d7598,raw_numeric,raw recovery trace archive; regenerable from source
recovery_phase3_workload_match/nominal_h1_L.csv,4925345,9eba2a5a529ea7f14a98d653d537492a92c94249c176aad32cd4075779bd5606,raw_numeric,raw recovery trajectory/snapshot; regenerable from source
recovery_phase3_workload_match/nominal_h1_L.npz,1268007,38ff90f8c682121bc372db2bf548fae14b9c00673c552f35bbec27069633665e,raw_numeric,raw recovery trace archive; regenerable from source
recovery_phase3_workload_match/nominal_h1_L_bins.npz,1408,8f281f20bc9e1faf06f4a38a18d2c5ad6caf999b92e2fa494e7a5beac67db63a,raw_numeric,raw recovery trace archive; regenerable from source
recovery_phase3_workload_match/nominal_h1_L_dense.npz,6035661,f12c5def605aa206d4c6bf7313a76250f7e87f01a585f7ad09cbdf572f3f8fcc,raw_numeric,raw recovery trace archive; regenerable from source
recovery_phase3_workload_match/nominal_h1_L_snapshots.csv,1778,ad03eef3345fa4f3fcf3a522566acefb648a22408b091c7b9baa59eaab670b85,raw_numeric,raw recovery trajectory/snapshot; regenerable from source
recovery_phase3_workload_match/nominal_h1_L_snapshots.npz,4694,83b88431dd2b8974b61e2ba09e06020999d1eff42c75d5c70a676f0d23e47432,raw_numeric,raw recovery trace archive; regenerable from source
recovery_phase3_workload_match/replay_nominal_h05_S.csv,5740334,dc4243a57ca32c56e3ef6c05219937b16cb1bbd4a03f3cce99a6d67605d0c44e,raw_numeric,raw recovery trajectory/snapshot; regenerable from source
recovery_phase3_workload_match/replay_nominal_h05_S.npz,1441958,e081e7e6159c73c6fd3bc88730bf1c567690db7dc2d1612187d63a7dadf6bb5d,raw_numeric,raw recovery trace archive; regenerable from source
recovery_phase3_workload_match/replay_nominal_h05_S_bins.npz,1447,548ef2458a44eaa0d105811a7df72c12639ba1bf0407e44fe454af9654e786ac,raw_numeric,raw recovery trace archive; regenerable from source
recovery_phase3_workload_match/replay_nominal_h05_S_dense.npz,6678536,41ad53fdc3e9bb856ab58b072c42da1b3c947e65f0e39858caa9a4d8f6d53e35,raw_numeric,raw recovery trace archive; regenerable from source
recovery_phase3_workload_match/replay_nominal_h05_S_snapshots.csv,1978,e3a7515c0f0e0cd89b679e818a1a98cf7d93bb69285dae5919606d4effb6472a,raw_numeric,raw recovery trajectory/snapshot; regenerable from source
recovery_phase3_workload_match/replay_nominal_h05_S_snapshots.npz,4754,ed0ac577c0a55bd924e8ea1447629862d2e8659cc1068266920456431521484d,raw_numeric,raw recovery trace archive; regenerable from source
recovery_phase3_workload_match/replay_nominal_h1_S.csv,5740459,fbceb05d41e915d44291315856d6b1ce0c04e3ede97647a3492b35d1b7cc659c,raw_numeric,raw recovery trajectory/snapshot; regenerable from source
recovery_phase3_workload_match/replay_nominal_h1_S.npz,1457190,8df281cd19088e0af90efe64833ea3e97b6faa4973de07fd7a48393b2e31be31,raw_numeric,raw recovery trace archive; regenerable from source
recovery_phase3_workload_match/replay_nominal_h1_S_bins.npz,1439,90e73d82a660633dbd7c185d6ffd4f929ad827474228706c2bb0199bceb3dfa1,raw_numeric,raw recovery trace archive; regenerable from source
recovery_phase3_workload_match/replay_nominal_h1_S_dense.npz,6628376,6a41236caccb8a56f86bf6a38a27375edae41ff5235a3139dc6c7dec8f2f52ff,raw_numeric,raw recovery trace archive; regenerable from source
recovery_phase3_workload_match/replay_nominal_h1_S_snapshots.csv,1988,f7ef96102d64e1037c33f8137720e4635913498a6c04c4ec22c283739928ddbc,raw_numeric,raw recovery trajectory/snapshot; regenerable from source
recovery_phase3_workload_match/replay_nominal_h1_S_snapshots.npz,4756,57b3fd609b4da06d976a19656b795ce77e903d25a8c44f2bcaa19bc88a03645f,raw_numeric,raw recovery trace archive; regenerable from source
recovery_phase3_workload_match/tau4.5_r27_o19_h05_L.csv,4926574,20a981ca06618ba3e42d45318a55477f5ed4f8289b936ad3e60295d896435e86,raw_numeric,raw recovery trajectory/snapshot; regenerable from source
recovery_phase3_workload_match/tau4.5_r27_o19_h05_L.npz,1259682,0fcd36cba03c74d81ec54905236f729af6a7b9e66bd34e440ecbd290e1237718,raw_numeric,raw recovery trace archive; regenerable from source
recovery_phase3_workload_match/tau4.5_r27_o19_h05_L_bins.npz,1418,3e56c710efe3cce8007b8cbc1d1ce659030b7242f1176a92ab6b3da97f5b5226,raw_numeric,raw recovery trace archive; regenerable from source
recovery_phase3_workload_match/tau4.5_r27_o19_h05_L_dense.npz,6090338,94df3721a86cb841f16f00790ef84ec86c4690623d8abdcdec3310bf92e1108b,raw_numeric,raw recovery trace archive; regenerable from source
recovery_phase3_workload_match/tau4.5_r27_o19_h05_L_snapshots.csv,1864,7b3624db5533f05b2e189fb347564017e7a29eade333c6ea822a3e0464bafa0e,raw_numeric,raw recovery trajectory/snapshot; regenerable from source
recovery_phase3_workload_match/tau4.5_r27_o19_h05_L_snapshots.npz,4840,4b81e0a99394abd009e2e28840251d609cc167e708840834bc96bba211b730c8,raw_numeric,raw recovery trace archive; regenerable from source
recovery_phase3_workload_match/tau4.5_r27_o19_h1_L.csv,4925824,09ce9aa60f1ee76f0816c2549c6fcd9dbd3585f5c6911449303ee4e187a14276,raw_numeric,raw recovery trajectory/snapshot; regenerable from source
recovery_phase3_workload_match/tau4.5_r27_o19_h1_L.npz,1269847,0277a1cba6f9877094f68c1198e2909e6e8d9ee35a193c4af72fefc2fc4fd374,raw_numeric,raw recovery trace archive; regenerable from source
recovery_phase3_workload_match/tau4.5_r27_o19_h1_L_bins.npz,1409,68f31416aa57402bdaba5a36d8cc5f665e2dbe7250ec13e12b24d66c01e60ab1,raw_numeric,raw recovery trace archive; regenerable from source
recovery_phase3_workload_match/tau4.5_r27_o19_h1_L_dense.npz,6035987,6432af9157e1badf177a8ef48a465b3644026275aa76a2a0c157474a645698a8,raw_numeric,raw recovery trace archive; regenerable from source
recovery_phase3_workload_match/tau4.5_r27_o19_h1_L_snapshots.csv,1871,e569cd5e988fe659ef564fde9a39746898fa48f378c0761280c7fd2084ec162e,raw_numeric,raw recovery trajectory/snapshot; regenerable from source
recovery_phase3_workload_match/tau4.5_r27_o19_h1_L_snapshots.npz,4843,fcafcacc8bbc192873106f71a02bf72b4329f2eac020b60c2efc605495505ec0,raw_numeric,raw recovery trace archive; regenerable from source
recovery_phase3_workload_match/tau4.5_r27_o61_h05_L.csv,4926201,4b5c70432d347fbb382ead7a5f8cd6f99ac5a17dc502e79f3cfd99133b0c2cc5,raw_numeric,raw recovery trajectory/snapshot; regenerable from source
recovery_phase3_workload_match/tau4.5_r27_o61_h05_L.npz,1262829,a1d66099acb38e031173163794f2c66eafdfa322cf061085fdf6d7e6c24cb809,raw_numeric,raw recovery trace archive; regenerable from source
recovery_phase3_workload_match/tau4.5_r27_o61_h05_L_bins.npz,1417,72a28966a842730b75fef3c337c33ce89987b26c4c769161107bb4601feac687,raw_numeric,raw recovery trace archive; regenerable from source
recovery_phase3_workload_match/tau4.5_r27_o61_h05_L_dense.npz,6090016,3f0ad8c32aa12621476b155c4d237cd57ba93d2ac84df78b26a7da0d829e2435,raw_numeric,raw recovery trace archive; regenerable from source
recovery_phase3_workload_match/tau4.5_r27_o61_h05_L_snapshots.csv,1865,0ede31ac827a4fbf0ca666350ba4eece5f5fe49e95024eea58a8de4acf336c71,raw_numeric,raw recovery trajectory/snapshot; regenerable from source
recovery_phase3_workload_match/tau4.5_r27_o61_h05_L_snapshots.npz,4829,19528e6ab4fcab67d79719e95d7803f0ca7e4986b2a868379e2a505d154b0902,raw_numeric,raw recovery trace archive; regenerable from source
recovery_phase3_workload_match/tau4.5_r27_o61_h1_L.csv,4925876,0db062364eba059eb70a4893d729e42ef16283b2481a736ae21ff0e99e7d9166,raw_numeric,raw recovery trajectory/snapshot; regenerable from source
recovery_phase3_workload_match/tau4.5_r27_o61_h1_L.npz,1272175,6a8784384f2d68fc7a19686f33e88bbdb4175563f7fa4a82f394d9025044ba3f,raw_numeric,raw recovery trace archive; regenerable from source
recovery_phase3_workload_match/tau4.5_r27_o61_h1_L_bins.npz,1410,b5b1c7221b7453d402a445417033ed642ac211d027c2ddc1435fe6d58abe4f4f,raw_numeric,raw recovery trace archive; regenerable from source
recovery_phase3_workload_match/tau4.5_r27_o61_h1_L_dense.npz,6035305,ce13ae82445b5a05e766958c3782e6723dec21596c1647e9a4acd4a16add1714,raw_numeric,raw recovery trace archive; regenerable from source
recovery_phase3_workload_match/tau4.5_r27_o61_h1_L_snapshots.csv,1867,6c63bc679fa68f4054e33675f259c37b92e76c5f6eb0c8a0d1cf106a3e6526fd,raw_numeric,raw recovery trajectory/snapshot; regenerable from source
recovery_phase3_workload_match/tau4.5_r27_o61_h1_L_snapshots.npz,4834,ec79caf24a9de24e838ac85ebf4558304a0e9faca7abd6a527c01918268fa874,raw_numeric,raw recovery trace archive; regenerable from source
recovery_phase3_workload_match/tau4.5_r33_o19_h05_L.csv,4926574,20a981ca06618ba3e42d45318a55477f5ed4f8289b936ad3e60295d896435e86,raw_numeric,raw recovery trajectory/snapshot; regenerable from source
recovery_phase3_workload_match/tau4.5_r33_o19_h05_L.npz,1259682,0fcd36cba03c74d81ec54905236f729af6a7b9e66bd34e440ecbd290e1237718,raw_numeric,raw recovery trace archive; regenerable from source
recovery_phase3_workload_match/tau4.5_r33_o19_h05_L_bins.npz,1418,3e56c710efe3cce8007b8cbc1d1ce659030b7242f1176a92ab6b3da97f5b5226,raw_numeric,raw recovery trace archive; regenerable from source
recovery_phase3_workload_match/tau4.5_r33_o19_h05_L_dense.npz,6090338,94df3721a86cb841f16f00790ef84ec86c4690623d8abdcdec3310bf92e1108b,raw_numeric,raw recovery trace archive; regenerable from source
recovery_phase3_workload_match/tau4.5_r33_o19_h05_L_snapshots.csv,1864,7b3624db5533f05b2e189fb347564017e7a29eade333c6ea822a3e0464bafa0e,raw_numeric,raw recovery trajectory/snapshot; regenerable from source
recovery_phase3_workload_match/tau4.5_r33_o19_h05_L_snapshots.npz,4840,4b81e0a99394abd009e2e28840251d609cc167e708840834bc96bba211b730c8,raw_numeric,raw recovery trace archive; regenerable from source
recovery_phase3_workload_match/tau4.5_r33_o19_h1_L.csv,4925824,09ce9aa60f1ee76f0816c2549c6fcd9dbd3585f5c6911449303ee4e187a14276,raw_numeric,raw recovery trajectory/snapshot; regenerable from source
recovery_phase3_workload_match/tau4.5_r33_o19_h1_L.npz,1269847,0277a1cba6f9877094f68c1198e2909e6e8d9ee35a193c4af72fefc2fc4fd374,raw_numeric,raw recovery trace archive; regenerable from source
recovery_phase3_workload_match/tau4.5_r33_o19_h1_L_bins.npz,1409,68f31416aa57402bdaba5a36d8cc5f665e2dbe7250ec13e12b24d66c01e60ab1,raw_numeric,raw recovery trace archive; regenerable from source
recovery_phase3_workload_match/tau4.5_r33_o19_h1_L_dense.npz,6035987,6432af9157e1badf177a8ef48a465b3644026275aa76a2a0c157474a645698a8,raw_numeric,raw recovery trace archive; regenerable from source
recovery_phase3_workload_match/tau4.5_r33_o19_h1_L_snapshots.csv,1871,e569cd5e988fe659ef564fde9a39746898fa48f378c0761280c7fd2084ec162e,raw_numeric,raw recovery trajectory/snapshot; regenerable from source
recovery_phase3_workload_match/tau4.5_r33_o19_h1_L_snapshots.npz,4843,fcafcacc8bbc192873106f71a02bf72b4329f2eac020b60c2efc605495505ec0,raw_numeric,raw recovery trace archive; regenerable from source
recovery_phase3_workload_match/tau4.5_r33_o61_h05_L.csv,4926201,4b5c70432d347fbb382ead7a5f8cd6f99ac5a17dc502e79f3cfd99133b0c2cc5,raw_numeric,raw recovery trajectory/snapshot; regenerable from source
recovery_phase3_workload_match/tau4.5_r33_o61_h05_L.npz,1262829,a1d66099acb38e031173163794f2c66eafdfa322cf061085fdf6d7e6c24cb809,raw_numeric,raw recovery trace archive; regenerable from source
recovery_phase3_workload_match/tau4.5_r33_o61_h05_L_bins.npz,1417,72a28966a842730b75fef3c337c33ce89987b26c4c769161107bb4601feac687,raw_numeric,raw recovery trace archive; regenerable from source
recovery_phase3_workload_match/tau4.5_r33_o61_h05_L_dense.npz,6090016,3f0ad8c32aa12621476b155c4d237cd57ba93d2ac84df78b26a7da0d829e2435,raw_numeric,raw recovery trace archive; regenerable from source
recovery_phase3_workload_match/tau4.5_r33_o61_h05_L_snapshots.csv,1865,0ede31ac827a4fbf0ca666350ba4eece5f5fe49e95024eea58a8de4acf336c71,raw_numeric,raw recovery trajectory/snapshot; regenerable from source
recovery_phase3_workload_match/tau4.5_r33_o61_h05_L_snapshots.npz,4829,19528e6ab4fcab67d79719e95d7803f0ca7e4986b2a868379e2a505d154b0902,raw_numeric,raw recovery trace archive; regenerable from source
recovery_phase3_workload_match/tau4.5_r33_o61_h1_L.csv,4925876,0db062364eba059eb70a4893d729e42ef16283b2481a736ae21ff0e99e7d9166,raw_numeric,raw recovery trajectory/snapshot; regenerable from source
recovery_phase3_workload_match/tau4.5_r33_o61_h1_L.npz,1272175,6a8784384f2d68fc7a19686f33e88bbdb4175563f7fa4a82f394d9025044ba3f,raw_numeric,raw recovery trace archive; regenerable from source
recovery_phase3_workload_match/tau4.5_r33_o61_h1_L_bins.npz,1410,b5b1c7221b7453d402a445417033ed642ac211d027c2ddc1435fe6d58abe4f4f,raw_numeric,raw recovery trace archive; regenerable from source
recovery_phase3_workload_match/tau4.5_r33_o61_h1_L_dense.npz,6035305,ce13ae82445b5a05e766958c3782e6723dec21596c1647e9a4acd4a16add1714,raw_numeric,raw recovery trace archive; regenerable from source
recovery_phase3_workload_match/tau4.5_r33_o61_h1_L_snapshots.csv,1867,6c63bc679fa68f4054e33675f259c37b92e76c5f6eb0c8a0d1cf106a3e6526fd,raw_numeric,raw recovery trajectory/snapshot; regenerable from source
recovery_phase3_workload_match/tau4.5_r33_o61_h1_L_snapshots.npz,4834,ec79caf24a9de24e838ac85ebf4558304a0e9faca7abd6a527c01918268fa874,raw_numeric,raw recovery trace archive; regenerable from source
recovery_phase3_workload_match/tau4_r25_o37_h05_L.csv,4926461,c429a521b9b439bc8ad6b083d5b3749ee2d92f0cd12ce6cac3ca1773b28bd7ae,raw_numeric,raw recovery trajectory/snapshot; regenerable from source
recovery_phase3_workload_match/tau4_r25_o37_h05_L.npz,1258513,697d2adae57db9195e2d6ec6af6753efd198d0f0ebb6a1d1c562bde5bd15c912,raw_numeric,raw recovery trace archive; regenerable from source
recovery_phase3_workload_match/tau4_r25_o37_h05_L_bins.npz,1417,b348493e78a9d51a36b0fde303623dd6cc5d020ab4a7bf3ddbc3138332c2e78a,raw_numeric,raw recovery trace archive; regenerable from source
recovery_phase3_workload_match/tau4_r25_o37_h05_L_dense.npz,6090511,4895c8c857fa3ced29b1d099e60cd69230c271a89ee154c66e6b2f2002b3929e,raw_numeric,raw recovery trace archive; regenerable from source
recovery_phase3_workload_match/tau4_r25_o37_h05_L_snapshots.csv,1855,6110c47d3999482b806a6b2332a9a41abf65952f09e06db4d60f798753ee3676,raw_numeric,raw recovery trajectory/snapshot; regenerable from source
recovery_phase3_workload_match/tau4_r25_o37_h05_L_snapshots.npz,4839,2e9d05f3510563295cb220b04f9ec2fdedbae9f008a0f0de4c444bced563414a,raw_numeric,raw recovery trace archive; regenerable from source
recovery_phase3_workload_match/tau4_r25_o37_h1_L.csv,4925815,ac35d8b53406b1aaf9f55bc2e27f6a7d71d75a2954e995dde7f0a43d2c802044,raw_numeric,raw recovery trajectory/snapshot; regenerable from source
recovery_phase3_workload_match/tau4_r25_o37_h1_L.npz,1268238,a1047083e9ceaf0785f7287b98ed1c675e13bc2128e684d9d149d9ae1d28c5bc,raw_numeric,raw recovery trace archive; regenerable from source
recovery_phase3_workload_match/tau4_r25_o37_h1_L_bins.npz,1412,15866b3b71f9b4afaab1108e81d1f538408d892a618c7f383c9d24db670ffe76,raw_numeric,raw recovery trace archive; regenerable from source
recovery_phase3_workload_match/tau4_r25_o37_h1_L_dense.npz,6036099,96178849785f1a1a0b0aacd2e411c0df0e0090ac7706f036f9281b0b999e8ec8,raw_numeric,raw recovery trace archive; regenerable from source
recovery_phase3_workload_match/tau4_r25_o37_h1_L_snapshots.csv,1856,ffec4fcfe0c55700b1cacfc9235b997b27d7c4a0d039e48a83eeab3f2dffabc4,raw_numeric,raw recovery trajectory/snapshot; regenerable from source
recovery_phase3_workload_match/tau4_r25_o37_h1_L_snapshots.npz,4840,bcabd6bc984f3b6bfef0a474db0b5e2fbd94f13e66672b5816a958e3603c7020,raw_numeric,raw recovery trace archive; regenerable from source
recovery_phase3_workload_match/tau4_r25_o73_h05_L.csv,4926478,89a654791d54b450bf381312153f07a45dbdc5873b6b19fa65af39d04454f8b4,raw_numeric,raw recovery trajectory/snapshot; regenerable from source
recovery_phase3_workload_match/tau4_r25_o73_h05_L.npz,1261799,ed0f5327867ca86f58c038583b0d76192c0153ce088d7996b81cb7d9a97c20b2,raw_numeric,raw recovery trace archive; regenerable from source
recovery_phase3_workload_match/tau4_r25_o73_h05_L_bins.npz,1417,3d871eb0d425af426cdfc582ce96f9e2f79fa47022dfcd9374c96f25388cf059,raw_numeric,raw recovery trace archive; regenerable from source
recovery_phase3_workload_match/tau4_r25_o73_h05_L_dense.npz,6090431,4b0451a873c341b4ba3b72f5d43424d18cdf94967c0df627eb033255d541b768,raw_numeric,raw recovery trace archive; regenerable from source
recovery_phase3_workload_match/tau4_r25_o73_h05_L_snapshots.csv,1861,2943086b2a3c176c0eb006e5538e9a9e2f27ecc698aec8227ea23348661d323d,raw_numeric,raw recovery trajectory/snapshot; regenerable from source
recovery_phase3_workload_match/tau4_r25_o73_h05_L_snapshots.npz,4826,c4c83c69bf61e227fd327cabab118e902739163da9085252077ab9f95677a2b3,raw_numeric,raw recovery trace archive; regenerable from source
recovery_phase3_workload_match/tau4_r25_o73_h1_L.csv,4925501,98faf94e16cb3bccd60425a112cbddbb74bb7ee37755e97b884e291521ad25a6,raw_numeric,raw recovery trajectory/snapshot; regenerable from source
recovery_phase3_workload_match/tau4_r25_o73_h1_L.npz,1271202,d4d45d397bee96d963d72382d717ec95d690393c1691ddb4cf65404442df5437,raw_numeric,raw recovery trace archive; regenerable from source
recovery_phase3_workload_match/tau4_r25_o73_h1_L_bins.npz,1415,e3b0f54506bb469ed45f0ffe63a11fe972282b0b2b667c5b764a004d6906d1a4,raw_numeric,raw recovery trace archive; regenerable from source
recovery_phase3_workload_match/tau4_r25_o73_h1_L_dense.npz,6035821,c8157363ce4e5f9d32158ec877188e50ea7eecb0095540e4775df9ecfc3ebb09,raw_numeric,raw recovery trace archive; regenerable from source
recovery_phase3_workload_match/tau4_r25_o73_h1_L_snapshots.csv,1869,4ab0f85bf4f40aeddb7e146bc488b284f04aeaad30d0c30cc828996bd52b2ade,raw_numeric,raw recovery trajectory/snapshot; regenerable from source
recovery_phase3_workload_match/tau4_r25_o73_h1_L_snapshots.npz,4829,e60b51c7b787da508b3f27967d9b6f267152d7a89939036cc62e50759127c3c2,raw_numeric,raw recovery trace archive; regenerable from source
recovery_phase3_workload_match/tau4_r35_o37_h05_L.csv,4926461,c429a521b9b439bc8ad6b083d5b3749ee2d92f0cd12ce6cac3ca1773b28bd7ae,raw_numeric,raw recovery trajectory/snapshot; regenerable from source
recovery_phase3_workload_match/tau4_r35_o37_h05_L.npz,1258513,697d2adae57db9195e2d6ec6af6753efd198d0f0ebb6a1d1c562bde5bd15c912,raw_numeric,raw recovery trace archive; regenerable from source
recovery_phase3_workload_match/tau4_r35_o37_h05_L_bins.npz,1417,b348493e78a9d51a36b0fde303623dd6cc5d020ab4a7bf3ddbc3138332c2e78a,raw_numeric,raw recovery trace archive; regenerable from source
recovery_phase3_workload_match/tau4_r35_o37_h05_L_dense.npz,6090511,4895c8c857fa3ced29b1d099e60cd69230c271a89ee154c66e6b2f2002b3929e,raw_numeric,raw recovery trace archive; regenerable from source
recovery_phase3_workload_match/tau4_r35_o37_h05_L_snapshots.csv,1855,6110c47d3999482b806a6b2332a9a41abf65952f09e06db4d60f798753ee3676,raw_numeric,raw recovery trajectory/snapshot; regenerable from source
recovery_phase3_workload_match/tau4_r35_o37_h05_L_snapshots.npz,4839,2e9d05f3510563295cb220b04f9ec2fdedbae9f008a0f0de4c444bced563414a,raw_numeric,raw recovery trace archive; regenerable from source
recovery_phase3_workload_match/tau4_r35_o37_h1_L.csv,4925815,ac35d8b53406b1aaf9f55bc2e27f6a7d71d75a2954e995dde7f0a43d2c802044,raw_numeric,raw recovery trajectory/snapshot; regenerable from source
recovery_phase3_workload_match/tau4_r35_o37_h1_L.npz,1268238,a1047083e9ceaf0785f7287b98ed1c675e13bc2128e684d9d149d9ae1d28c5bc,raw_numeric,raw recovery trace archive; regenerable from source
recovery_phase3_workload_match/tau4_r35_o37_h1_L_bins.npz,1412,15866b3b71f9b4afaab1108e81d1f538408d892a618c7f383c9d24db670ffe76,raw_numeric,raw recovery trace archive; regenerable from source
recovery_phase3_workload_match/tau4_r35_o37_h1_L_dense.npz,6036099,96178849785f1a1a0b0aacd2e411c0df0e0090ac7706f036f9281b0b999e8ec8,raw_numeric,raw recovery trace archive; regenerable from source
recovery_phase3_workload_match/tau4_r35_o37_h1_L_snapshots.csv,1856,ffec4fcfe0c55700b1cacfc9235b997b27d7c4a0d039e48a83eeab3f2dffabc4,raw_numeric,raw recovery trajectory/snapshot; regenerable from source
recovery_phase3_workload_match/tau4_r35_o37_h1_L_snapshots.npz,4840,bcabd6bc984f3b6bfef0a474db0b5e2fbd94f13e66672b5816a958e3603c7020,raw_numeric,raw recovery trace archive; regenerable from source
recovery_phase3_workload_match/tau4_r35_o73_h05_L.csv,4926478,89a654791d54b450bf381312153f07a45dbdc5873b6b19fa65af39d04454f8b4,raw_numeric,raw recovery trajectory/snapshot; regenerable from source
recovery_phase3_workload_match/tau4_r35_o73_h05_L.npz,1261799,ed0f5327867ca86f58c038583b0d76192c0153ce088d7996b81cb7d9a97c20b2,raw_numeric,raw recovery trace archive; regenerable from source
recovery_phase3_workload_match/tau4_r35_o73_h05_L_bins.npz,1417,3d871eb0d425af426cdfc582ce96f9e2f79fa47022dfcd9374c96f25388cf059,raw_numeric,raw recovery trace archive; regenerable from source
recovery_phase3_workload_match/tau4_r35_o73_h05_L_dense.npz,6090431,4b0451a873c341b4ba3b72f5d43424d18cdf94967c0df627eb033255d541b768,raw_numeric,raw recovery trace archive; regenerable from source
recovery_phase3_workload_match/tau4_r35_o73_h05_L_snapshots.csv,1861,2943086b2a3c176c0eb006e5538e9a9e2f27ecc698aec8227ea23348661d323d,raw_numeric,raw recovery trajectory/snapshot; regenerable from source
recovery_phase3_workload_match/tau4_r35_o73_h05_L_snapshots.npz,4826,c4c83c69bf61e227fd327cabab118e902739163da9085252077ab9f95677a2b3,raw_numeric,raw recovery trace archive; regenerable from source
recovery_phase3_workload_match/tau4_r35_o73_h1_L.csv,4925501,98faf94e16cb3bccd60425a112cbddbb74bb7ee37755e97b884e291521ad25a6,raw_numeric,raw recovery trajectory/snapshot; regenerable from source
recovery_phase3_workload_match/tau4_r35_o73_h1_L.npz,1271202,d4d45d397bee96d963d72382d717ec95d690393c1691ddb4cf65404442df5437,raw_numeric,raw recovery trace archive; regenerable from source
recovery_phase3_workload_match/tau4_r35_o73_h1_L_bins.npz,1415,e3b0f54506bb469ed45f0ffe63a11fe972282b0b2b667c5b764a004d6906d1a4,raw_numeric,raw recovery trace archive; regenerable from source
recovery_phase3_workload_match/tau4_r35_o73_h1_L_dense.npz,6035821,c8157363ce4e5f9d32158ec877188e50ea7eecb0095540e4775df9ecfc3ebb09,raw_numeric,raw recovery trace archive; regenerable from source
recovery_phase3_workload_match/tau4_r35_o73_h1_L_snapshots.csv,1869,4ab0f85bf4f40aeddb7e146bc488b284f04aeaad30d0c30cc828996bd52b2ade,raw_numeric,raw recovery trajectory/snapshot; regenerable from source
recovery_phase3_workload_match/tau4_r35_o73_h1_L_snapshots.npz,4829,e60b51c7b787da508b3f27967d9b6f267152d7a89939036cc62e50759127c3c2,raw_numeric,raw recovery trace archive; regenerable from source
recovery_phase3_workload_match/tau5.5_r27_o19_h05_L.csv,4926574,20a981ca06618ba3e42d45318a55477f5ed4f8289b936ad3e60295d896435e86,raw_numeric,raw recovery trajectory/snapshot; regenerable from source
recovery_phase3_workload_match/tau5.5_r27_o19_h05_L.npz,1259682,0fcd36cba03c74d81ec54905236f729af6a7b9e66bd34e440ecbd290e1237718,raw_numeric,raw recovery trace archive; regenerable from source
recovery_phase3_workload_match/tau5.5_r27_o19_h05_L_bins.npz,1418,3e56c710efe3cce8007b8cbc1d1ce659030b7242f1176a92ab6b3da97f5b5226,raw_numeric,raw recovery trace archive; regenerable from source
recovery_phase3_workload_match/tau5.5_r27_o19_h05_L_dense.npz,6090338,94df3721a86cb841f16f00790ef84ec86c4690623d8abdcdec3310bf92e1108b,raw_numeric,raw recovery trace archive; regenerable from source
recovery_phase3_workload_match/tau5.5_r27_o19_h05_L_snapshots.csv,1864,7b3624db5533f05b2e189fb347564017e7a29eade333c6ea822a3e0464bafa0e,raw_numeric,raw recovery trajectory/snapshot; regenerable from source
recovery_phase3_workload_match/tau5.5_r27_o19_h05_L_snapshots.npz,4840,4b81e0a99394abd009e2e28840251d609cc167e708840834bc96bba211b730c8,raw_numeric,raw recovery trace archive; regenerable from source
recovery_phase3_workload_match/tau5.5_r27_o19_h1_L.csv,4925824,09ce9aa60f1ee76f0816c2549c6fcd9dbd3585f5c6911449303ee4e187a14276,raw_numeric,raw recovery trajectory/snapshot; regenerable from source
recovery_phase3_workload_match/tau5.5_r27_o19_h1_L.npz,1269847,0277a1cba6f9877094f68c1198e2909e6e8d9ee35a193c4af72fefc2fc4fd374,raw_numeric,raw recovery trace archive; regenerable from source
recovery_phase3_workload_match/tau5.5_r27_o19_h1_L_bins.npz,1409,68f31416aa57402bdaba5a36d8cc5f665e2dbe7250ec13e12b24d66c01e60ab1,raw_numeric,raw recovery trace archive; regenerable from source
recovery_phase3_workload_match/tau5.5_r27_o19_h1_L_dense.npz,6035987,6432af9157e1badf177a8ef48a465b3644026275aa76a2a0c157474a645698a8,raw_numeric,raw recovery trace archive; regenerable from source
recovery_phase3_workload_match/tau5.5_r27_o19_h1_L_snapshots.csv,1871,e569cd5e988fe659ef564fde9a39746898fa48f378c0761280c7fd2084ec162e,raw_numeric,raw recovery trajectory/snapshot; regenerable from source
recovery_phase3_workload_match/tau5.5_r27_o19_h1_L_snapshots.npz,4843,fcafcacc8bbc192873106f71a02bf72b4329f2eac020b60c2efc605495505ec0,raw_numeric,raw recovery trace archive; regenerable from source
recovery_phase3_workload_match/tau5.5_r27_o61_h05_L.csv,4926201,4b5c70432d347fbb382ead7a5f8cd6f99ac5a17dc502e79f3cfd99133b0c2cc5,raw_numeric,raw recovery trajectory/snapshot; regenerable from source
recovery_phase3_workload_match/tau5.5_r27_o61_h05_L.npz,1262829,a1d66099acb38e031173163794f2c66eafdfa322cf061085fdf6d7e6c24cb809,raw_numeric,raw recovery trace archive; regenerable from source
recovery_phase3_workload_match/tau5.5_r27_o61_h05_L_bins.npz,1417,72a28966a842730b75fef3c337c33ce89987b26c4c769161107bb4601feac687,raw_numeric,raw recovery trace archive; regenerable from source
recovery_phase3_workload_match/tau5.5_r27_o61_h05_L_dense.npz,6090016,3f0ad8c32aa12621476b155c4d237cd57ba93d2ac84df78b26a7da0d829e2435,raw_numeric,raw recovery trace archive; regenerable from source
recovery_phase3_workload_match/tau5.5_r27_o61_h05_L_snapshots.csv,1865,0ede31ac827a4fbf0ca666350ba4eece5f5fe49e95024eea58a8de4acf336c71,raw_numeric,raw recovery trajectory/snapshot; regenerable from source
recovery_phase3_workload_match/tau5.5_r27_o61_h05_L_snapshots.npz,4829,19528e6ab4fcab67d79719e95d7803f0ca7e4986b2a868379e2a505d154b0902,raw_numeric,raw recovery trace archive; regenerable from source
recovery_phase3_workload_match/tau5.5_r27_o61_h1_L.csv,4925876,0db062364eba059eb70a4893d729e42ef16283b2481a736ae21ff0e99e7d9166,raw_numeric,raw recovery trajectory/snapshot; regenerable from source
recovery_phase3_workload_match/tau5.5_r27_o61_h1_L.npz,1272175,6a8784384f2d68fc7a19686f33e88bbdb4175563f7fa4a82f394d9025044ba3f,raw_numeric,raw recovery trace archive; regenerable from source
recovery_phase3_workload_match/tau5.5_r27_o61_h1_L_bins.npz,1410,b5b1c7221b7453d402a445417033ed642ac211d027c2ddc1435fe6d58abe4f4f,raw_numeric,raw recovery trace archive; regenerable from source
recovery_phase3_workload_match/tau5.5_r27_o61_h1_L_dense.npz,6035305,ce13ae82445b5a05e766958c3782e6723dec21596c1647e9a4acd4a16add1714,raw_numeric,raw recovery trace archive; regenerable from source
recovery_phase3_workload_match/tau5.5_r27_o61_h1_L_snapshots.csv,1867,6c63bc679fa68f4054e33675f259c37b92e76c5f6eb0c8a0d1cf106a3e6526fd,raw_numeric,raw recovery trajectory/snapshot; regenerable from source
recovery_phase3_workload_match/tau5.5_r27_o61_h1_L_snapshots.npz,4834,ec79caf24a9de24e838ac85ebf4558304a0e9faca7abd6a527c01918268fa874,raw_numeric,raw recovery trace archive; regenerable from source
recovery_phase3_workload_match/tau5.5_r33_o19_h05_L.csv,4926574,20a981ca06618ba3e42d45318a55477f5ed4f8289b936ad3e60295d896435e86,raw_numeric,raw recovery trajectory/snapshot; regenerable from source
recovery_phase3_workload_match/tau5.5_r33_o19_h05_L.npz,1259682,0fcd36cba03c74d81ec54905236f729af6a7b9e66bd34e440ecbd290e1237718,raw_numeric,raw recovery trace archive; regenerable from source
recovery_phase3_workload_match/tau5.5_r33_o19_h05_L_bins.npz,1418,3e56c710efe3cce8007b8cbc1d1ce659030b7242f1176a92ab6b3da97f5b5226,raw_numeric,raw recovery trace archive; regenerable from source
recovery_phase3_workload_match/tau5.5_r33_o19_h05_L_dense.npz,6090338,94df3721a86cb841f16f00790ef84ec86c4690623d8abdcdec3310bf92e1108b,raw_numeric,raw recovery trace archive; regenerable from source
recovery_phase3_workload_match/tau5.5_r33_o19_h05_L_snapshots.csv,1864,7b3624db5533f05b2e189fb347564017e7a29eade333c6ea822a3e0464bafa0e,raw_numeric,raw recovery trajectory/snapshot; regenerable from source
recovery_phase3_workload_match/tau5.5_r33_o19_h05_L_snapshots.npz,4840,4b81e0a99394abd009e2e28840251d609cc167e708840834bc96bba211b730c8,raw_numeric,raw recovery trace archive; regenerable from source
recovery_phase3_workload_match/tau5.5_r33_o19_h1_L.csv,4925824,09ce9aa60f1ee76f0816c2549c6fcd9dbd3585f5c6911449303ee4e187a14276,raw_numeric,raw recovery trajectory/snapshot; regenerable from source
recovery_phase3_workload_match/tau5.5_r33_o19_h1_L.npz,1269847,0277a1cba6f9877094f68c1198e2909e6e8d9ee35a193c4af72fefc2fc4fd374,raw_numeric,raw recovery trace archive; regenerable from source
recovery_phase3_workload_match/tau5.5_r33_o19_h1_L_bins.npz,1409,68f31416aa57402bdaba5a36d8cc5f665e2dbe7250ec13e12b24d66c01e60ab1,raw_numeric,raw recovery trace archive; regenerable from source
recovery_phase3_workload_match/tau5.5_r33_o19_h1_L_dense.npz,6035987,6432af9157e1badf177a8ef48a465b3644026275aa76a2a0c157474a645698a8,raw_numeric,raw recovery trace archive; regenerable from source
recovery_phase3_workload_match/tau5.5_r33_o19_h1_L_snapshots.csv,1871,e569cd5e988fe659ef564fde9a39746898fa48f378c0761280c7fd2084ec162e,raw_numeric,raw recovery trajectory/snapshot; regenerable from source
recovery_phase3_workload_match/tau5.5_r33_o19_h1_L_snapshots.npz,4843,fcafcacc8bbc192873106f71a02bf72b4329f2eac020b60c2efc605495505ec0,raw_numeric,raw recovery trace archive; regenerable from source
recovery_phase3_workload_match/tau5.5_r33_o61_h05_L.csv,4926201,4b5c70432d347fbb382ead7a5f8cd6f99ac5a17dc502e79f3cfd99133b0c2cc5,raw_numeric,raw recovery trajectory/snapshot; regenerable from source
recovery_phase3_workload_match/tau5.5_r33_o61_h05_L.npz,1262829,a1d66099acb38e031173163794f2c66eafdfa322cf061085fdf6d7e6c24cb809,raw_numeric,raw recovery trace archive; regenerable from source
recovery_phase3_workload_match/tau5.5_r33_o61_h05_L_bins.npz,1417,72a28966a842730b75fef3c337c33ce89987b26c4c769161107bb4601feac687,raw_numeric,raw recovery trace archive; regenerable from source
recovery_phase3_workload_match/tau5.5_r33_o61_h05_L_dense.npz,6090016,3f0ad8c32aa12621476b155c4d237cd57ba93d2ac84df78b26a7da0d829e2435,raw_numeric,raw recovery trace archive; regenerable from source
recovery_phase3_workload_match/tau5.5_r33_o61_h05_L_snapshots.csv,1865,0ede31ac827a4fbf0ca666350ba4eece5f5fe49e95024eea58a8de4acf336c71,raw_numeric,raw recovery trajectory/snapshot; regenerable from source
recovery_phase3_workload_match/tau5.5_r33_o61_h05_L_snapshots.npz,4829,19528e6ab4fcab67d79719e95d7803f0ca7e4986b2a868379e2a505d154b0902,raw_numeric,raw recovery trace archive; regenerable from source
recovery_phase3_workload_match/tau5.5_r33_o61_h1_L.csv,4925876,0db062364eba059eb70a4893d729e42ef16283b2481a736ae21ff0e99e7d9166,raw_numeric,raw recovery trajectory/snapshot; regenerable from source
recovery_phase3_workload_match/tau5.5_r33_o61_h1_L.npz,1272175,6a8784384f2d68fc7a19686f33e88bbdb4175563f7fa4a82f394d9025044ba3f,raw_numeric,raw recovery trace archive; regenerable from source
recovery_phase3_workload_match/tau5.5_r33_o61_h1_L_bins.npz,1410,b5b1c7221b7453d402a445417033ed642ac211d027c2ddc1435fe6d58abe4f4f,raw_numeric,raw recovery trace archive; regenerable from source
recovery_phase3_workload_match/tau5.5_r33_o61_h1_L_dense.npz,6035305,ce13ae82445b5a05e766958c3782e6723dec21596c1647e9a4acd4a16add1714,raw_numeric,raw recovery trace archive; regenerable from source
recovery_phase3_workload_match/tau5.5_r33_o61_h1_L_snapshots.csv,1867,6c63bc679fa68f4054e33675f259c37b92e76c5f6eb0c8a0d1cf106a3e6526fd,raw_numeric,raw recovery trajectory/snapshot; regenerable from source
recovery_phase3_workload_match/tau5.5_r33_o61_h1_L_snapshots.npz,4834,ec79caf24a9de24e838ac85ebf4558304a0e9faca7abd6a527c01918268fa874,raw_numeric,raw recovery trace archive; regenerable from source
recovery_phase3_workload_match/tau6_r25_o37_h05_L.csv,4926461,c429a521b9b439bc8ad6b083d5b3749ee2d92f0cd12ce6cac3ca1773b28bd7ae,raw_numeric,raw recovery trajectory/snapshot; regenerable from source
recovery_phase3_workload_match/tau6_r25_o37_h05_L.npz,1258513,697d2adae57db9195e2d6ec6af6753efd198d0f0ebb6a1d1c562bde5bd15c912,raw_numeric,raw recovery trace archive; regenerable from source
recovery_phase3_workload_match/tau6_r25_o37_h05_L_bins.npz,1417,b348493e78a9d51a36b0fde303623dd6cc5d020ab4a7bf3ddbc3138332c2e78a,raw_numeric,raw recovery trace archive; regenerable from source
recovery_phase3_workload_match/tau6_r25_o37_h05_L_dense.npz,6090511,4895c8c857fa3ced29b1d099e60cd69230c271a89ee154c66e6b2f2002b3929e,raw_numeric,raw recovery trace archive; regenerable from source
recovery_phase3_workload_match/tau6_r25_o37_h05_L_snapshots.csv,1855,6110c47d3999482b806a6b2332a9a41abf65952f09e06db4d60f798753ee3676,raw_numeric,raw recovery trajectory/snapshot; regenerable from source
recovery_phase3_workload_match/tau6_r25_o37_h05_L_snapshots.npz,4839,2e9d05f3510563295cb220b04f9ec2fdedbae9f008a0f0de4c444bced563414a,raw_numeric,raw recovery trace archive; regenerable from source
recovery_phase3_workload_match/tau6_r25_o37_h1_L.csv,4925815,ac35d8b53406b1aaf9f55bc2e27f6a7d71d75a2954e995dde7f0a43d2c802044,raw_numeric,raw recovery trajectory/snapshot; regenerable from source
recovery_phase3_workload_match/tau6_r25_o37_h1_L.npz,1268238,a1047083e9ceaf0785f7287b98ed1c675e13bc2128e684d9d149d9ae1d28c5bc,raw_numeric,raw recovery trace archive; regenerable from source
recovery_phase3_workload_match/tau6_r25_o37_h1_L_bins.npz,1412,15866b3b71f9b4afaab1108e81d1f538408d892a618c7f383c9d24db670ffe76,raw_numeric,raw recovery trace archive; regenerable from source
recovery_phase3_workload_match/tau6_r25_o37_h1_L_dense.npz,6036099,96178849785f1a1a0b0aacd2e411c0df0e0090ac7706f036f9281b0b999e8ec8,raw_numeric,raw recovery trace archive; regenerable from source
recovery_phase3_workload_match/tau6_r25_o37_h1_L_snapshots.csv,1856,ffec4fcfe0c55700b1cacfc9235b997b27d7c4a0d039e48a83eeab3f2dffabc4,raw_numeric,raw recovery trajectory/snapshot; regenerable from source
recovery_phase3_workload_match/tau6_r25_o37_h1_L_snapshots.npz,4840,bcabd6bc984f3b6bfef0a474db0b5e2fbd94f13e66672b5816a958e3603c7020,raw_numeric,raw recovery trace archive; regenerable from source
recovery_phase3_workload_match/tau6_r25_o73_h05_L.csv,4926478,89a654791d54b450bf381312153f07a45dbdc5873b6b19fa65af39d04454f8b4,raw_numeric,raw recovery trajectory/snapshot; regenerable from source
recovery_phase3_workload_match/tau6_r25_o73_h05_L.npz,1261799,ed0f5327867ca86f58c038583b0d76192c0153ce088d7996b81cb7d9a97c20b2,raw_numeric,raw recovery trace archive; regenerable from source
recovery_phase3_workload_match/tau6_r25_o73_h05_L_bins.npz,1417,3d871eb0d425af426cdfc582ce96f9e2f79fa47022dfcd9374c96f25388cf059,raw_numeric,raw recovery trace archive; regenerable from source
recovery_phase3_workload_match/tau6_r25_o73_h05_L_dense.npz,6090431,4b0451a873c341b4ba3b72f5d43424d18cdf94967c0df627eb033255d541b768,raw_numeric,raw recovery trace archive; regenerable from source
recovery_phase3_workload_match/tau6_r25_o73_h05_L_snapshots.csv,1861,2943086b2a3c176c0eb006e5538e9a9e2f27ecc698aec8227ea23348661d323d,raw_numeric,raw recovery trajectory/snapshot; regenerable from source
recovery_phase3_workload_match/tau6_r25_o73_h05_L_snapshots.npz,4826,c4c83c69bf61e227fd327cabab118e902739163da9085252077ab9f95677a2b3,raw_numeric,raw recovery trace archive; regenerable from source
recovery_phase3_workload_match/tau6_r25_o73_h1_L.csv,4925501,98faf94e16cb3bccd60425a112cbddbb74bb7ee37755e97b884e291521ad25a6,raw_numeric,raw recovery trajectory/snapshot; regenerable from source
recovery_phase3_workload_match/tau6_r25_o73_h1_L.npz,1271202,d4d45d397bee96d963d72382d717ec95d690393c1691ddb4cf65404442df5437,raw_numeric,raw recovery trace archive; regenerable from source
recovery_phase3_workload_match/tau6_r25_o73_h1_L_bins.npz,1415,e3b0f54506bb469ed45f0ffe63a11fe972282b0b2b667c5b764a004d6906d1a4,raw_numeric,raw recovery trace archive; regenerable from source
recovery_phase3_workload_match/tau6_r25_o73_h1_L_dense.npz,6035821,c8157363ce4e5f9d32158ec877188e50ea7eecb0095540e4775df9ecfc3ebb09,raw_numeric,raw recovery trace archive; regenerable from source
recovery_phase3_workload_match/tau6_r25_o73_h1_L_snapshots.csv,1869,4ab0f85bf4f40aeddb7e146bc488b284f04aeaad30d0c30cc828996bd52b2ade,raw_numeric,raw recovery trajectory/snapshot; regenerable from source
recovery_phase3_workload_match/tau6_r25_o73_h1_L_snapshots.npz,4829,e60b51c7b787da508b3f27967d9b6f267152d7a89939036cc62e50759127c3c2,raw_numeric,raw recovery trace archive; regenerable from source
recovery_phase3_workload_match/tau6_r35_o37_h05_L.csv,4926461,c429a521b9b439bc8ad6b083d5b3749ee2d92f0cd12ce6cac3ca1773b28bd7ae,raw_numeric,raw recovery trajectory/snapshot; regenerable from source
recovery_phase3_workload_match/tau6_r35_o37_h05_L.npz,1258513,697d2adae57db9195e2d6ec6af6753efd198d0f0ebb6a1d1c562bde5bd15c912,raw_numeric,raw recovery trace archive; regenerable from source
recovery_phase3_workload_match/tau6_r35_o37_h05_L_bins.npz,1417,b348493e78a9d51a36b0fde303623dd6cc5d020ab4a7bf3ddbc3138332c2e78a,raw_numeric,raw recovery trace archive; regenerable from source
recovery_phase3_workload_match/tau6_r35_o37_h05_L_dense.npz,6090511,4895c8c857fa3ced29b1d099e60cd69230c271a89ee154c66e6b2f2002b3929e,raw_numeric,raw recovery trace archive; regenerable from source
recovery_phase3_workload_match/tau6_r35_o37_h05_L_snapshots.csv,1855,6110c47d3999482b806a6b2332a9a41abf65952f09e06db4d60f798753ee3676,raw_numeric,raw recovery trajectory/snapshot; regenerable from source
recovery_phase3_workload_match/tau6_r35_o37_h05_L_snapshots.npz,4839,2e9d05f3510563295cb220b04f9ec2fdedbae9f008a0f0de4c444bced563414a,raw_numeric,raw recovery trace archive; regenerable from source
recovery_phase3_workload_match/tau6_r35_o37_h1_L.csv,4925815,ac35d8b53406b1aaf9f55bc2e27f6a7d71d75a2954e995dde7f0a43d2c802044,raw_numeric,raw recovery trajectory/snapshot; regenerable from source
recovery_phase3_workload_match/tau6_r35_o37_h1_L.npz,1268238,a1047083e9ceaf0785f7287b98ed1c675e13bc2128e684d9d149d9ae1d28c5bc,raw_numeric,raw recovery trace archive; regenerable from source
recovery_phase3_workload_match/tau6_r35_o37_h1_L_bins.npz,1412,15866b3b71f9b4afaab1108e81d1f538408d892a618c7f383c9d24db670ffe76,raw_numeric,raw recovery trace archive; regenerable from source
recovery_phase3_workload_match/tau6_r35_o37_h1_L_dense.npz,6036099,96178849785f1a1a0b0aacd2e411c0df0e0090ac7706f036f9281b0b999e8ec8,raw_numeric,raw recovery trace archive; regenerable from source
recovery_phase3_workload_match/tau6_r35_o37_h1_L_snapshots.csv,1856,ffec4fcfe0c55700b1cacfc9235b997b27d7c4a0d039e48a83eeab3f2dffabc4,raw_numeric,raw recovery trajectory/snapshot; regenerable from source
recovery_phase3_workload_match/tau6_r35_o37_h1_L_snapshots.npz,4840,bcabd6bc984f3b6bfef0a474db0b5e2fbd94f13e66672b5816a958e3603c7020,raw_numeric,raw recovery trace archive; regenerable from source
recovery_phase3_workload_match/tau6_r35_o73_h05_L.csv,4926478,89a654791d54b450bf381312153f07a45dbdc5873b6b19fa65af39d04454f8b4,raw_numeric,raw recovery trajectory/snapshot; regenerable from source
recovery_phase3_workload_match/tau6_r35_o73_h05_L.npz,1261799,ed0f5327867ca86f58c038583b0d76192c0153ce088d7996b81cb7d9a97c20b2,raw_numeric,raw recovery trace archive; regenerable from source
recovery_phase3_workload_match/tau6_r35_o73_h05_L_bins.npz,1417,3d871eb0d425af426cdfc582ce96f9e2f79fa47022dfcd9374c96f25388cf059,raw_numeric,raw recovery trace archive; regenerable from source
recovery_phase3_workload_match/tau6_r35_o73_h05_L_dense.npz,6090431,4b0451a873c341b4ba3b72f5d43424d18cdf94967c0df627eb033255d541b768,raw_numeric,raw recovery trace archive; regenerable from source
recovery_phase3_workload_match/tau6_r35_o73_h05_L_snapshots.csv,1861,2943086b2a3c176c0eb006e5538e9a9e2f27ecc698aec8227ea23348661d323d,raw_numeric,raw recovery trajectory/snapshot; regenerable from source
recovery_phase3_workload_match/tau6_r35_o73_h05_L_snapshots.npz,4826,c4c83c69bf61e227fd327cabab118e902739163da9085252077ab9f95677a2b3,raw_numeric,raw recovery trace archive; regenerable from source
recovery_phase3_workload_match/tau6_r35_o73_h1_L.csv,4925501,98faf94e16cb3bccd60425a112cbddbb74bb7ee37755e97b884e291521ad25a6,raw_numeric,raw recovery trajectory/snapshot; regenerable from source
recovery_phase3_workload_match/tau6_r35_o73_h1_L.npz,1271202,d4d45d397bee96d963d72382d717ec95d690393c1691ddb4cf65404442df5437,raw_numeric,raw recovery trace archive; regenerable from source
recovery_phase3_workload_match/tau6_r35_o73_h1_L_bins.npz,1415,e3b0f54506bb469ed45f0ffe63a11fe972282b0b2b667c5b764a004d6906d1a4,raw_numeric,raw recovery trace archive; regenerable from source
recovery_phase3_workload_match/tau6_r35_o73_h1_L_dense.npz,6035821,c8157363ce4e5f9d32158ec877188e50ea7eecb0095540e4775df9ecfc3ebb09,raw_numeric,raw recovery trace archive; regenerable from source
recovery_phase3_workload_match/tau6_r35_o73_h1_L_snapshots.csv,1869,4ab0f85bf4f40aeddb7e146bc488b284f04aeaad30d0c30cc828996bd52b2ade,raw_numeric,raw recovery trajectory/snapshot; regenerable from source
recovery_phase3_workload_match/tau6_r35_o73_h1_L_snapshots.npz,4829,e60b51c7b787da508b3f27967d9b6f267152d7a89939036cc62e50759127c3c2,raw_numeric,raw recovery trace archive; regenerable from source
validation/boundary_a100_q790_n320_input.csv,34600,fa855be49c423d937289f5cde60c83b910c30c2d0f372dac63474ae31177e56b,raw_numeric,raw original PWM/average trace; regenerable from source
validation/boundary_a100_q790_n320_pwm_f10000_h1e-06.csv,1319364,c27dc894b162fd39a76e04dba206b58fb464e2d188a42375b213a7522656c0ec,raw_numeric,raw original PWM/average trace; regenerable from source
validation/boundary_a100_q790_n320_pwm_f10000_h1e-06_comparison.npz,549854,46dc9fbf20d99fef977a5af2cc83ef276b68f92ad03fb17f2f833c6eaf33a3af,raw_numeric,raw original PWM/average trace; regenerable from source
validation/boundary_a100_q790_n320_pwm_f10000_h1e-06_waveform.csv,465985,213bfc8cacfc430223a9b836e8fbf3aea206a98c40ac0e823a0e32e927b10380,raw_numeric,raw original PWM/average trace; regenerable from source
validation/boundary_a100_q790_n320_pwm_f10000_h5e-07.csv,1323106,1e1ba05e4ef5ebd8ebefcb065118e99e7f8281c63b62ff540fb8dacee99edd7d,raw_numeric,raw original PWM/average trace; regenerable from source
validation/boundary_a100_q790_n320_pwm_f10000_h5e-07_comparison.npz,548996,cc32c5081d137ce6d5b2a02720fabd61eedefe95e69231da8d789c006df6df45,raw_numeric,raw original PWM/average trace; regenerable from source
validation/boundary_a100_q790_n320_pwm_f10000_h5e-07_waveform.csv,924441,e2184d632922800d00aee6b6b36bdf6c4a1d9b3d203d2339d21043426a425c1d,raw_numeric,raw original PWM/average trace; regenerable from source
validation/boundary_a100_q800_n320_avg_f10000_h1e-06.csv,1325640,8379bd57ef4ed71f4fc3f8c21ef4a9d31278623cdba2e49a71053906991deb37,raw_numeric,raw original PWM/average trace; regenerable from source
validation/boundary_a100_q800_n320_avg_f10000_h1e-06_comparison.npz,535743,1f85cf5c551e3494e1d435fca38975e5e7e32c9fce460b9611e953307d2ff0f0,raw_numeric,raw original PWM/average trace; regenerable from source
validation/boundary_a100_q800_n320_avg_f10000_h1e-06_waveform.csv,555374,37bdbff5075b7d2eb2407b3ac57645398ba576e1264df4ef5d3732f18b044a29,raw_numeric,raw original PWM/average trace; regenerable from source
validation/boundary_a100_q800_n320_input.csv,34612,d2bd25bc5f777751492a68ff9294bdb907b0b63d7e9c9129a973c9651c630bc1,raw_numeric,raw original PWM/average trace; regenerable from source
validation/boundary_a100_q800_n320_pwm_f10000_h1e-06.csv,1316361,14a1847b0cb57d757fa01dc87d7b7a32045ac7ee0e1c57d526df4ed8c7e332b5,raw_numeric,raw original PWM/average trace; regenerable from source
validation/boundary_a100_q800_n320_pwm_f10000_h1e-06_comparison.npz,549929,c3d797470eac5111d1c508c6d8c034c172aa28ac8f9053decf862de0fb6113d0,raw_numeric,raw original PWM/average trace; regenerable from source
validation/boundary_a100_q800_n320_pwm_f10000_h1e-06_waveform.csv,468143,5eea96573791346426e868b63843dbbf62bc605cca4491b6ef2f853e9f2ea88a,raw_numeric,raw original PWM/average trace; regenerable from source
validation/boundary_a100_q800_n320_pwm_f10000_h5e-07.csv,1324160,eee58f511c2f9f4160d0904a26dbc65bf3b0612a972fd9dfcaf795f5ccd0eb2a,raw_numeric,raw original PWM/average trace; regenerable from source
validation/boundary_a100_q800_n320_pwm_f10000_h5e-07_comparison.npz,548989,eaa636621a898d1c27da3e2bb553e735047eaae4083e49e956d418ac67374bbd,raw_numeric,raw original PWM/average trace; regenerable from source
validation/boundary_a100_q800_n320_pwm_f10000_h5e-07_waveform.csv,924148,ea0d7faaa1ef72e3d579ff71c9e3b4379faf18d6ff1d8b8773b97f7b40f48e6f,raw_numeric,raw original PWM/average trace; regenerable from source
validation/boundary_a100_q805_n320_input.csv,34596,6617af65d24c5f864e9937397201321030cb99bcfa336a35aee28ce6a79f7c5a,raw_numeric,raw original PWM/average trace; regenerable from source
validation/boundary_a100_q805_n320_pwm_f10000_h1e-06.csv,1322557,b23175437d5031d973951a69a80a843564b1aceefda7c5f1428497f42bb0d214,raw_numeric,raw original PWM/average trace; regenerable from source
validation/boundary_a100_q805_n320_pwm_f10000_h1e-06_comparison.npz,549955,2c922ec87e8cc19f2528d289109b1bc2215667d3da5f5af3ca95652f1663d9be,raw_numeric,raw original PWM/average trace; regenerable from source
validation/boundary_a100_q805_n320_pwm_f10000_h1e-06_waveform.csv,468147,43ae998f4fd6bc12ce2e068c935b20ee6652c108ddaafa7af015fc417241dc77,raw_numeric,raw original PWM/average trace; regenerable from source
validation/boundary_a100_q805_n320_pwm_f10000_h5e-07.csv,1326190,03516504b7fc5a6486ef37f081f703c04f5fe4526b94c4d87b7d6c5ffa5eae04,raw_numeric,raw original PWM/average trace; regenerable from source
validation/boundary_a100_q805_n320_pwm_f10000_h5e-07_comparison.npz,549121,d699456ed2f6539fee806c1cee67fab2291770a94047b59bdadf1f5a51c3cbf9,raw_numeric,raw original PWM/average trace; regenerable from source
validation/boundary_a100_q805_n320_pwm_f10000_h5e-07_waveform.csv,924261,4f07f35d5fc90cf9b698967711f97ff6896447ef405d49278affb2508328ed47,raw_numeric,raw original PWM/average trace; regenerable from source
validation/boundary_a100_q808_n320_input.csv,34634,60e866b743c0c7cb914a487d3016449e193bc1396634195c0e0d2e78c99a5081,raw_numeric,raw original PWM/average trace; regenerable from source
validation/boundary_a100_q808_n320_pwm_f10000_h1e-06.csv,1318462,e9358c2129ccf881aa3a738b91252b17f5be6096072a4a2cb7e12c5a0ed029b4,raw_numeric,raw original PWM/average trace; regenerable from source
validation/boundary_a100_q808_n320_pwm_f10000_h1e-06_comparison.npz,549979,dbc4eab29ce869048a160bc0757d87cc85fe0d6f25fbe38aca18050cdabd1c5c,raw_numeric,raw original PWM/average trace; regenerable from source
validation/boundary_a100_q808_n320_pwm_f10000_h1e-06_waveform.csv,468227,6b2784ad81e3006b827771e025ff810e994321b03cb272898721ac43d2955104,raw_numeric,raw original PWM/average trace; regenerable from source
validation/boundary_a100_q808_n320_pwm_f10000_h5e-07.csv,1324079,5116da5caa86a0381dfec89228c7a107ce04e334c783ca8ef733d888bff8d205,raw_numeric,raw original PWM/average trace; regenerable from source
validation/boundary_a100_q808_n320_pwm_f10000_h5e-07_comparison.npz,548882,b3412f4b695f27f90fb873a8ad31a01bfcb7da9bc5f4f8f003a2ba72aaf15aa2,raw_numeric,raw original PWM/average trace; regenerable from source
validation/boundary_a100_q808_n320_pwm_f10000_h5e-07_waveform.csv,924111,691f7da699209096afd61662759a98658add0793506718f8eb3287ba0fb8c4e3,raw_numeric,raw original PWM/average trace; regenerable from source
validation/constant_avg_f10000_h1e-06.csv,785175,8336886a4d84021d05f797a6299ac172cab23a3091a58a62f9fdd857682c7efe,raw_numeric,raw original PWM/average trace; regenerable from source
validation/constant_avg_f10000_h1e-06_waveform.csv,498623,15e80cbb7e221cff5d0af9d2fbe431f264c4e80a13aaff43827c336c61244eef,raw_numeric,raw original PWM/average trace; regenerable from source
validation/constant_avg_f20000_h1e-06.csv,1572936,65c70f384a663877a49de44845c5f2027fb1aaf62f191440efaf16d6d612774d,raw_numeric,raw original PWM/average trace; regenerable from source
validation/constant_avg_f20000_h1e-06_waveform.csv,498606,2da394bd61001ebb377ec533b6bbd717f23739537f6a89836a485d8c7d0115dc,raw_numeric,raw original PWM/average trace; regenerable from source
validation/constant_avg_f40000_h5e-07.csv,3158750,310ec99b16e346968816789cf84d3b72e6378ff7bdbbec808772de123a0abdac,raw_numeric,raw original PWM/average trace; regenerable from source
validation/constant_avg_f40000_h5e-07_waveform.csv,1000405,a09f6ae7b0845e50bb1a3b699914e6966534f71541b3e23740d680ad4f8d8f02,raw_numeric,raw original PWM/average trace; regenerable from source
validation/constant_avg_f5000_h1e-06.csv,392178,96bb60fdd799b228635e78faa1aa785e71274853dd8c94e0b67df3cf8c3c4da3,raw_numeric,raw original PWM/average trace; regenerable from source
validation/constant_avg_f5000_h1e-06_waveform.csv,507683,4dbc3fb74e928223ad962d4e20a1869ebf11ec3d6030c69245055d3d9c2da310,raw_numeric,raw original PWM/average trace; regenerable from source
validation/constant_input.csv,67830,14426e26d40f3fe4236a9e3fa4cef048be8ef1b10ee1bb727adac2d58c2e900b,raw_numeric,raw original PWM/average trace; regenerable from source
validation/constant_pwm_f10000_h1e-06.csv,780286,08d0afc940277e85058b5f17d287d97c47a36998c5bd8f57997bf2b4454758c0,raw_numeric,raw original PWM/average trace; regenerable from source
validation/constant_pwm_f10000_h1e-06_waveform.csv,397670,e82a4ee8f83610d23dd0fb44e75ae9b30f0de357ca4f92c2e5fb39bcdd084aa7,raw_numeric,raw original PWM/average trace; regenerable from source
validation/constant_pwm_f10000_h2e-06.csv,774917,a0f24fce759e9e5f82cf1c3ffb100da1c7aa1ccbc72d6606ce809983e2eb316e,raw_numeric,raw original PWM/average trace; regenerable from source
validation/constant_pwm_f10000_h2e-06_waveform.csv,204578,bf80e785e2d67c4170c334d775098545fd039132af5712bdb7b58dfeb80ed9f1,raw_numeric,raw original PWM/average trace; regenerable from source
validation/constant_pwm_f10000_h5e-07.csv,784241,6c95ef5658146d7736c16a37e5a5a25f056fd13a80f15d810237039d20ed7a37,raw_numeric,raw original PWM/average trace; regenerable from source
validation/constant_pwm_f10000_h5e-07_waveform.csv,781990,6cb1a86472143fdbbc762d1bfd9fef8b05325e5a72613a68ad0d9b3521660454,raw_numeric,raw original PWM/average trace; regenerable from source
validation/constant_pwm_f20000_h1e-06.csv,1559444,fefbc0140a400a01e761e903e908215440641a33a35ad82bf321c84e1f424278,raw_numeric,raw original PWM/average trace; regenerable from source
validation/constant_pwm_f20000_h1e-06_waveform.csv,406965,89f9127b44d07135d1135e224c1555bab300a9b8bc9e614c899716b1c4502bd1,raw_numeric,raw original PWM/average trace; regenerable from source
validation/constant_pwm_f40000_h5e-07.csv,3156455,3bfa454baffb7690bd4800ea65b65747133b1389ad05caf348a25d5aca568279,raw_numeric,raw original PWM/average trace; regenerable from source
validation/constant_pwm_f40000_h5e-07_waveform.csv,814714,ce701dbe8584c6fc53407541027c3dc46d9b97723271fe69768eb66da7008920,raw_numeric,raw original PWM/average trace; regenerable from source
validation/constant_pwm_f5000_h1e-06.csv,388417,e3a8b14d81cec9fa2dd9e789faeb1c1e6a445928bc0b171a1d81ee72388a063c,raw_numeric,raw original PWM/average trace; regenerable from source
validation/constant_pwm_f5000_h1e-06_waveform.csv,391164,94cf3a97f4468dbd7b8cb7293e26d964420ccf1579a67d530e10a348e09dcee8,raw_numeric,raw original PWM/average trace; regenerable from source
validation/smooth_service_avg_f10000_h1e-06.csv,861038,2195e1c7558ea50a17c69eb80f0001745aa23b77df934fb3acaf561f56b7b35e,raw_numeric,raw original PWM/average trace; regenerable from source
validation/smooth_service_avg_f10000_h1e-06_waveform.csv,544134,02de1ff8676514ce53b8cf9dd9a1fcbb3ad5c2ae07ee529cb2370e9d6e4cb3bf,raw_numeric,raw original PWM/average trace; regenerable from source
validation/smooth_service_avg_f20000_h1e-06.csv,1724916,35a5f4dd8c58556bda9b34d0f6c23d58c6874350d4c1e2273943d62aa95e2692,raw_numeric,raw original PWM/average trace; regenerable from source
validation/smooth_service_avg_f20000_h1e-06_waveform.csv,543626,5d86c1aee54d7faa86585ad70a03e21296814477f2afb2377fbd13f320c2712d,raw_numeric,raw original PWM/average trace; regenerable from source
validation/smooth_service_avg_f40000_h5e-07.csv,3462840,963828a634e8da44b9031157ab0eb04ce75ccb3b808caff27ca30b1e0c62fc97,raw_numeric,raw original PWM/average trace; regenerable from source
validation/smooth_service_avg_f40000_h5e-07_waveform.csv,1091175,f85588cfaf0fd3d29a7f61756786186c4b0bd88446991f09aa2996ec81886751,raw_numeric,raw original PWM/average trace; regenerable from source
validation/smooth_service_avg_f5000_h1e-06.csv,430129,55881054faf4d63158d86bc4180478759de760bf14df12a8a2ae232543cdda1e,raw_numeric,raw original PWM/average trace; regenerable from source
validation/smooth_service_avg_f5000_h1e-06_waveform.csv,553360,9211db0f561950931e3725eb39a2df6bf8f1f64739015ad1939a562d22ed0c69,raw_numeric,raw original PWM/average trace; regenerable from source
validation/smooth_service_input.csv,89872,1e1024673b7b77acd9d45ce03c74387c256976f7b212fa17df1402eb7c194b12,raw_numeric,raw original PWM/average trace; regenerable from source
validation/smooth_service_pwm_f10000_h1e-06.csv,860002,bfe6e63ea9a5911ad7d3842b6d1d2a746b1f27b10a02431886dec3277610ed93,raw_numeric,raw original PWM/average trace; regenerable from source
validation/smooth_service_pwm_f10000_h1e-06_waveform.csv,444407,9a1bdda4bb38a1cb3cd60bded45acdbc4a47fbd0d3566b22d0bd2ac741842251,raw_numeric,raw original PWM/average trace; regenerable from source
validation/smooth_service_pwm_f10000_h2e-06.csv,854669,48ebed90d02c5829d3a987ebe945a8510d032d37092d70ffcdd60f592a522fe1,raw_numeric,raw original PWM/average trace; regenerable from source
validation/smooth_service_pwm_f10000_h2e-06_waveform.csv,228825,a0e63cf96c4b2381baa8f4208279b9bd6f2a17132bb5de1562092b93f91f6634,raw_numeric,raw original PWM/average trace; regenerable from source
validation/smooth_service_pwm_f10000_h5e-07.csv,858090,98a8350190ee10a73ec50d3c9201caf4c5d36d6f4c809378641cb5fd95999985,raw_numeric,raw original PWM/average trace; regenerable from source
validation/smooth_service_pwm_f10000_h5e-07_waveform.csv,874412,8d524e5f8068936f2b2bacdec704c091425e192fa85996c224bdd48631b2ebb3,raw_numeric,raw original PWM/average trace; regenerable from source
validation/smooth_service_pwm_f20000_h1e-06.csv,1715049,0fb6b1cd0dc5424b87351105b964b5ebd341cc8ec20a01d36b3fb3fd2d1c1bf4,raw_numeric,raw original PWM/average trace; regenerable from source
validation/smooth_service_pwm_f20000_h1e-06_waveform.csv,455342,3914aa10b7d2fb9e33fb1a2db68884aceb003bb40f9e64691c20666b9c38996d,raw_numeric,raw original PWM/average trace; regenerable from source
validation/smooth_service_pwm_f40000_h5e-07.csv,3463099,ea6fa0c4bb7d70ed34473a8f0b243597385d8410b496d8a80a9c0011320c8441,raw_numeric,raw original PWM/average trace; regenerable from source
validation/smooth_service_pwm_f40000_h5e-07_waveform.csv,911316,6a6e052c84741dc0c19ee9c8da64fe99eacc93ac282bf7a52175ac8d1cd3d902,raw_numeric,raw original PWM/average trace; regenerable from source
validation/smooth_service_pwm_f5000_h1e-06.csv,428352,b99b6614b1585197f2bb14441f5a5c6df30378cf7bc77893f1f76b7f60392ab7,raw_numeric,raw original PWM/average trace; regenerable from source
validation/smooth_service_pwm_f5000_h1e-06_waveform.csv,438151,4fb74c3bf04d7c3c4cf09a42b9645ec4f0fb76b1d8df8795abcf03088d9280b0,raw_numeric,raw original PWM/average trace; regenerable from source
validation/spline_R10000_q1050_input.csv,18805,070b24889da2b963c14da30d8ee92065bd5692d4be7f667a1b11417234225610,raw_numeric,raw original PWM/average trace; regenerable from source
validation/spline_R10000_q1050_pwm_f10000_h1e-06.csv,2220975,816baefaad9bdafaef7213fcb979f198ab9e63e173ce95ba6019574ee86d9110,raw_numeric,raw original PWM/average trace; regenerable from source
validation/spline_R10000_q1050_pwm_f10000_h1e-06_comparison.npz,944247,1d9b9797a61ad2e6fb54390d69eae74784e2ef2753a3d9c2dce9822a7437f08b,raw_numeric,raw original PWM/average trace; regenerable from source
validation/spline_R10000_q1050_pwm_f10000_h1e-06_waveform.csv,468144,e0241157c261d38fb2e674c0b8d571d7c32091d3284d3caf23ebc61cb5bfaa6a,raw_numeric,raw original PWM/average trace; regenerable from source
validation/spline_R10000_q1050_pwm_f10000_h5e-07.csv,2229213,112fb6e71ca53b8e425249ef02fe6a821fa2e23a10cd127d854f8125cc592b4f,raw_numeric,raw original PWM/average trace; regenerable from source
validation/spline_R10000_q1050_pwm_f10000_h5e-07_comparison.npz,943887,2eb1e9bf3379eba60d9aece9db68a4f9a473b341fa32240316c7d37fd073b633,raw_numeric,raw original PWM/average trace; regenerable from source
validation/spline_R10000_q1050_pwm_f10000_h5e-07_waveform.csv,924213,ca67272bbc5ad54e0cca463d28b5d394a0cdc24ac8373d547e4e2b3331cdc5f7,raw_numeric,raw original PWM/average trace; regenerable from source
validation/spline_R30000_q1000_input.csv,18794,f922109db7937a36da1c517fb2ebd8140b17e7e7cae935da5788430dbe16ff88,raw_numeric,raw original PWM/average trace; regenerable from source
validation/spline_R30000_q1000_pwm_f10000_h1e-06.csv,2225401,9ed4936c7ad25aec212798e46c99f0776a42fa8acd6f7b4a9068f9937e6b30e1,raw_numeric,raw original PWM/average trace; regenerable from source
validation/spline_R30000_q1000_pwm_f10000_h1e-06_comparison.npz,943554,6da4b81d39c82dc2f804a1481e29f097e05b473a10dcd6040d2186e1417c24cd,raw_numeric,raw original PWM/average trace; regenerable from source
validation/spline_R30000_q1000_pwm_f10000_h1e-06_waveform.csv,468168,fc7502b34a9e46495fe16ee85267f7187501d810c50c92f3f02589c25e4eaf2b,raw_numeric,raw original PWM/average trace; regenerable from source
validation/spline_R30000_q1000_pwm_f10000_h5e-07.csv,2223478,8807aaea4931501407bfa13a8da2a3b4aa8df6b090e8658f51e76ff74b344db1,raw_numeric,raw original PWM/average trace; regenerable from source
validation/spline_R30000_q1000_pwm_f10000_h5e-07_comparison.npz,943175,68740cb832d24d01b5be82db4b0902a7ce5631bef6f4384533130e7fe2e0c633,raw_numeric,raw original PWM/average trace; regenerable from source
validation/spline_R30000_q1000_pwm_f10000_h5e-07_waveform.csv,920187,17a41e80a6dfc0c9bf3e8c1190829702e66cf2afaec179b0ef62b16bda81c1de,raw_numeric,raw original PWM/average trace; regenerable from source
validation/spline_R5000_q900_input.csv,18738,cfd014e57340f1683933a1228d163705168a45d52c84815dbd5fa1d0da626be0,raw_numeric,raw original PWM/average trace; regenerable from source
validation/spline_R5000_q900_pwm_f10000_h1e-06.csv,2218909,c9860c8418ce2a80e3a613f1f9b18ff67f2a83e7b57ccec0532e9eebcc4d2c42,raw_numeric,raw original PWM/average trace; regenerable from source
validation/spline_R5000_q900_pwm_f10000_h1e-06_comparison.npz,941998,1cb878a58bac402c2800633843f9c6b2aa084b884d096e36cc92f23a4602f6a0,raw_numeric,raw original PWM/average trace; regenerable from source
validation/spline_R5000_q900_pwm_f10000_h1e-06_waveform.csv,468117,87a4f4a502f65d131ddef57c1078c2c9034cfceed5b6455fb2f0ab6ce29a69a4,raw_numeric,raw original PWM/average trace; regenerable from source
validation/spline_R5000_q900_pwm_f10000_h5e-07.csv,2226061,0584da97ef602a012715ec5ee461fd1ced2a50b8e03f634013ad663c36942392,raw_numeric,raw original PWM/average trace; regenerable from source
validation/spline_R5000_q900_pwm_f10000_h5e-07_comparison.npz,941939,0da7951b8243977385723b1dec9479791e5390ae280c9e43ee6cc48de276915f,raw_numeric,raw original PWM/average trace; regenerable from source
validation/spline_R5000_q900_pwm_f10000_h5e-07_waveform.csv,924151,63372c4637dd1a201b2a7eebda5ab0e371e76b18ad88e98203b5f871df858ed9,raw_numeric,raw original PWM/average trace; regenerable from source
validation/witness_a100_q600_n160_avg_f10000_h1e-06.csv,1324763,bd4f1792375a033add2419b85910b86105d8721939be68d92eb44c8f74f76c12,raw_numeric,raw original PWM/average trace; regenerable from source
validation/witness_a100_q600_n160_avg_f10000_h1e-06_comparison.npz,535379,6f08b10088a0802670d4bdccd8defee4a39ce02865b633c55d4c46d00770d8ff,raw_numeric,raw original PWM/average trace; regenerable from source
validation/witness_a100_q600_n160_avg_f10000_h1e-06_waveform.csv,555174,4aaf233ae1a23302ec3678ddc6e85b40b984c6bf13ed8afaec1335d1b5b6b360,raw_numeric,raw original PWM/average trace; regenerable from source
validation/witness_a100_q600_n160_avg_f20000_h5e-07.csv,2656273,6349ec5957648e92a61da0453eb3e4f0089243c0bca3ae7af68dd7c3cfcbb10e,raw_numeric,raw original PWM/average trace; regenerable from source
validation/witness_a100_q600_n160_avg_f20000_h5e-07_comparison.npz,1031991,92110e5fbcccc91779b5256ec2d1f24db1e2e1ec6345fffb696a7eb7771034f0,raw_numeric,raw original PWM/average trace; regenerable from source
validation/witness_a100_q600_n160_avg_f20000_h5e-07_waveform.csv,1109755,7b39d7d15594f407764e3c27717464eecca9aadb18bf6999df78dfa47596dea6,raw_numeric,raw original PWM/average trace; regenerable from source
validation/witness_a100_q600_n160_input.csv,17314,0bd31f7247e3de42082edae130fef2b7393b4c42e55cdb38ef9931b02d451946,raw_numeric,raw original PWM/average trace; regenerable from source
validation/witness_a100_q600_n160_pwm_f10000_h1e-06.csv,1322942,cb3a821cf20b10209123c35394a7a423ed5b348d957de69f432a136dfad60862,raw_numeric,raw original PWM/average trace; regenerable from source
validation/witness_a100_q600_n160_pwm_f10000_h1e-06_comparison.npz,549544,f22009a81a90f2f6a854c919d0d125d67da01cae7c7705e70b7b19753d71ba5e,raw_numeric,raw original PWM/average trace; regenerable from source
validation/witness_a100_q600_n160_pwm_f10000_h1e-06_waveform.csv,468089,e050ea53f8d49aea82dfba21f4c9f9ad6c63fa725f5fc741a9821f72c223e797,raw_numeric,raw original PWM/average trace; regenerable from source
validation/witness_a100_q600_n160_pwm_f10000_h2e-06.csv,1310263,5a30e481dc81b38a0e01f714cfdb5eb0b9e1c3cc611c32052b796b90f851d7a3,raw_numeric,raw original PWM/average trace; regenerable from source
validation/witness_a100_q600_n160_pwm_f10000_h2e-06_comparison.npz,549822,6ebda0d30a376f28d2f8196db23a6d00e45d43f92363298f899ce6a321bb6b32,raw_numeric,raw original PWM/average trace; regenerable from source
validation/witness_a100_q600_n160_pwm_f10000_h2e-06_waveform.csv,241407,08978de291bccc076e40ff00e17af0e31c68d4f2cd1c357ada23e65d5337f621,raw_numeric,raw original PWM/average trace; regenerable from source
validation/witness_a100_q600_n160_pwm_f10000_h5e-07.csv,1324582,687ede4dff8dc8fcb7c75f7f34b395f7d01cf122e452f75abfa84ff9ec35e8ce,raw_numeric,raw original PWM/average trace; regenerable from source
validation/witness_a100_q600_n160_pwm_f10000_h5e-07_comparison.npz,548708,c17f7589e8bc381a0f2772a4ced836f50d6e0a6c5020fa5f68052495c1cfdf84,raw_numeric,raw original PWM/average trace; regenerable from source
validation/witness_a100_q600_n160_pwm_f10000_h5e-07_waveform.csv,924285,97c120146e219dee7b280982b9b8d9b179075a0db54b3ae26865a87f865b992b,raw_numeric,raw original PWM/average trace; regenerable from source
validation/witness_a100_q600_n160_pwm_f20000_h5e-07.csv,2656060,18769d0fd134bf32bf2c33864fe9691e8b16ee4c0838f24991d6a173ac6909bd,raw_numeric,raw original PWM/average trace; regenerable from source
validation/witness_a100_q600_n160_pwm_f20000_h5e-07_comparison.npz,1062385,5815fc77ae62302d29fdee7ec64dea4b644beced218c0473545e2d4b2fd2ecaf,raw_numeric,raw original PWM/average trace; regenerable from source
validation/witness_a100_q600_n160_pwm_f20000_h5e-07_waveform.csv,936336,dae431ac80f527807153704286c18c054a6c94c6c01242cf05f665389cc97a80,raw_numeric,raw original PWM/average trace; regenerable from source
validation/witness_a100_q600_n80_avg_f10000_h1e-06.csv,1325017,cd9a2873b8b6e6bfd15188f17b252a7bccfca86ad029ef99cbdff612f0fe49cd,raw_numeric,raw original PWM/average trace; regenerable from source
validation/witness_a100_q600_n80_avg_f10000_h1e-06_comparison.npz,535349,e532f2890b200896dfa1cdb9b56241390fd65d4889bdd4c88dde91419dacd864,raw_numeric,raw original PWM/average trace; regenerable from source
validation/witness_a100_q600_n80_avg_f10000_h1e-06_waveform.csv,555378,77ecc795d6c6e35603d38390f99ed1a89c6d2a46c0913a612c515d1a7a5f98d1,raw_numeric,raw original PWM/average trace; regenerable from source
validation/witness_a100_q600_n80_avg_f20000_h5e-07.csv,2658189,8373642c12f4376d43da3d23c5f9d3eacf8e3ce901be3861a3dc131fa616e554,raw_numeric,raw original PWM/average trace; regenerable from source
validation/witness_a100_q600_n80_avg_f20000_h5e-07_comparison.npz,1034010,86ee8244bf9280c0e965a1128964eab79367efd2b865bfc4a9664ec20408ac23,raw_numeric,raw original PWM/average trace; regenerable from source
validation/witness_a100_q600_n80_avg_f20000_h5e-07_waveform.csv,1113838,8a93051d91d381b353587a9bfd9805bc5aaa54c55dd9485f816555197049f2dc,raw_numeric,raw original PWM/average trace; regenerable from source
validation/witness_a100_q600_n80_input.csv,8731,e9399ed03c3a661a8129d0bbd9833b8967f94ad10a1ddfe327889fa0a7c90888,raw_numeric,raw original PWM/average trace; regenerable from source
validation/witness_a100_q600_n80_pwm_f10000_h1e-06.csv,1321179,f3f5f74f08c7be47d938c224faab7bcfec2d6f3283aa7ec83d77a8b69ed3dfa7,raw_numeric,raw original PWM/average trace; regenerable from source
validation/witness_a100_q600_n80_pwm_f10000_h1e-06_comparison.npz,549362,d7954cfaa2f280cc9a89489bd1abbff42737e1d92c6498400a2e9e6557b6fbb6,raw_numeric,raw original PWM/average trace; regenerable from source
validation/witness_a100_q600_n80_pwm_f10000_h1e-06_waveform.csv,468225,870cf0328f2bf5be9d59334c5edee62c2a20058a7c25419b07275c7b9ad939d7,raw_numeric,raw original PWM/average trace; regenerable from source
validation/witness_a100_q600_n80_pwm_f10000_h2e-06.csv,1314266,7ccd81ee72d73da45cfa86c218c73f0d240771b1f6db73b63d1879227267eba3,raw_numeric,raw original PWM/average trace; regenerable from source
validation/witness_a100_q600_n80_pwm_f10000_h2e-06_comparison.npz,549649,6f03d1f175db6a54612cbdcf8922ce168f9a4b52b6ef383d381868030d0d6974,raw_numeric,raw original PWM/average trace; regenerable from source
validation/witness_a100_q600_n80_pwm_f10000_h2e-06_waveform.csv,240330,4b5afd0354c7f3edfc93e20a40a5c5d9422a389471c22e48c1f4e903d3e7f540,raw_numeric,raw original PWM/average trace; regenerable from source
validation/witness_a100_q600_n80_pwm_f10000_h5e-07.csv,1326125,d368cd42a32073702683f9ebfb213e8658fa93a207ca894504b6e10dab7cfd69,raw_numeric,raw original PWM/average trace; regenerable from source
validation/witness_a100_q600_n80_pwm_f10000_h5e-07_comparison.npz,548707,7180ab86daac4540e0068b23f6352d32bb827adb4e34fa352893a6faab7e4db7,raw_numeric,raw original PWM/average trace; regenerable from source
validation/witness_a100_q600_n80_pwm_f10000_h5e-07_waveform.csv,924108,66eced7bc40a186796e5fb3e211e80c9ead0755c80e1fd801275b069078e2825,raw_numeric,raw original PWM/average trace; regenerable from source
validation/witness_a100_q600_n80_pwm_f20000_h5e-07.csv,2656496,d5f3001ac41b9ef97598dc3cc1acdab75c0560b764961f7714991fab8ce2fd11,raw_numeric,raw original PWM/average trace; regenerable from source
validation/witness_a100_q600_n80_pwm_f20000_h5e-07_comparison.npz,1062783,d826bc53e5de4e2b5d5b9506d6aa3e1dc855357d38967419b78eb38e46acc9e4,raw_numeric,raw original PWM/average trace; regenerable from source
validation/witness_a100_q600_n80_pwm_f20000_h5e-07_waveform.csv,936181,4362f649c6026e09af248d42585cd33a505e02516ca3ab9be89be73e8855c2e9,raw_numeric,raw original PWM/average trace; regenerable from source
